ISO-10303-21;
HEADER;
FILE_DESCRIPTION (( 'STEP AP203' ),
    '1' );
FILE_NAME ('impression_rail_mobile_dessus_P.STEP',
    '2025-05-23T08:44:13',
    ( '' ),
    ( '' ),
    'SwSTEP 2.0',
    'SolidWorks 2023',
    '' );
FILE_SCHEMA (( 'CONFIG_CONTROL_DESIGN' ));
ENDSEC;

DATA;
#1 = EDGE_LOOP ( 'NONE', ( #1603, #1130, #72, #923 ) ) ;
#2 = CARTESIAN_POINT ( 'NONE',  ( -74.49999999999994316, -2.500000000000000000, 0.000000000000000000 ) ) ;
#3 = CARTESIAN_POINT ( 'NONE',  ( -74.99999999999994316, -7.099999999999998757, 5.500000000000000000 ) ) ;
#4 = ADVANCED_FACE ( 'NONE', ( #868 ), #1756, .T. ) ;
#5 = LOCAL_TIME ( 10, 44, 13.00000000000000000, #1340 ) ;
#6 = VECTOR ( 'NONE', #94, 1000.000000000000000 ) ;
#7 = CARTESIAN_POINT ( 'NONE',  ( -55.49999999999994316, -2.000000000000000000, 2.500000000000000000 ) ) ;
#8 = DIRECTION ( 'NONE',  ( 0.000000000000000000, 0.000000000000000000, 1.000000000000000000 ) ) ;
#9 = DIRECTION ( 'NONE',  ( 0.000000000000000000, 0.000000000000000000, 1.000000000000000000 ) ) ;
#10 = EDGE_LOOP ( 'NONE', ( #569, #540, #252, #1166 ) ) ;
#11 = FACE_OUTER_BOUND ( 'NONE', #690, .T. ) ;
#12 = ORIENTED_EDGE ( 'NONE', *, *, #133, .F. ) ;
#13 = ADVANCED_FACE ( 'NONE', ( #1591 ), #1008, .T. ) ;
#14 = LINE ( 'NONE', #964, #1247 ) ;
#15 = CIRCLE ( 'NONE', #742, 0.5000000000000004441 ) ;
#16 = AXIS2_PLACEMENT_3D ( 'NONE', #334, #1034, #608 ) ;
#17 = PLANE ( 'NONE',  #1403 ) ;
#18 = CARTESIAN_POINT ( 'NONE',  ( -94.49999999999994316, -7.099999999999998757, -6.000000000000000000 ) ) ;
#19 = ORIENTED_EDGE ( 'NONE', *, *, #371, .T. ) ;
#20 = DIRECTION ( 'NONE',  ( 0.000000000000000000, 0.000000000000000000, -1.000000000000000000 ) ) ;
#21 = CIRCLE ( 'NONE', #750, 0.5000000000000000000 ) ;
#22 = DIRECTION ( 'NONE',  ( -1.000000000000000000, 0.000000000000000000, 0.000000000000000000 ) ) ;
#23 = FACE_OUTER_BOUND ( 'NONE', #1201, .T. ) ;
#24 = EDGE_CURVE ( 'NONE', #679, #448, #43, .T. ) ;
#25 = SPHERICAL_SURFACE ( 'NONE', #379, 0.5000000000000000000 ) ;
#26 = ORIENTED_EDGE ( 'NONE', *, *, #618, .T. ) ;
#27 = AXIS2_PLACEMENT_3D ( 'NONE', #265, #1531, #834 ) ;
#28 = DIRECTION ( 'NONE',  ( 0.000000000000000000, 0.000000000000000000, -1.000000000000000000 ) ) ;
#29 = AXIS2_PLACEMENT_3D ( 'NONE', #1359, #1648, #1495 ) ;
#30 = CIRCLE ( 'NONE', #613, 0.5000000000000004441 ) ;
#31 = ORIENTED_EDGE ( 'NONE', *, *, #786, .T. ) ;
#32 = CARTESIAN_POINT ( 'NONE',  ( -88.00000000000000000, -7.599999999999998757, -3.000000000000000000 ) ) ;
#33 = VECTOR ( 'NONE', #1198, 1000.000000000000000 ) ;
#34 = AXIS2_PLACEMENT_3D ( 'NONE', #1349, #1785, #361 ) ;
#35 = DIRECTION ( 'NONE',  ( -1.000000000000000000, -0.000000000000000000, -0.000000000000000000 ) ) ;
#36 = DIRECTION ( 'NONE',  ( 0.000000000000000000, 0.000000000000000000, -1.000000000000000000 ) ) ;
#37 = EDGE_CURVE ( 'NONE', #1158, #1741, #704, .T. ) ;
#38 = ORIENTED_EDGE ( 'NONE', *, *, #1724, .F. ) ;
#39 = FACE_OUTER_BOUND ( 'NONE', #263, .T. ) ;
#40 = FACE_OUTER_BOUND ( 'NONE', #443, .T. ) ;
#41 = LINE ( 'NONE', #1568, #279 ) ;
#42 = DIRECTION ( 'NONE',  ( 1.000000000000000000, 0.000000000000000000, -0.000000000000000000 ) ) ;
#43 = LINE ( 'NONE', #316, #1137 ) ;
#44 = EDGE_LOOP ( 'NONE', ( #571, #1651, #934, #1587 ) ) ;
#45 = ADVANCED_FACE ( 'NONE', ( #1570 ), #58, .T. ) ;
#46 = EDGE_LOOP ( 'NONE', ( #1751, #1638, #1325 ) ) ;
#47 = CARTESIAN_POINT ( 'NONE',  ( -94.99999999999994316, -2.000000000000000444, 5.500000000000000000 ) ) ;
#48 = ADVANCED_FACE ( 'NONE', ( #1432 ), #1147, .T. ) ;
#49 = DIRECTION ( 'NONE',  ( -0.000000000000000000, -1.000000000000000000, -0.000000000000000000 ) ) ;
#50 = FACE_OUTER_BOUND ( 'NONE', #1294, .T. ) ;
#51 = CARTESIAN_POINT ( 'NONE',  ( -54.99999999999994316, -2.000000000000000444, 5.999999999999999112 ) ) ;
#52 = EDGE_LOOP ( 'NONE', ( #388, #1173, #1301, #635 ) ) ;
#53 = ADVANCED_FACE ( 'NONE', ( #438 ), #1298, .F. ) ;
#54 = DIRECTION ( 'NONE',  ( 0.000000000000000000, -1.000000000000000000, 0.000000000000000000 ) ) ;
#55 = AXIS2_PLACEMENT_3D ( 'NONE', #1743, #1189, #1480 ) ;
#56 = VECTOR ( 'NONE', #1673, 1000.000000000000000 ) ;
#57 = CARTESIAN_POINT ( 'NONE',  ( -74.99999999999994316, -7.099999999999998757, 2.500000000000000000 ) ) ;
#58 = CYLINDRICAL_SURFACE ( 'NONE', #1370, 0.5000000000000000000 ) ;
#59 = ORIENTED_EDGE ( 'NONE', *, *, #314, .T. ) ;
#60 = VERTEX_POINT ( 'NONE', #446 ) ;
#61 = ORIENTED_EDGE ( 'NONE', *, *, #1338, .F. ) ;
#62 = LINE ( 'NONE', #1633, #1044 ) ;
#63 = DIRECTION ( 'NONE',  ( -0.000000000000000000, -1.000000000000000000, -0.000000000000000000 ) ) ;
#64 = EDGE_CURVE ( 'NONE', #345, #1789, #1464, .T. ) ;
#65 = LINE ( 'NONE', #1744, #463 ) ;
#66 = ORIENTED_EDGE ( 'NONE', *, *, #710, .T. ) ;
#67 = ORIENTED_EDGE ( 'NONE', *, *, #1491, .F. ) ;
#68 = LINE ( 'NONE', #1606, #846 ) ;
#69 = FACE_OUTER_BOUND ( 'NONE', #1032, .T. ) ;
#70 = DIRECTION ( 'NONE',  ( 1.000000000000000000, 0.000000000000000000, 0.000000000000000000 ) ) ;
#71 = DIRECTION ( 'NONE',  ( -1.000000000000000000, 0.000000000000000000, 0.000000000000000000 ) ) ;
#72 = ORIENTED_EDGE ( 'NONE', *, *, #849, .F. ) ;
#73 = EDGE_CURVE ( 'NONE', #342, #1009, #262, .T. ) ;
#74 = DIRECTION ( 'NONE',  ( 0.000000000000000000, -0.000000000000000000, -1.000000000000000000 ) ) ;
#75 = ORIENTED_EDGE ( 'NONE', *, *, #175, .F. ) ;
#76 = ORIENTED_EDGE ( 'NONE', *, *, #1445, .T. ) ;
#77 = CARTESIAN_POINT ( 'NONE',  ( -55.49999999999994316, 2.500000000000000000, -3.000000000000000000 ) ) ;
#78 = ORIENTED_EDGE ( 'NONE', *, *, #536, .F. ) ;
#79 = DIRECTION ( 'NONE',  ( -1.000000000000000000, -0.000000000000000000, -0.000000000000000000 ) ) ;
#80 = DIRECTION ( 'NONE',  ( 1.000000000000000000, 0.000000000000000000, 0.000000000000000000 ) ) ;
#81 = DIRECTION ( 'NONE',  ( 0.000000000000000000, -1.000000000000000000, 0.000000000000000000 ) ) ;
#82 = ORIENTED_EDGE ( 'NONE', *, *, #1088, .T. ) ;
#83 = VECTOR ( 'NONE', #1010, 1000.000000000000000 ) ;
#84 = CIRCLE ( 'NONE', #461, 0.5000000000000004441 ) ;
#85 = EDGE_LOOP ( 'NONE', ( #1390, #835, #992, #641, #301, #1236, #1406 ) ) ;
#86 = VECTOR ( 'NONE', #1211, 1000.000000000000000 ) ;
#87 = PERSON_AND_ORGANIZATION_ROLE ( 'creator' ) ;
#88 = EDGE_CURVE ( 'NONE', #1077, #311, #738, .T. ) ;
#89 = PERSON ( 'UNSPECIFIED', 'UNSPECIFIED', 'UNSPECIFIED', ('UNSPECIFIED'), ('UNSPECIFIED'), ('UNSPECIFIED') ) ;
#90 = CARTESIAN_POINT ( 'NONE',  ( 0.000000000000000000, -2.000000000000000000, 3.000000000000000000 ) ) ;
#91 = EDGE_LOOP ( 'NONE', ( #768, #1798, #38, #1573 ) ) ;
#92 = CARTESIAN_POINT ( 'NONE',  ( -55.49999999999994316, -2.000000000000000000, 5.500000000000000000 ) ) ;
#93 = CARTESIAN_POINT ( 'NONE',  ( -55.49999999999994316, 2.500000000000000000, 5.999999999999999112 ) ) ;
#94 = DIRECTION ( 'NONE',  ( 0.000000000000000000, 0.000000000000000000, 1.000000000000000000 ) ) ;
#95 = AXIS2_PLACEMENT_3D ( 'NONE', #1723, #302, #1714 ) ;
#96 = ADVANCED_FACE ( 'NONE', ( #468 ), #889, .F. ) ;
#97 = FACE_OUTER_BOUND ( 'NONE', #517, .T. ) ;
#98 = ORIENTED_EDGE ( 'NONE', *, *, #900, .T. ) ;
#99 = ORIENTED_EDGE ( 'NONE', *, *, #917, .F. ) ;
#100 = DIRECTION ( 'NONE',  ( 0.000000000000000000, 8.673617379884027583E-16, -1.000000000000000000 ) ) ;
#101 = EDGE_CURVE ( 'NONE', #709, #1227, #138, .T. ) ;
#102 = FACE_OUTER_BOUND ( 'NONE', #1465, .T. ) ;
#103 = ORIENTED_EDGE ( 'NONE', *, *, #1351, .F. ) ;
#104 = ORIENTED_EDGE ( 'NONE', *, *, #593, .F. ) ;
#105 = DIRECTION ( 'NONE',  ( 0.000000000000000000, 0.000000000000000000, 1.000000000000000000 ) ) ;
#106 = VERTEX_POINT ( 'NONE', #957 ) ;
#107 = DIRECTION ( 'NONE',  ( 0.000000000000000000, 0.000000000000000000, 1.000000000000000000 ) ) ;
#108 = DIRECTION ( 'NONE',  ( 0.000000000000000000, 0.000000000000000000, -1.000000000000000000 ) ) ;
#109 = AXIS2_PLACEMENT_3D ( 'NONE', #1610, #1479, #1066 ) ;
#110 = EDGE_CURVE ( 'NONE', #1227, #345, #285, .T. ) ;
#111 = CARTESIAN_POINT ( 'NONE',  ( -75.49999999999994316, -7.599999999999998757, -3.000000000000000000 ) ) ;
#112 = AXIS2_PLACEMENT_3D ( 'NONE', #1740, #356, #779 ) ;
#113 = ORIENTED_EDGE ( 'NONE', *, *, #1624, .F. ) ;
#114 = CARTESIAN_POINT ( 'NONE',  ( -88.00000000000000000, 2.000000000000000000, 2.500000000000000000 ) ) ;
#115 = ORIENTED_EDGE ( 'NONE', *, *, #228, .F. ) ;
#116 = CARTESIAN_POINT ( 'NONE',  ( -88.00000000000000000, 2.500000000000000000, 3.000000000000000000 ) ) ;
#117 = DIRECTION ( 'NONE',  ( -0.000000000000000000, -0.000000000000000000, 1.000000000000000000 ) ) ;
#118 = VERTEX_POINT ( 'NONE', #1405 ) ;
#119 = FACE_OUTER_BOUND ( 'NONE', #1154, .T. ) ;
#120 = EDGE_CURVE ( 'NONE', #1028, #892, #1085, .T. ) ;
#121 = APPROVAL_DATE_TIME ( #648, #1035 ) ;
#122 = EDGE_CURVE ( 'NONE', #60, #628, #277, .T. ) ;
#123 = DIRECTION ( 'NONE',  ( 1.000000000000000000, 0.000000000000000000, 0.000000000000000000 ) ) ;
#124 = AXIS2_PLACEMENT_3D ( 'NONE', #754, #619, #475 ) ;
#125 = VERTEX_POINT ( 'NONE', #146 ) ;
#126 = DIRECTION ( 'NONE',  ( 1.000000000000000000, 0.000000000000000000, 0.000000000000000000 ) ) ;
#127 = FACE_OUTER_BOUND ( 'NONE', #447, .T. ) ;
#128 = CARTESIAN_POINT ( 'NONE',  ( -94.99999999999994316, 2.000000000000000000, -6.000000000000000000 ) ) ;
#129 = ORIENTED_EDGE ( 'NONE', *, *, #974, .T. ) ;
#130 = DIRECTION ( 'NONE',  ( 1.000000000000000000, 0.000000000000000000, 0.000000000000000000 ) ) ;
#131 = DIRECTION ( 'NONE',  ( 0.000000000000000000, 0.000000000000000000, 1.000000000000000000 ) ) ;
#132 = ORIENTED_EDGE ( 'NONE', *, *, #1300, .F. ) ;
#133 = EDGE_CURVE ( 'NONE', #1563, #1339, #1168, .T. ) ;
#134 = DIRECTION ( 'NONE',  ( -0.000000000000000000, 1.000000000000000000, 0.000000000000000000 ) ) ;
#135 = CARTESIAN_POINT ( 'NONE',  ( -88.00000000000000000, -7.099999999999998757, -5.500000000000000000 ) ) ;
#136 = DIRECTION ( 'NONE',  ( -1.000000000000000000, -0.000000000000000000, 0.000000000000000000 ) ) ;
#137 = DIRECTION ( 'NONE',  ( 0.000000000000000000, 0.000000000000000000, -1.000000000000000000 ) ) ;
#138 = LINE ( 'NONE', #1806, #1257 ) ;
#139 = ADVANCED_FACE ( 'NONE', ( #721 ), #25, .T. ) ;
#140 = CARTESIAN_POINT ( 'NONE',  ( -55.49999999999994316, 2.000000000000000000, -6.000000000000000000 ) ) ;
#141 = AXIS2_PLACEMENT_3D ( 'NONE', #232, #221, #515 ) ;
#142 = DIRECTION ( 'NONE',  ( 0.000000000000000000, 0.000000000000000000, -1.000000000000000000 ) ) ;
#143 = ADVANCED_FACE ( 'NONE', ( #838 ), #1259, .T. ) ;
#144 = VECTOR ( 'NONE', #63, 1000.000000000000000 ) ;
#145 = DIRECTION ( 'NONE',  ( 0.000000000000000000, 0.000000000000000000, 1.000000000000000000 ) ) ;
#146 = CARTESIAN_POINT ( 'NONE',  ( -74.99999999999994316, -3.000000000000000000, -2.999999999999997780 ) ) ;
#147 = ORIENTED_EDGE ( 'NONE', *, *, #420, .T. ) ;
#148 = DIRECTION ( 'NONE',  ( 0.000000000000000000, 0.000000000000000000, -1.000000000000000000 ) ) ;
#149 = CIRCLE ( 'NONE', #1382, 3.000000000000000000 ) ;
#150 = EDGE_CURVE ( 'NONE', #1263, #321, #871, .T. ) ;
#151 = CARTESIAN_POINT ( 'NONE',  ( -75.49999999999992895, -7.099999999999998757, -5.500000000000000000 ) ) ;
#152 = ORIENTED_EDGE ( 'NONE', *, *, #1605, .F. ) ;
#153 = VECTOR ( 'NONE', #833, 1000.000000000000000 ) ;
#154 = ADVANCED_FACE ( 'NONE', ( #1691 ), #17, .F. ) ;
#155 = CARTESIAN_POINT ( 'NONE',  ( -55.49999999999994316, 2.000000000000000000, -3.000000000000000000 ) ) ;
#156 = VECTOR ( 'NONE', #1408, 1000.000000000000000 ) ;
#157 = DIRECTION ( 'NONE',  ( 0.000000000000000000, 0.000000000000000000, 1.000000000000000000 ) ) ;
#158 = FACE_OUTER_BOUND ( 'NONE', #1571, .T. ) ;
#159 = DIRECTION ( 'NONE',  ( -1.000000000000000000, 0.000000000000000000, 0.000000000000000000 ) ) ;
#160 = LINE ( 'NONE', #864, #1596 ) ;
#161 = FACE_OUTER_BOUND ( 'NONE', #244, .T. ) ;
#162 = ADVANCED_FACE ( 'NONE', ( #1134 ), #968, .T. ) ;
#163 = CARTESIAN_POINT ( 'NONE',  ( -55.49999999999994316, 2.000000000000000000, -5.500000000000000000 ) ) ;
#164 = EDGE_LOOP ( 'NONE', ( #1283, #1457, #113, #212 ) ) ;
#165 = EDGE_LOOP ( 'NONE', ( #1205, #1314, #457, #596, #1080, #440, #904 ) ) ;
#166 = LINE ( 'NONE', #1129, #478 ) ;
#167 = CIRCLE ( 'NONE', #818, 0.5000000000000004441 ) ;
#168 = ORIENTED_EDGE ( 'NONE', *, *, #64, .F. ) ;
#169 = CARTESIAN_POINT ( 'NONE',  ( -75.49999999999994316, -3.000000000000000000, 5.500000000000000000 ) ) ;
#170 = APPROVAL_PERSON_ORGANIZATION ( #788, #369, #1475 ) ;
#171 = CIRCLE ( 'NONE', #617, 0.5000000000000000000 ) ;
#172 = DIRECTION ( 'NONE',  ( 0.000000000000000000, 0.000000000000000000, -1.000000000000000000 ) ) ;
#173 = ADVANCED_FACE ( 'NONE', ( #158 ), #1125, .T. ) ;
#174 = DIRECTION ( 'NONE',  ( 1.000000000000000000, 0.000000000000000000, -0.000000000000000000 ) ) ;
#175 = EDGE_CURVE ( 'NONE', #1409, #1660, #434, .T. ) ;
#176 = ORIENTED_EDGE ( 'NONE', *, *, #1680, .T. ) ;
#177 = LINE ( 'NONE', #1284, #490 ) ;
#178 = CARTESIAN_POINT ( 'NONE',  ( -54.99999999999994316, 2.000000000000000000, 3.000000000000000000 ) ) ;
#179 = CARTESIAN_POINT ( 'NONE',  ( -55.49999999999994316, -0.000000000000000000, 3.000000000000000000 ) ) ;
#180 = CARTESIAN_POINT ( 'NONE',  ( -94.49999999999994316, -7.099999999999998757, -5.500000000000000000 ) ) ;
#181 = VERTEX_POINT ( 'NONE', #1413 ) ;
#182 = DIRECTION ( 'NONE',  ( 0.000000000000000000, 0.000000000000000000, 1.000000000000000000 ) ) ;
#183 = ORIENTED_EDGE ( 'NONE', *, *, #828, .T. ) ;
#184 = EDGE_CURVE ( 'NONE', #118, #1632, #1462, .T. ) ;
#185 = EDGE_LOOP ( 'NONE', ( #1659, #944, #862 ) ) ;
#186 = CARTESIAN_POINT ( 'NONE',  ( -75.49999999999994316, -7.099999999999998757, 3.000000000000000000 ) ) ;
#187 = DIRECTION ( 'NONE',  ( 0.000000000000000000, -1.000000000000000000, 0.000000000000000000 ) ) ;
#188 = DIRECTION ( 'NONE',  ( 0.000000000000000000, -1.000000000000000000, 0.000000000000000000 ) ) ;
#189 = ORIENTED_EDGE ( 'NONE', *, *, #806, .T. ) ;
#190 = VERTEX_POINT ( 'NONE', #1528 ) ;
#191 = CALENDAR_DATE ( 2025, 23, 5 ) ;
#192 = EDGE_CURVE ( 'NONE', #1597, #567, #270, .T. ) ;
#193 = ORIENTED_EDGE ( 'NONE', *, *, #120, .F. ) ;
#194 = CARTESIAN_POINT ( 'NONE',  ( -54.99999999999994316, -2.000000000000000000, -6.000000000000000000 ) ) ;
#195 = DIRECTION ( 'NONE',  ( 0.000000000000000000, 1.000000000000000000, 0.000000000000000000 ) ) ;
#196 = VECTOR ( 'NONE', #424, 1000.000000000000000 ) ;
#197 = AXIS2_PLACEMENT_3D ( 'NONE', #822, #583, #1377 ) ;
#198 = DIRECTION ( 'NONE',  ( -0.000000000000000000, -0.000000000000000000, -1.000000000000000000 ) ) ;
#199 = AXIS2_PLACEMENT_3D ( 'NONE', #492, #691, #145 ) ;
#200 = EDGE_LOOP ( 'NONE', ( #551, #740, #12, #527 ) ) ;
#201 = APPROVAL_DATE_TIME ( #535, #960 ) ;
#202 = DIRECTION ( 'NONE',  ( -1.000000000000000000, -0.000000000000000000, 0.000000000000000000 ) ) ;
#203 = ORIENTED_EDGE ( 'NONE', *, *, #637, .F. ) ;
#204 = DIRECTION ( 'NONE',  ( 0.000000000000000000, -1.000000000000000000, -8.673617379884043361E-16 ) ) ;
#205 = CARTESIAN_POINT ( 'NONE',  ( -75.49999999999992895, -7.099999999999998757, -5.500000000000000000 ) ) ;
#206 = ADVANCED_FACE ( 'NONE', ( #693 ), #976, .T. ) ;
#207 = DIRECTION ( 'NONE',  ( 0.000000000000000000, -1.000000000000000000, 0.000000000000000000 ) ) ;
#208 = PLANE ( 'NONE',  #948 ) ;
#209 = ORIENTED_EDGE ( 'NONE', *, *, #1212, .F. ) ;
#210 = PERSON_AND_ORGANIZATION ( #89, #323 ) ;
#211 = DIRECTION ( 'NONE',  ( 0.000000000000000000, 0.000000000000000000, 1.000000000000000000 ) ) ;
#212 = ORIENTED_EDGE ( 'NONE', *, *, #605, .F. ) ;
#213 = DIRECTION ( 'NONE',  ( 0.000000000000000000, 0.000000000000000000, 1.000000000000000000 ) ) ;
#214 = DIRECTION ( 'NONE',  ( -1.000000000000000000, 0.000000000000000000, 0.000000000000000000 ) ) ;
#215 = DIRECTION ( 'NONE',  ( 0.000000000000000000, 0.000000000000000000, 1.000000000000000000 ) ) ;
#216 = EDGE_CURVE ( 'NONE', #1660, #60, #167, .T. ) ;
#217 = ORIENTED_EDGE ( 'NONE', *, *, #828, .F. ) ;
#218 = ORIENTED_EDGE ( 'NONE', *, *, #694, .F. ) ;
#219 = APPROVAL_ROLE ( '' ) ;
#220 = CIRCLE ( 'NONE', #1544, 0.5000000000000000000 ) ;
#221 = DIRECTION ( 'NONE',  ( 3.965082230804128248E-15, 0.000000000000000000, -1.000000000000000000 ) ) ;
#222 = EDGE_LOOP ( 'NONE', ( #496, #1018, #647, #389 ) ) ;
#223 = ORIENTED_EDGE ( 'NONE', *, *, #890, .F. ) ;
#224 = CARTESIAN_POINT ( 'NONE',  ( -55.49999999999994316, 2.500000000000000000, -6.000000000000000000 ) ) ;
#225 = SPHERICAL_SURFACE ( 'NONE', #766, 0.5000000000000000000 ) ;
#226 = CARTESIAN_POINT ( 'NONE',  ( -94.49999999999994316, -7.099999999999998757, 5.500000000000000000 ) ) ;
#227 = AXIS2_PLACEMENT_3D ( 'NONE', #756, #1536, #261 ) ;
#228 = EDGE_CURVE ( 'NONE', #1158, #311, #30, .T. ) ;
#229 = AXIS2_PLACEMENT_3D ( 'NONE', #632, #1681, #701 ) ;
#230 = EDGE_CURVE ( 'NONE', #1077, #1705, #966, .T. ) ;
#231 = ORIENTED_EDGE ( 'NONE', *, *, #1491, .T. ) ;
#232 = CARTESIAN_POINT ( 'NONE',  ( -75.49999999999995737, -7.099999999999998757, 4.956352788505177191E-14 ) ) ;
#233 = ORIENTED_EDGE ( 'NONE', *, *, #1760, .F. ) ;
#234 = VERTEX_POINT ( 'NONE', #953 ) ;
#235 = FACE_OUTER_BOUND ( 'NONE', #1150, .T. ) ;
#236 = CARTESIAN_POINT ( 'NONE',  ( -74.49999999999994316, -2.500000000000000000, -3.000000000000000000 ) ) ;
#237 = CARTESIAN_POINT ( 'NONE',  ( -94.99999999999994316, -7.099999999999998757, -6.000000000000000000 ) ) ;
#238 = ADVANCED_BREP_SHAPE_REPRESENTATION ( 'impression_rail_mobile_dessus_P', ( #269, #795 ), #1757 ) ;
#239 = VERTEX_POINT ( 'NONE', #246 ) ;
#240 = EDGE_LOOP ( 'NONE', ( #168, #1307, #1046 ) ) ;
#241 = EDGE_CURVE ( 'NONE', #508, #1720, #1803, .T. ) ;
#242 = CARTESIAN_POINT ( 'NONE',  ( -74.99999999999992895, -3.000000000000000000, -5.499999999999998224 ) ) ;
#243 = AXIS2_PLACEMENT_3D ( 'NONE', #578, #309, #1424 ) ;
#244 = EDGE_LOOP ( 'NONE', ( #1619, #1312, #954, #1476 ) ) ;
#245 = FACE_OUTER_BOUND ( 'NONE', #295, .T. ) ;
#246 = CARTESIAN_POINT ( 'NONE',  ( -55.49999999999994316, 2.500000000000000000, 3.000000000000000000 ) ) ;
#247 = LINE ( 'NONE', #812, #927 ) ;
#248 = CIRCLE ( 'NONE', #372, 0.5000000000000004441 ) ;
#249 = ORIENTED_EDGE ( 'NONE', *, *, #917, .T. ) ;
#250 = ORIENTED_EDGE ( 'NONE', *, *, #523, .T. ) ;
#251 = CARTESIAN_POINT ( 'NONE',  ( -75.49999999999994316, -3.000000000000000000, 5.999999999999999112 ) ) ;
#252 = ORIENTED_EDGE ( 'NONE', *, *, #942, .F. ) ;
#253 = EDGE_CURVE ( 'NONE', #239, #1227, #84, .T. ) ;
#254 = DIRECTION ( 'NONE',  ( 0.000000000000000000, 0.000000000000000000, 1.000000000000000000 ) ) ;
#255 = DIRECTION ( 'NONE',  ( -1.000000000000000000, -0.000000000000000000, -0.000000000000000000 ) ) ;
#256 = VERTEX_POINT ( 'NONE', #410 ) ;
#257 = ADVANCED_FACE ( 'NONE', ( #681 ), #1231, .T. ) ;
#258 = DIRECTION ( 'NONE',  ( -0.000000000000000000, 0.000000000000000000, 1.000000000000000000 ) ) ;
#259 = PERSON_AND_ORGANIZATION_ROLE ( 'creator' ) ;
#260 = CIRCLE ( 'NONE', #1492, 0.5000000000000004441 ) ;
#261 = DIRECTION ( 'NONE',  ( -1.000000000000000000, 0.000000000000000000, -0.000000000000000000 ) ) ;
#262 = CIRCLE ( 'NONE', #990, 0.5000000000000004441 ) ;
#263 = EDGE_LOOP ( 'NONE', ( #1473, #787, #1328 ) ) ;
#264 = DIRECTION ( 'NONE',  ( 0.000000000000000000, 0.000000000000000000, -1.000000000000000000 ) ) ;
#265 = CARTESIAN_POINT ( 'NONE',  ( 0.000000000000000000, -2.500000000000000000, 0.000000000000000000 ) ) ;
#266 = EDGE_LOOP ( 'NONE', ( #1746, #1519, #1169, #1564 ) ) ;
#267 = DIRECTION ( 'NONE',  ( 0.000000000000000000, -0.000000000000000000, 1.000000000000000000 ) ) ;
#268 = EDGE_CURVE ( 'NONE', #1061, #1339, #1647, .T. ) ;
#269 = MANIFOLD_SOLID_BREP ( 'Congé1', #406 ) ;
#270 = LINE ( 'NONE', #831, #937 ) ;
#271 = DIRECTION ( 'NONE',  ( 1.000000000000000000, 0.000000000000000000, 4.336808689942013792E-15 ) ) ;
#272 = DIRECTION ( 'NONE',  ( 1.000000000000000000, 0.000000000000000000, -0.000000000000000000 ) ) ;
#273 = CARTESIAN_POINT ( 'NONE',  ( -88.00000000000000000, 2.500000000000000000, 2.500000000000000000 ) ) ;
#274 = ORIENTED_EDGE ( 'NONE', *, *, #1235, .F. ) ;
#275 = CARTESIAN_POINT ( 'NONE',  ( -55.49999999999994316, -2.500000000000000000, 2.500000000000000000 ) ) ;
#276 = ADVANCED_FACE ( 'NONE', ( #386 ), #1165, .T. ) ;
#277 = LINE ( 'NONE', #1273, #899 ) ;
#278 = ADVANCED_FACE ( 'NONE', ( #1670 ), #550, .T. ) ;
#279 = VECTOR ( 'NONE', #587, 1000.000000000000000 ) ;
#280 = DIRECTION ( 'NONE',  ( 1.000000000000000000, 0.000000000000000000, 0.000000000000000000 ) ) ;
#281 = ORIENTED_EDGE ( 'NONE', *, *, #1527, .F. ) ;
#282 = CARTESIAN_POINT ( 'NONE',  ( -88.00000000000000000, 2.000000000000000000, -3.000000000000000000 ) ) ;
#283 = ORIENTED_EDGE ( 'NONE', *, *, #1037, .T. ) ;
#284 = CARTESIAN_POINT ( 'NONE',  ( -55.49999999999994316, 2.000000000000000000, 2.500000000000000000 ) ) ;
#285 = LINE ( 'NONE', #555, #56 ) ;
#286 = CC_DESIGN_PERSON_AND_ORGANIZATION_ASSIGNMENT ( #956, #259, ( #1362 ) ) ;
#287 = AXIS2_PLACEMENT_3D ( 'NONE', #1794, #972, #1523 ) ;
#288 = AXIS2_PLACEMENT_3D ( 'NONE', #654, #482, #623 ) ;
#289 = ORIENTED_EDGE ( 'NONE', *, *, #1527, .T. ) ;
#290 = CARTESIAN_POINT ( 'NONE',  ( 0.000000000000000000, -2.500000000000000000, -3.000000000000000000 ) ) ;
#291 = ADVANCED_FACE ( 'NONE', ( #1814 ), #1678, .T. ) ;
#292 = CIRCLE ( 'NONE', #1052, 0.5000000000000000000 ) ;
#293 = AXIS2_PLACEMENT_3D ( 'NONE', #729, #1288, #36 ) ;
#294 = LINE ( 'NONE', #1548, #156 ) ;
#295 = EDGE_LOOP ( 'NONE', ( #1172, #1626, #724, #78 ) ) ;
#296 = AXIS2_PLACEMENT_3D ( 'NONE', #387, #207, #1461 ) ;
#297 = CARTESIAN_POINT ( 'NONE',  ( -94.49999999999994316, -7.099999999999998757, -5.500000000000000888 ) ) ;
#298 = DIRECTION ( 'NONE',  ( 0.000000000000000000, 0.000000000000000000, 1.000000000000000000 ) ) ;
#299 = DIRECTION ( 'NONE',  ( 1.000000000000000000, 0.000000000000000000, 0.000000000000000000 ) ) ;
#300 = AXIS2_PLACEMENT_3D ( 'NONE', #1026, #1589, #737 ) ;
#301 = ORIENTED_EDGE ( 'NONE', *, *, #878, .T. ) ;
#302 = DIRECTION ( 'NONE',  ( -1.000000000000000000, 0.000000000000000000, -0.000000000000000000 ) ) ;
#303 = ADVANCED_FACE ( 'NONE', ( #1389 ), #1047, .T. ) ;
#304 = DIRECTION ( 'NONE',  ( -0.000000000000000000, 0.000000000000000000, 1.000000000000000000 ) ) ;
#305 = CARTESIAN_POINT ( 'NONE',  ( -75.49999999999994316, -3.000000000000000000, -2.500000000000000000 ) ) ;
#306 = DIRECTION ( 'NONE',  ( -0.000000000000000000, -1.000000000000000000, -0.000000000000000000 ) ) ;
#307 = ORIENTED_EDGE ( 'NONE', *, *, #402, .F. ) ;
#308 = SPHERICAL_SURFACE ( 'NONE', #553, 0.5000000000000000000 ) ;
#309 = DIRECTION ( 'NONE',  ( 1.000000000000000000, 0.000000000000000000, -0.000000000000000000 ) ) ;
#310 = AXIS2_PLACEMENT_3D ( 'NONE', #1136, #1426, #322 ) ;
#311 = VERTEX_POINT ( 'NONE', #946 ) ;
#312 = ADVANCED_FACE ( 'NONE', ( #1753 ), #340, .F. ) ;
#313 = DIRECTION ( 'NONE',  ( 0.000000000000000000, -1.000000000000000000, 0.000000000000000000 ) ) ;
#314 = EDGE_CURVE ( 'NONE', #888, #892, #360, .T. ) ;
#315 = CARTESIAN_POINT ( 'NONE',  ( -88.00000000000000000, 2.500000000000000000, 0.000000000000000000 ) ) ;
#316 = CARTESIAN_POINT ( 'NONE',  ( -75.49999999999994316, -7.599999999999998757, 2.500000000000000000 ) ) ;
#317 = ORIENTED_EDGE ( 'NONE', *, *, #1251, .T. ) ;
#318 = EDGE_LOOP ( 'NONE', ( #1078, #249, #621, #1729 ) ) ;
#319 = CARTESIAN_POINT ( 'NONE',  ( -54.99999999999994316, 2.000000000000000000, 0.000000000000000000 ) ) ;
#320 = TOROIDAL_SURFACE ( 'NONE', #1342, 1.000000000000000000, 0.5000000000000000000 ) ;
#321 = VERTEX_POINT ( 'NONE', #510 ) ;
#322 = DIRECTION ( 'NONE',  ( 0.000000000000000000, 0.000000000000000000, -1.000000000000000000 ) ) ;
#323 = ORGANIZATION ( 'UNSPECIFIED', 'UNSPECIFIED', '' ) ;
#324 = AXIS2_PLACEMENT_3D ( 'NONE', #1500, #1634, #794 ) ;
#325 = DIRECTION ( 'NONE',  ( -3.965082230804128248E-15, 0.000000000000000000, 1.000000000000000000 ) ) ;
#326 = EDGE_CURVE ( 'NONE', #628, #1448, #1309, .T. ) ;
#327 = DIRECTION ( 'NONE',  ( 0.000000000000000000, -1.000000000000000000, -0.000000000000000000 ) ) ;
#328 = VERTEX_POINT ( 'NONE', #894 ) ;
#329 = DIRECTION ( 'NONE',  ( 0.000000000000000000, 0.000000000000000000, 1.000000000000000000 ) ) ;
#330 = FACE_OUTER_BOUND ( 'NONE', #10, .T. ) ;
#331 = AXIS2_PLACEMENT_3D ( 'NONE', #1709, #1271, #1278 ) ;
#332 = CYLINDRICAL_SURFACE ( 'NONE', #1157, 0.5000000000000000000 ) ;
#333 = CIRCLE ( 'NONE', #1505, 0.5000000000000000000 ) ;
#334 = CARTESIAN_POINT ( 'NONE',  ( -88.00000000000000000, -7.599999999999998757, 0.000000000000000000 ) ) ;
#335 = CARTESIAN_POINT ( 'NONE',  ( -94.99999999999994316, 2.500000000000000000, -6.000000000000000000 ) ) ;
#336 = VECTOR ( 'NONE', #325, 1000.000000000000000 ) ;
#337 = ADVANCED_FACE ( 'NONE', ( #906 ), #1327, .T. ) ;
#338 = ORIENTED_EDGE ( 'NONE', *, *, #452, .T. ) ;
#339 = DIRECTION ( 'NONE',  ( 1.000000000000000000, 0.000000000000000000, 0.000000000000000000 ) ) ;
#340 = CYLINDRICAL_SURFACE ( 'NONE', #288, 2.500000000000000000 ) ;
#341 = CARTESIAN_POINT ( 'NONE',  ( -74.99999999999992895, -2.000000000000000444, -6.000000000000000000 ) ) ;
#342 = VERTEX_POINT ( 'NONE', #1611 ) ;
#343 = ADVANCED_FACE ( 'NONE', ( #1203 ), #349, .T. ) ;
#344 = AXIS2_PLACEMENT_3D ( 'NONE', #1055, #1488, #359 ) ;
#345 = VERTEX_POINT ( 'NONE', #642 ) ;
#346 = EDGE_CURVE ( 'NONE', #757, #1597, #765, .T. ) ;
#347 = CYLINDRICAL_SURFACE ( 'NONE', #676, 0.5000000000000004441 ) ;
#348 = CARTESIAN_POINT ( 'NONE',  ( -94.49999999999994316, 2.000000000000000000, 5.999999999999999112 ) ) ;
#349 = CYLINDRICAL_SURFACE ( 'NONE', #845, 0.5000000000000000000 ) ;
#350 = AXIS2_PLACEMENT_3D ( 'NONE', #1439, #188, #589 ) ;
#351 = AXIS2_PLACEMENT_3D ( 'NONE', #800, #912, #922 ) ;
#352 = EDGE_LOOP ( 'NONE', ( #979, #1332, #1053, #1064 ) ) ;
#353 = EDGE_LOOP ( 'NONE', ( #283, #307, #217, #218 ) ) ;
#354 = EDGE_LOOP ( 'NONE', ( #289, #233, #1425, #1435 ) ) ;
#355 = ORIENTED_EDGE ( 'NONE', *, *, #1535, .F. ) ;
#356 = DIRECTION ( 'NONE',  ( 1.000000000000000000, -0.000000000000000000, -0.000000000000000000 ) ) ;
#357 = VERTEX_POINT ( 'NONE', #236 ) ;
#358 = ADVANCED_FACE ( 'NONE', ( #1765 ), #1073, .T. ) ;
#359 = DIRECTION ( 'NONE',  ( 1.000000000000000000, 0.000000000000000000, 0.000000000000000000 ) ) ;
#360 = LINE ( 'NONE', #1042, #1550 ) ;
#361 = DIRECTION ( 'NONE',  ( 0.000000000000000000, 0.000000000000000000, -1.000000000000000000 ) ) ;
#362 = ORIENTED_EDGE ( 'NONE', *, *, #930, .T. ) ;
#363 = COORDINATED_UNIVERSAL_TIME_OFFSET ( 1, 0, .AHEAD. ) ;
#364 = ORIENTED_EDGE ( 'NONE', *, *, #1076, .T. ) ;
#365 = DIRECTION ( 'NONE',  ( 0.000000000000000000, 0.000000000000000000, -1.000000000000000000 ) ) ;
#366 = ORIENTED_EDGE ( 'NONE', *, *, #1175, .F. ) ;
#367 = LINE ( 'NONE', #224, #755 ) ;
#368 = CARTESIAN_POINT ( 'NONE',  ( -88.00000000000000000, -7.099999999999998757, 5.500000000000000000 ) ) ;
#369 = APPROVAL ( #397, 'UNSPECIFIED' ) ;
#370 = FACE_OUTER_BOUND ( 'NONE', #1400, .T. ) ;
#371 = EDGE_CURVE ( 'NONE', #780, #1449, #939, .T. ) ;
#372 = AXIS2_PLACEMENT_3D ( 'NONE', #1276, #1025, #865 ) ;
#373 = CARTESIAN_POINT ( 'NONE',  ( -55.49999999999994316, -2.000000000000000000, 3.000000000000000000 ) ) ;
#374 = ORIENTED_EDGE ( 'NONE', *, *, #523, .F. ) ;
#375 = ORIENTED_EDGE ( 'NONE', *, *, #747, .F. ) ;
#376 = CARTESIAN_POINT ( 'NONE',  ( -88.00000000000000000, -7.099999999999998757, -3.000000000000000000 ) ) ;
#377 = FACE_OUTER_BOUND ( 'NONE', #986, .T. ) ;
#378 = DIRECTION ( 'NONE',  ( -1.000000000000000000, 0.000000000000000000, -0.000000000000000000 ) ) ;
#379 = AXIS2_PLACEMENT_3D ( 'NONE', #854, #703, #1518 ) ;
#380 = ADVANCED_FACE ( 'NONE', ( #1782 ), #1489, .T. ) ;
#381 = CC_DESIGN_APPROVAL ( #1035, ( #1362 ) ) ;
#382 = TOROIDAL_SURFACE ( 'NONE', #1022, 1.000000000000000000, 0.5000000000000000000 ) ;
#383 = DIRECTION ( 'NONE',  ( -1.000000000000000000, 0.000000000000000000, 0.000000000000000000 ) ) ;
#384 = ORIENTED_EDGE ( 'NONE', *, *, #192, .T. ) ;
#385 = DIRECTION ( 'NONE',  ( 0.000000000000000000, 0.000000000000000000, -1.000000000000000000 ) ) ;
#386 = FACE_OUTER_BOUND ( 'NONE', #1, .T. ) ;
#387 = CARTESIAN_POINT ( 'NONE',  ( -88.00000000000000000, -7.599999999999998757, 0.000000000000000000 ) ) ;
#388 = ORIENTED_EDGE ( 'NONE', *, *, #839, .T. ) ;
#389 = ORIENTED_EDGE ( 'NONE', *, *, #1737, .F. ) ;
#390 = FACE_OUTER_BOUND ( 'NONE', #505, .T. ) ;
#391 = ADVANCED_FACE ( 'NONE', ( #1460 ), #225, .T. ) ;
#392 = AXIS2_PLACEMENT_3D ( 'NONE', #708, #883, #442 ) ;
#393 = ORIENTED_EDGE ( 'NONE', *, *, #1635, .T. ) ;
#394 = DIRECTION ( 'NONE',  ( -1.000000000000000000, 0.000000000000000000, -3.965082230804128248E-15 ) ) ;
#395 = CARTESIAN_POINT ( 'NONE',  ( -55.49999999999994316, -2.000000000000000444, 5.500000000000000000 ) ) ;
#396 = LINE ( 'NONE', #275, #1200 ) ;
#397 = APPROVAL_STATUS ( 'not_yet_approved' ) ;
#398 = LINE ( 'NONE', #687, #196 ) ;
#399 = ORIENTED_EDGE ( 'NONE', *, *, #1644, .F. ) ;
#400 = CYLINDRICAL_SURFACE ( 'NONE', #566, 0.5000000000000004441 ) ;
#401 = DIRECTION ( 'NONE',  ( 0.000000000000000000, 0.000000000000000000, -1.000000000000000000 ) ) ;
#402 = EDGE_CURVE ( 'NONE', #1209, #1029, #1056, .T. ) ;
#403 = DIRECTION ( 'NONE',  ( 0.000000000000000000, 0.000000000000000000, -1.000000000000000000 ) ) ;
#404 = AXIS2_PLACEMENT_3D ( 'NONE', #943, #480, #1208 ) ;
#405 = CARTESIAN_POINT ( 'NONE',  ( 0.000000000000000000, 2.500000000000000000, 0.000000000000000000 ) ) ;
#406 = CLOSED_SHELL ( 'NONE', ( #96, #1304, #154, #291, #53, #1133, #312, #257, #1329, #1141, #675, #511, #1162, #857, #684, #380, #1122, #45, #1658, #1567, #650, #1590, #303, #1394, #615, #1703, #337, #728, #1689, #983, #464, #162, #48, #276, #1676, #139, #1811, #775, #1385, #1555, #1012, #479, #173, #1074, #1243, #412, #13, #206, #391, #574, #991, #1617, #950, #1397, #278, #1153, #994, #1786, #4, #1666, #546, #1582, #343, #358, #143, #1772, #880, #466 ) ) ;
#407 = AXIS2_PLACEMENT_3D ( 'NONE', #205, #774, #630 ) ;
#408 = DIRECTION ( 'NONE',  ( -1.000000000000000000, 0.000000000000000000, 0.000000000000000000 ) ) ;
#409 = CYLINDRICAL_SURFACE ( 'NONE', #913, 0.5000000000000000000 ) ;
#410 = CARTESIAN_POINT ( 'NONE',  ( -94.99999999999994316, -7.099999999999998757, 5.500000000000000000 ) ) ;
#411 = EDGE_LOOP ( 'NONE', ( #1187, #746, #147, #467, #1668, #1758, #1353 ) ) ;
#412 = ADVANCED_FACE ( 'NONE', ( #377 ), #1623, .T. ) ;
#413 = CYLINDRICAL_SURFACE ( 'NONE', #752, 0.5000000000000004441 ) ;
#414 = CARTESIAN_POINT ( 'NONE',  ( -55.49999999999994316, 2.000000000000000000, -5.500000000000000000 ) ) ;
#415 = CARTESIAN_POINT ( 'NONE',  ( -75.49999999999992895, -7.099999999999998757, -5.500000000000000000 ) ) ;
#416 = VECTOR ( 'NONE', #1275, 1000.000000000000000 ) ;
#417 = DIRECTION ( 'NONE',  ( 0.000000000000000000, 0.000000000000000000, -1.000000000000000000 ) ) ;
#418 = AXIS2_PLACEMENT_3D ( 'NONE', #1305, #157, #42 ) ;
#419 = PLANE ( 'NONE',  #512 ) ;
#420 = EDGE_CURVE ( 'NONE', #311, #1789, #1348, .T. ) ;
#421 = EDGE_CURVE ( 'NONE', #620, #1081, #662, .T. ) ;
#422 = DIRECTION ( 'NONE',  ( -0.000000000000000000, -0.000000000000000000, -1.000000000000000000 ) ) ;
#423 = ORIENTED_EDGE ( 'NONE', *, *, #1318, .F. ) ;
#424 = DIRECTION ( 'NONE',  ( -1.000000000000000000, -0.000000000000000000, -0.000000000000000000 ) ) ;
#425 = ORIENTED_EDGE ( 'NONE', *, *, #1004, .T. ) ;
#426 = LINE ( 'NONE', #1698, #1508 ) ;
#427 = EDGE_LOOP ( 'NONE', ( #658, #223, #1143, #861 ) ) ;
#428 = DIRECTION ( 'NONE',  ( -0.000000000000000000, -1.000000000000000000, -0.000000000000000000 ) ) ;
#429 = AXIS2_PLACEMENT_3D ( 'NONE', #1041, #1326, #1072 ) ;
#430 = DIRECTION ( 'NONE',  ( 1.000000000000000000, 0.000000000000000000, 0.000000000000000000 ) ) ;
#431 = EDGE_CURVE ( 'NONE', #757, #1720, #1792, .T. ) ;
#432 = CARTESIAN_POINT ( 'NONE',  ( 0.000000000000000000, 0.000000000000000000, 0.000000000000000000 ) ) ;
#433 = CIRCLE ( 'NONE', #1463, 1.000000000000000888 ) ;
#434 = CIRCLE ( 'NONE', #584, 0.5000000000000004441 ) ;
#435 = LINE ( 'NONE', #741, #1001 ) ;
#436 = DIRECTION ( 'NONE',  ( 1.000000000000000000, -0.000000000000000000, -0.000000000000000000 ) ) ;
#437 = CYLINDRICAL_SURFACE ( 'NONE', #1411, 0.5000000000000000000 ) ;
#438 = FACE_OUTER_BOUND ( 'NONE', #1378, .T. ) ;
#439 = CC_DESIGN_PERSON_AND_ORGANIZATION_ASSIGNMENT ( #210, #87, ( #1496 ) ) ;
#440 = ORIENTED_EDGE ( 'NONE', *, *, #1737, .T. ) ;
#441 = PERSON_AND_ORGANIZATION ( #89, #323 ) ;
#442 = DIRECTION ( 'NONE',  ( 0.000000000000000000, 0.000000000000000000, -1.000000000000000000 ) ) ;
#443 = EDGE_LOOP ( 'NONE', ( #537, #1106, #393, #995 ) ) ;
#444 = FACE_OUTER_BOUND ( 'NONE', #164, .T. ) ;
#445 = CARTESIAN_POINT ( 'NONE',  ( -94.99999999999994316, 2.500000000000000000, 5.500000000000000000 ) ) ;
#446 = CARTESIAN_POINT ( 'NONE',  ( -55.49999999999994316, -2.500000000000000000, -5.500000000000000000 ) ) ;
#447 = EDGE_LOOP ( 'NONE', ( #1809, #1226, #1030, #614 ) ) ;
#448 = VERTEX_POINT ( 'NONE', #1655 ) ;
#449 = CARTESIAN_POINT ( 'NONE',  ( -88.00000000000000000, 2.000000000000000000, -2.500000000000000000 ) ) ;
#450 = CARTESIAN_POINT ( 'NONE',  ( -74.99999999999994316, -7.599999999999998757, 5.500000000000000000 ) ) ;
#451 = ORIENTED_EDGE ( 'NONE', *, *, #940, .T. ) ;
#452 = EDGE_CURVE ( 'NONE', #602, #508, #705, .T. ) ;
#453 = DIRECTION ( 'NONE',  ( -1.000000000000000000, -0.000000000000000000, -0.000000000000000000 ) ) ;
#454 = CARTESIAN_POINT ( 'NONE',  ( -55.49999999999994316, 2.000000000000000000, 5.500000000000000000 ) ) ;
#455 = AXIS2_PLACEMENT_3D ( 'NONE', #376, #1188, #213 ) ;
#456 = CARTESIAN_POINT ( 'NONE',  ( -55.49999999999994316, 2.000000000000000000, 5.500000000000000000 ) ) ;
#457 = ORIENTED_EDGE ( 'NONE', *, *, #1292, .F. ) ;
#458 = CARTESIAN_POINT ( 'NONE',  ( -55.49999999999994316, 2.000000000000000000, 5.500000000000000000 ) ) ;
#459 = CARTESIAN_POINT ( 'NONE',  ( -55.49999999999994316, 2.500000000000000000, 5.500000000000000000 ) ) ;
#460 = VECTOR ( 'NONE', #932, 1000.000000000000000 ) ;
#461 = AXIS2_PLACEMENT_3D ( 'NONE', #1372, #1083, #1654 ) ;
#462 = DIRECTION ( 'NONE',  ( 0.000000000000000000, 0.000000000000000000, 1.000000000000000000 ) ) ;
#463 = VECTOR ( 'NONE', #1481, 1000.000000000000000 ) ;
#464 = ADVANCED_FACE ( 'NONE', ( #370 ), #767, .T. ) ;
#465 = DIRECTION ( 'NONE',  ( 0.000000000000000000, 0.000000000000000000, 1.000000000000000000 ) ) ;
#466 = ADVANCED_FACE ( 'NONE', ( #1636 ), #1068, .T. ) ;
#467 = ORIENTED_EDGE ( 'NONE', *, *, #929, .T. ) ;
#468 = FACE_OUTER_BOUND ( 'NONE', #411, .T. ) ;
#469 = ORIENTED_EDGE ( 'NONE', *, *, #830, .F. ) ;
#470 = VERTEX_POINT ( 'NONE', #928 ) ;
#471 = CIRCLE ( 'NONE', #1161, 0.5000000000000004441 ) ;
#472 = ORIENTED_EDGE ( 'NONE', *, *, #495, .F. ) ;
#473 = DIRECTION ( 'NONE',  ( -1.000000000000000000, -0.000000000000000000, 0.000000000000000000 ) ) ;
#474 = VECTOR ( 'NONE', #1262, 1000.000000000000000 ) ;
#475 = DIRECTION ( 'NONE',  ( -1.000000000000000000, 0.000000000000000000, 0.000000000000000000 ) ) ;
#476 = EDGE_CURVE ( 'NONE', #1339, #60, #664, .T. ) ;
#477 = ORIENTED_EDGE ( 'NONE', *, *, #1341, .T. ) ;
#478 = VECTOR ( 'NONE', #851, 1000.000000000000000 ) ;
#479 = ADVANCED_FACE ( 'NONE', ( #102 ), #1223, .T. ) ;
#480 = DIRECTION ( 'NONE',  ( -0.000000000000000000, -0.000000000000000000, -1.000000000000000000 ) ) ;
#481 = DIRECTION ( 'NONE',  ( 0.000000000000000000, 0.000000000000000000, -1.000000000000000000 ) ) ;
#482 = DIRECTION ( 'NONE',  ( -0.000000000000000000, -1.000000000000000000, -0.000000000000000000 ) ) ;
#483 = DIRECTION ( 'NONE',  ( 0.000000000000000000, 0.000000000000000000, 1.000000000000000000 ) ) ;
#484 = ORIENTED_EDGE ( 'NONE', *, *, #1726, .T. ) ;
#485 = EDGE_CURVE ( 'NONE', #1009, #470, #513, .T. ) ;
#486 = CARTESIAN_POINT ( 'NONE',  ( -55.49999999999994316, 2.000000000000000000, 0.000000000000000000 ) ) ;
#487 = EDGE_LOOP ( 'NONE', ( #1215, #99, #758, #682 ) ) ;
#488 = CARTESIAN_POINT ( 'NONE',  ( -88.00000000000000000, -2.000000000000000444, -2.500000000000000000 ) ) ;
#489 = DIRECTION ( 'NONE',  ( 1.000000000000000000, 0.000000000000000000, 0.000000000000000000 ) ) ;
#490 = VECTOR ( 'NONE', #1574, 1000.000000000000000 ) ;
#491 = DESIGN_CONTEXT ( 'detailed design', #649, 'design' ) ;
#492 = CARTESIAN_POINT ( 'NONE',  ( -94.49999999999994316, 2.000000000000000000, 5.500000000000000000 ) ) ;
#493 = ORIENTED_EDGE ( 'NONE', *, *, #1797, .T. ) ;
#494 = COORDINATED_UNIVERSAL_TIME_OFFSET ( 1, 0, .AHEAD. ) ;
#495 = EDGE_CURVE ( 'NONE', #919, #1487, #1404, .T. ) ;
#496 = ORIENTED_EDGE ( 'NONE', *, *, #672, .T. ) ;
#497 = DIRECTION ( 'NONE',  ( 0.000000000000000000, -1.000000000000000000, 0.000000000000000000 ) ) ;
#498 = ORIENTED_EDGE ( 'NONE', *, *, #1502, .F. ) ;
#499 = ORIENTED_EDGE ( 'NONE', *, *, #1195, .T. ) ;
#500 = LINE ( 'NONE', #629, #548 ) ;
#501 = CARTESIAN_POINT ( 'NONE',  ( -55.49999999999994316, 2.000000000000000000, -3.000000000000000000 ) ) ;
#502 = EDGE_CURVE ( 'NONE', #256, #181, #1171, .T. ) ;
#503 = DIRECTION ( 'NONE',  ( -0.000000000000000000, -1.000000000000000000, -0.000000000000000000 ) ) ;
#504 = CIRCLE ( 'NONE', #624, 0.5000000000000000000 ) ;
#505 = EDGE_LOOP ( 'NONE', ( #1808, #1167, #1452 ) ) ;
#506 = LINE ( 'NONE', #1186, #460 ) ;
#507 = ORIENTED_EDGE ( 'NONE', *, *, #1468, .F. ) ;
#508 = VERTEX_POINT ( 'NONE', #1075 ) ;
#509 = DIRECTION ( 'NONE',  ( 0.000000000000000000, -1.000000000000000000, -0.000000000000000000 ) ) ;
#510 = CARTESIAN_POINT ( 'NONE',  ( -75.49999999999994316, -7.099999999999998757, -2.500000000000000000 ) ) ;
#511 = ADVANCED_FACE ( 'NONE', ( #1086 ), #1057, .T. ) ;
#512 = AXIS2_PLACEMENT_3D ( 'NONE', #1515, #844, #258 ) ;
#513 = LINE ( 'NONE', #1214, #6 ) ;
#514 = EDGE_LOOP ( 'NONE', ( #1024, #792, #610, #652 ) ) ;
#515 = DIRECTION ( 'NONE',  ( -1.000000000000000000, 0.000000000000000000, -3.965082230804125881E-15 ) ) ;
#516 = VERTEX_POINT ( 'NONE', #1319 ) ;
#517 = EDGE_LOOP ( 'NONE', ( #250, #538, #1398, #1795 ) ) ;
#518 = DIRECTION ( 'NONE',  ( -1.000000000000000000, 0.000000000000000000, 0.000000000000000000 ) ) ;
#519 = CARTESIAN_POINT ( 'NONE',  ( -88.00000000000000000, -7.099999999999998757, 3.000000000000000000 ) ) ;
#520 = AXIS2_PLACEMENT_3D ( 'NONE', #1246, #1094, #1239 ) ;
#521 = DIRECTION ( 'NONE',  ( 0.000000000000000000, 0.000000000000000000, -1.000000000000000000 ) ) ;
#522 = AXIS2_PLACEMENT_3D ( 'NONE', #1364, #815, #802 ) ;
#523 = EDGE_CURVE ( 'NONE', #1607, #1184, #1553, .T. ) ;
#524 = CIRCLE ( 'NONE', #1615, 0.5000000000000000000 ) ;
#525 = VECTOR ( 'NONE', #609, 1000.000000000000000 ) ;
#526 = VECTOR ( 'NONE', #836, 1000.000000000000000 ) ;
#527 = ORIENTED_EDGE ( 'NONE', *, *, #1376, .F. ) ;
#528 = ORIENTED_EDGE ( 'NONE', *, *, #37, .F. ) ;
#529 = ORIENTED_EDGE ( 'NONE', *, *, #150, .T. ) ;
#530 = CARTESIAN_POINT ( 'NONE',  ( -74.49999999999994316, -3.000000000000000000, -2.499999999999995559 ) ) ;
#531 = ORIENTED_EDGE ( 'NONE', *, *, #1004, .F. ) ;
#532 = DIRECTION ( 'NONE',  ( 0.000000000000000000, 0.000000000000000000, -1.000000000000000000 ) ) ;
#533 = EDGE_LOOP ( 'NONE', ( #129, #716, #1780, #1090 ) ) ;
#534 = CARTESIAN_POINT ( 'NONE',  ( -55.49999999999994316, 2.000000000000000000, -5.500000000000000000 ) ) ;
#535 = DATE_AND_TIME ( #1768, #1280 ) ;
#536 = EDGE_CURVE ( 'NONE', #1081, #1770, #1501, .T. ) ;
#537 = ORIENTED_EDGE ( 'NONE', *, *, #694, .T. ) ;
#538 = ORIENTED_EDGE ( 'NONE', *, *, #1270, .F. ) ;
#539 = CARTESIAN_POINT ( 'NONE',  ( -94.99999999999994316, -7.599999999999998757, 5.500000000000000000 ) ) ;
#540 = ORIENTED_EDGE ( 'NONE', *, *, #420, .F. ) ;
#541 = CARTESIAN_POINT ( 'NONE',  ( -94.99999999999994316, 2.000000000000000000, -5.500000000000000888 ) ) ;
#542 = CALENDAR_DATE ( 2025, 23, 5 ) ;
#543 = AXIS2_PLACEMENT_3D ( 'NONE', #1450, #736, #1699 ) ;
#544 = DIRECTION ( 'NONE',  ( 0.000000000000000000, -1.000000000000000000, 0.000000000000000000 ) ) ;
#545 = ORIENTED_EDGE ( 'NONE', *, *, #1195, .F. ) ;
#546 = ADVANCED_FACE ( 'NONE', ( #625 ), #382, .T. ) ;
#547 = DIRECTION ( 'NONE',  ( -1.000000000000000000, 0.000000000000000000, 0.000000000000000000 ) ) ;
#548 = VECTOR ( 'NONE', #893, 1000.000000000000000 ) ;
#549 = CARTESIAN_POINT ( 'NONE',  ( -94.49999999999994316, -7.099999999999998757, -5.500000000000000000 ) ) ;
#550 = CYLINDRICAL_SURFACE ( 'NONE', #1613, 0.5000000000000004441 ) ;
#551 = ORIENTED_EDGE ( 'NONE', *, *, #626, .T. ) ;
#552 = LINE ( 'NONE', #1234, #526 ) ;
#553 = AXIS2_PLACEMENT_3D ( 'NONE', #458, #1585, #329 ) ;
#554 = APPLICATION_CONTEXT ( 'configuration controlled 3d designs of mechanical parts and assemblies' ) ;
#555 = CARTESIAN_POINT ( 'NONE',  ( -54.99999999999994316, 2.000000000000000000, 0.000000000000000000 ) ) ;
#556 = AXIS2_PLACEMENT_3D ( 'NONE', #273, #962, #689 ) ;
#557 = SECURITY_CLASSIFICATION ( '', '', #1466 ) ;
#558 = AXIS2_PLACEMENT_3D ( 'NONE', #1471, #1204, #215 ) ;
#559 = CARTESIAN_POINT ( 'NONE',  ( -75.49999999999994316, -7.099999999999998757, 3.000000000000000000 ) ) ;
#560 = EDGE_CURVE ( 'NONE', #1741, #709, #65, .T. ) ;
#561 = CARTESIAN_POINT ( 'NONE',  ( -74.49999999999994316, -2.000000000000000444, 5.999999999999999112 ) ) ;
#562 = ORIENTED_EDGE ( 'NONE', *, *, #763, .T. ) ;
#563 = EDGE_CURVE ( 'NONE', #118, #328, #171, .T. ) ;
#564 = DIRECTION ( 'NONE',  ( -1.000000000000000000, -0.000000000000000000, -0.000000000000000000 ) ) ;
#565 = DIRECTION ( 'NONE',  ( 0.000000000000000000, 1.000000000000000000, 0.000000000000000000 ) ) ;
#566 = AXIS2_PLACEMENT_3D ( 'NONE', #1238, #978, #385 ) ;
#567 = VERTEX_POINT ( 'NONE', #1043 ) ;
#568 = SPHERICAL_SURFACE ( 'NONE', #820, 0.5000000000000000000 ) ;
#569 = ORIENTED_EDGE ( 'NONE', *, *, #64, .T. ) ;
#570 = DIRECTION ( 'NONE',  ( 0.000000000000000000, 0.000000000000000000, 1.000000000000000000 ) ) ;
#571 = ORIENTED_EDGE ( 'NONE', *, *, #216, .T. ) ;
#572 = CIRCLE ( 'NONE', #392, 0.5000000000000000000 ) ;
#573 = SPHERICAL_SURFACE ( 'NONE', #1484, 0.5000000000000000000 ) ;
#574 = ADVANCED_FACE ( 'NONE', ( #1612 ), #1754, .T. ) ;
#575 = DIRECTION ( 'NONE',  ( 0.000000000000000000, -0.000000000000000000, -1.000000000000000000 ) ) ;
#576 = VECTOR ( 'NONE', #436, 1000.000000000000000 ) ;
#577 = APPLICATION_PROTOCOL_DEFINITION ( 'international standard', 'config_control_design', 1994, #554 ) ;
#578 = CARTESIAN_POINT ( 'NONE',  ( -75.49999999999994316, -7.099999999999998757, 5.500000000000000000 ) ) ;
#579 = DIRECTION ( 'NONE',  ( 0.000000000000000000, 0.000000000000000000, -1.000000000000000000 ) ) ;
#580 = AXIS2_PLACEMENT_3D ( 'NONE', #1560, #49, #607 ) ;
#581 = LINE ( 'NONE', #588, #1146 ) ;
#582 = EDGE_CURVE ( 'NONE', #357, #234, #874, .T. ) ;
#583 = DIRECTION ( 'NONE',  ( 0.000000000000000000, 0.000000000000000000, -1.000000000000000000 ) ) ;
#584 = AXIS2_PLACEMENT_3D ( 'NONE', #1140, #989, #1242 ) ;
#585 = VECTOR ( 'NONE', #547, 1000.000000000000000 ) ;
#586 = CARTESIAN_POINT ( 'NONE',  ( -55.49999999999994316, -2.000000000000000000, -2.500000000000000000 ) ) ;
#587 = DIRECTION ( 'NONE',  ( 0.000000000000000000, 0.000000000000000000, -1.000000000000000000 ) ) ;
#588 = CARTESIAN_POINT ( 'NONE',  ( -94.49999999999994316, 2.500000000000000000, -6.000000000000000000 ) ) ;
#589 = DIRECTION ( 'NONE',  ( 0.000000000000000000, 0.000000000000000000, -1.000000000000000000 ) ) ;
#590 = VERTEX_POINT ( 'NONE', #1664 ) ;
#591 = EDGE_LOOP ( 'NONE', ( #1299, #132, #921, #545 ) ) ;
#592 = FACE_OUTER_BOUND ( 'NONE', #1594, .T. ) ;
#593 = EDGE_CURVE ( 'NONE', #567, #106, #1652, .T. ) ;
#594 = AXIS2_PLACEMENT_3D ( 'NONE', #688, #1380, #518 ) ;
#595 = CARTESIAN_POINT ( 'NONE',  ( -75.49999999999994316, -2.500000000000000000, -2.500000000000000000 ) ) ;
#596 = ORIENTED_EDGE ( 'NONE', *, *, #1535, .T. ) ;
#597 = CARTESIAN_POINT ( 'NONE',  ( -55.49999999999994316, -2.000000000000000000, -3.000000000000000000 ) ) ;
#598 = CARTESIAN_POINT ( 'NONE',  ( -54.99999999999994316, -2.000000000000000000, -5.500000000000000000 ) ) ;
#599 = ORIENTED_EDGE ( 'NONE', *, *, #739, .T. ) ;
#600 = CARTESIAN_POINT ( 'NONE',  ( -55.49999999999994316, -2.000000000000000000, 5.500000000000000000 ) ) ;
#601 = ORIENTED_EDGE ( 'NONE', *, *, #811, .F. ) ;
#602 = VERTEX_POINT ( 'NONE', #541 ) ;
#603 = DIRECTION ( 'NONE',  ( -1.000000000000000000, 0.000000000000000000, 0.000000000000000000 ) ) ;
#604 = CARTESIAN_POINT ( 'NONE',  ( -94.49999999999994316, 2.500000000000000000, 5.999999999999999112 ) ) ;
#605 = EDGE_CURVE ( 'NONE', #639, #659, #396, .T. ) ;
#606 = AXIS2_PLACEMENT_3D ( 'NONE', #169, #428, #1286 ) ;
#607 = DIRECTION ( 'NONE',  ( 0.000000000000000000, 0.000000000000000000, 1.000000000000000000 ) ) ;
#608 = DIRECTION ( 'NONE',  ( 0.000000000000000000, 0.000000000000000000, -1.000000000000000000 ) ) ;
#609 = DIRECTION ( 'NONE',  ( 1.000000000000000000, 0.000000000000000000, 0.000000000000000000 ) ) ;
#610 = ORIENTED_EDGE ( 'NONE', *, *, #900, .F. ) ;
#611 = CARTESIAN_POINT ( 'NONE',  ( -94.99999999999994316, -7.099999999999998757, -5.500000000000000888 ) ) ;
#612 = AXIS2_PLACEMENT_3D ( 'NONE', #559, #280, #840 ) ;
#613 = AXIS2_PLACEMENT_3D ( 'NONE', #395, #136, #401 ) ;
#614 = ORIENTED_EDGE ( 'NONE', *, *, #1124, .T. ) ;
#615 = ADVANCED_FACE ( 'NONE', ( #827 ), #1498, .T. ) ;
#616 = CARTESIAN_POINT ( 'NONE',  ( -75.49999999999992895, -7.599999999999998757, -5.500000000000000000 ) ) ;
#617 = AXIS2_PLACEMENT_3D ( 'NONE', #1337, #1190, #483 ) ;
#618 = EDGE_CURVE ( 'NONE', #1095, #780, #552, .T. ) ;
#619 = DIRECTION ( 'NONE',  ( -0.000000000000000000, -0.000000000000000000, 1.000000000000000000 ) ) ;
#620 = VERTEX_POINT ( 'NONE', #955 ) ;
#621 = ORIENTED_EDGE ( 'NONE', *, *, #1365, .T. ) ;
#622 = CARTESIAN_POINT ( 'NONE',  ( -75.49999999999994316, -3.000000000000000000, 3.000000000000000000 ) ) ;
#623 = DIRECTION ( 'NONE',  ( 0.000000000000000000, 0.000000000000000000, -1.000000000000000000 ) ) ;
#624 = AXIS2_PLACEMENT_3D ( 'NONE', #1511, #842, #107 ) ;
#625 = FACE_OUTER_BOUND ( 'NONE', #1216, .T. ) ;
#626 = EDGE_CURVE ( 'NONE', #620, #1061, #821, .T. ) ;
#627 = LINE ( 'NONE', #1761, #902 ) ;
#628 = VERTEX_POINT ( 'NONE', #1672 ) ;
#629 = CARTESIAN_POINT ( 'NONE',  ( -74.49999999999995737, -2.500000000000000000, -2.953986261949073762E-13 ) ) ;
#630 = DIRECTION ( 'NONE',  ( -1.000000000000000000, 0.000000000000000000, -3.469446951953611033E-15 ) ) ;
#631 = CIRCLE ( 'NONE', #980, 0.5000000000000000000 ) ;
#632 = CARTESIAN_POINT ( 'NONE',  ( -74.49999999999994316, -2.000000000000000000, -3.000000000000000000 ) ) ;
#633 = EDGE_LOOP ( 'NONE', ( #881, #103, #1762, #1148 ) ) ;
#634 = CARTESIAN_POINT ( 'NONE',  ( 0.000000000000000000, -2.500000000000000000, 0.000000000000000000 ) ) ;
#635 = ORIENTED_EDGE ( 'NONE', *, *, #1775, .F. ) ;
#636 = PERSON_AND_ORGANIZATION_ROLE ( 'design_supplier' ) ;
#637 = EDGE_CURVE ( 'NONE', #239, #1089, #1115, .T. ) ;
#638 = ORIENTED_EDGE ( 'NONE', *, *, #1251, .F. ) ;
#639 = VERTEX_POINT ( 'NONE', #284 ) ;
#640 = CYLINDRICAL_SURFACE ( 'NONE', #141, 0.5000000000000004441 ) ;
#641 = ORIENTED_EDGE ( 'NONE', *, *, #1807, .F. ) ;
#642 = CARTESIAN_POINT ( 'NONE',  ( -54.99999999999994316, 2.000000000000000000, 5.500000000000000000 ) ) ;
#643 = CIRCLE ( 'NONE', #612, 0.5000000000000000000 ) ;
#644 = AXIS2_PLACEMENT_3D ( 'NONE', #456, #306, #182 ) ;
#645 = CARTESIAN_POINT ( 'NONE',  ( -94.49999999999994316, 2.000000000000000000, -5.500000000000000000 ) ) ;
#646 = AXIS2_PLACEMENT_3D ( 'NONE', #1625, #81, #938 ) ;
#647 = ORIENTED_EDGE ( 'NONE', *, *, #739, .F. ) ;
#648 = DATE_AND_TIME ( #1109, #5 ) ;
#649 = APPLICATION_CONTEXT ( 'configuration controlled 3d designs of mechanical parts and assemblies' ) ;
#650 = ADVANCED_FACE ( 'NONE', ( #1248 ), #413, .T. ) ;
#651 = DIRECTION ( 'NONE',  ( 1.000000000000000000, 0.000000000000000000, 0.000000000000000000 ) ) ;
#652 = ORIENTED_EDGE ( 'NONE', *, *, #485, .F. ) ;
#653 = DIRECTION ( 'NONE',  ( 0.000000000000000000, 0.000000000000000000, 1.000000000000000000 ) ) ;
#654 = CARTESIAN_POINT ( 'NONE',  ( -88.00000000000000000, 2.500000000000000000, 0.000000000000000000 ) ) ;
#655 = DIRECTION ( 'NONE',  ( 1.000000000000000000, 0.000000000000000000, 0.000000000000000000 ) ) ;
#656 = VECTOR ( 'NONE', #1701, 1000.000000000000000 ) ;
#657 = CARTESIAN_POINT ( 'NONE',  ( -75.49999999999994316, -7.599999999999998757, 3.000000000000000000 ) ) ;
#658 = ORIENTED_EDGE ( 'NONE', *, *, #1430, .T. ) ;
#659 = VERTEX_POINT ( 'NONE', #7 ) ;
#660 = EDGE_CURVE ( 'NONE', #345, #1741, #817, .T. ) ;
#661 = CARTESIAN_POINT ( 'NONE',  ( -74.49999999999994316, -3.000000000000000000, 5.999999999999999112 ) ) ;
#662 = LINE ( 'NONE', #1221, #144 ) ;
#663 = EDGE_CURVE ( 'NONE', #757, #1791, #1272, .T. ) ;
#664 = LINE ( 'NONE', #1490, #1087 ) ;
#665 = ORIENTED_EDGE ( 'NONE', *, *, #1514, .F. ) ;
#666 = CIRCLE ( 'NONE', #1458, 0.5000000000000004441 ) ;
#667 = ORIENTED_EDGE ( 'NONE', *, *, #1680, .F. ) ;
#668 = FACE_OUTER_BOUND ( 'NONE', #44, .T. ) ;
#669 = ORIENTED_EDGE ( 'NONE', *, *, #216, .F. ) ;
#670 = LINE ( 'NONE', #1230, #1265 ) ;
#671 = DIRECTION ( 'NONE',  ( -1.000000000000000000, 0.000000000000000000, 0.000000000000000000 ) ) ;
#672 = EDGE_CURVE ( 'NONE', #659, #590, #631, .T. ) ;
#673 = CARTESIAN_POINT ( 'NONE',  ( -74.49999999999992895, -3.000000000000000000, -5.500000000000000000 ) ) ;
#674 = AXIS2_PLACEMENT_3D ( 'NONE', #1702, #1386, #1110 ) ;
#675 = ADVANCED_FACE ( 'NONE', ( #1108 ), #419, .F. ) ;
#676 = AXIS2_PLACEMENT_3D ( 'NONE', #486, #1477, #1467 ) ;
#677 = ORIENTED_EDGE ( 'NONE', *, *, #1644, .T. ) ;
#678 = DIRECTION ( 'NONE',  ( -0.000000000000000000, 1.000000000000000000, -0.000000000000000000 ) ) ;
#679 = VERTEX_POINT ( 'NONE', #947 ) ;
#680 = DIRECTION ( 'NONE',  ( -1.000000000000000000, 0.000000000000000000, 0.000000000000000000 ) ) ;
#681 = FACE_OUTER_BOUND ( 'NONE', #165, .T. ) ;
#682 = ORIENTED_EDGE ( 'NONE', *, *, #421, .F. ) ;
#683 = CARTESIAN_POINT ( 'NONE',  ( -74.49999999999992895, -3.000000000000000000, -6.000000000000000000 ) ) ;
#684 = ADVANCED_FACE ( 'NONE', ( #119 ), #573, .T. ) ;
#685 = CARTESIAN_POINT ( 'NONE',  ( -75.49999999999994316, 2.500000000000000000, 5.500000000000000000 ) ) ;
#686 = ORIENTED_EDGE ( 'NONE', *, *, #1341, .F. ) ;
#687 = CARTESIAN_POINT ( 'NONE',  ( -88.00000000000000000, -2.000000000000000444, 2.500000000000000000 ) ) ;
#688 = CARTESIAN_POINT ( 'NONE',  ( -75.49999999999994316, -7.099999999999998757, 3.000000000000000000 ) ) ;
#689 = DIRECTION ( 'NONE',  ( -1.000000000000000000, 0.000000000000000000, -0.000000000000000000 ) ) ;
#690 = EDGE_LOOP ( 'NONE', ( #1454, #1497, #399, #949 ) ) ;
#691 = DIRECTION ( 'NONE',  ( 1.000000000000000000, 0.000000000000000000, 0.000000000000000000 ) ) ;
#692 = AXIS2_PLACEMENT_3D ( 'NONE', #1725, #1144, #1174 ) ;
#693 = FACE_OUTER_BOUND ( 'NONE', #1434, .T. ) ;
#694 = EDGE_CURVE ( 'NONE', #1184, #1448, #14, .T. ) ;
#695 = LINE ( 'NONE', #2, #1048 ) ;
#696 = EDGE_CURVE ( 'NONE', #1750, #256, #247, .T. ) ;
#697 = CIRCLE ( 'NONE', #1721, 0.5000000000000000000 ) ;
#698 = DIRECTION ( 'NONE',  ( -1.000000000000000000, 0.000000000000000000, 0.000000000000000000 ) ) ;
#699 = DIRECTION ( 'NONE',  ( 0.000000000000000000, -8.673617379884027583E-16, -1.000000000000000000 ) ) ;
#700 = EDGE_LOOP ( 'NONE', ( #914, #1421, #115 ) ) ;
#701 = DIRECTION ( 'NONE',  ( 0.000000000000000000, 0.000000000000000000, 1.000000000000000000 ) ) ;
#702 = AXIS2_PLACEMENT_3D ( 'NONE', #1510, #1119, #1537 ) ;
#703 = DIRECTION ( 'NONE',  ( 0.000000000000000000, 1.000000000000000000, 0.000000000000000000 ) ) ;
#704 = CIRCLE ( 'NONE', #1019, 0.5000000000000004441 ) ;
#705 = CIRCLE ( 'NONE', #734, 0.5000000000000004441 ) ;
#706 = VERTEX_POINT ( 'NONE', #111 ) ;
#707 = CARTESIAN_POINT ( 'NONE',  ( -94.49999999999994316, -7.099999999999998757, 5.500000000000000000 ) ) ;
#708 = CARTESIAN_POINT ( 'NONE',  ( -55.49999999999994316, 2.000000000000000000, 3.000000000000000000 ) ) ;
#709 = VERTEX_POINT ( 'NONE', #1526 ) ;
#710 = EDGE_CURVE ( 'NONE', #706, #1263, #1038, .T. ) ;
#711 = CARTESIAN_POINT ( 'NONE',  ( -88.00000000000000000, 2.500000000000000000, 3.000000000000000000 ) ) ;
#712 = DIRECTION ( 'NONE',  ( 1.000000000000000000, 0.000000000000000000, 0.000000000000000000 ) ) ;
#713 = VECTOR ( 'NONE', #142, 1000.000000000000000 ) ;
#714 = EDGE_LOOP ( 'NONE', ( #19, #1320, #1549, #903 ) ) ;
#715 = CARTESIAN_POINT ( 'NONE',  ( -75.49999999999994316, -7.099999999999998757, 3.000000000000000000 ) ) ;
#716 = ORIENTED_EDGE ( 'NONE', *, *, #476, .T. ) ;
#717 = PLANE ( 'NONE',  #95 ) ;
#718 = ORIENTED_EDGE ( 'NONE', *, *, #175, .T. ) ;
#719 = DIRECTION ( 'NONE',  ( 0.000000000000000000, -1.000000000000000000, 0.000000000000000000 ) ) ;
#720 = LINE ( 'NONE', #1429, #1685 ) ;
#721 = FACE_OUTER_BOUND ( 'NONE', #791, .T. ) ;
#722 = CIRCLE ( 'NONE', #543, 0.5000000000000004441 ) ;
#723 = DIRECTION ( 'NONE',  ( -1.000000000000000000, 0.000000000000000000, 0.000000000000000000 ) ) ;
#724 = ORIENTED_EDGE ( 'NONE', *, *, #1065, .F. ) ;
#725 = DIRECTION ( 'NONE',  ( 0.000000000000000000, 0.000000000000000000, -1.000000000000000000 ) ) ;
#726 = AXIS2_PLACEMENT_3D ( 'NONE', #773, #781, #1499 ) ;
#727 = CARTESIAN_POINT ( 'NONE',  ( -74.49999999999992895, -2.500000000000000000, -5.500000000000000000 ) ) ;
#728 = ADVANCED_FACE ( 'NONE', ( #161 ), #332, .T. ) ;
#729 = CARTESIAN_POINT ( 'NONE',  ( -55.49999999999994316, -2.000000000000000000, 3.000000000000000000 ) ) ;
#730 = CIRCLE ( 'NONE', #1521, 0.5000000000000004441 ) ;
#731 = VERTEX_POINT ( 'NONE', #1707 ) ;
#732 = LINE ( 'NONE', #1291, #1787 ) ;
#733 = LOCAL_TIME ( 10, 44, 13.00000000000000000, #363 ) ;
#734 = AXIS2_PLACEMENT_3D ( 'NONE', #645, #503, #1766 ) ;
#735 = CARTESIAN_POINT ( 'NONE',  ( -55.49999999999994316, -2.500000000000000000, 5.500000000000000000 ) ) ;
#736 = DIRECTION ( 'NONE',  ( 0.000000000000000000, -1.000000000000000000, 0.000000000000000000 ) ) ;
#737 = DIRECTION ( 'NONE',  ( 0.000000000000000000, 0.000000000000000000, -1.000000000000000000 ) ) ;
#738 = LINE ( 'NONE', #51, #525 ) ;
#739 = EDGE_CURVE ( 'NONE', #731, #342, #1360, .T. ) ;
#740 = ORIENTED_EDGE ( 'NONE', *, *, #268, .T. ) ;
#741 = CARTESIAN_POINT ( 'NONE',  ( -55.49999999999994316, 2.500000000000000000, 0.000000000000000000 ) ) ;
#742 = AXIS2_PLACEMENT_3D ( 'NONE', #151, #1447, #20 ) ;
#743 = CARTESIAN_POINT ( 'NONE',  ( -54.99999999999994316, 0.000000000000000000, 0.000000000000000000 ) ) ;
#744 = PLANE ( 'NONE',  #418 ) ;
#745 = DIRECTION ( 'NONE',  ( 1.000000000000000000, 0.000000000000000000, 0.000000000000000000 ) ) ;
#746 = ORIENTED_EDGE ( 'NONE', *, *, #88, .T. ) ;
#747 = EDGE_CURVE ( 'NONE', #1750, #1770, #1418, .T. ) ;
#748 = ORIENTED_EDGE ( 'NONE', *, *, #1315, .F. ) ;
#749 =( NAMED_UNIT ( * ) SI_UNIT ( $, .STERADIAN. ) SOLID_ANGLE_UNIT ( ) );
#750 = AXIS2_PLACEMENT_3D ( 'NONE', #155, #453, #753 ) ;
#751 = EDGE_CURVE ( 'NONE', #1607, #757, #41, .T. ) ;
#752 = AXIS2_PLACEMENT_3D ( 'NONE', #1695, #1815, #1688 ) ;
#753 = DIRECTION ( 'NONE',  ( 0.000000000000000000, 0.000000000000000000, -1.000000000000000000 ) ) ;
#754 = CARTESIAN_POINT ( 'NONE',  ( -55.49999999999994316, -2.000000000000000000, -5.500000000000000000 ) ) ;
#755 = VECTOR ( 'NONE', #1179, 1000.000000000000000 ) ;
#756 = CARTESIAN_POINT ( 'NONE',  ( -94.99999999999994316, 2.500000000000000000, 5.999999999999999112 ) ) ;
#757 = VERTEX_POINT ( 'NONE', #1269 ) ;
#758 = ORIENTED_EDGE ( 'NONE', *, *, #866, .F. ) ;
#759 = AXIS2_PLACEMENT_3D ( 'NONE', #916, #926, #80 ) ;
#760 = CIRCLE ( 'NONE', #1646, 0.5000000000000004441 ) ;
#761 = AXIS2_PLACEMENT_3D ( 'NONE', #1682, #1554, #1118 ) ;
#762 = EDGE_LOOP ( 'NONE', ( #933, #477, #1193 ) ) ;
#763 = EDGE_CURVE ( 'NONE', #1028, #1628, #722, .T. ) ;
#764 = CARTESIAN_POINT ( 'NONE',  ( -75.49999999999994316, -7.599999999999998757, 5.500000000000000000 ) ) ;
#765 = LINE ( 'NONE', #1067, #1645 ) ;
#766 = AXIS2_PLACEMENT_3D ( 'NONE', #936, #195, #214 ) ;
#767 = CYLINDRICAL_SURFACE ( 'NONE', #558, 0.5000000000000004441 ) ;
#768 = ORIENTED_EDGE ( 'NONE', *, *, #253, .F. ) ;
#769 = CIRCLE ( 'NONE', #124, 0.5000000000000004441 ) ;
#770 = CYLINDRICAL_SURFACE ( 'NONE', #29, 0.5000000000000004441 ) ;
#771 = ORIENTED_EDGE ( 'NONE', *, *, #431, .T. ) ;
#772 = ORIENTED_EDGE ( 'NONE', *, *, #816, .T. ) ;
#773 = CARTESIAN_POINT ( 'NONE',  ( -75.49999999999992895, -7.599999999999998757, -5.500000000000000000 ) ) ;
#774 = DIRECTION ( 'NONE',  ( -3.469446951953610639E-15, -0.000000000000000000, 1.000000000000000000 ) ) ;
#775 = ADVANCED_FACE ( 'NONE', ( #444 ), #885, .T. ) ;
#776 = CARTESIAN_POINT ( 'NONE',  ( -55.49999999999994316, 2.000000000000000000, -3.000000000000000000 ) ) ;
#777 = DIRECTION ( 'NONE',  ( 0.000000000000000000, -1.000000000000000000, 0.000000000000000000 ) ) ;
#778 = ORIENTED_EDGE ( 'NONE', *, *, #1065, .T. ) ;
#779 = DIRECTION ( 'NONE',  ( 0.000000000000000000, 0.000000000000000000, 1.000000000000000000 ) ) ;
#780 = VERTEX_POINT ( 'NONE', #616 ) ;
#781 = DIRECTION ( 'NONE',  ( 0.000000000000000000, 1.000000000000000000, 0.000000000000000000 ) ) ;
#782 = DIRECTION ( 'NONE',  ( -0.000000000000000000, 1.000000000000000000, -0.000000000000000000 ) ) ;
#783 = CIRCLE ( 'NONE', #606, 0.5000000000000004441 ) ;
#784 = DIRECTION ( 'NONE',  ( 0.000000000000000000, 0.000000000000000000, -1.000000000000000000 ) ) ;
#785 = AXIS2_PLACEMENT_3D ( 'NONE', #92, #1316, #801 ) ;
#786 = EDGE_CURVE ( 'NONE', #870, #567, #248, .T. ) ;
#787 = ORIENTED_EDGE ( 'NONE', *, *, #830, .T. ) ;
#788 = PERSON_AND_ORGANIZATION ( #89, #323 ) ;
#789 = ORIENTED_EDGE ( 'NONE', *, *, #849, .T. ) ;
#790 = FACE_OUTER_BOUND ( 'NONE', #222, .T. ) ;
#791 = EDGE_LOOP ( 'NONE', ( #667, #1250, #1616 ) ) ;
#792 = ORIENTED_EDGE ( 'NONE', *, *, #1696, .F. ) ;
#793 = CYLINDRICAL_SURFACE ( 'NONE', #1367, 0.5000000000000004441 ) ;
#794 = DIRECTION ( 'NONE',  ( 1.000000000000000000, 0.000000000000000000, 0.000000000000000000 ) ) ;
#795 = AXIS2_PLACEMENT_3D ( 'NONE', #432, #993, #299 ) ;
#796 = CARTESIAN_POINT ( 'NONE',  ( -75.49999999999994316, -7.099999999999998757, 0.000000000000000000 ) ) ;
#797 = AXIS2_PLACEMENT_3D ( 'NONE', #796, #521, #1357 ) ;
#798 = EDGE_CURVE ( 'NONE', #190, #256, #1185, .T. ) ;
#799 = ORIENTED_EDGE ( 'NONE', *, *, #981, .F. ) ;
#800 = CARTESIAN_POINT ( 'NONE',  ( -88.00000000000000000, -7.099999999999998757, 3.000000000000000000 ) ) ;
#801 = DIRECTION ( 'NONE',  ( 0.000000000000000000, 0.000000000000000000, -1.000000000000000000 ) ) ;
#802 = DIRECTION ( 'NONE',  ( 0.000000000000000000, 0.000000000000000000, -1.000000000000000000 ) ) ;
#803 = DIRECTION ( 'NONE',  ( -1.000000000000000000, 0.000000000000000000, -0.000000000000000000 ) ) ;
#804 = CIRCLE ( 'NONE', #243, 0.5000000000000004441 ) ;
#805 = EDGE_LOOP ( 'NONE', ( #718, #1177, #686, #1800 ) ) ;
#806 = EDGE_CURVE ( 'NONE', #328, #1607, #1163, .T. ) ;
#807 = CARTESIAN_POINT ( 'NONE',  ( -74.99999999999994316, -7.099999999999998757, 3.000000000000000000 ) ) ;
#808 = ORIENTED_EDGE ( 'NONE', *, *, #241, .F. ) ;
#809 = CARTESIAN_POINT ( 'NONE',  ( -74.49999999999994316, -2.500000000000000000, 5.500000000000000000 ) ) ;
#810 = CARTESIAN_POINT ( 'NONE',  ( -74.49999999999994316, -3.000000000000000000, 5.999999999999999112 ) ) ;
#811 = EDGE_CURVE ( 'NONE', #470, #1705, #783, .T. ) ;
#812 = CARTESIAN_POINT ( 'NONE',  ( -94.99999999999994316, -7.099999999999998757, 5.999999999999999112 ) ) ;
#813 = DIRECTION ( 'NONE',  ( 1.000000000000000000, -0.000000000000000000, 0.000000000000000000 ) ) ;
#814 = FACE_OUTER_BOUND ( 'NONE', #1395, .T. ) ;
#815 = DIRECTION ( 'NONE',  ( 0.000000000000000000, -1.000000000000000000, 0.000000000000000000 ) ) ;
#816 = EDGE_CURVE ( 'NONE', #1289, #888, #876, .T. ) ;
#817 = LINE ( 'NONE', #1391, #1694 ) ;
#818 = AXIS2_PLACEMENT_3D ( 'NONE', #1113, #255, #699 ) ;
#819 = APPROVAL_STATUS ( 'not_yet_approved' ) ;
#820 = AXIS2_PLACEMENT_3D ( 'NONE', #707, #977, #832 ) ;
#821 = CIRCLE ( 'NONE', #1433, 1.000000000000000888 ) ;
#822 = CARTESIAN_POINT ( 'NONE',  ( -55.49999999999994316, 2.000000000000000000, 0.000000000000000000 ) ) ;
#823 = CARTESIAN_POINT ( 'NONE',  ( -88.00000000000000000, 2.000000000000000000, 3.000000000000000000 ) ) ;
#824 = LINE ( 'NONE', #1082, #153 ) ;
#825 = CARTESIAN_POINT ( 'NONE',  ( -75.49999999999994316, -7.099999999999998757, -3.000000000000000000 ) ) ;
#826 = ORIENTED_EDGE ( 'NONE', *, *, #1261, .T. ) ;
#827 = FACE_OUTER_BOUND ( 'NONE', #200, .T. ) ;
#828 = EDGE_CURVE ( 'NONE', #1448, #1209, #1812, .T. ) ;
#829 = AXIS2_PLACEMENT_3D ( 'NONE', #135, #680, #961 ) ;
#830 = EDGE_CURVE ( 'NONE', #448, #1474, #1540, .T. ) ;
#831 = CARTESIAN_POINT ( 'NONE',  ( -94.49999999999994316, 2.500000000000000000, 0.000000000000000000 ) ) ;
#832 = DIRECTION ( 'NONE',  ( 0.000000000000000000, 0.000000000000000000, 1.000000000000000000 ) ) ;
#833 = DIRECTION ( 'NONE',  ( -0.000000000000000000, -0.000000000000000000, -1.000000000000000000 ) ) ;
#834 = DIRECTION ( 'NONE',  ( 0.000000000000000000, -0.000000000000000000, -1.000000000000000000 ) ) ;
#835 = ORIENTED_EDGE ( 'NONE', *, *, #1264, .T. ) ;
#836 = DIRECTION ( 'NONE',  ( 1.000000000000000000, 0.000000000000000000, -0.000000000000000000 ) ) ;
#837 = AXIS2_PLACEMENT_3D ( 'NONE', #186, #1717, #1014 ) ;
#838 = FACE_OUTER_BOUND ( 'NONE', #591, .T. ) ;
#839 = EDGE_CURVE ( 'NONE', #1029, #1607, #21, .T. ) ;
#840 = DIRECTION ( 'NONE',  ( 0.000000000000000000, 0.000000000000000000, -1.000000000000000000 ) ) ;
#841 = ORIENTED_EDGE ( 'NONE', *, *, #1456, .F. ) ;
#842 = DIRECTION ( 'NONE',  ( -0.000000000000000000, -1.000000000000000000, -0.000000000000000000 ) ) ;
#843 = ORIENTED_EDGE ( 'NONE', *, *, #839, .F. ) ;
#844 = DIRECTION ( 'NONE',  ( -1.000000000000000000, 0.000000000000000000, -0.000000000000000000 ) ) ;
#845 = AXIS2_PLACEMENT_3D ( 'NONE', #519, #1470, #1774 ) ;
#846 = VECTOR ( 'NONE', #202, 1000.000000000000000 ) ;
#847 = DIRECTION ( 'NONE',  ( -0.000000000000000000, -0.000000000000000000, 1.000000000000000000 ) ) ;
#848 = AXIS2_PLACEMENT_3D ( 'NONE', #368, #70, #1317 ) ;
#849 = EDGE_CURVE ( 'NONE', #125, #1453, #1777, .T. ) ;
#850 = CARTESIAN_POINT ( 'NONE',  ( -75.49999999999994316, -7.099999999999998757, 5.999999999999999112 ) ) ;
#851 = DIRECTION ( 'NONE',  ( -0.000000000000000000, -0.000000000000000000, 1.000000000000000000 ) ) ;
#852 = VERTEX_POINT ( 'NONE', #32 ) ;
#853 = CARTESIAN_POINT ( 'NONE',  ( -54.99999999999994316, 2.500000000000000000, -3.000000000000000000 ) ) ;
#854 = CARTESIAN_POINT ( 'NONE',  ( -94.49999999999994316, 2.000000000000000000, -5.500000000000000000 ) ) ;
#855 = CARTESIAN_POINT ( 'NONE',  ( -54.99999999999994316, -2.000000000000000000, 5.500000000000000000 ) ) ;
#856 = CARTESIAN_POINT ( 'NONE',  ( -88.00000000000000000, -7.599999999999998757, -3.000000000000000000 ) ) ;
#857 = ADVANCED_FACE ( 'NONE', ( #1577 ), #1437, .F. ) ;
#858 = CARTESIAN_POINT ( 'NONE',  ( -75.49999999999994316, -7.099999999999998757, -3.000000000000000000 ) ) ;
#859 = CARTESIAN_POINT ( 'NONE',  ( -75.49999999999994316, 2.500000000000000000, -3.000000000000000000 ) ) ;
#860 = DIRECTION ( 'NONE',  ( -0.000000000000000000, 0.000000000000000000, 1.000000000000000000 ) ) ;
#861 = ORIENTED_EDGE ( 'NONE', *, *, #122, .F. ) ;
#862 = ORIENTED_EDGE ( 'NONE', *, *, #1525, .F. ) ;
#863 = PERSON_AND_ORGANIZATION ( #89, #323 ) ;
#864 = CARTESIAN_POINT ( 'NONE',  ( -74.99999999999994316, -7.099999999999998757, 5.999999999999999112 ) ) ;
#865 = DIRECTION ( 'NONE',  ( 0.000000000000000000, 0.000000000000000000, 1.000000000000000000 ) ) ;
#866 = EDGE_CURVE ( 'NONE', #1081, #1449, #666, .T. ) ;
#867 = LINE ( 'NONE', #445, #1181 ) ;
#868 = FACE_OUTER_BOUND ( 'NONE', #1071, .T. ) ;
#869 = VECTOR ( 'NONE', #1324, 1000.000000000000000 ) ;
#870 = VERTEX_POINT ( 'NONE', #348 ) ;
#871 = CIRCLE ( 'NONE', #761, 0.5000000000000000000 ) ;
#872 = ORIENTED_EDGE ( 'NONE', *, *, #1114, .T. ) ;
#873 = CARTESIAN_POINT ( 'NONE',  ( -74.49999999999994316, -3.000000000000000000, -2.500000000000000000 ) ) ;
#874 = CIRCLE ( 'NONE', #229, 0.5000000000000000000 ) ;
#875 = CARTESIAN_POINT ( 'NONE',  ( -88.00000000000000000, -7.599999999999998757, 3.000000000000000000 ) ) ;
#876 = LINE ( 'NONE', #1588, #1601 ) ;
#877 = FACE_OUTER_BOUND ( 'NONE', #1657, .T. ) ;
#878 = EDGE_CURVE ( 'NONE', #234, #1209, #1459, .T. ) ;
#879 = CARTESIAN_POINT ( 'NONE',  ( -55.49999999999994316, -0.000000000000000000, -3.000000000000000000 ) ) ;
#880 = ADVANCED_FACE ( 'NONE', ( #69 ), #1752, .T. ) ;
#881 = ORIENTED_EDGE ( 'NONE', *, *, #1027, .T. ) ;
#882 =( LENGTH_UNIT ( ) NAMED_UNIT ( * ) SI_UNIT ( .MILLI., .METRE. ) );
#883 = DIRECTION ( 'NONE',  ( 1.000000000000000000, -0.000000000000000000, 0.000000000000000000 ) ) ;
#884 = ORIENTED_EDGE ( 'NONE', *, *, #536, .T. ) ;
#885 = CYLINDRICAL_SURFACE ( 'NONE', #1107, 0.5000000000000000000 ) ;
#886 = AXIS2_PLACEMENT_3D ( 'NONE', #459, #1152, #570 ) ;
#887 = DIRECTION ( 'NONE',  ( 0.000000000000000000, 0.000000000000000000, -1.000000000000000000 ) ) ;
#888 = VERTEX_POINT ( 'NONE', #1764 ) ;
#889 = PLANE ( 'NONE',  #227 ) ;
#890 = EDGE_CURVE ( 'NONE', #1448, #1409, #1202, .T. ) ;
#891 = AXIS2_PLACEMENT_3D ( 'NONE', #534, #137, #1241 ) ;
#892 = VERTEX_POINT ( 'NONE', #764 ) ;
#893 = DIRECTION ( 'NONE',  ( 3.965082230804128248E-15, -0.000000000000000000, -1.000000000000000000 ) ) ;
#894 = CARTESIAN_POINT ( 'NONE',  ( -88.00000000000000000, 2.500000000000000000, -3.000000000000000000 ) ) ;
#895 = UNCERTAINTY_MEASURE_WITH_UNIT (LENGTH_MEASURE( 1.000000000000000082E-05 ), #882, 'distance_accuracy_value', 'NONE');
#896 = LINE ( 'NONE', #1138, #336 ) ;
#897 = CIRCLE ( 'NONE', #109, 0.5000000000000004441 ) ;
#898 = ORIENTED_EDGE ( 'NONE', *, *, #1445, .F. ) ;
#899 = VECTOR ( 'NONE', #847, 1000.000000000000000 ) ;
#900 = EDGE_CURVE ( 'NONE', #470, #1045, #897, .T. ) ;
#901 = CARTESIAN_POINT ( 'NONE',  ( -88.00000000000000000, -7.099999999999998757, -2.500000000000000000 ) ) ;
#902 = VECTOR ( 'NONE', #1217, 1000.000000000000000 ) ;
#903 = ORIENTED_EDGE ( 'NONE', *, *, #1076, .F. ) ;
#904 = ORIENTED_EDGE ( 'NONE', *, *, #1797, .F. ) ;
#905 = CARTESIAN_POINT ( 'NONE',  ( -55.49999999999994316, -2.000000000000000000, 5.500000000000000000 ) ) ;
#906 = FACE_OUTER_BOUND ( 'NONE', #1602, .T. ) ;
#907 = EDGE_CURVE ( 'NONE', #679, #1009, #220, .T. ) ;
#908 = DIRECTION ( 'NONE',  ( 1.000000000000000000, -0.000000000000000000, -0.000000000000000000 ) ) ;
#909 = ORIENTED_EDGE ( 'NONE', *, *, #24, .F. ) ;
#910 = DATE_TIME_ROLE ( 'classification_date' ) ;
#911 = VECTOR ( 'NONE', #1007, 1000.000000000000000 ) ;
#912 = DIRECTION ( 'NONE',  ( 1.000000000000000000, 0.000000000000000000, 0.000000000000000000 ) ) ;
#913 = AXIS2_PLACEMENT_3D ( 'NONE', #282, #272, #264 ) ;
#914 = ORIENTED_EDGE ( 'NONE', *, *, #37, .T. ) ;
#915 = CARTESIAN_POINT ( 'NONE',  ( -94.99999999999994316, 2.000000000000000000, 5.999999999999999112 ) ) ;
#916 = CARTESIAN_POINT ( 'NONE',  ( -55.49999999999994316, -2.000000000000000000, -3.000000000000000000 ) ) ;
#917 = EDGE_CURVE ( 'NONE', #1449, #1563, #62, .T. ) ;
#918 = DIRECTION ( 'NONE',  ( 0.000000000000000000, 0.000000000000000000, -1.000000000000000000 ) ) ;
#919 = VERTEX_POINT ( 'NONE', #1742 ) ;
#920 = PERSON_AND_ORGANIZATION ( #89, #323 ) ;
#921 = ORIENTED_EDGE ( 'NONE', *, *, #763, .F. ) ;
#922 = DIRECTION ( 'NONE',  ( 0.000000000000000000, 0.000000000000000000, -1.000000000000000000 ) ) ;
#923 = ORIENTED_EDGE ( 'NONE', *, *, #1502, .T. ) ;
#924 = ORIENTED_EDGE ( 'NONE', *, *, #1124, .F. ) ;
#925 = DIRECTION ( 'NONE',  ( 0.000000000000000000, 0.000000000000000000, -1.000000000000000000 ) ) ;
#926 = DIRECTION ( 'NONE',  ( -0.000000000000000000, 0.000000000000000000, 1.000000000000000000 ) ) ;
#927 = VECTOR ( 'NONE', #1366, 1000.000000000000000 ) ;
#928 = CARTESIAN_POINT ( 'NONE',  ( -74.99999999999994316, -3.000000000000000000, 5.500000000000000000 ) ) ;
#929 = EDGE_CURVE ( 'NONE', #1789, #870, #1354, .T. ) ;
#930 = EDGE_CURVE ( 'NONE', #1720, #1660, #367, .T. ) ;
#931 = EDGE_LOOP ( 'NONE', ( #1478, #531, #638, #1576 ) ) ;
#932 = DIRECTION ( 'NONE',  ( 3.965082230804128248E-15, -0.000000000000000000, -1.000000000000000000 ) ) ;
#933 = ORIENTED_EDGE ( 'NONE', *, *, #663, .T. ) ;
#934 = ORIENTED_EDGE ( 'NONE', *, *, #268, .F. ) ;
#935 = CARTESIAN_POINT ( 'NONE',  ( -75.49999999999994316, -7.099999999999998757, -3.000000000000000000 ) ) ;
#936 = CARTESIAN_POINT ( 'NONE',  ( -94.49999999999994316, -7.099999999999998757, -5.500000000000000000 ) ) ;
#937 = VECTOR ( 'NONE', #131, 1000.000000000000000 ) ;
#938 = DIRECTION ( 'NONE',  ( 0.000000000000000000, 0.000000000000000000, -1.000000000000000000 ) ) ;
#939 = CIRCLE ( 'NONE', #407, 0.5000000000000004441 ) ;
#940 = EDGE_CURVE ( 'NONE', #852, #1487, #1572, .T. ) ;
#941 = ORIENTED_EDGE ( 'NONE', *, *, #1578, .F. ) ;
#942 = EDGE_CURVE ( 'NONE', #1741, #311, #1784, .T. ) ;
#943 = CARTESIAN_POINT ( 'NONE',  ( -74.49999999999994316, -3.000000000000000000, -2.999999999999997780 ) ) ;
#944 = ORIENTED_EDGE ( 'NONE', *, *, #502, .T. ) ;
#945 = CARTESIAN_POINT ( 'NONE',  ( -55.49999999999994316, -2.000000000000000000, -3.000000000000000000 ) ) ;
#946 = CARTESIAN_POINT ( 'NONE',  ( -55.49999999999994316, -2.000000000000000444, 5.999999999999999112 ) ) ;
#947 = CARTESIAN_POINT ( 'NONE',  ( -75.49999999999994316, -3.000000000000000000, 2.500000000000000000 ) ) ;
#948 = AXIS2_PLACEMENT_3D ( 'NONE', #634, #777, #74 ) ;
#949 = ORIENTED_EDGE ( 'NONE', *, *, #1559, .F. ) ;
#950 = ADVANCED_FACE ( 'NONE', ( #235 ), #1641, .T. ) ;
#951 = CYLINDRICAL_SURFACE ( 'NONE', #1755, 0.5000000000000004441 ) ;
#952 = DIRECTION ( 'NONE',  ( -3.965082230804128248E-15, 0.000000000000000000, 1.000000000000000000 ) ) ;
#953 = CARTESIAN_POINT ( 'NONE',  ( -74.49999999999994316, -2.000000000000000000, -2.500000000000000000 ) ) ;
#954 = ORIENTED_EDGE ( 'NONE', *, *, #582, .F. ) ;
#955 = CARTESIAN_POINT ( 'NONE',  ( -75.49999999999992895, -3.000000000000000000, -6.000000000000000000 ) ) ;
#956 = PERSON_AND_ORGANIZATION ( #89, #323 ) ;
#957 = CARTESIAN_POINT ( 'NONE',  ( -94.99999999999994316, 2.000000000000000000, 5.500000000000000000 ) ) ;
#958 = ORIENTED_EDGE ( 'NONE', *, *, #1559, .T. ) ;
#959 = CARTESIAN_POINT ( 'NONE',  ( -55.49999999999994316, -2.000000000000000444, -6.000000000000000000 ) ) ;
#960 = APPROVAL ( #819, 'UNSPECIFIED' ) ;
#961 = DIRECTION ( 'NONE',  ( 0.000000000000000000, 0.000000000000000000, 1.000000000000000000 ) ) ;
#962 = DIRECTION ( 'NONE',  ( 0.000000000000000000, 0.000000000000000000, -1.000000000000000000 ) ) ;
#963 = ORIENTED_EDGE ( 'NONE', *, *, #974, .F. ) ;
#964 = CARTESIAN_POINT ( 'NONE',  ( -54.99999999999994316, -2.500000000000000000, -3.000000000000000000 ) ) ;
#965 = CIRCLE ( 'NONE', #404, 0.5000000000000004441 ) ;
#966 = CIRCLE ( 'NONE', #1049, 1.000000000000000888 ) ;
#967 = CC_DESIGN_APPROVAL ( #960, ( #557 ) ) ;
#968 = CYLINDRICAL_SURFACE ( 'NONE', #197, 0.5000000000000004441 ) ;
#969 = EDGE_LOOP ( 'NONE', ( #1687, #841, #1334, #1482 ) ) ;
#970 = DIRECTION ( 'NONE',  ( 0.000000000000000000, 1.000000000000000000, 1.734723475976807094E-15 ) ) ;
#971 = PLANE ( 'NONE',  #1323 ) ;
#972 = DIRECTION ( 'NONE',  ( -1.000000000000000000, -0.000000000000000000, -0.000000000000000000 ) ) ;
#973 = DIRECTION ( 'NONE',  ( 0.000000000000000000, 0.000000000000000000, 1.000000000000000000 ) ) ;
#974 = EDGE_CURVE ( 'NONE', #357, #1339, #500, .T. ) ;
#975 = AXIS2_PLACEMENT_3D ( 'NONE', #549, #1669, #254 ) ;
#976 = SPHERICAL_SURFACE ( 'NONE', #1614, 0.5000000000000000000 ) ;
#977 = DIRECTION ( 'NONE',  ( 0.000000000000000000, 1.000000000000000000, -0.000000000000000000 ) ) ;
#978 = DIRECTION ( 'NONE',  ( 1.000000000000000000, 0.000000000000000000, 0.000000000000000000 ) ) ;
#979 = ORIENTED_EDGE ( 'NONE', *, *, #660, .T. ) ;
#980 = AXIS2_PLACEMENT_3D ( 'NONE', #1256, #564, #1123 ) ;
#981 = EDGE_CURVE ( 'NONE', #706, #321, #697, .T. ) ;
#982 = DIRECTION ( 'NONE',  ( 0.000000000000000000, 1.000000000000000000, 0.000000000000000000 ) ) ;
#983 = ADVANCED_FACE ( 'NONE', ( #1469 ), #1622, .T. ) ;
#984 = CARTESIAN_POINT ( 'NONE',  ( -54.99999999999994316, 0.000000000000000000, -5.500000000000000000 ) ) ;
#985 = CARTESIAN_POINT ( 'NONE',  ( -75.49999999999994316, 2.500000000000000000, 5.999999999999999112 ) ) ;
#986 = EDGE_LOOP ( 'NONE', ( #1640, #1100, #528, #1121 ) ) ;
#987 = DIRECTION ( 'NONE',  ( -1.000000000000000000, 0.000000000000000000, -0.000000000000000000 ) ) ;
#988 = AXIS2_PLACEMENT_3D ( 'NONE', #823, #813, #1127 ) ;
#989 = DIRECTION ( 'NONE',  ( -8.673617379884026597E-16, 1.000000000000000000, -0.000000000000000000 ) ) ;
#990 = AXIS2_PLACEMENT_3D ( 'NONE', #1281, #1562, #1583 ) ;
#991 = ADVANCED_FACE ( 'NONE', ( #1335 ), #1347, .T. ) ;
#992 = ORIENTED_EDGE ( 'NONE', *, *, #1175, .T. ) ;
#993 = DIRECTION ( 'NONE',  ( 0.000000000000000000, 0.000000000000000000, 1.000000000000000000 ) ) ;
#994 = ADVANCED_FACE ( 'NONE', ( #1598 ), #793, .F. ) ;
#995 = ORIENTED_EDGE ( 'NONE', *, *, #1270, .T. ) ;
#996 = DIRECTION ( 'NONE',  ( 0.000000000000000000, 1.000000000000000000, 0.000000000000000000 ) ) ;
#997 = DIRECTION ( 'NONE',  ( -0.000000000000000000, -1.000000000000000000, -0.000000000000000000 ) ) ;
#998 = LINE ( 'NONE', #57, #656 ) ;
#999 = AXIS2_PLACEMENT_3D ( 'NONE', #1296, #465, #1728 ) ;
#1000 = DIRECTION ( 'NONE',  ( 0.000000000000000000, 0.000000000000000000, 1.000000000000000000 ) ) ;
#1001 = VECTOR ( 'NONE', #28, 1000.000000000000000 ) ;
#1002 = PERSON_AND_ORGANIZATION_ROLE ( 'design_owner' ) ;
#1003 = CARTESIAN_POINT ( 'NONE',  ( -54.99999999999994316, 2.000000000000000000, -3.000000000000000000 ) ) ;
#1004 = EDGE_CURVE ( 'NONE', #892, #181, #1363, .T. ) ;
#1005 = ORIENTED_EDGE ( 'NONE', *, *, #1222, .T. ) ;
#1006 = DIRECTION ( 'NONE',  ( 0.000000000000000000, 0.000000000000000000, -1.000000000000000000 ) ) ;
#1007 = DIRECTION ( 'NONE',  ( -1.000000000000000000, 0.000000000000000000, 0.000000000000000000 ) ) ;
#1008 = SPHERICAL_SURFACE ( 'NONE', #293, 0.5000000000000000000 ) ;
#1009 = VERTEX_POINT ( 'NONE', #1813 ) ;
#1010 = DIRECTION ( 'NONE',  ( -1.000000000000000000, 0.000000000000000000, 0.000000000000000000 ) ) ;
#1011 = DIRECTION ( 'NONE',  ( 1.000000000000000000, -0.000000000000000000, -0.000000000000000000 ) ) ;
#1012 = ADVANCED_FACE ( 'NONE', ( #245 ), #1253, .T. ) ;
#1013 = AXIS2_PLACEMENT_3D ( 'NONE', #743, #987, #304 ) ;
#1014 = DIRECTION ( 'NONE',  ( 0.000000000000000000, 0.000000000000000000, -1.000000000000000000 ) ) ;
#1015 = DIRECTION ( 'NONE',  ( 0.000000000000000000, -1.000000000000000000, 0.000000000000000000 ) ) ;
#1016 = DIRECTION ( 'NONE',  ( 0.000000000000000000, 1.000000000000000000, 0.000000000000000000 ) ) ;
#1017 = CIRCLE ( 'NONE', #1374, 0.5000000000000000000 ) ;
#1018 = ORIENTED_EDGE ( 'NONE', *, *, #1088, .F. ) ;
#1019 = AXIS2_PLACEMENT_3D ( 'NONE', #600, #860, #1308 ) ;
#1020 = SPHERICAL_SURFACE ( 'NONE', #1552, 0.5000000000000000000 ) ;
#1021 = LOCAL_TIME ( 10, 44, 13.00000000000000000, #494 ) ;
#1022 = AXIS2_PLACEMENT_3D ( 'NONE', #1182, #784, #71 ) ;
#1023 = DIRECTION ( 'NONE',  ( -0.000000000000000000, -1.000000000000000000, -0.000000000000000000 ) ) ;
#1024 = ORIENTED_EDGE ( 'NONE', *, *, #73, .F. ) ;
#1025 = DIRECTION ( 'NONE',  ( -1.000000000000000000, 0.000000000000000000, 0.000000000000000000 ) ) ;
#1026 = CARTESIAN_POINT ( 'NONE',  ( -55.49999999999994316, -2.000000000000000000, -3.000000000000000000 ) ) ;
#1027 = EDGE_CURVE ( 'NONE', #888, #1474, #1708, .T. ) ;
#1028 = VERTEX_POINT ( 'NONE', #3 ) ;
#1029 = VERTEX_POINT ( 'NONE', #1220 ) ;
#1030 = ORIENTED_EDGE ( 'NONE', *, *, #1318, .T. ) ;
#1031 = DIRECTION ( 'NONE',  ( 0.000000000000000000, 1.000000000000000000, 0.000000000000000000 ) ) ;
#1032 = EDGE_LOOP ( 'NONE', ( #562, #317, #193 ) ) ;
#1033 = AXIS2_PLACEMENT_3D ( 'NONE', #163, #1176, #1438 ) ;
#1034 = DIRECTION ( 'NONE',  ( -0.000000000000000000, 1.000000000000000000, -0.000000000000000000 ) ) ;
#1035 = APPROVAL ( #1665, 'UNSPECIFIED' ) ;
#1036 = DATE_TIME_ROLE ( 'creation_date' ) ;
#1037 = EDGE_CURVE ( 'NONE', #1184, #1029, #504, .T. ) ;
#1038 = CIRCLE ( 'NONE', #1218, 0.5000000000000004441 ) ;
#1039 = CARTESIAN_POINT ( 'NONE',  ( -54.99999999999994316, 2.000000000000000000, 2.500000000000000000 ) ) ;
#1040 = EDGE_LOOP ( 'NONE', ( #1321, #963, #498, #1368 ) ) ;
#1041 = CARTESIAN_POINT ( 'NONE',  ( -88.00000000000000000, -7.099999999999998757, -3.000000000000000000 ) ) ;
#1042 = CARTESIAN_POINT ( 'NONE',  ( -75.49999999999994316, -7.599999999999998757, 5.999999999999999112 ) ) ;
#1043 = CARTESIAN_POINT ( 'NONE',  ( -94.49999999999994316, 2.500000000000000000, 5.500000000000000000 ) ) ;
#1044 = VECTOR ( 'NONE', #1210, 1000.000000000000000 ) ;
#1045 = VERTEX_POINT ( 'NONE', #809 ) ;
#1046 = ORIENTED_EDGE ( 'NONE', *, *, #1410, .F. ) ;
#1047 = TOROIDAL_SURFACE ( 'NONE', #522, 3.000000000000000000, 0.5000000000000000000 ) ;
#1048 = VECTOR ( 'NONE', #1091, 1000.000000000000000 ) ;
#1049 = AXIS2_PLACEMENT_3D ( 'NONE', #810, #117, #671 ) ;
#1050 = EDGE_CURVE ( 'NONE', #602, #1750, #670, .T. ) ;
#1051 = LINE ( 'NONE', #1620, #33 ) ;
#1052 = AXIS2_PLACEMENT_3D ( 'NONE', #1674, #1228, #970 ) ;
#1053 = ORIENTED_EDGE ( 'NONE', *, *, #101, .T. ) ;
#1054 = VECTOR ( 'NONE', #1096, 1000.000000000000000 ) ;
#1055 = CARTESIAN_POINT ( 'NONE',  ( -75.49999999999994316, -7.099999999999998757, 5.500000000000000000 ) ) ;
#1056 = LINE ( 'NONE', #1336, #1282 ) ;
#1057 = PLANE ( 'NONE',  #296 ) ;
#1058 = PRODUCT_DEFINITION_SHAPE ( 'NONE', 'NONE',  #1362 ) ;
#1059 = ORIENTED_EDGE ( 'NONE', *, *, #786, .F. ) ;
#1060 = PERSON_AND_ORGANIZATION ( #89, #323 ) ;
#1061 = VERTEX_POINT ( 'NONE', #1245 ) ;
#1062 = DIRECTION ( 'NONE',  ( 0.000000000000000000, -1.000000000000000000, -0.000000000000000000 ) ) ;
#1063 = ORIENTED_EDGE ( 'NONE', *, *, #1235, .T. ) ;
#1064 = ORIENTED_EDGE ( 'NONE', *, *, #110, .T. ) ;
#1065 = EDGE_CURVE ( 'NONE', #1770, #1095, #1627, .T. ) ;
#1066 = DIRECTION ( 'NONE',  ( -1.000000000000000000, 0.000000000000000000, 0.000000000000000000 ) ) ;
#1067 = CARTESIAN_POINT ( 'NONE',  ( 0.000000000000000000, 2.500000000000000000, -5.500000000000000000 ) ) ;
#1068 = CYLINDRICAL_SURFACE ( 'NONE', #797, 0.5000000000000004441 ) ;
#1069 = CARTESIAN_POINT ( 'NONE',  ( -55.49999999999994316, 2.000000000000000000, 3.000000000000000000 ) ) ;
#1070 = ORIENTED_EDGE ( 'NONE', *, *, #798, .F. ) ;
#1071 = EDGE_LOOP ( 'NONE', ( #451, #472, #281, #61 ) ) ;
#1072 = DIRECTION ( 'NONE',  ( 0.000000000000000000, 0.000000000000000000, 1.000000000000000000 ) ) ;
#1073 = CYLINDRICAL_SURFACE ( 'NONE', #848, 0.5000000000000004441 ) ;
#1074 = ADVANCED_FACE ( 'NONE', ( #814 ), #400, .T. ) ;
#1075 = CARTESIAN_POINT ( 'NONE',  ( -94.49999999999994316, 2.000000000000000000, -6.000000000000000000 ) ) ;
#1076 = EDGE_CURVE ( 'NONE', #780, #706, #1802, .T. ) ;
#1077 = VERTEX_POINT ( 'NONE', #561 ) ;
#1078 = ORIENTED_EDGE ( 'NONE', *, *, #1545, .T. ) ;
#1079 = DIRECTION ( 'NONE',  ( 0.000000000000000000, 0.000000000000000000, -1.000000000000000000 ) ) ;
#1080 = ORIENTED_EDGE ( 'NONE', *, *, #605, .T. ) ;
#1081 = VERTEX_POINT ( 'NONE', #1793 ) ;
#1082 = CARTESIAN_POINT ( 'NONE',  ( -94.99999999999994316, 2.000000000000000000, 5.999999999999999112 ) ) ;
#1083 = DIRECTION ( 'NONE',  ( 0.000000000000000000, 0.000000000000000000, -1.000000000000000000 ) ) ;
#1084 = VECTOR ( 'NONE', #678, 1000.000000000000000 ) ;
#1085 = CIRCLE ( 'NONE', #1311, 0.5000000000000004441 ) ;
#1086 = FACE_OUTER_BOUND ( 'NONE', #1711, .T. ) ;
#1087 = VECTOR ( 'NONE', #908, 1000.000000000000000 ) ;
#1088 = EDGE_CURVE ( 'NONE', #342, #590, #1120, .T. ) ;
#1089 = VERTEX_POINT ( 'NONE', #116 ) ;
#1090 = ORIENTED_EDGE ( 'NONE', *, *, #1656, .T. ) ;
#1091 = DIRECTION ( 'NONE',  ( -0.000000000000000000, -0.000000000000000000, -1.000000000000000000 ) ) ;
#1092 = ORIENTED_EDGE ( 'NONE', *, *, #421, .T. ) ;
#1093 = PLANE ( 'NONE',  #1801 ) ;
#1094 = DIRECTION ( 'NONE',  ( 0.000000000000000000, 0.000000000000000000, 1.000000000000000000 ) ) ;
#1095 = VERTEX_POINT ( 'NONE', #1781 ) ;
#1096 = DIRECTION ( 'NONE',  ( -1.000000000000000000, -0.000000000000000000, 0.000000000000000000 ) ) ;
#1097 = VECTOR ( 'NONE', #1112, 1000.000000000000000 ) ;
#1098 = ORIENTED_EDGE ( 'NONE', *, *, #1315, .T. ) ;
#1099 = CC_DESIGN_PERSON_AND_ORGANIZATION_ASSIGNMENT ( #441, #1002, ( #1734 ) ) ;
#1100 = ORIENTED_EDGE ( 'NONE', *, *, #560, .F. ) ;
#1101 = CARTESIAN_POINT ( 'NONE',  ( -55.49999999999994316, -2.000000000000000000, 3.000000000000000000 ) ) ;
#1102 = EDGE_CURVE ( 'NONE', #628, #1209, #333, .T. ) ;
#1103 = ORIENTED_EDGE ( 'NONE', *, *, #150, .F. ) ;
#1104 = DIRECTION ( 'NONE',  ( -0.000000000000000000, -1.000000000000000000, 0.000000000000000000 ) ) ;
#1105 = DIRECTION ( 'NONE',  ( 1.000000000000000000, -0.000000000000000000, -0.000000000000000000 ) ) ;
#1106 = ORIENTED_EDGE ( 'NONE', *, *, #890, .T. ) ;
#1107 = AXIS2_PLACEMENT_3D ( 'NONE', #179, #313, #725 ) ;
#1108 = FACE_OUTER_BOUND ( 'NONE', #1748, .T. ) ;
#1109 = CALENDAR_DATE ( 2025, 23, 5 ) ;
#1110 = DIRECTION ( 'NONE',  ( 0.000000000000000000, 0.000000000000000000, -1.000000000000000000 ) ) ;
#1111 = DIRECTION ( 'NONE',  ( 0.000000000000000000, 0.000000000000000000, 1.000000000000000000 ) ) ;
#1112 = DIRECTION ( 'NONE',  ( 1.000000000000000000, 0.000000000000000000, 0.000000000000000000 ) ) ;
#1113 = CARTESIAN_POINT ( 'NONE',  ( -55.49999999999994316, -2.000000000000000000, -5.500000000000000000 ) ) ;
#1114 = EDGE_CURVE ( 'NONE', #181, #1095, #1538, .T. ) ;
#1115 = LINE ( 'NONE', #711, #1054 ) ;
#1116 = CIRCLE ( 'NONE', #351, 0.5000000000000000000 ) ;
#1117 = APPROVAL_PERSON_ORGANIZATION ( #920, #960, #219 ) ;
#1118 = DIRECTION ( 'NONE',  ( 0.000000000000000000, 0.000000000000000000, -1.000000000000000000 ) ) ;
#1119 = DIRECTION ( 'NONE',  ( -0.000000000000000000, 1.000000000000000000, 0.000000000000000000 ) ) ;
#1120 = LINE ( 'NONE', #1388, #1097 ) ;
#1121 = ORIENTED_EDGE ( 'NONE', *, *, #1261, .F. ) ;
#1122 = ADVANCED_FACE ( 'NONE', ( #1522 ), #409, .T. ) ;
#1123 = DIRECTION ( 'NONE',  ( 0.000000000000000000, 0.000000000000000000, -1.000000000000000000 ) ) ;
#1124 = EDGE_CURVE ( 'NONE', #106, #602, #824, .T. ) ;
#1125 = CYLINDRICAL_SURFACE ( 'NONE', #1233, 0.5000000000000004441 ) ;
#1126 = CIRCLE ( 'NONE', #16, 3.000000000000000000 ) ;
#1127 = DIRECTION ( 'NONE',  ( 0.000000000000000000, 0.000000000000000000, -1.000000000000000000 ) ) ;
#1128 = ORIENTED_EDGE ( 'NONE', *, *, #907, .F. ) ;
#1129 = CARTESIAN_POINT ( 'NONE',  ( -55.49999999999994316, -2.500000000000000000, 5.999999999999999112 ) ) ;
#1130 = ORIENTED_EDGE ( 'NONE', *, *, #1807, .T. ) ;
#1131 = DIRECTION ( 'NONE',  ( 0.000000000000000000, -1.000000000000000000, 0.000000000000000000 ) ) ;
#1132 = CC_DESIGN_DATE_AND_TIME_ASSIGNMENT ( #1805, #1036, ( #1362 ) ) ;
#1133 = ADVANCED_FACE ( 'NONE', ( #127 ), #971, .F. ) ;
#1134 = FACE_OUTER_BOUND ( 'NONE', #91, .T. ) ;
#1135 = LINE ( 'NONE', #450, #1441 ) ;
#1136 = CARTESIAN_POINT ( 'NONE',  ( -94.49999999999994316, -7.099999999999998757, 5.500000000000000000 ) ) ;
#1137 = VECTOR ( 'NONE', #327, 1000.000000000000000 ) ;
#1138 = CARTESIAN_POINT ( 'NONE',  ( -74.99999999999994316, -3.000000000000000000, -2.499999999999997780 ) ) ;
#1139 = CIRCLE ( 'NONE', #112, 0.5000000000000004441 ) ;
#1140 = CARTESIAN_POINT ( 'NONE',  ( -55.49999999999994316, -2.000000000000000444, -5.500000000000000000 ) ) ;
#1141 = ADVANCED_FACE ( 'NONE', ( #1530 ), #1093, .F. ) ;
#1142 = DIRECTION ( 'NONE',  ( 0.000000000000000000, 0.000000000000000000, 1.000000000000000000 ) ) ;
#1143 = ORIENTED_EDGE ( 'NONE', *, *, #326, .F. ) ;
#1144 = DIRECTION ( 'NONE',  ( -1.000000000000000000, -0.000000000000000000, -0.000000000000000000 ) ) ;
#1145 = DIRECTION ( 'NONE',  ( -0.000000000000000000, 1.000000000000000000, -0.000000000000000000 ) ) ;
#1146 = VECTOR ( 'NONE', #1145, 1000.000000000000000 ) ;
#1147 = SPHERICAL_SURFACE ( 'NONE', #1788, 0.5000000000000000000 ) ;
#1148 = ORIENTED_EDGE ( 'NONE', *, *, #314, .F. ) ;
#1149 = EDGE_CURVE ( 'NONE', #516, #239, #435, .T. ) ;
#1150 = EDGE_LOOP ( 'NONE', ( #1422, #1618, #1671, #1486 ) ) ;
#1151 = DIRECTION ( 'NONE',  ( 1.000000000000000000, 0.000000000000000000, 0.000000000000000000 ) ) ;
#1152 = DIRECTION ( 'NONE',  ( 0.000000000000000000, 1.000000000000000000, 0.000000000000000000 ) ) ;
#1153 = ADVANCED_FACE ( 'NONE', ( #11 ), #1704, .T. ) ;
#1154 = EDGE_LOOP ( 'NONE', ( #75, #1716, #669 ) ) ;
#1155 = DIRECTION ( 'NONE',  ( 0.000000000000000000, 0.000000000000000000, -1.000000000000000000 ) ) ;
#1156 = CARTESIAN_POINT ( 'NONE',  ( -54.99999999999994316, -2.000000000000000000, -3.000000000000000000 ) ) ;
#1157 = AXIS2_PLACEMENT_3D ( 'NONE', #1412, #22, #462 ) ;
#1158 = VERTEX_POINT ( 'NONE', #735 ) ;
#1159 = DIRECTION ( 'NONE',  ( 0.000000000000000000, 0.000000000000000000, -1.000000000000000000 ) ) ;
#1160 = FACE_OUTER_BOUND ( 'NONE', #1546, .T. ) ;
#1161 = AXIS2_PLACEMENT_3D ( 'NONE', #180, #1503, #1352 ) ;
#1162 = ADVANCED_FACE ( 'NONE', ( #40 ), #717, .F. ) ;
#1163 = LINE ( 'NONE', #853, #576 ) ;
#1164 = CYLINDRICAL_SURFACE ( 'NONE', #999, 0.5000000000000004441 ) ;
#1165 = TOROIDAL_SURFACE ( 'NONE', #520, 1.000000000000000000, 0.5000000000000000000 ) ;
#1166 = ORIENTED_EDGE ( 'NONE', *, *, #660, .F. ) ;
#1167 = ORIENTED_EDGE ( 'NONE', *, *, #866, .T. ) ;
#1168 = CIRCLE ( 'NONE', #1579, 0.5000000000000004441 ) ;
#1169 = ORIENTED_EDGE ( 'NONE', *, *, #1745, .F. ) ;
#1170 =( NAMED_UNIT ( * ) PLANE_ANGLE_UNIT ( ) SI_UNIT ( $, .RADIAN. ) );
#1171 = CIRCLE ( 'NONE', #1346, 0.5000000000000004441 ) ;
#1172 = ORIENTED_EDGE ( 'NONE', *, *, #1183, .T. ) ;
#1173 = ORIENTED_EDGE ( 'NONE', *, *, #806, .F. ) ;
#1174 = DIRECTION ( 'NONE',  ( 0.000000000000000000, 0.000000000000000000, 1.000000000000000000 ) ) ;
#1175 = EDGE_CURVE ( 'NONE', #321, #1453, #1285, .T. ) ;
#1176 = DIRECTION ( 'NONE',  ( -0.000000000000000000, 1.000000000000000000, 0.000000000000000000 ) ) ;
#1177 = ORIENTED_EDGE ( 'NONE', *, *, #930, .F. ) ;
#1178 = CALENDAR_DATE ( 2025, 23, 5 ) ;
#1179 = DIRECTION ( 'NONE',  ( 0.000000000000000000, -1.000000000000000000, 0.000000000000000000 ) ) ;
#1180 = DIRECTION ( 'NONE',  ( 0.000000000000000000, 0.000000000000000000, 1.000000000000000000 ) ) ;
#1181 = VECTOR ( 'NONE', #1451, 1000.000000000000000 ) ;
#1182 = CARTESIAN_POINT ( 'NONE',  ( -74.49999999999994316, -3.000000000000000000, 5.500000000000000000 ) ) ;
#1183 = EDGE_CURVE ( 'NONE', #1081, #780, #15, .T. ) ;
#1184 = VERTEX_POINT ( 'NONE', #1003 ) ;
#1185 = CIRCLE ( 'NONE', #310, 0.5000000000000004441 ) ;
#1186 = CARTESIAN_POINT ( 'NONE',  ( -74.99999999999992895, -7.099999999999998757, -6.000000000000000000 ) ) ;
#1187 = ORIENTED_EDGE ( 'NONE', *, *, #230, .F. ) ;
#1188 = DIRECTION ( 'NONE',  ( -1.000000000000000000, 0.000000000000000000, 0.000000000000000000 ) ) ;
#1189 = DIRECTION ( 'NONE',  ( -1.000000000000000000, 0.000000000000000000, 0.000000000000000000 ) ) ;
#1190 = DIRECTION ( 'NONE',  ( -1.000000000000000000, 0.000000000000000000, 0.000000000000000000 ) ) ;
#1191 = EDGE_LOOP ( 'NONE', ( #1330, #67, #469, #909 ) ) ;
#1192 = CARTESIAN_POINT ( 'NONE',  ( -94.49999999999994316, 2.000000000000000000, 5.500000000000000000 ) ) ;
#1193 = ORIENTED_EDGE ( 'NONE', *, *, #431, .F. ) ;
#1194 = DATE_AND_TIME ( #1178, #1021 ) ;
#1195 = EDGE_CURVE ( 'NONE', #470, #1028, #1135, .T. ) ;
#1196 = CIRCLE ( 'NONE', #1427, 0.5000000000000004441 ) ;
#1197 = AXIS2_PLACEMENT_3D ( 'NONE', #685, #982, #8 ) ;
#1198 = DIRECTION ( 'NONE',  ( 1.000000000000000000, 0.000000000000000000, 0.000000000000000000 ) ) ;
#1199 = ORIENTED_EDGE ( 'NONE', *, *, #1102, .F. ) ;
#1200 = VECTOR ( 'NONE', #1533, 1000.000000000000000 ) ;
#1201 = EDGE_LOOP ( 'NONE', ( #789, #366, #1103, #1539 ) ) ;
#1202 = LINE ( 'NONE', #194, #1302 ) ;
#1203 = FACE_OUTER_BOUND ( 'NONE', #354, .T. ) ;
#1204 = DIRECTION ( 'NONE',  ( -1.000000000000000000, 0.000000000000000000, 0.000000000000000000 ) ) ;
#1205 = ORIENTED_EDGE ( 'NONE', *, *, #24, .T. ) ;
#1206 = COORDINATED_UNIVERSAL_TIME_OFFSET ( 1, 0, .AHEAD. ) ;
#1207 = PRODUCT_RELATED_PRODUCT_CATEGORY ( 'detail', '', ( #1734 ) ) ;
#1208 = DIRECTION ( 'NONE',  ( 1.000000000000000000, 0.000000000000000000, 0.000000000000000000 ) ) ;
#1209 = VERTEX_POINT ( 'NONE', #586 ) ;
#1210 = DIRECTION ( 'NONE',  ( 0.000000000000000000, 1.000000000000000000, 0.000000000000000000 ) ) ;
#1211 = DIRECTION ( 'NONE',  ( 0.000000000000000000, 1.000000000000000000, 0.000000000000000000 ) ) ;
#1212 = EDGE_CURVE ( 'NONE', #870, #190, #1586, .T. ) ;
#1213 = AXIS2_PLACEMENT_3D ( 'NONE', #1192, #1331, #1718 ) ;
#1214 = CARTESIAN_POINT ( 'NONE',  ( -74.99999999999994316, -3.000000000000000000, 5.999999999999999112 ) ) ;
#1215 = ORIENTED_EDGE ( 'NONE', *, *, #1376, .T. ) ;
#1216 = EDGE_LOOP ( 'NONE', ( #677, #1358, #601, #98 ) ) ;
#1217 = DIRECTION ( 'NONE',  ( 0.000000000000000000, 1.000000000000000000, 0.000000000000000000 ) ) ;
#1218 = AXIS2_PLACEMENT_3D ( 'NONE', #858, #1295, #1417 ) ;
#1219 = EDGE_LOOP ( 'NONE', ( #1063, #1767, #665 ) ) ;
#1220 = CARTESIAN_POINT ( 'NONE',  ( -55.49999999999994316, 2.000000000000000000, -2.500000000000000000 ) ) ;
#1221 = CARTESIAN_POINT ( 'NONE',  ( -75.49999999999992895, 2.500000000000000000, -6.000000000000000000 ) ) ;
#1222 = EDGE_CURVE ( 'NONE', #706, #852, #1566, .T. ) ;
#1223 = CYLINDRICAL_SURFACE ( 'NONE', #34, 0.4999999999999995559 ) ;
#1224 = ORIENTED_EDGE ( 'NONE', *, *, #326, .T. ) ;
#1225 = VECTOR ( 'NONE', #698, 1000.000000000000000 ) ;
#1226 = ORIENTED_EDGE ( 'NONE', *, *, #696, .T. ) ;
#1227 = VERTEX_POINT ( 'NONE', #178 ) ;
#1228 = DIRECTION ( 'NONE',  ( -0.000000000000000000, -1.734723475976806897E-15, 1.000000000000000000 ) ) ;
#1229 = EDGE_LOOP ( 'NONE', ( #1290, #384, #1472, #1254, #1650, #1306, #189, #1778 ) ) ;
#1230 = CARTESIAN_POINT ( 'NONE',  ( -94.99999999999994316, 2.500000000000000000, -5.500000000000000888 ) ) ;
#1231 = PLANE ( 'NONE',  #556 ) ;
#1232 = AXIS2_PLACEMENT_3D ( 'NONE', #1722, #1159, #159 ) ;
#1233 = AXIS2_PLACEMENT_3D ( 'NONE', #1697, #298, #430 ) ;
#1234 = CARTESIAN_POINT ( 'NONE',  ( -74.99999999999992895, -7.599999999999998757, -5.500000000000000000 ) ) ;
#1235 = EDGE_CURVE ( 'NONE', #639, #239, #572, .T. ) ;
#1236 = ORIENTED_EDGE ( 'NONE', *, *, #402, .T. ) ;
#1237 = CARTESIAN_POINT ( 'NONE',  ( -74.49999999999994316, -2.000000000000000000, 5.500000000000000000 ) ) ;
#1238 = CARTESIAN_POINT ( 'NONE',  ( 0.000000000000000000, 2.000000000000000000, 5.500000000000000000 ) ) ;
#1239 = DIRECTION ( 'NONE',  ( 1.000000000000000000, 0.000000000000000000, 0.000000000000000000 ) ) ;
#1240 = EDGE_LOOP ( 'NONE', ( #374, #843, #1443 ) ) ;
#1241 = DIRECTION ( 'NONE',  ( -1.000000000000000000, 0.000000000000000000, 0.000000000000000000 ) ) ;
#1242 = DIRECTION ( 'NONE',  ( 1.000000000000000000, 8.673617379884027583E-16, 0.000000000000000000 ) ) ;
#1243 = ADVANCED_FACE ( 'NONE', ( #330 ), #1415, .T. ) ;
#1244 = FACE_OUTER_BOUND ( 'NONE', #762, .T. ) ;
#1245 = CARTESIAN_POINT ( 'NONE',  ( -74.49999999999992895, -2.000000000000000444, -6.000000000000000000 ) ) ;
#1246 = CARTESIAN_POINT ( 'NONE',  ( -74.49999999999994316, -3.000000000000000000, -3.000000000000000000 ) ) ;
#1247 = VECTOR ( 'NONE', #1131, 1000.000000000000000 ) ;
#1248 = FACE_OUTER_BOUND ( 'NONE', #805, .T. ) ;
#1249 = DIRECTION ( 'NONE',  ( 0.000000000000000000, -0.000000000000000000, -1.000000000000000000 ) ) ;
#1250 = ORIENTED_EDGE ( 'NONE', *, *, #1578, .T. ) ;
#1251 = EDGE_CURVE ( 'NONE', #1628, #892, #804, .T. ) ;
#1252 = CARTESIAN_POINT ( 'NONE',  ( -55.49999999999994316, -2.000000000000000000, 0.000000000000000000 ) ) ;
#1253 = CYLINDRICAL_SURFACE ( 'NONE', #829, 0.5000000000000004441 ) ;
#1254 = ORIENTED_EDGE ( 'NONE', *, *, #1149, .T. ) ;
#1255 = EDGE_CURVE ( 'NONE', #190, #1628, #160, .T. ) ;
#1256 = CARTESIAN_POINT ( 'NONE',  ( -55.49999999999994316, -2.000000000000000000, 3.000000000000000000 ) ) ;
#1257 = VECTOR ( 'NONE', #565, 1000.000000000000000 ) ;
#1258 = AXIS2_PLACEMENT_3D ( 'NONE', #1541, #267, #1375 ) ;
#1259 = CYLINDRICAL_SURFACE ( 'NONE', #1197, 0.5000000000000004441 ) ;
#1260 = CARTESIAN_POINT ( 'NONE',  ( -55.49999999999994316, 2.000000000000000000, 5.500000000000000000 ) ) ;
#1261 = EDGE_CURVE ( 'NONE', #590, #1158, #166, .T. ) ;
#1262 = DIRECTION ( 'NONE',  ( 0.000000000000000000, -1.000000000000000000, 0.000000000000000000 ) ) ;
#1263 = VERTEX_POINT ( 'NONE', #1575 ) ;
#1264 = EDGE_CURVE ( 'NONE', #1487, #321, #294, .T. ) ;
#1265 = VECTOR ( 'NONE', #1104, 1000.000000000000000 ) ;
#1266 = VECTOR ( 'NONE', #723, 1000.000000000000000 ) ;
#1267 = DIRECTION ( 'NONE',  ( -1.000000000000000000, 0.000000000000000000, 0.000000000000000000 ) ) ;
#1268 = DIRECTION ( 'NONE',  ( -0.000000000000000000, -0.000000000000000000, 1.000000000000000000 ) ) ;
#1269 = CARTESIAN_POINT ( 'NONE',  ( -55.49999999999994316, 2.500000000000000000, -5.500000000000000000 ) ) ;
#1270 = EDGE_CURVE ( 'NONE', #1791, #1184, #1693, .T. ) ;
#1271 = DIRECTION ( 'NONE',  ( 0.000000000000000000, -1.000000000000000000, -0.000000000000000000 ) ) ;
#1272 = CIRCLE ( 'NONE', #891, 0.5000000000000004441 ) ;
#1273 = CARTESIAN_POINT ( 'NONE',  ( -55.49999999999994316, -2.500000000000000000, -2.500000000000000000 ) ) ;
#1274 = MECHANICAL_CONTEXT ( 'NONE', #554, 'mechanical' ) ;
#1275 = DIRECTION ( 'NONE',  ( 0.000000000000000000, 1.000000000000000000, -0.000000000000000000 ) ) ;
#1276 = CARTESIAN_POINT ( 'NONE',  ( -94.49999999999994316, 2.000000000000000000, 5.500000000000000000 ) ) ;
#1277 = AXIS2_PLACEMENT_3D ( 'NONE', #530, #1667, #271 ) ;
#1278 = DIRECTION ( 'NONE',  ( 0.000000000000000000, 0.000000000000000000, 1.000000000000000000 ) ) ;
#1279 = CC_DESIGN_PERSON_AND_ORGANIZATION_ASSIGNMENT ( #1060, #1747, ( #557 ) ) ;
#1280 = LOCAL_TIME ( 10, 44, 13.00000000000000000, #1516 ) ;
#1281 = CARTESIAN_POINT ( 'NONE',  ( -74.49999999999994316, -3.000000000000000000, 3.000000000000000000 ) ) ;
#1282 = VECTOR ( 'NONE', #782, 1000.000000000000000 ) ;
#1283 = ORIENTED_EDGE ( 'NONE', *, *, #1514, .T. ) ;
#1284 = CARTESIAN_POINT ( 'NONE',  ( -88.00000000000000000, 2.500000000000000000, -2.500000000000000000 ) ) ;
#1285 = LINE ( 'NONE', #595, #416 ) ;
#1286 = DIRECTION ( 'NONE',  ( 0.000000000000000000, 0.000000000000000000, 1.000000000000000000 ) ) ;
#1287 = LINE ( 'NONE', #341, #911 ) ;
#1288 = DIRECTION ( 'NONE',  ( -0.000000000000000000, 1.000000000000000000, 0.000000000000000000 ) ) ;
#1289 = VERTEX_POINT ( 'NONE', #875 ) ;
#1290 = ORIENTED_EDGE ( 'NONE', *, *, #346, .T. ) ;
#1291 = CARTESIAN_POINT ( 'NONE',  ( -88.00000000000000000, -7.099999999999998757, 2.500000000000000000 ) ) ;
#1292 = EDGE_CURVE ( 'NONE', #1632, #919, #426, .T. ) ;
#1293 = DIRECTION ( 'NONE',  ( -0.000000000000000000, -1.000000000000000000, -0.000000000000000000 ) ) ;
#1294 = EDGE_LOOP ( 'NONE', ( #1621, #1383, #1732, #1373 ) ) ;
#1295 = DIRECTION ( 'NONE',  ( -4.336808689942013792E-15, 0.000000000000000000, 1.000000000000000000 ) ) ;
#1296 = CARTESIAN_POINT ( 'NONE',  ( -94.49999999999994316, -7.099999999999998757, 0.000000000000000000 ) ) ;
#1297 = AXIS2_PLACEMENT_3D ( 'NONE', #297, #997, #1006 ) ;
#1298 = PLANE ( 'NONE',  #1428 ) ;
#1299 = ORIENTED_EDGE ( 'NONE', *, *, #811, .T. ) ;
#1300 = EDGE_CURVE ( 'NONE', #1628, #1705, #1558, .T. ) ;
#1301 = ORIENTED_EDGE ( 'NONE', *, *, #563, .F. ) ;
#1302 = VECTOR ( 'NONE', #481, 1000.000000000000000 ) ;
#1303 = DIRECTION ( 'NONE',  ( 1.000000000000000000, 0.000000000000000000, 0.000000000000000000 ) ) ;
#1304 = ADVANCED_FACE ( 'NONE', ( #1160 ), #208, .T. ) ;
#1305 = CARTESIAN_POINT ( 'NONE',  ( -88.00000000000000000, 2.500000000000000000, -2.500000000000000000 ) ) ;
#1306 = ORIENTED_EDGE ( 'NONE', *, *, #1456, .T. ) ;
#1307 = ORIENTED_EDGE ( 'NONE', *, *, #1724, .T. ) ;
#1308 = DIRECTION ( 'NONE',  ( 1.000000000000000000, 0.000000000000000000, 0.000000000000000000 ) ) ;
#1309 = CIRCLE ( 'NONE', #759, 0.5000000000000004441 ) ;
#1310 = CIRCLE ( 'NONE', #1232, 1.000000000000000888 ) ;
#1311 = AXIS2_PLACEMENT_3D ( 'NONE', #1543, #1249, #123 ) ;
#1312 = ORIENTED_EDGE ( 'NONE', *, *, #878, .F. ) ;
#1313 = AXIS2_PLACEMENT_3D ( 'NONE', #673, #973, #1384 ) ;
#1314 = ORIENTED_EDGE ( 'NONE', *, *, #1760, .T. ) ;
#1315 = EDGE_CURVE ( 'NONE', #870, #106, #1356, .T. ) ;
#1316 = DIRECTION ( 'NONE',  ( -0.000000000000000000, 1.000000000000000000, 0.000000000000000000 ) ) ;
#1317 = DIRECTION ( 'NONE',  ( 0.000000000000000000, 0.000000000000000000, -1.000000000000000000 ) ) ;
#1318 = EDGE_CURVE ( 'NONE', #256, #106, #867, .T. ) ;
#1319 = CARTESIAN_POINT ( 'NONE',  ( -55.49999999999994316, 2.500000000000000000, 5.500000000000000000 ) ) ;
#1320 = ORIENTED_EDGE ( 'NONE', *, *, #1545, .F. ) ;
#1321 = ORIENTED_EDGE ( 'NONE', *, *, #133, .T. ) ;
#1322 = PERSON_AND_ORGANIZATION ( #89, #323 ) ;
#1323 = AXIS2_PLACEMENT_3D ( 'NONE', #1653, #1506, #532 ) ;
#1324 = DIRECTION ( 'NONE',  ( 1.000000000000000000, 0.000000000000000000, 0.000000000000000000 ) ) ;
#1325 = ORIENTED_EDGE ( 'NONE', *, *, #672, .F. ) ;
#1326 = DIRECTION ( 'NONE',  ( -1.000000000000000000, 0.000000000000000000, 0.000000000000000000 ) ) ;
#1327 = CYLINDRICAL_SURFACE ( 'NONE', #55, 0.5000000000000000000 ) ;
#1328 = ORIENTED_EDGE ( 'NONE', *, *, #1027, .F. ) ;
#1329 = ADVANCED_FACE ( 'NONE', ( #1600 ), #744, .T. ) ;
#1330 = ORIENTED_EDGE ( 'NONE', *, *, #907, .T. ) ;
#1331 = DIRECTION ( 'NONE',  ( -0.000000000000000000, -1.000000000000000000, 0.000000000000000000 ) ) ;
#1332 = ORIENTED_EDGE ( 'NONE', *, *, #560, .T. ) ;
#1333 = CYLINDRICAL_SURFACE ( 'NONE', #1700, 0.5000000000000000000 ) ;
#1334 = ORIENTED_EDGE ( 'NONE', *, *, #1726, .F. ) ;
#1335 = FACE_OUTER_BOUND ( 'NONE', #700, .T. ) ;
#1336 = CARTESIAN_POINT ( 'NONE',  ( -55.49999999999994316, 2.500000000000000000, -2.500000000000000000 ) ) ;
#1337 = CARTESIAN_POINT ( 'NONE',  ( -88.00000000000000000, 2.000000000000000000, -3.000000000000000000 ) ) ;
#1338 = EDGE_CURVE ( 'NONE', #852, #1289, #1126, .T. ) ;
#1339 = VERTEX_POINT ( 'NONE', #727 ) ;
#1340 = COORDINATED_UNIVERSAL_TIME_OFFSET ( 1, 0, .AHEAD. ) ;
#1341 = EDGE_CURVE ( 'NONE', #1791, #1720, #1446, .T. ) ;
#1342 = AXIS2_PLACEMENT_3D ( 'NONE', #1556, #1733, #1267 ) ;
#1343 = CYLINDRICAL_SURFACE ( 'NONE', #1402, 0.5000000000000000000 ) ;
#1344 = APPROVAL_PERSON_ORGANIZATION ( #863, #1035, #1759 ) ;
#1345 = ORIENTED_EDGE ( 'NONE', *, *, #1338, .T. ) ;
#1346 = AXIS2_PLACEMENT_3D ( 'NONE', #226, #1776, #655 ) ;
#1347 = SPHERICAL_SURFACE ( 'NONE', #785, 0.5000000000000000000 ) ;
#1348 = LINE ( 'NONE', #93, #86 ) ;
#1349 = CARTESIAN_POINT ( 'NONE',  ( -94.49999999999994316, 2.500000000000000000, -5.500000000000000888 ) ) ;
#1350 = CIRCLE ( 'NONE', #331, 0.5000000000000004441 ) ;
#1351 = EDGE_CURVE ( 'NONE', #1028, #1474, #998, .T. ) ;
#1352 = DIRECTION ( 'NONE',  ( -1.000000000000000000, 0.000000000000000000, -1.734723475976805517E-15 ) ) ;
#1353 = ORIENTED_EDGE ( 'NONE', *, *, #1300, .T. ) ;
#1354 = LINE ( 'NONE', #915, #1608 ) ;
#1355 = DIRECTION ( 'NONE',  ( -1.000000000000000000, 0.000000000000000000, 0.000000000000000000 ) ) ;
#1356 = CIRCLE ( 'NONE', #1213, 0.5000000000000004441 ) ;
#1357 = DIRECTION ( 'NONE',  ( -1.000000000000000000, 0.000000000000000000, 0.000000000000000000 ) ) ;
#1358 = ORIENTED_EDGE ( 'NONE', *, *, #230, .T. ) ;
#1359 = CARTESIAN_POINT ( 'NONE',  ( -94.99999999999994316, -2.000000000000000444, -5.500000000000000000 ) ) ;
#1360 = CIRCLE ( 'NONE', #692, 0.5000000000000000000 ) ;
#1361 = ORIENTED_EDGE ( 'NONE', *, *, #1050, .F. ) ;
#1362 = PRODUCT_DEFINITION ( 'UNKNOWN', '', #1496, #491 ) ;
#1363 = LINE ( 'NONE', #539, #1225 ) ;
#1364 = CARTESIAN_POINT ( 'NONE',  ( -88.00000000000000000, 2.000000000000000000, 0.000000000000000000 ) ) ;
#1365 = EDGE_CURVE ( 'NONE', #1563, #125, #896, .T. ) ;
#1366 = DIRECTION ( 'NONE',  ( -0.000000000000000000, -0.000000000000000000, 1.000000000000000000 ) ) ;
#1367 = AXIS2_PLACEMENT_3D ( 'NONE', #661, #1735, #339 ) ;
#1368 = ORIENTED_EDGE ( 'NONE', *, *, #1365, .F. ) ;
#1369 = DIRECTION ( 'NONE',  ( 0.000000000000000000, -1.000000000000000000, 0.000000000000000000 ) ) ;
#1370 = AXIS2_PLACEMENT_3D ( 'NONE', #879, #1016, #1000 ) ;
#1371 = DIRECTION ( 'NONE',  ( -3.965082230804128248E-15, 0.000000000000000000, 1.000000000000000000 ) ) ;
#1372 = CARTESIAN_POINT ( 'NONE',  ( -55.49999999999994316, 2.000000000000000000, 3.000000000000000000 ) ) ;
#1373 = ORIENTED_EDGE ( 'NONE', *, *, #696, .F. ) ;
#1374 = AXIS2_PLACEMENT_3D ( 'NONE', #1101, #1369, #1692 ) ;
#1375 = DIRECTION ( 'NONE',  ( 1.000000000000000000, 0.000000000000000000, 0.000000000000000000 ) ) ;
#1376 = EDGE_CURVE ( 'NONE', #620, #1563, #1350, .T. ) ;
#1377 = DIRECTION ( 'NONE',  ( -1.000000000000000000, 0.000000000000000000, 0.000000000000000000 ) ) ;
#1378 = EDGE_LOOP ( 'NONE', ( #1442, #1092, #884, #76, #1557, #362, #1763 ) ) ;
#1379 = SPHERICAL_SURFACE ( 'NONE', #702, 0.5000000000000000000 ) ;
#1380 = DIRECTION ( 'NONE',  ( -0.000000000000000000, -0.000000000000000000, 1.000000000000000000 ) ) ;
#1381 = DIRECTION ( 'NONE',  ( 0.000000000000000000, 0.000000000000000000, -1.000000000000000000 ) ) ;
#1382 = AXIS2_PLACEMENT_3D ( 'NONE', #315, #1015, #1580 ) ;
#1383 = ORIENTED_EDGE ( 'NONE', *, *, #1114, .F. ) ;
#1384 = DIRECTION ( 'NONE',  ( 1.000000000000000000, 0.000000000000000000, 0.000000000000000000 ) ) ;
#1385 = ADVANCED_FACE ( 'NONE', ( #23 ), #437, .T. ) ;
#1386 = DIRECTION ( 'NONE',  ( -0.000000000000000000, 1.000000000000000000, -0.000000000000000000 ) ) ;
#1387 = LINE ( 'NONE', #984, #1084 ) ;
#1388 = CARTESIAN_POINT ( 'NONE',  ( 0.000000000000000000, -2.500000000000000000, 3.000000000000000000 ) ) ;
#1389 = FACE_OUTER_BOUND ( 'NONE', #969, .T. ) ;
#1390 = ORIENTED_EDGE ( 'NONE', *, *, #1745, .T. ) ;
#1391 = CARTESIAN_POINT ( 'NONE',  ( -54.99999999999994316, 0.000000000000000000, 5.500000000000000000 ) ) ;
#1392 = ORIENTED_EDGE ( 'NONE', *, *, #593, .T. ) ;
#1393 = CARTESIAN_POINT ( 'NONE',  ( -74.49999999999992895, -3.000000000000000000, -5.500000000000000000 ) ) ;
#1394 = ADVANCED_FACE ( 'NONE', ( #877 ), #1419, .T. ) ;
#1395 = EDGE_LOOP ( 'NONE', ( #1494, #152, #1059, #1771 ) ) ;
#1396 = CYLINDRICAL_SURFACE ( 'NONE', #1277, 0.5000000000000004441 ) ;
#1397 = ADVANCED_FACE ( 'NONE', ( #50 ), #1164, .T. ) ;
#1398 = ORIENTED_EDGE ( 'NONE', *, *, #663, .F. ) ;
#1399 = CARTESIAN_POINT ( 'NONE',  ( -75.49999999999994316, -7.599999999999998757, -2.500000000000000000 ) ) ;
#1400 = EDGE_LOOP ( 'NONE', ( #771, #808, #941, #1513 ) ) ;
#1401 = DIRECTION ( 'NONE',  ( -0.000000000000000000, -1.000000000000000000, -0.000000000000000000 ) ) ;
#1402 = AXIS2_PLACEMENT_3D ( 'NONE', #90, #651, #1529 ) ;
#1403 = AXIS2_PLACEMENT_3D ( 'NONE', #405, #544, #575 ) ;
#1404 = CIRCLE ( 'NONE', #646, 2.500000000000000000 ) ;
#1405 = CARTESIAN_POINT ( 'NONE',  ( -88.00000000000000000, 2.000000000000000000, -2.500000000000000000 ) ) ;
#1406 = ORIENTED_EDGE ( 'NONE', *, *, #1775, .T. ) ;
#1407 = SPHERICAL_SURFACE ( 'NONE', #1727, 0.5000000000000000000 ) ;
#1408 = DIRECTION ( 'NONE',  ( 1.000000000000000000, -0.000000000000000000, -0.000000000000000000 ) ) ;
#1409 = VERTEX_POINT ( 'NONE', #598 ) ;
#1410 = EDGE_CURVE ( 'NONE', #1789, #516, #1706, .T. ) ;
#1411 = AXIS2_PLACEMENT_3D ( 'NONE', #859, #187, #887 ) ;
#1412 = CARTESIAN_POINT ( 'NONE',  ( 0.000000000000000000, -2.000000000000000000, -3.000000000000000000 ) ) ;
#1413 = CARTESIAN_POINT ( 'NONE',  ( -94.49999999999994316, -7.599999999999998757, 5.500000000000000000 ) ) ;
#1414 = CARTESIAN_POINT ( 'NONE',  ( -55.49999999999994316, 2.000000000000000000, 5.999999999999999112 ) ) ;
#1415 = CYLINDRICAL_SURFACE ( 'NONE', #886, 0.5000000000000004441 ) ;
#1416 = EDGE_CURVE ( 'NONE', #1660, #1061, #1287, .T. ) ;
#1417 = DIRECTION ( 'NONE',  ( 1.000000000000000000, 0.000000000000000000, 4.336808689942013792E-15 ) ) ;
#1418 = CIRCLE ( 'NONE', #1297, 0.4999999999999995559 ) ;
#1419 = SPHERICAL_SURFACE ( 'NONE', #300, 0.5000000000000000000 ) ;
#1420 = DIRECTION ( 'NONE',  ( 0.000000000000000000, 0.000000000000000000, 1.000000000000000000 ) ) ;
#1421 = ORIENTED_EDGE ( 'NONE', *, *, #942, .T. ) ;
#1422 = ORIENTED_EDGE ( 'NONE', *, *, #981, .T. ) ;
#1423 = LINE ( 'NONE', #449, #83 ) ;
#1424 = DIRECTION ( 'NONE',  ( 0.000000000000000000, 0.000000000000000000, -1.000000000000000000 ) ) ;
#1425 = ORIENTED_EDGE ( 'NONE', *, *, #1715, .F. ) ;
#1426 = DIRECTION ( 'NONE',  ( 0.000000000000000000, -1.000000000000000000, 0.000000000000000000 ) ) ;
#1427 = AXIS2_PLACEMENT_3D ( 'NONE', #373, #365, #383 ) ;
#1428 = AXIS2_PLACEMENT_3D ( 'NONE', #335, #1719, #174 ) ;
#1429 = CARTESIAN_POINT ( 'NONE',  ( -74.99999999999994316, -7.599999999999998757, -2.999999999999997780 ) ) ;
#1430 = EDGE_CURVE ( 'NONE', #60, #1409, #769, .T. ) ;
#1431 = LOCAL_TIME ( 10, 44, 13.00000000000000000, #1206 ) ;
#1432 = FACE_OUTER_BOUND ( 'NONE', #1219, .T. ) ;
#1433 = AXIS2_PLACEMENT_3D ( 'NONE', #683, #1796, #130 ) ;
#1434 = EDGE_LOOP ( 'NONE', ( #66, #529, #799 ) ) ;
#1435 = ORIENTED_EDGE ( 'NONE', *, *, #816, .F. ) ;
#1436 = DIRECTION ( 'NONE',  ( -1.000000000000000000, 0.000000000000000000, 0.000000000000000000 ) ) ;
#1437 = PLANE ( 'NONE',  #1013 ) ;
#1438 = DIRECTION ( 'NONE',  ( 0.000000000000000000, 0.000000000000000000, 1.000000000000000000 ) ) ;
#1439 = CARTESIAN_POINT ( 'NONE',  ( -88.00000000000000000, -7.099999999999998757, 0.000000000000000000 ) ) ;
#1440 = EDGE_CURVE ( 'NONE', #125, #1263, #720, .T. ) ;
#1441 = VECTOR ( 'NONE', #1023, 1000.000000000000000 ) ;
#1442 = ORIENTED_EDGE ( 'NONE', *, *, #626, .F. ) ;
#1443 = ORIENTED_EDGE ( 'NONE', *, *, #1037, .F. ) ;
#1444 = CARTESIAN_POINT ( 'NONE',  ( -54.99999999999994316, 2.000000000000000000, -5.500000000000000000 ) ) ;
#1445 = EDGE_CURVE ( 'NONE', #1770, #508, #581, .T. ) ;
#1446 = CIRCLE ( 'NONE', #1033, 0.5000000000000004441 ) ;
#1447 = DIRECTION ( 'NONE',  ( -1.000000000000000000, -0.000000000000000000, -0.000000000000000000 ) ) ;
#1448 = VERTEX_POINT ( 'NONE', #1156 ) ;
#1449 = VERTEX_POINT ( 'NONE', #1569 ) ;
#1450 = CARTESIAN_POINT ( 'NONE',  ( -75.49999999999994316, -7.099999999999998757, 5.500000000000000000 ) ) ;
#1451 = DIRECTION ( 'NONE',  ( 0.000000000000000000, 1.000000000000000000, -0.000000000000000000 ) ) ;
#1452 = ORIENTED_EDGE ( 'NONE', *, *, #371, .F. ) ;
#1453 = VERTEX_POINT ( 'NONE', #305 ) ;
#1454 = ORIENTED_EDGE ( 'NONE', *, *, #228, .T. ) ;
#1455 = DIRECTION ( 'NONE',  ( -1.000000000000000000, -0.000000000000000000, -0.000000000000000000 ) ) ;
#1456 = EDGE_CURVE ( 'NONE', #1089, #328, #149, .T. ) ;
#1457 = ORIENTED_EDGE ( 'NONE', *, *, #101, .F. ) ;
#1458 = AXIS2_PLACEMENT_3D ( 'NONE', #1551, #719, #579 ) ;
#1459 = LINE ( 'NONE', #488, #1642 ) ;
#1460 = FACE_OUTER_BOUND ( 'NONE', #1542, .T. ) ;
#1461 = DIRECTION ( 'NONE',  ( 0.000000000000000000, -0.000000000000000000, -1.000000000000000000 ) ) ;
#1462 = CIRCLE ( 'NONE', #674, 2.500000000000000000 ) ;
#1463 = AXIS2_PLACEMENT_3D ( 'NONE', #873, #1595, #1151 ) ;
#1464 = CIRCLE ( 'NONE', #644, 0.5000000000000004441 ) ;
#1465 = EDGE_LOOP ( 'NONE', ( #338, #898, #375, #1361 ) ) ;
#1466 = SECURITY_CLASSIFICATION_LEVEL ( 'unclassified' ) ;
#1467 = DIRECTION ( 'NONE',  ( -1.000000000000000000, 0.000000000000000000, 0.000000000000000000 ) ) ;
#1468 = EDGE_CURVE ( 'NONE', #1750, #1095, #471, .T. ) ;
#1469 = FACE_OUTER_BOUND ( 'NONE', #487, .T. ) ;
#1470 = DIRECTION ( 'NONE',  ( 1.000000000000000000, 0.000000000000000000, 0.000000000000000000 ) ) ;
#1471 = CARTESIAN_POINT ( 'NONE',  ( 0.000000000000000000, 2.000000000000000000, -5.500000000000000000 ) ) ;
#1472 = ORIENTED_EDGE ( 'NONE', *, *, #1605, .T. ) ;
#1473 = ORIENTED_EDGE ( 'NONE', *, *, #1715, .T. ) ;
#1474 = VERTEX_POINT ( 'NONE', #807 ) ;
#1475 = APPROVAL_ROLE ( '' ) ;
#1476 = ORIENTED_EDGE ( 'NONE', *, *, #1656, .F. ) ;
#1477 = DIRECTION ( 'NONE',  ( 0.000000000000000000, 0.000000000000000000, -1.000000000000000000 ) ) ;
#1478 = ORIENTED_EDGE ( 'NONE', *, *, #1525, .T. ) ;
#1479 = DIRECTION ( 'NONE',  ( 0.000000000000000000, 0.000000000000000000, -1.000000000000000000 ) ) ;
#1480 = DIRECTION ( 'NONE',  ( 0.000000000000000000, 0.000000000000000000, 1.000000000000000000 ) ) ;
#1481 = DIRECTION ( 'NONE',  ( 0.000000000000000000, 0.000000000000000000, -1.000000000000000000 ) ) ;
#1482 = ORIENTED_EDGE ( 'NONE', *, *, #184, .F. ) ;
#1483 = APPROVAL_DATE_TIME ( #1194, #369 ) ;
#1484 = AXIS2_PLACEMENT_3D ( 'NONE', #1509, #1804, #403 ) ;
#1485 = CARTESIAN_POINT ( 'NONE',  ( -94.49999999999994316, 2.500000000000000000, -5.500000000000000000 ) ) ;
#1486 = ORIENTED_EDGE ( 'NONE', *, *, #1222, .F. ) ;
#1487 = VERTEX_POINT ( 'NONE', #901 ) ;
#1488 = DIRECTION ( 'NONE',  ( 0.000000000000000000, 1.000000000000000000, 0.000000000000000000 ) ) ;
#1489 = SPHERICAL_SURFACE ( 'NONE', #1730, 0.5000000000000000000 ) ;
#1490 = CARTESIAN_POINT ( 'NONE',  ( -54.99999999999994316, -2.500000000000000000, -5.500000000000000000 ) ) ;
#1491 = EDGE_CURVE ( 'NONE', #1474, #1009, #627, .T. ) ;
#1492 = AXIS2_PLACEMENT_3D ( 'NONE', #1237, #408, #1810 ) ;
#1493 = VECTOR ( 'NONE', #1105, 1000.000000000000000 ) ;
#1494 = ORIENTED_EDGE ( 'NONE', *, *, #1410, .T. ) ;
#1495 = DIRECTION ( 'NONE',  ( 0.000000000000000000, 0.000000000000000000, -1.000000000000000000 ) ) ;
#1496 = PRODUCT_DEFINITION_FORMATION_WITH_SPECIFIED_SOURCE ( 'ANY', '', #1734, .NOT_KNOWN. ) ;
#1497 = ORIENTED_EDGE ( 'NONE', *, *, #88, .F. ) ;
#1498 = TOROIDAL_SURFACE ( 'NONE', #1313, 1.000000000000000000, 0.5000000000000000000 ) ;
#1499 = DIRECTION ( 'NONE',  ( 0.000000000000000000, 0.000000000000000000, 1.000000000000000000 ) ) ;
#1500 = CARTESIAN_POINT ( 'NONE',  ( -55.49999999999994316, -2.000000000000000000, 0.000000000000000000 ) ) ;
#1501 = LINE ( 'NONE', #237, #1584 ) ;
#1502 = EDGE_CURVE ( 'NONE', #125, #357, #965, .T. ) ;
#1503 = DIRECTION ( 'NONE',  ( -1.734723475976805319E-15, -0.000000000000000000, 1.000000000000000000 ) ) ;
#1504 = ORIENTED_EDGE ( 'NONE', *, *, #73, .T. ) ;
#1505 = AXIS2_PLACEMENT_3D ( 'NONE', #945, #1686, #417 ) ;
#1506 = DIRECTION ( 'NONE',  ( 1.000000000000000000, -0.000000000000000000, 0.000000000000000000 ) ) ;
#1507 = DIRECTION ( 'NONE',  ( -0.000000000000000000, 1.000000000000000000, 0.000000000000000000 ) ) ;
#1508 = VECTOR ( 'NONE', #1293, 1000.000000000000000 ) ;
#1509 = CARTESIAN_POINT ( 'NONE',  ( -55.49999999999994316, -2.000000000000000000, -5.500000000000000000 ) ) ;
#1510 = CARTESIAN_POINT ( 'NONE',  ( -55.49999999999994316, 2.000000000000000000, -5.500000000000000000 ) ) ;
#1511 = CARTESIAN_POINT ( 'NONE',  ( -55.49999999999994316, 2.000000000000000000, -3.000000000000000000 ) ) ;
#1512 = DIRECTION ( 'NONE',  ( 0.000000000000000000, -1.000000000000000000, 0.000000000000000000 ) ) ;
#1513 = ORIENTED_EDGE ( 'NONE', *, *, #346, .F. ) ;
#1514 = EDGE_CURVE ( 'NONE', #639, #1227, #524, .T. ) ;
#1515 = CARTESIAN_POINT ( 'NONE',  ( -74.99999999999994316, -7.599999999999998757, 5.999999999999999112 ) ) ;
#1516 = COORDINATED_UNIVERSAL_TIME_OFFSET ( 1, 0, .AHEAD. ) ;
#1517 = AXIS2_PLACEMENT_3D ( 'NONE', #905, #204, #100 ) ;
#1518 = DIRECTION ( 'NONE',  ( -1.000000000000000000, 0.000000000000000000, 0.000000000000000000 ) ) ;
#1519 = ORIENTED_EDGE ( 'NONE', *, *, #495, .T. ) ;
#1520 = DIRECTION ( 'NONE',  ( 1.000000000000000000, 0.000000000000000000, 0.000000000000000000 ) ) ;
#1521 = AXIS2_PLACEMENT_3D ( 'NONE', #1769, #1631, #211 ) ;
#1522 = FACE_OUTER_BOUND ( 'NONE', #52, .T. ) ;
#1523 = DIRECTION ( 'NONE',  ( 0.000000000000000000, 0.000000000000000000, 1.000000000000000000 ) ) ;
#1524 = AXIS2_PLACEMENT_3D ( 'NONE', #414, #378, #918 ) ;
#1525 = EDGE_CURVE ( 'NONE', #190, #181, #1139, .T. ) ;
#1526 = CARTESIAN_POINT ( 'NONE',  ( -54.99999999999994316, -2.000000000000000000, 3.000000000000000000 ) ) ;
#1527 = EDGE_CURVE ( 'NONE', #1289, #919, #1116, .T. ) ;
#1528 = CARTESIAN_POINT ( 'NONE',  ( -94.49999999999994316, -7.099999999999998757, 5.999999999999999112 ) ) ;
#1529 = DIRECTION ( 'NONE',  ( 0.000000000000000000, 0.000000000000000000, -1.000000000000000000 ) ) ;
#1530 = FACE_OUTER_BOUND ( 'NONE', #318, .T. ) ;
#1531 = DIRECTION ( 'NONE',  ( 0.000000000000000000, -1.000000000000000000, 0.000000000000000000 ) ) ;
#1532 = ORIENTED_EDGE ( 'NONE', *, *, #1696, .T. ) ;
#1533 = DIRECTION ( 'NONE',  ( 0.000000000000000000, -1.000000000000000000, -0.000000000000000000 ) ) ;
#1534 = CC_DESIGN_DATE_AND_TIME_ASSIGNMENT ( #1629, #910, ( #557 ) ) ;
#1535 = EDGE_CURVE ( 'NONE', #1632, #639, #1749, .T. ) ;
#1536 = DIRECTION ( 'NONE',  ( 0.000000000000000000, 0.000000000000000000, -1.000000000000000000 ) ) ;
#1537 = DIRECTION ( 'NONE',  ( 0.000000000000000000, 0.000000000000000000, -1.000000000000000000 ) ) ;
#1538 = LINE ( 'NONE', #1677, #713 ) ;
#1539 = ORIENTED_EDGE ( 'NONE', *, *, #1440, .F. ) ;
#1540 = CIRCLE ( 'NONE', #837, 0.5000000000000000000 ) ;
#1541 = CARTESIAN_POINT ( 'NONE',  ( -94.49999999999994316, 2.000000000000000000, 5.500000000000000000 ) ) ;
#1542 = EDGE_LOOP ( 'NONE', ( #1593, #778, #507 ) ) ;
#1543 = CARTESIAN_POINT ( 'NONE',  ( -75.49999999999994316, -7.099999999999998757, 5.500000000000000000 ) ) ;
#1544 = AXIS2_PLACEMENT_3D ( 'NONE', #622, #509, #653 ) ;
#1545 = EDGE_CURVE ( 'NONE', #1263, #1449, #506, .T. ) ;
#1546 = EDGE_LOOP ( 'NONE', ( #1532, #82, #826, #958 ) ) ;
#1547 = FACE_OUTER_BOUND ( 'NONE', #427, .T. ) ;
#1548 = CARTESIAN_POINT ( 'NONE',  ( -88.00000000000000000, -7.099999999999998757, -2.500000000000000000 ) ) ;
#1549 = ORIENTED_EDGE ( 'NONE', *, *, #710, .F. ) ;
#1550 = VECTOR ( 'NONE', #1180, 1000.000000000000000 ) ;
#1551 = CARTESIAN_POINT ( 'NONE',  ( -75.49999999999992895, -7.099999999999998757, -5.500000000000000000 ) ) ;
#1552 = AXIS2_PLACEMENT_3D ( 'NONE', #715, #1031, #603 ) ;
#1553 = CIRCLE ( 'NONE', #1679, 0.5000000000000004441 ) ;
#1554 = DIRECTION ( 'NONE',  ( 0.000000000000000000, -1.000000000000000000, 0.000000000000000000 ) ) ;
#1555 = ADVANCED_FACE ( 'NONE', ( #1779 ), #640, .T. ) ;
#1556 = CARTESIAN_POINT ( 'NONE',  ( -74.49999999999994316, -3.000000000000000000, 3.000000000000000000 ) ) ;
#1557 = ORIENTED_EDGE ( 'NONE', *, *, #241, .T. ) ;
#1558 = LINE ( 'NONE', #985, #1739 ) ;
#1559 = EDGE_CURVE ( 'NONE', #1158, #1045, #68, .T. ) ;
#1560 = CARTESIAN_POINT ( 'NONE',  ( -75.49999999999994316, -3.000000000000000000, -3.000000000000000000 ) ) ;
#1561 = DIRECTION ( 'NONE',  ( -0.000000000000000000, -1.000000000000000000, -0.000000000000000000 ) ) ;
#1562 = DIRECTION ( 'NONE',  ( -0.000000000000000000, -0.000000000000000000, 1.000000000000000000 ) ) ;
#1563 = VERTEX_POINT ( 'NONE', #242 ) ;
#1564 = ORIENTED_EDGE ( 'NONE', *, *, #184, .T. ) ;
#1565 = APPLICATION_PROTOCOL_DEFINITION ( 'international standard', 'config_control_design', 1994, #649 ) ;
#1566 = LINE ( 'NONE', #856, #1266 ) ;
#1567 = ADVANCED_FACE ( 'NONE', ( #668 ), #770, .T. ) ;
#1568 = CARTESIAN_POINT ( 'NONE',  ( -55.49999999999994316, 2.500000000000000000, 0.000000000000000000 ) ) ;
#1569 = CARTESIAN_POINT ( 'NONE',  ( -74.99999999999992895, -7.099999999999998757, -5.499999999999998224 ) ) ;
#1570 = FACE_OUTER_BOUND ( 'NONE', #353, .T. ) ;
#1571 = EDGE_LOOP ( 'NONE', ( #176, #924, #104, #1731 ) ) ;
#1572 = CIRCLE ( 'NONE', #429, 0.5000000000000000000 ) ;
#1573 = ORIENTED_EDGE ( 'NONE', *, *, #110, .F. ) ;
#1574 = DIRECTION ( 'NONE',  ( -0.000000000000000000, -1.000000000000000000, -0.000000000000000000 ) ) ;
#1575 = CARTESIAN_POINT ( 'NONE',  ( -74.99999999999994316, -7.099999999999998757, -2.999999999999997780 ) ) ;
#1576 = ORIENTED_EDGE ( 'NONE', *, *, #1255, .F. ) ;
#1577 = FACE_OUTER_BOUND ( 'NONE', #352, .T. ) ;
#1578 = EDGE_CURVE ( 'NONE', #1597, #508, #730, .T. ) ;
#1579 = AXIS2_PLACEMENT_3D ( 'NONE', #1393, #422, #712 ) ;
#1580 = DIRECTION ( 'NONE',  ( 0.000000000000000000, 0.000000000000000000, -1.000000000000000000 ) ) ;
#1581 = CC_DESIGN_APPROVAL ( #369, ( #1496 ) ) ;
#1582 = ADVANCED_FACE ( 'NONE', ( #1639 ), #1333, .T. ) ;
#1583 = DIRECTION ( 'NONE',  ( -1.000000000000000000, 0.000000000000000000, 0.000000000000000000 ) ) ;
#1584 = VECTOR ( 'NONE', #803, 1000.000000000000000 ) ;
#1585 = DIRECTION ( 'NONE',  ( 1.000000000000000000, 0.000000000000000000, 0.000000000000000000 ) ) ;
#1586 = LINE ( 'NONE', #604, #474 ) ;
#1587 = ORIENTED_EDGE ( 'NONE', *, *, #1416, .F. ) ;
#1588 = CARTESIAN_POINT ( 'NONE',  ( -88.00000000000000000, -7.599999999999998757, 3.000000000000000000 ) ) ;
#1589 = DIRECTION ( 'NONE',  ( -0.000000000000000000, 1.000000000000000000, 0.000000000000000000 ) ) ;
#1590 = ADVANCED_FACE ( 'NONE', ( #97 ), #347, .T. ) ;
#1591 = FACE_OUTER_BOUND ( 'NONE', #46, .T. ) ;
#1592 = EDGE_CURVE ( 'NONE', #709, #590, #1196, .T. ) ;
#1593 = ORIENTED_EDGE ( 'NONE', *, *, #747, .T. ) ;
#1594 = EDGE_LOOP ( 'NONE', ( #599, #1504, #1128, #493 ) ) ;
#1595 = DIRECTION ( 'NONE',  ( 0.000000000000000000, 0.000000000000000000, 1.000000000000000000 ) ) ;
#1596 = VECTOR ( 'NONE', #1011, 1000.000000000000000 ) ;
#1597 = VERTEX_POINT ( 'NONE', #1485 ) ;
#1598 = FACE_OUTER_BOUND ( 'NONE', #514, .T. ) ;
#1599 = DIRECTION ( 'NONE',  ( 0.000000000000000000, 1.000000000000000000, 0.000000000000000000 ) ) ;
#1600 = FACE_OUTER_BOUND ( 'NONE', #85, .T. ) ;
#1601 = VECTOR ( 'NONE', #1303, 1000.000000000000000 ) ;
#1602 = EDGE_LOOP ( 'NONE', ( #484, #203, #274, #355 ) ) ;
#1603 = ORIENTED_EDGE ( 'NONE', *, *, #582, .T. ) ;
#1604 = SHAPE_DEFINITION_REPRESENTATION ( #1058, #238 ) ;
#1605 = EDGE_CURVE ( 'NONE', #567, #516, #1051, .T. ) ;
#1606 = CARTESIAN_POINT ( 'NONE',  ( -74.99999999999994316, -2.500000000000000000, 5.500000000000000000 ) ) ;
#1607 = VERTEX_POINT ( 'NONE', #77 ) ;
#1608 = VECTOR ( 'NONE', #79, 1000.000000000000000 ) ;
#1609 = EDGE_LOOP ( 'NONE', ( #31, #1392, #748 ) ) ;
#1610 = CARTESIAN_POINT ( 'NONE',  ( -74.49999999999994316, -3.000000000000000000, 5.500000000000000000 ) ) ;
#1611 = CARTESIAN_POINT ( 'NONE',  ( -74.49999999999994316, -2.500000000000000000, 3.000000000000000000 ) ) ;
#1612 = FACE_OUTER_BOUND ( 'NONE', #1609, .T. ) ;
#1613 = AXIS2_PLACEMENT_3D ( 'NONE', #1663, #1512, #1381 ) ;
#1614 = AXIS2_PLACEMENT_3D ( 'NONE', #825, #1507, #108 ) ;
#1615 = AXIS2_PLACEMENT_3D ( 'NONE', #1069, #1062, #105 ) ;
#1616 = ORIENTED_EDGE ( 'NONE', *, *, #452, .F. ) ;
#1617 = ADVANCED_FACE ( 'NONE', ( #790 ), #1343, .T. ) ;
#1618 = ORIENTED_EDGE ( 'NONE', *, *, #1264, .F. ) ;
#1619 = ORIENTED_EDGE ( 'NONE', *, *, #1102, .T. ) ;
#1620 = CARTESIAN_POINT ( 'NONE',  ( 0.000000000000000000, 2.500000000000000000, 5.500000000000000000 ) ) ;
#1621 = ORIENTED_EDGE ( 'NONE', *, *, #1468, .T. ) ;
#1622 = CYLINDRICAL_SURFACE ( 'NONE', #726, 0.5000000000000004441 ) ;
#1623 = CYLINDRICAL_SURFACE ( 'NONE', #324, 0.5000000000000004441 ) ;
#1624 = EDGE_CURVE ( 'NONE', #659, #709, #1017, .T. ) ;
#1625 = CARTESIAN_POINT ( 'NONE',  ( -88.00000000000000000, -7.099999999999998757, 0.000000000000000000 ) ) ;
#1626 = ORIENTED_EDGE ( 'NONE', *, *, #618, .F. ) ;
#1627 = CIRCLE ( 'NONE', #975, 0.5000000000000004441 ) ;
#1628 = VERTEX_POINT ( 'NONE', #850 ) ;
#1629 = DATE_AND_TIME ( #542, #1431 ) ;
#1630 = AXIS2_PLACEMENT_3D ( 'NONE', #47, #1436, #1142 ) ;
#1631 = DIRECTION ( 'NONE',  ( -1.000000000000000000, 0.000000000000000000, 0.000000000000000000 ) ) ;
#1632 = VERTEX_POINT ( 'NONE', #114 ) ;
#1633 = CARTESIAN_POINT ( 'NONE',  ( -74.99999999999992895, -7.599999999999998757, -5.499999999999998224 ) ) ;
#1634 = DIRECTION ( 'NONE',  ( 0.000000000000000000, 0.000000000000000000, 1.000000000000000000 ) ) ;
#1635 = EDGE_CURVE ( 'NONE', #1409, #1791, #1387, .T. ) ;
#1636 = FACE_OUTER_BOUND ( 'NONE', #633, .T. ) ;
#1637 = AXIS2_PLACEMENT_3D ( 'NONE', #597, #54, #1155 ) ;
#1638 = ORIENTED_EDGE ( 'NONE', *, *, #1592, .T. ) ;
#1639 = FACE_OUTER_BOUND ( 'NONE', #1191, .T. ) ;
#1640 = ORIENTED_EDGE ( 'NONE', *, *, #1592, .F. ) ;
#1641 = CYLINDRICAL_SURFACE ( 'NONE', #455, 0.5000000000000000000 ) ;
#1642 = VECTOR ( 'NONE', #1773, 1000.000000000000000 ) ;
#1643 = DIRECTION ( 'NONE',  ( 1.000000000000000000, 0.000000000000000000, 0.000000000000000000 ) ) ;
#1644 = EDGE_CURVE ( 'NONE', #1045, #1077, #260, .T. ) ;
#1645 = VECTOR ( 'NONE', #1355, 1000.000000000000000 ) ;
#1646 = AXIS2_PLACEMENT_3D ( 'NONE', #1260, #9, #126 ) ;
#1647 = CIRCLE ( 'NONE', #287, 0.5000000000000004441 ) ;
#1648 = DIRECTION ( 'NONE',  ( 1.000000000000000000, 0.000000000000000000, -0.000000000000000000 ) ) ;
#1649 = CC_DESIGN_SECURITY_CLASSIFICATION ( #557, ( #1496 ) ) ;
#1650 = ORIENTED_EDGE ( 'NONE', *, *, #637, .T. ) ;
#1651 = ORIENTED_EDGE ( 'NONE', *, *, #476, .F. ) ;
#1652 = CIRCLE ( 'NONE', #1258, 0.5000000000000004441 ) ;
#1653 = CARTESIAN_POINT ( 'NONE',  ( -94.99999999999994316, 2.500000000000000000, 5.999999999999999112 ) ) ;
#1654 = DIRECTION ( 'NONE',  ( -1.000000000000000000, 0.000000000000000000, 0.000000000000000000 ) ) ;
#1655 = CARTESIAN_POINT ( 'NONE',  ( -75.49999999999994316, -7.099999999999998757, 2.500000000000000000 ) ) ;
#1656 = EDGE_CURVE ( 'NONE', #628, #357, #1684, .T. ) ;
#1657 = EDGE_LOOP ( 'NONE', ( #1224, #183, #1199 ) ) ;
#1658 = ADVANCED_FACE ( 'NONE', ( #1547 ), #951, .T. ) ;
#1659 = ORIENTED_EDGE ( 'NONE', *, *, #798, .T. ) ;
#1660 = VERTEX_POINT ( 'NONE', #959 ) ;
#1661 = VECTOR ( 'NONE', #1371, 1000.000000000000000 ) ;
#1662 = CARTESIAN_POINT ( 'NONE',  ( -74.99999999999994316, -7.599999999999998757, -2.499999999999997780 ) ) ;
#1663 = CARTESIAN_POINT ( 'NONE',  ( -94.49999999999994316, 2.500000000000000000, 5.500000000000000000 ) ) ;
#1664 = CARTESIAN_POINT ( 'NONE',  ( -55.49999999999994316, -2.500000000000000000, 3.000000000000000000 ) ) ;
#1665 = APPROVAL_STATUS ( 'not_yet_approved' ) ;
#1666 = ADVANCED_FACE ( 'NONE', ( #1799 ), #568, .T. ) ;
#1667 = DIRECTION ( 'NONE',  ( -3.965082230804128248E-15, 0.000000000000000000, 1.000000000000000000 ) ) ;
#1668 = ORIENTED_EDGE ( 'NONE', *, *, #1212, .T. ) ;
#1669 = DIRECTION ( 'NONE',  ( -1.000000000000000000, -0.000000000000000000, -0.000000000000000000 ) ) ;
#1670 = FACE_OUTER_BOUND ( 'NONE', #1738, .T. ) ;
#1671 = ORIENTED_EDGE ( 'NONE', *, *, #940, .F. ) ;
#1672 = CARTESIAN_POINT ( 'NONE',  ( -55.49999999999994316, -2.500000000000000000, -3.000000000000000000 ) ) ;
#1673 = DIRECTION ( 'NONE',  ( -0.000000000000000000, -0.000000000000000000, 1.000000000000000000 ) ) ;
#1674 = CARTESIAN_POINT ( 'NONE',  ( -94.49999999999994316, 2.000000000000000000, -5.500000000000000888 ) ) ;
#1675 = CIRCLE ( 'NONE', #988, 0.5000000000000000000 ) ;
#1676 = ADVANCED_FACE ( 'NONE', ( #390 ), #1407, .T. ) ;
#1677 = CARTESIAN_POINT ( 'NONE',  ( -94.49999999999994316, -7.599999999999998757, -6.000000000000000000 ) ) ;
#1678 = PLANE ( 'NONE',  #27 ) ;
#1679 = AXIS2_PLACEMENT_3D ( 'NONE', #776, #198, #1643 ) ;
#1680 = EDGE_CURVE ( 'NONE', #1597, #602, #292, .T. ) ;
#1681 = DIRECTION ( 'NONE',  ( -1.000000000000000000, 0.000000000000000000, 0.000000000000000000 ) ) ;
#1682 = CARTESIAN_POINT ( 'NONE',  ( -75.49999999999994316, -7.099999999999998757, -3.000000000000000000 ) ) ;
#1683 = ORIENTED_EDGE ( 'NONE', *, *, #1351, .T. ) ;
#1684 = LINE ( 'NONE', #290, #585 ) ;
#1685 = VECTOR ( 'NONE', #1561, 1000.000000000000000 ) ;
#1686 = DIRECTION ( 'NONE',  ( -1.000000000000000000, -0.000000000000000000, 0.000000000000000000 ) ) ;
#1687 = ORIENTED_EDGE ( 'NONE', *, *, #563, .T. ) ;
#1688 = DIRECTION ( 'NONE',  ( 0.000000000000000000, 0.000000000000000000, -1.000000000000000000 ) ) ;
#1689 = ADVANCED_FACE ( 'NONE', ( #1790 ), #1396, .F. ) ;
#1690 = VECTOR ( 'NONE', #1268, 1000.000000000000000 ) ;
#1691 = FACE_OUTER_BOUND ( 'NONE', #1229, .T. ) ;
#1692 = DIRECTION ( 'NONE',  ( 0.000000000000000000, 0.000000000000000000, -1.000000000000000000 ) ) ;
#1693 = LINE ( 'NONE', #319, #1690 ) ;
#1694 = VECTOR ( 'NONE', #1401, 1000.000000000000000 ) ;
#1695 = CARTESIAN_POINT ( 'NONE',  ( -55.49999999999994316, 2.500000000000000000, -5.500000000000000000 ) ) ;
#1696 = EDGE_CURVE ( 'NONE', #1045, #342, #695, .T. ) ;
#1697 = CARTESIAN_POINT ( 'NONE',  ( -94.49999999999994316, 2.000000000000000000, 0.000000000000000000 ) ) ;
#1698 = CARTESIAN_POINT ( 'NONE',  ( -88.00000000000000000, 2.500000000000000000, 2.500000000000000000 ) ) ;
#1699 = DIRECTION ( 'NONE',  ( 0.000000000000000000, 0.000000000000000000, -1.000000000000000000 ) ) ;
#1700 = AXIS2_PLACEMENT_3D ( 'NONE', #657, #497, #1079 ) ;
#1701 = DIRECTION ( 'NONE',  ( -0.000000000000000000, -0.000000000000000000, -1.000000000000000000 ) ) ;
#1702 = CARTESIAN_POINT ( 'NONE',  ( -88.00000000000000000, 2.000000000000000000, 0.000000000000000000 ) ) ;
#1703 = ADVANCED_FACE ( 'NONE', ( #1244 ), #1379, .T. ) ;
#1704 = CYLINDRICAL_SURFACE ( 'NONE', #1630, 0.5000000000000004441 ) ;
#1705 = VERTEX_POINT ( 'NONE', #251 ) ;
#1706 = CIRCLE ( 'NONE', #1736, 0.5000000000000004441 ) ;
#1707 = CARTESIAN_POINT ( 'NONE',  ( -74.49999999999994316, -2.000000000000000000, 2.500000000000000000 ) ) ;
#1708 = CIRCLE ( 'NONE', #594, 0.5000000000000004441 ) ;
#1709 = CARTESIAN_POINT ( 'NONE',  ( -75.49999999999992895, -3.000000000000000000, -5.500000000000000000 ) ) ;
#1710 = CARTESIAN_POINT ( 'NONE',  ( -55.49999999999994316, 2.000000000000000000, 3.000000000000000000 ) ) ;
#1711 = EDGE_LOOP ( 'NONE', ( #1005, #1345, #772, #59, #425, #872, #26, #364 ) ) ;
#1712 = ORIENTED_EDGE ( 'NONE', *, *, #485, .T. ) ;
#1713 = FACE_OUTER_BOUND ( 'NONE', #240, .T. ) ;
#1714 = DIRECTION ( 'NONE',  ( -0.000000000000000000, 0.000000000000000000, 1.000000000000000000 ) ) ;
#1715 = EDGE_CURVE ( 'NONE', #888, #448, #643, .T. ) ;
#1716 = ORIENTED_EDGE ( 'NONE', *, *, #1430, .F. ) ;
#1717 = DIRECTION ( 'NONE',  ( 0.000000000000000000, -1.000000000000000000, 0.000000000000000000 ) ) ;
#1718 = DIRECTION ( 'NONE',  ( 0.000000000000000000, 0.000000000000000000, 1.000000000000000000 ) ) ;
#1719 = DIRECTION ( 'NONE',  ( 0.000000000000000000, 0.000000000000000000, 1.000000000000000000 ) ) ;
#1720 = VERTEX_POINT ( 'NONE', #140 ) ;
#1721 = AXIS2_PLACEMENT_3D ( 'NONE', #935, #473, #925 ) ;
#1722 = CARTESIAN_POINT ( 'NONE',  ( -74.49999999999994316, -3.000000000000000000, 2.500000000000000000 ) ) ;
#1723 = CARTESIAN_POINT ( 'NONE',  ( -54.99999999999994316, 0.000000000000000000, 0.000000000000000000 ) ) ;
#1724 = EDGE_CURVE ( 'NONE', #345, #516, #760, .T. ) ;
#1725 = CARTESIAN_POINT ( 'NONE',  ( -74.49999999999994316, -2.000000000000000000, 3.000000000000000000 ) ) ;
#1726 = EDGE_CURVE ( 'NONE', #1632, #1089, #1675, .T. ) ;
#1727 = AXIS2_PLACEMENT_3D ( 'NONE', #415, #134, #148 ) ;
#1728 = DIRECTION ( 'NONE',  ( 1.000000000000000000, 0.000000000000000000, 0.000000000000000000 ) ) ;
#1729 = ORIENTED_EDGE ( 'NONE', *, *, #1440, .T. ) ;
#1730 = AXIS2_PLACEMENT_3D ( 'NONE', #501, #1599, #489 ) ;
#1731 = ORIENTED_EDGE ( 'NONE', *, *, #192, .F. ) ;
#1732 = ORIENTED_EDGE ( 'NONE', *, *, #502, .F. ) ;
#1733 = DIRECTION ( 'NONE',  ( 0.000000000000000000, 0.000000000000000000, -1.000000000000000000 ) ) ;
#1734 = PRODUCT ( 'impression_rail_mobile_dessus_P', 'impression_rail_mobile_dessus_P', '', ( #1274 ) ) ;
#1735 = DIRECTION ( 'NONE',  ( 0.000000000000000000, 0.000000000000000000, 1.000000000000000000 ) ) ;
#1736 = AXIS2_PLACEMENT_3D ( 'NONE', #454, #35, #172 ) ;
#1737 = EDGE_CURVE ( 'NONE', #659, #731, #398, .T. ) ;
#1738 = EDGE_LOOP ( 'NONE', ( #1098, #423, #1070, #209 ) ) ;
#1739 = VECTOR ( 'NONE', #996, 1000.000000000000000 ) ;
#1740 = CARTESIAN_POINT ( 'NONE',  ( -94.49999999999994316, -7.099999999999998757, 5.500000000000000000 ) ) ;
#1741 = VERTEX_POINT ( 'NONE', #855 ) ;
#1742 = CARTESIAN_POINT ( 'NONE',  ( -88.00000000000000000, -7.099999999999998757, 2.500000000000000000 ) ) ;
#1743 = CARTESIAN_POINT ( 'NONE',  ( -88.00000000000000000, 2.000000000000000000, 3.000000000000000000 ) ) ;
#1744 = CARTESIAN_POINT ( 'NONE',  ( -54.99999999999994316, -2.000000000000000000, 2.500000000000000000 ) ) ;
#1745 = EDGE_CURVE ( 'NONE', #118, #1487, #177, .T. ) ;
#1746 = ORIENTED_EDGE ( 'NONE', *, *, #1292, .T. ) ;
#1747 = PERSON_AND_ORGANIZATION_ROLE ( 'classification_officer' ) ;
#1748 = EDGE_LOOP ( 'NONE', ( #1683, #231, #1712, #499 ) ) ;
#1749 = LINE ( 'NONE', #1039, #869 ) ;
#1750 = VERTEX_POINT ( 'NONE', #611 ) ;
#1751 = ORIENTED_EDGE ( 'NONE', *, *, #1624, .T. ) ;
#1752 = SPHERICAL_SURFACE ( 'NONE', #344, 0.5000000000000000000 ) ;
#1753 = FACE_OUTER_BOUND ( 'NONE', #266, .T. ) ;
#1754 = SPHERICAL_SURFACE ( 'NONE', #199, 0.5000000000000000000 ) ;
#1755 = AXIS2_PLACEMENT_3D ( 'NONE', #1252, #1111, #1520 ) ;
#1756 = TOROIDAL_SURFACE ( 'NONE', #350, 3.000000000000000000, 0.5000000000000000000 ) ;
#1757 =( GEOMETRIC_REPRESENTATION_CONTEXT ( 3 ) GLOBAL_UNCERTAINTY_ASSIGNED_CONTEXT ( ( #895 ) ) GLOBAL_UNIT_ASSIGNED_CONTEXT ( ( #882, #1170, #749 ) ) REPRESENTATION_CONTEXT ( 'NONE', 'WORKASPACE' ) );
#1758 = ORIENTED_EDGE ( 'NONE', *, *, #1255, .T. ) ;
#1759 = APPROVAL_ROLE ( '' ) ;
#1760 = EDGE_CURVE ( 'NONE', #448, #919, #732, .T. ) ;
#1761 = CARTESIAN_POINT ( 'NONE',  ( -74.99999999999994316, -2.500000000000000444, 3.000000000000000000 ) ) ;
#1762 = ORIENTED_EDGE ( 'NONE', *, *, #120, .T. ) ;
#1763 = ORIENTED_EDGE ( 'NONE', *, *, #1416, .T. ) ;
#1764 = CARTESIAN_POINT ( 'NONE',  ( -75.49999999999994316, -7.599999999999998757, 3.000000000000000000 ) ) ;
#1765 = FACE_OUTER_BOUND ( 'NONE', #931, .T. ) ;
#1766 = DIRECTION ( 'NONE',  ( 0.000000000000000000, 0.000000000000000000, 1.000000000000000000 ) ) ;
#1767 = ORIENTED_EDGE ( 'NONE', *, *, #253, .T. ) ;
#1768 = CALENDAR_DATE ( 2025, 23, 5 ) ;
#1769 = CARTESIAN_POINT ( 'NONE',  ( -94.49999999999994316, 2.000000000000000000, -5.500000000000000000 ) ) ;
#1770 = VERTEX_POINT ( 'NONE', #18 ) ;
#1771 = ORIENTED_EDGE ( 'NONE', *, *, #929, .F. ) ;
#1772 = ADVANCED_FACE ( 'NONE', ( #39 ), #1020, .T. ) ;
#1773 = DIRECTION ( 'NONE',  ( 1.000000000000000000, -0.000000000000000000, -0.000000000000000000 ) ) ;
#1774 = DIRECTION ( 'NONE',  ( 0.000000000000000000, 0.000000000000000000, -1.000000000000000000 ) ) ;
#1775 = EDGE_CURVE ( 'NONE', #1029, #118, #1423, .T. ) ;
#1776 = DIRECTION ( 'NONE',  ( 0.000000000000000000, 0.000000000000000000, 1.000000000000000000 ) ) ;
#1777 = CIRCLE ( 'NONE', #580, 0.5000000000000000000 ) ;
#1778 = ORIENTED_EDGE ( 'NONE', *, *, #751, .T. ) ;
#1779 = FACE_OUTER_BOUND ( 'NONE', #714, .T. ) ;
#1780 = ORIENTED_EDGE ( 'NONE', *, *, #122, .T. ) ;
#1781 = CARTESIAN_POINT ( 'NONE',  ( -94.49999999999994316, -7.599999999999998757, -5.500000000000000000 ) ) ;
#1782 = FACE_OUTER_BOUND ( 'NONE', #1240, .T. ) ;
#1783 = CC_DESIGN_PERSON_AND_ORGANIZATION_ASSIGNMENT ( #1322, #636, ( #1496 ) ) ;
#1784 = CIRCLE ( 'NONE', #1517, 0.5000000000000004441 ) ;
#1785 = DIRECTION ( 'NONE',  ( -0.000000000000000000, -1.000000000000000000, 0.000000000000000000 ) ) ;
#1786 = ADVANCED_FACE ( 'NONE', ( #592 ), #320, .T. ) ;
#1787 = VECTOR ( 'NONE', #1455, 1000.000000000000000 ) ;
#1788 = AXIS2_PLACEMENT_3D ( 'NONE', #1710, #745, #1420 ) ;
#1789 = VERTEX_POINT ( 'NONE', #1414 ) ;
#1790 = FACE_OUTER_BOUND ( 'NONE', #1040, .T. ) ;
#1791 = VERTEX_POINT ( 'NONE', #1444 ) ;
#1792 = CIRCLE ( 'NONE', #1524, 0.5000000000000004441 ) ;
#1793 = CARTESIAN_POINT ( 'NONE',  ( -75.49999999999992895, -7.099999999999998757, -6.000000000000000000 ) ) ;
#1794 = CARTESIAN_POINT ( 'NONE',  ( -74.49999999999992895, -2.000000000000000444, -5.500000000000000000 ) ) ;
#1795 = ORIENTED_EDGE ( 'NONE', *, *, #751, .F. ) ;
#1796 = DIRECTION ( 'NONE',  ( -0.000000000000000000, -0.000000000000000000, -1.000000000000000000 ) ) ;
#1797 = EDGE_CURVE ( 'NONE', #679, #731, #1310, .T. ) ;
#1798 = ORIENTED_EDGE ( 'NONE', *, *, #1149, .F. ) ;
#1799 = FACE_OUTER_BOUND ( 'NONE', #185, .T. ) ;
#1800 = ORIENTED_EDGE ( 'NONE', *, *, #1635, .F. ) ;
#1801 = AXIS2_PLACEMENT_3D ( 'NONE', #1662, #394, #952 ) ;
#1802 = LINE ( 'NONE', #1399, #1661 ) ;
#1803 = LINE ( 'NONE', #128, #1493 ) ;
#1804 = DIRECTION ( 'NONE',  ( 1.000000000000000000, 0.000000000000000000, 0.000000000000000000 ) ) ;
#1805 = DATE_AND_TIME ( #191, #733 ) ;
#1806 = CARTESIAN_POINT ( 'NONE',  ( -54.99999999999994316, 2.500000000000000000, 3.000000000000000000 ) ) ;
#1807 = EDGE_CURVE ( 'NONE', #234, #1453, #433, .T. ) ;
#1808 = ORIENTED_EDGE ( 'NONE', *, *, #1183, .F. ) ;
#1809 = ORIENTED_EDGE ( 'NONE', *, *, #1050, .T. ) ;
#1810 = DIRECTION ( 'NONE',  ( 0.000000000000000000, 0.000000000000000000, 1.000000000000000000 ) ) ;
#1811 = ADVANCED_FACE ( 'NONE', ( #1713 ), #308, .T. ) ;
#1812 = CIRCLE ( 'NONE', #1637, 0.5000000000000000000 ) ;
#1813 = CARTESIAN_POINT ( 'NONE',  ( -74.99999999999994316, -3.000000000000000000, 3.000000000000000000 ) ) ;
#1814 = FACE_OUTER_BOUND ( 'NONE', #533, .T. ) ;
#1815 = DIRECTION ( 'NONE',  ( 0.000000000000000000, -1.000000000000000000, 0.000000000000000000 ) ) ;
ENDSEC;
END-ISO-10303-21;
