ISO-10303-21;
HEADER;
FILE_DESCRIPTION (( 'STEP AP203' ),
    '1' );
FILE_NAME ('pattes_mobiles_rail_6.STEP',
    '2025-05-23T09:10:03',
    ( '' ),
    ( '' ),
    'SwSTEP 2.0',
    'SolidWorks 2023',
    '' );
FILE_SCHEMA (( 'CONFIG_CONTROL_DESIGN' ));
ENDSEC;

DATA;
#1 = ORIENTED_EDGE ( 'NONE', *, *, #1674, .T. ) ;
#2 = CARTESIAN_POINT ( 'NONE',  ( -7.999999999999996447, 0.4999999999999989453, -3.500000000000000000 ) ) ;
#3 = FACE_OUTER_BOUND ( 'NONE', #344, .T. ) ;
#4 = DATE_AND_TIME ( #1150, #833 ) ;
#5 = CARTESIAN_POINT ( 'NONE',  ( -8.500000000000000000, -0.5000000000000009992, 3.000000000000000000 ) ) ;
#6 = LINE ( 'NONE', #1152, #1362 ) ;
#7 = ORIENTED_EDGE ( 'NONE', *, *, #327, .F. ) ;
#8 = EDGE_CURVE ( 'NONE', #920, #316, #214, .T. ) ;
#9 = CARTESIAN_POINT ( 'NONE',  ( 5.500000000000000000, 0.4999999999999993339, 3.500000000000000000 ) ) ;
#10 = CIRCLE ( 'NONE', #555, 1.000000000000000000 ) ;
#11 = DIRECTION ( 'NONE',  ( -0.000000000000000000, 1.000000000000000000, 0.000000000000000000 ) ) ;
#12 = DATE_AND_TIME ( #680, #1008 ) ;
#13 = ORGANIZATION ( 'UNSPECIFIED', 'UNSPECIFIED', '' ) ;
#14 = EDGE_LOOP ( 'NONE', ( #76, #2072, #477, #246 ) ) ;
#15 = FACE_OUTER_BOUND ( 'NONE', #1611, .T. ) ;
#16 = CARTESIAN_POINT ( 'NONE',  ( -10.13397459621556074, -1.000000000000001332, 3.000000000000000000 ) ) ;
#17 = EDGE_LOOP ( 'NONE', ( #927, #1747, #1238, #1419 ) ) ;
#18 = EDGE_CURVE ( 'NONE', #1922, #67, #1995, .T. ) ;
#19 = CIRCLE ( 'NONE', #532, 0.5000000000000000000 ) ;
#20 = DIRECTION ( 'NONE',  ( -0.000000000000000000, 1.000000000000000000, -0.000000000000000000 ) ) ;
#21 = CIRCLE ( 'NONE', #1667, 2.250000000000000000 ) ;
#22 = EDGE_CURVE ( 'NONE', #1397, #633, #1375, .T. ) ;
#23 = ORIENTED_EDGE ( 'NONE', *, *, #1490, .T. ) ;
#24 = AXIS2_PLACEMENT_3D ( 'NONE', #496, #1032, #971 ) ;
#25 = LINE ( 'NONE', #198, #992 ) ;
#26 = AXIS2_PLACEMENT_3D ( 'NONE', #1232, #238, #399 ) ;
#27 = VECTOR ( 'NONE', #924, 1000.000000000000000 ) ;
#28 = LINE ( 'NONE', #723, #1625 ) ;
#29 = PERSON_AND_ORGANIZATION_ROLE ( 'classification_officer' ) ;
#30 = DIRECTION ( 'NONE',  ( 0.8660254037844385966, -0.5000000000000002220, 0.000000000000000000 ) ) ;
#31 = CARTESIAN_POINT ( 'NONE',  ( 6.000000000000000000, -6.379211070675434126E-16, 3.500000000000000000 ) ) ;
#32 = ADVANCED_FACE ( 'NONE', ( #1040 ), #1693, .T. ) ;
#33 = ORIENTED_EDGE ( 'NONE', *, *, #711, .T. ) ;
#34 = CARTESIAN_POINT ( 'NONE',  ( -1.849999999999999645, 4.011548038196366406E-16, 3.000000000000000000 ) ) ;
#35 = DATE_AND_TIME ( #1506, #665 ) ;
#36 = DIRECTION ( 'NONE',  ( -0.5000000000000009992, 0.8660254037844380415, 0.000000000000000000 ) ) ;
#37 = LINE ( 'NONE', #2030, #1839 ) ;
#38 = VECTOR ( 'NONE', #1768, 1000.000000000000000 ) ;
#39 = B_SPLINE_CURVE_WITH_KNOTS ( 'NONE', 3,
 ( #871, #1349, #1505, #220, #1381, #371, #565, #1213, #1222, #544, #1680, #693 ),
 .UNSPECIFIED., .F., .F.,
 ( 4, 2, 2, 2, 2, 4 ),
 ( 0.002112998291093604129, 0.002635088141013280753, 0.003157177990932957812, 0.003679267840852634436, 0.003940312765812472098, 0.004201357690772310194 ),
 .UNSPECIFIED. ) ;
#40 = EDGE_CURVE ( 'NONE', #1433, #698, #2103, .T. ) ;
#41 = EDGE_CURVE ( 'NONE', #1328, #1016, #1160, .T. ) ;
#42 = CARTESIAN_POINT ( 'NONE',  ( 3.367778697655221012E-16, 4.499999999999999112, 2.750000000000000000 ) ) ;
#44 = ORIENTED_EDGE ( 'NONE', *, *, #183, .T. ) ;
#43 = EDGE_LOOP ( 'NONE', ( #731, #706, #1103 ) ) ;
#45 = CARTESIAN_POINT ( 'NONE',  ( -10.13397459621555896, 4.499999999999998224, -3.000000000000000000 ) ) ;
#46 = CIRCLE ( 'NONE', #504, 0.5000000000000004441 ) ;
#47 = CARTESIAN_POINT ( 'NONE',  ( -1.850000000000000089, -1.999999999999999556, 3.000000000000000000 ) ) ;
#48 = DIRECTION ( 'NONE',  ( 0.000000000000000000, -1.000000000000000000, 0.000000000000000000 ) ) ;
#49 = CIRCLE ( 'NONE', #333, 2.750000000000000000 ) ;
#50 = CARTESIAN_POINT ( 'NONE',  ( -7.383974596215550967, 4.263139720814416833, 3.500000000000000000 ) ) ;
#51 = VERTEX_POINT ( 'NONE', #1029 ) ;
#52 = PLANE ( 'NONE',  #985 ) ;
#53 = AXIS2_PLACEMENT_3D ( 'NONE', #1422, #756, #90 ) ;
#54 = EDGE_CURVE ( 'NONE', #330, #51, #1696, .T. ) ;
#55 = DIRECTION ( 'NONE',  ( 1.000000000000000000, -1.747729060459022802E-16, 0.000000000000000000 ) ) ;
#56 = AXIS2_PLACEMENT_3D ( 'NONE', #1861, #1195, #391 ) ;
#57 = ORIENTED_EDGE ( 'NONE', *, *, #1985, .F. ) ;
#58 = EDGE_CURVE ( 'NONE', #542, #1538, #225, .T. ) ;
#59 = AXIS2_PLACEMENT_3D ( 'NONE', #1979, #1965, #481 ) ;
#60 = DIRECTION ( 'NONE',  ( -1.000000000000000000, -2.168404344971008868E-16, 0.000000000000000000 ) ) ;
#61 = DIRECTION ( 'NONE',  ( 2.168404344971009361E-16, 1.000000000000000000, -0.000000000000000000 ) ) ;
#62 = CARTESIAN_POINT ( 'NONE',  ( -8.499999999999996447, -0.5000000000000009992, -3.500000000000000000 ) ) ;
#63 = CARTESIAN_POINT ( 'NONE',  ( 2.350000000000000089, -1.499999999999999778, 3.500000000000000000 ) ) ;
#64 = CYLINDRICAL_SURFACE ( 'NONE', #1078, 0.5000000000000000000 ) ;
#65 = CARTESIAN_POINT ( 'NONE',  ( -10.13397459621556074, -0.5000000000000013323, 3.000000000000000000 ) ) ;
#67 = VERTEX_POINT ( 'NONE', #2023 ) ;
#66 = ORIENTED_EDGE ( 'NONE', *, *, #68, .F. ) ;
#68 = EDGE_CURVE ( 'NONE', #1373, #1086, #2014, .T. ) ;
#69 = DIRECTION ( 'NONE',  ( 1.000000000000000000, 1.191190382581906851E-16, 0.000000000000000000 ) ) ;
#70 = DIRECTION ( 'NONE',  ( -1.000000000000000000, 0.000000000000000000, 0.000000000000000000 ) ) ;
#71 = ORIENTED_EDGE ( 'NONE', *, *, #1242, .T. ) ;
#72 = FACE_OUTER_BOUND ( 'NONE', #85, .T. ) ;
#73 = DIRECTION ( 'NONE',  ( 0.000000000000000000, -1.000000000000000000, 0.000000000000000000 ) ) ;
#74 = AXIS2_PLACEMENT_3D ( 'NONE', #34, #233, #1371 ) ;
#75 = CARTESIAN_POINT ( 'NONE',  ( -2.849999999999999645, 0.4999999999999997780, 3.000000000000000000 ) ) ;
#77 = ORIENTED_EDGE ( 'NONE', *, *, #40, .T. ) ;
#76 = ORIENTED_EDGE ( 'NONE', *, *, #398, .T. ) ;
#78 = CARTESIAN_POINT ( 'NONE',  ( 8.738645302295120172E-17, 0.5000000000000003331, 3.500000000000000000 ) ) ;
#79 = EDGE_CURVE ( 'NONE', #698, #896, #1521, .T. ) ;
#80 = CARTESIAN_POINT ( 'NONE',  ( -8.499999999999996447, -0.5000000000000011102, -3.000000000000000000 ) ) ;
#81 = VERTEX_POINT ( 'NONE', #1685 ) ;
#82 = DIRECTION ( 'NONE',  ( 0.000000000000000000, 0.000000000000000000, -1.000000000000000000 ) ) ;
#83 = AXIS2_PLACEMENT_3D ( 'NONE', #2013, #1684, #1206 ) ;
#84 = EDGE_CURVE ( 'NONE', #2016, #976, #19, .T. ) ;
#85 = EDGE_LOOP ( 'NONE', ( #646, #926, #311, #57 ) ) ;
#86 = CARTESIAN_POINT ( 'NONE',  ( 0.000000000000000000, 4.499999999999999112, 3.500000000000000000 ) ) ;
#87 = AXIS2_PLACEMENT_3D ( 'NONE', #861, #1507, #873 ) ;
#88 = CIRCLE ( 'NONE', #872, 0.5000000000000004441 ) ;
#89 = ORIENTED_EDGE ( 'NONE', *, *, #1454, .T. ) ;
#90 = DIRECTION ( 'NONE',  ( -1.000000000000000000, 2.168404344971008868E-16, 0.000000000000000000 ) ) ;
#91 = AXIS2_PLACEMENT_3D ( 'NONE', #1483, #2025, #584 ) ;
#93 = VERTEX_POINT ( 'NONE', #1709 ) ;
#92 = EDGE_LOOP ( 'NONE', ( #1915, #1234, #273, #1478 ) ) ;
#94 = AXIS2_PLACEMENT_3D ( 'NONE', #789, #2089, #469 ) ;
#95 = DIRECTION ( 'NONE',  ( 1.000000000000000000, 0.000000000000000000, 0.000000000000000000 ) ) ;
#96 = AXIS2_PLACEMENT_3D ( 'NONE', #635, #1003, #1957 ) ;
#97 = DIRECTION ( 'NONE',  ( 9.227252531791526626E-17, 1.000000000000000000, -0.000000000000000000 ) ) ;
#98 = CARTESIAN_POINT ( 'NONE',  ( 2.849999999999999645, -8.738645302295123870E-17, -3.500000000000000000 ) ) ;
#99 = CARTESIAN_POINT ( 'NONE',  ( -1.384087879768728871E-16, -1.499999999999999778, 3.500000000000000000 ) ) ;
#100 = ADVANCED_FACE ( 'NONE', ( #708 ), #1254, .T. ) ;
#101 = ORIENTED_EDGE ( 'NONE', *, *, #1271, .F. ) ;
#102 = EDGE_LOOP ( 'NONE', ( #202, #1875, #1436, #791, #1137, #2091, #1857, #748, #1143, #264, #1241, #798, #164, #127 ) ) ;
#103 = CARTESIAN_POINT ( 'NONE',  ( -2.849999999999999645, -0.5000000000000000000, 3.000000000000000000 ) ) ;
#104 = ORIENTED_EDGE ( 'NONE', *, *, #1413, .T. ) ;
#105 = CARTESIAN_POINT ( 'NONE',  ( -2.849999999999999645, 0.4999999999999997780, -3.500000000000000000 ) ) ;
#106 = DIRECTION ( 'NONE',  ( 1.000000000000000000, 4.336808689942017736E-16, 1.734723475976807094E-15 ) ) ;
#107 = CARTESIAN_POINT ( 'NONE',  ( -2.299999999999999822, -1.717944947177033610, 1.240348190940150286E-13 ) ) ;
#108 = CARTESIAN_POINT ( 'NONE',  ( 2.289743092647315237, -1.740705239875620869, 0.3522204296821900282 ) ) ;
#109 = VERTEX_POINT ( 'NONE', #1854 ) ;
#110 = ORIENTED_EDGE ( 'NONE', *, *, #1038, .F. ) ;
#111 = FACE_OUTER_BOUND ( 'NONE', #932, .T. ) ;
#112 = CARTESIAN_POINT ( 'NONE',  ( -2.849999999999999645, -0.5000000000000000000, -3.500000000000000000 ) ) ;
#113 = ADVANCED_FACE ( 'NONE', ( #1041 ), #52, .F. ) ;
#114 = VECTOR ( 'NONE', #131, 1000.000000000000000 ) ;
#115 = DIRECTION ( 'NONE',  ( -1.000000000000000000, 0.000000000000000000, 3.469446951953614189E-15 ) ) ;
#116 = VERTEX_POINT ( 'NONE', #376 ) ;
#117 = ADVANCED_FACE ( 'NONE', ( #2044, #1520 ), #1545, .F. ) ;
#118 = CARTESIAN_POINT ( 'NONE',  ( 2.849999999999999645, -0.5000000000000000000, 3.500000000000000000 ) ) ;
#119 = CARTESIAN_POINT ( 'NONE',  ( -10.13397459621555896, -0.5000000000000012212, -3.000000000000000000 ) ) ;
#120 = DIRECTION ( 'NONE',  ( 0.000000000000000000, 8.673617379884035472E-16, -1.000000000000000000 ) ) ;
#121 =( LENGTH_UNIT ( ) NAMED_UNIT ( * ) SI_UNIT ( .MILLI., .METRE. ) );
#122 = EDGE_LOOP ( 'NONE', ( #1199, #578, #1144, #612 ) ) ;
#123 = DIRECTION ( 'NONE',  ( 9.227252531791526626E-17, 1.000000000000000000, -0.000000000000000000 ) ) ;
#124 = DIRECTION ( 'NONE',  ( -0.000000000000000000, -0.000000000000000000, -1.000000000000000000 ) ) ;
#125 = ORIENTED_EDGE ( 'NONE', *, *, #40, .F. ) ;
#126 = PRODUCT_RELATED_PRODUCT_CATEGORY ( 'detail', '', ( #2101 ) ) ;
#127 = ORIENTED_EDGE ( 'NONE', *, *, #1370, .T. ) ;
#128 = CIRCLE ( 'NONE', #988, 0.5000000000000000000 ) ;
#129 = CIRCLE ( 'NONE', #1163, 0.5000000000000000000 ) ;
#130 = EDGE_CURVE ( 'NONE', #1328, #1887, #1555, .T. ) ;
#131 = DIRECTION ( 'NONE',  ( 1.000000000000000000, -1.747729060459022802E-16, 0.000000000000000000 ) ) ;
#132 = ORIENTED_EDGE ( 'NONE', *, *, #2058, .F. ) ;
#133 = AXIS2_PLACEMENT_3D ( 'NONE', #501, #850, #1487 ) ;
#134 = LINE ( 'NONE', #1257, #740 ) ;
#135 = AXIS2_PLACEMENT_3D ( 'NONE', #935, #1775, #1589 ) ;
#136 = CARTESIAN_POINT ( 'NONE',  ( -2.097338140412404517, -1.938690399227845695, 1.375509931975657629 ) ) ;
#137 = CARTESIAN_POINT ( 'NONE',  ( 1.921334634461636215, -2.000000000000011102, 1.873238627024776726 ) ) ;
#138 = LINE ( 'NONE', #775, #1353 ) ;
#139 = DIRECTION ( 'NONE',  ( 1.000000000000000000, 0.000000000000000000, 0.000000000000000000 ) ) ;
#140 = ORIENTED_EDGE ( 'NONE', *, *, #815, .T. ) ;
#142 = ORIENTED_EDGE ( 'NONE', *, *, #253, .F. ) ;
#141 = EDGE_LOOP ( 'NONE', ( #1342, #1756, #402, #804 ) ) ;
#143 = DIRECTION ( 'NONE',  ( 0.000000000000000000, 1.000000000000000000, 0.000000000000000000 ) ) ;
#144 = ADVANCED_FACE ( 'NONE', ( #1535 ), #64, .T. ) ;
#145 = PLANE ( 'NONE',  #536 ) ;
#146 = FACE_OUTER_BOUND ( 'NONE', #1691, .T. ) ;
#147 = CARTESIAN_POINT ( 'NONE',  ( 2.097338140412404517, -1.938690399227845695, 1.375509931975657629 ) ) ;
#148 = DIRECTION ( 'NONE',  ( 1.000000000000000000, -9.227252531791526626E-17, 0.000000000000000000 ) ) ;
#149 = ORIENTED_EDGE ( 'NONE', *, *, #688, .F. ) ;
#150 = DIRECTION ( 'NONE',  ( 9.227252531791526626E-17, 1.000000000000000000, -0.000000000000000000 ) ) ;
#151 = ORIENTED_EDGE ( 'NONE', *, *, #1081, .T. ) ;
#152 = AXIS2_PLACEMENT_3D ( 'NONE', #450, #1106, #252 ) ;
#153 = ORIENTED_EDGE ( 'NONE', *, *, #1042, .T. ) ;
#154 = SPHERICAL_SURFACE ( 'NONE', #778, 0.5000000000000000000 ) ;
#155 = DIRECTION ( 'NONE',  ( 2.168404344971009361E-16, 1.000000000000000000, 0.000000000000000000 ) ) ;
#156 = CC_DESIGN_PERSON_AND_ORGANIZATION_ASSIGNMENT ( #1167, #822, ( #2101 ) ) ;
#157 = CARTESIAN_POINT ( 'NONE',  ( -2.349999999999999645, -0.5000000000000001110, 3.000000000000000000 ) ) ;
#158 = DIRECTION ( 'NONE',  ( -0.5000000000000009992, -0.8660254037844381525, 0.000000000000000000 ) ) ;
#159 = EDGE_CURVE ( 'NONE', #987, #1580, #1376, .T. ) ;
#160 = VECTOR ( 'NONE', #547, 999.9999999999998863 ) ;
#161 = ORIENTED_EDGE ( 'NONE', *, *, #1758, .F. ) ;
#162 = VECTOR ( 'NONE', #1878, 1000.000000000000000 ) ;
#163 = CIRCLE ( 'NONE', #1634, 0.5000000000000000000 ) ;
#164 = ORIENTED_EDGE ( 'NONE', *, *, #910, .F. ) ;
#165 = DIRECTION ( 'NONE',  ( -1.224646799147353454E-16, 0.000000000000000000, -1.000000000000000000 ) ) ;
#166 = DIRECTION ( 'NONE',  ( -8.673617379884035472E-16, 0.000000000000000000, 1.000000000000000000 ) ) ;
#167 = VECTOR ( 'NONE', #1781, 1000.000000000000000 ) ;
#168 = DIRECTION ( 'NONE',  ( 0.000000000000000000, 0.000000000000000000, 1.000000000000000000 ) ) ;
#169 = DIRECTION ( 'NONE',  ( 0.5000000000000004441, 0.8660254037844384856, -0.000000000000000000 ) ) ;
#170 = CIRCLE ( 'NONE', #647, 0.5000000000000000000 ) ;
#171 = CARTESIAN_POINT ( 'NONE',  ( -1.849999999999999867, -1.499999999999999556, 3.500000000000000000 ) ) ;
#172 = AXIS2_PLACEMENT_3D ( 'NONE', #1653, #1944, #1139 ) ;
#173 = VERTEX_POINT ( 'NONE', #571 ) ;
#174 = EDGE_CURVE ( 'NONE', #976, #920, #889, .T. ) ;
#175 = ORIENTED_EDGE ( 'NONE', *, *, #1840, .T. ) ;
#176 = FACE_OUTER_BOUND ( 'NONE', #728, .T. ) ;
#177 = CYLINDRICAL_SURFACE ( 'NONE', #1950, 0.5000000000000005551 ) ;
#178 = CARTESIAN_POINT ( 'NONE',  ( 1.849999999999999867, -0.5000000000000002220, -3.500000000000000000 ) ) ;
#179 = CARTESIAN_POINT ( 'NONE',  ( -2.350000000000000089, -1.999999999999999556, 3.500000000000000000 ) ) ;
#180 = ORIENTED_EDGE ( 'NONE', *, *, #560, .T. ) ;
#181 = ORIENTED_EDGE ( 'NONE', *, *, #1145, .T. ) ;
#182 = EDGE_CURVE ( 'NONE', #620, #1290, #394, .T. ) ;
#183 = EDGE_CURVE ( 'NONE', #1870, #1702, #237, .T. ) ;
#184 = VECTOR ( 'NONE', #2059, 1000.000000000000000 ) ;
#185 = DIRECTION ( 'NONE',  ( 1.000000000000000000, 1.040834085586083310E-14, -8.673617379884027583E-16 ) ) ;
#186 = DATE_AND_TIME ( #1310, #1322 ) ;
#187 = APPROVAL_PERSON_ORGANIZATION ( #1345, #440, #837 ) ;
#188 = CARTESIAN_POINT ( 'NONE',  ( -5.651923788646670666, -3.263139720814413280, 3.500000000000000000 ) ) ;
#189 = VERTEX_POINT ( 'NONE', #751 ) ;
#190 = DIRECTION ( 'NONE',  ( 9.227252531791526626E-17, 1.000000000000000000, -0.000000000000000000 ) ) ;
#191 = ORIENTED_EDGE ( 'NONE', *, *, #314, .T. ) ;
#192 = VECTOR ( 'NONE', #1229, 1000.000000000000000 ) ;
#193 = EDGE_CURVE ( 'NONE', #189, #1994, #733, .T. ) ;
#194 = PLANE ( 'NONE',  #919 ) ;
#195 = DIRECTION ( 'NONE',  ( 1.000000000000000000, 0.000000000000000000, 0.000000000000000000 ) ) ;
#196 = VECTOR ( 'NONE', #526, 1000.000000000000000 ) ;
#197 = DIRECTION ( 'NONE',  ( 0.000000000000000000, 0.000000000000000000, 1.000000000000000000 ) ) ;
#198 = CARTESIAN_POINT ( 'NONE',  ( -11.00000000000000000, -1.000000000000003109, -3.000000000000000000 ) ) ;
#199 = EDGE_LOOP ( 'NONE', ( #813, #470, #378, #868 ) ) ;
#200 = AXIS2_PLACEMENT_3D ( 'NONE', #65, #115, #719 ) ;
#201 = AXIS2_PLACEMENT_3D ( 'NONE', #1819, #1156, #166 ) ;
#202 = ORIENTED_EDGE ( 'NONE', *, *, #130, .T. ) ;
#203 = PLANE ( 'NONE',  #764 ) ;
#204 = EDGE_CURVE ( 'NONE', #1409, #1301, #897, .T. ) ;
#205 = DIRECTION ( 'NONE',  ( 0.000000000000000000, 8.673617379884035472E-16, -1.000000000000000000 ) ) ;
#206 = DIRECTION ( 'NONE',  ( 0.8660254037844381525, -0.5000000000000009992, 0.000000000000000000 ) ) ;
#207 = DIRECTION ( 'NONE',  ( 1.000000000000000000, 0.000000000000000000, -8.673617379884027583E-16 ) ) ;
#208 = EDGE_LOOP ( 'NONE', ( #825, #1598, #1607, #909 ) ) ;
#209 = CARTESIAN_POINT ( 'NONE',  ( -2.849999999999999645, 0.4999999999999997780, 3.500000000000000000 ) ) ;
#210 = DIRECTION ( 'NONE',  ( -1.000000000000000000, -0.000000000000000000, 0.000000000000000000 ) ) ;
#211 = ADVANCED_FACE ( 'NONE', ( #419 ), #1072, .F. ) ;
#212 = CARTESIAN_POINT ( 'NONE',  ( 1.849999999999999867, -1.500000000000000000, -3.000000000000000444 ) ) ;
#213 = VECTOR ( 'NONE', #944, 1000.000000000000000 ) ;
#214 = LINE ( 'NONE', #63, #529 ) ;
#215 = CARTESIAN_POINT ( 'NONE',  ( -2.350000000000000089, -1.999999999999999556, 3.500000000000000000 ) ) ;
#216 = EDGE_CURVE ( 'NONE', #51, #1488, #46, .T. ) ;
#217 = DIRECTION ( 'NONE',  ( 1.000000000000000000, 0.000000000000000000, -1.224646799147353207E-16 ) ) ;
#219 = EDGE_LOOP ( 'NONE', ( #1401, #1389, #589, #1844 ) ) ;
#218 = VERTEX_POINT ( 'NONE', #1748 ) ;
#220 = CARTESIAN_POINT ( 'NONE',  ( -2.250078936773306282, -1.802094168714316380, -0.6993240912564473444 ) ) ;
#221 = AXIS2_PLACEMENT_3D ( 'NONE', #561, #385, #1367 ) ;
#222 = DIRECTION ( 'NONE',  ( 0.000000000000000000, 0.000000000000000000, -1.000000000000000000 ) ) ;
#223 = DIRECTION ( 'NONE',  ( -1.000000000000000000, 0.000000000000000000, 0.000000000000000000 ) ) ;
#224 = AXIS2_PLACEMENT_3D ( 'NONE', #2085, #1741, #923 ) ;
#225 = LINE ( 'NONE', #863, #773 ) ;
#226 = DIRECTION ( 'NONE',  ( 0.000000000000000000, -1.000000000000000000, 0.000000000000000000 ) ) ;
#227 = AXIS2_PLACEMENT_3D ( 'NONE', #1687, #1356, #1956 ) ;
#228 = AXIS2_PLACEMENT_3D ( 'NONE', #930, #1421, #1583 ) ;
#229 = EDGE_CURVE ( 'NONE', #767, #350, #2088, .T. ) ;
#230 = CARTESIAN_POINT ( 'NONE',  ( 1.849999999999999867, -2.000000000000000000, -3.000000000000000444 ) ) ;
#231 = AXIS2_PLACEMENT_3D ( 'NONE', #1707, #726, #570 ) ;
#232 = ORIENTED_EDGE ( 'NONE', *, *, #1118, .F. ) ;
#233 = DIRECTION ( 'NONE',  ( -2.168404344971009361E-16, -1.000000000000000000, 0.000000000000000000 ) ) ;
#234 = CARTESIAN_POINT ( 'NONE',  ( -11.00000000000000000, 4.999999999999999112, 3.000000000000000444 ) ) ;
#235 = CARTESIAN_POINT ( 'NONE',  ( -1.849999999999999645, 4.011548038196366406E-16, 3.500000000000000000 ) ) ;
#236 = DIRECTION ( 'NONE',  ( -1.000000000000000000, -0.000000000000000000, -0.000000000000000000 ) ) ;
#237 = LINE ( 'NONE', #912, #162 ) ;
#238 = DIRECTION ( 'NONE',  ( -0.000000000000000000, 0.000000000000000000, -1.000000000000000000 ) ) ;
#239 = ADVANCED_FACE ( 'NONE', ( #1464 ), #591, .F. ) ;
#241 = VERTEX_POINT ( 'NONE', #157 ) ;
#240 = ORIENTED_EDGE ( 'NONE', *, *, #865, .T. ) ;
#242 = ADVANCED_FACE ( 'NONE', ( #111 ), #1971, .T. ) ;
#243 = LINE ( 'NONE', #1738, #248 ) ;
#244 = DIRECTION ( 'NONE',  ( -1.000000000000000000, -0.000000000000000000, -0.000000000000000000 ) ) ;
#245 = DIRECTION ( 'NONE',  ( -2.168404344971009361E-16, -1.000000000000000000, 0.000000000000000000 ) ) ;
#246 = ORIENTED_EDGE ( 'NONE', *, *, #1341, .F. ) ;
#247 = CARTESIAN_POINT ( 'NONE',  ( -6.000000000000000000, 4.999999999999999112, 3.500000000000000000 ) ) ;
#248 = VECTOR ( 'NONE', #1255, 1000.000000000000000 ) ;
#249 = ORIENTED_EDGE ( 'NONE', *, *, #1584, .F. ) ;
#250 = DIRECTION ( 'NONE',  ( -1.000000000000000000, 0.000000000000000000, 0.000000000000000000 ) ) ;
#251 = ORIENTED_EDGE ( 'NONE', *, *, #1454, .F. ) ;
#252 = DIRECTION ( 'NONE',  ( -0.8660254037844383745, 0.5000000000000003331, 0.000000000000000000 ) ) ;
#253 = EDGE_CURVE ( 'NONE', #2090, #1044, #138, .T. ) ;
#254 = CYLINDRICAL_SURFACE ( 'NONE', #259, 0.5000000000000000000 ) ;
#255 = CARTESIAN_POINT ( 'NONE',  ( 5.500000000000000000, 0.4999999999999993339, -3.000000000000000000 ) ) ;
#256 = AXIS2_PLACEMENT_3D ( 'NONE', #384, #1852, #559 ) ;
#257 = ORIENTED_EDGE ( 'NONE', *, *, #1974, .T. ) ;
#258 = DIRECTION ( 'NONE',  ( 2.168404344971008868E-16, -1.000000000000000000, -0.000000000000000000 ) ) ;
#259 = AXIS2_PLACEMENT_3D ( 'NONE', #1058, #390, #1530 ) ;
#260 = DIRECTION ( 'NONE',  ( 0.000000000000000000, 0.000000000000000000, 1.000000000000000000 ) ) ;
#261 = ORIENTED_EDGE ( 'NONE', *, *, #2070, .T. ) ;
#262 = LINE ( 'NONE', #766, #574 ) ;
#263 = CIRCLE ( 'NONE', #1871, 0.5000000000000000000 ) ;
#265 = EDGE_LOOP ( 'NONE', ( #1678, #1268, #472 ) ) ;
#264 = ORIENTED_EDGE ( 'NONE', *, *, #856, .T. ) ;
#266 = CIRCLE ( 'NONE', #1810, 0.5000000000000004441 ) ;
#267 = CARTESIAN_POINT ( 'NONE',  ( -1.384087879768728871E-16, -1.499999999999999778, 3.000000000000000000 ) ) ;
#268 = AXIS2_PLACEMENT_3D ( 'NONE', #1872, #1848, #389 ) ;
#269 = CARTESIAN_POINT ( 'NONE',  ( -10.13397459621555896, -0.5000000000000012212, 3.500000000000000000 ) ) ;
#270 = LINE ( 'NONE', #1578, #2040 ) ;
#271 = ADVANCED_FACE ( 'NONE', ( #800 ), #788, .F. ) ;
#272 = CARTESIAN_POINT ( 'NONE',  ( 2.299999999999999822, -1.717944947177033832, 1.238946738172644676E-13 ) ) ;
#273 = ORIENTED_EDGE ( 'NONE', *, *, #533, .T. ) ;
#274 = EDGE_LOOP ( 'NONE', ( #794, #827, #125, #1970 ) ) ;
#275 = DIRECTION ( 'NONE',  ( 0.000000000000000000, 4.336808689942017736E-16, -1.000000000000000000 ) ) ;
#276 = DIRECTION ( 'NONE',  ( 1.000000000000000000, 0.000000000000000000, 0.000000000000000000 ) ) ;
#277 = EDGE_CURVE ( 'NONE', #1952, #2016, #1802, .T. ) ;
#278 = ORIENTED_EDGE ( 'NONE', *, *, #866, .F. ) ;
#279 = DIRECTION ( 'NONE',  ( 0.5000000000000009992, -0.8660254037844380415, 0.000000000000000000 ) ) ;
#280 = ORIENTED_EDGE ( 'NONE', *, *, #768, .T. ) ;
#281 = DIRECTION ( 'NONE',  ( -0.8660254037844385966, -0.5000000000000000000, 0.000000000000000000 ) ) ;
#282 = DIRECTION ( 'NONE',  ( 1.000000000000000000, 0.000000000000000000, 0.000000000000000000 ) ) ;
#283 = DIRECTION ( 'NONE',  ( 1.000000000000000000, -0.000000000000000000, 0.000000000000000000 ) ) ;
#284 = ORIENTED_EDGE ( 'NONE', *, *, #2045, .T. ) ;
#285 = CARTESIAN_POINT ( 'NONE',  ( -8.979274057836304834, 2.499999999999999112, 3.000000000000000000 ) ) ;
#286 = EDGE_CURVE ( 'NONE', #316, #109, #812, .T. ) ;
#287 = DIRECTION ( 'NONE',  ( 0.000000000000000000, 0.000000000000000000, -1.000000000000000000 ) ) ;
#288 = CIRCLE ( 'NONE', #1111, 0.5000000000000004441 ) ;
#289 = ADVANCED_FACE ( 'NONE', ( #1769 ), #1440, .T. ) ;
#290 = LINE ( 'NONE', #1267, #845 ) ;
#291 = ORIENTED_EDGE ( 'NONE', *, *, #1962, .T. ) ;
#292 = CC_DESIGN_APPROVAL ( #1201, ( #1114 ) ) ;
#293 = DIRECTION ( 'NONE',  ( -0.000000000000000000, -0.000000000000000000, 1.000000000000000000 ) ) ;
#294 = ORIENTED_EDGE ( 'NONE', *, *, #18, .F. ) ;
#295 = DIRECTION ( 'NONE',  ( 0.000000000000000000, 0.000000000000000000, 1.000000000000000000 ) ) ;
#296 = CARTESIAN_POINT ( 'NONE',  ( -1.850000000000000089, -2.000000000000000000, 2.034698994937580441 ) ) ;
#297 = CARTESIAN_POINT ( 'NONE',  ( 2.144659980808270472, -1.907207860719813963, 1.207492024487830218 ) ) ;
#298 = DIRECTION ( 'NONE',  ( 0.000000000000000000, 1.000000000000000000, 0.000000000000000000 ) ) ;
#299 = DIRECTION ( 'NONE',  ( -9.227252531791526626E-17, -1.000000000000000000, 0.000000000000000000 ) ) ;
#300 = EDGE_LOOP ( 'NONE', ( #23, #1670, #616, #410 ) ) ;
#301 = ORIENTED_EDGE ( 'NONE', *, *, #1865, .F. ) ;
#302 = AXIS2_PLACEMENT_3D ( 'NONE', #854, #169, #1311 ) ;
#303 = ADVANCED_FACE ( 'NONE', ( #637 ), #763, .T. ) ;
#304 = SPHERICAL_SURFACE ( 'NONE', #1991, 0.5000000000000000000 ) ;
#305 = ORIENTED_EDGE ( 'NONE', *, *, #986, .T. ) ;
#306 = AXIS2_PLACEMENT_3D ( 'NONE', #965, #150, #1453 ) ;
#307 = VECTOR ( 'NONE', #1990, 1000.000000000000000 ) ;
#308 = FACE_OUTER_BOUND ( 'NONE', #122, .T. ) ;
#309 = CARTESIAN_POINT ( 'NONE',  ( 2.289601524382571363, -1.740986601663603306, -0.3541841027012598286 ) ) ;
#310 = DIRECTION ( 'NONE',  ( 0.000000000000000000, -0.000000000000000000, -1.000000000000000000 ) ) ;
#311 = ORIENTED_EDGE ( 'NONE', *, *, #722, .F. ) ;
#312 = EDGE_LOOP ( 'NONE', ( #581, #757, #1174, #401 ) ) ;
#313 = ORIENTED_EDGE ( 'NONE', *, *, #573, .F. ) ;
#314 = EDGE_CURVE ( 'NONE', #316, #1044, #1902, .T. ) ;
#315 = CARTESIAN_POINT ( 'NONE',  ( -2.849999999999999645, -0.5000000000000000000, -3.000000000000000444 ) ) ;
#316 = VERTEX_POINT ( 'NONE', #457 ) ;
#317 = CARTESIAN_POINT ( 'NONE',  ( -2.350000000000000089, -1.499999999999999556, -3.500000000000000000 ) ) ;
#318 = EDGE_CURVE ( 'NONE', #1406, #1107, #1596, .T. ) ;
#319 = DIRECTION ( 'NONE',  ( 0.5000000000000009992, -0.8660254037844381525, 0.000000000000000000 ) ) ;
#320 = DIRECTION ( 'NONE',  ( -1.000000000000000000, 0.000000000000000000, 0.000000000000000000 ) ) ;
#321 = FACE_OUTER_BOUND ( 'NONE', #1280, .T. ) ;
#322 = ORIENTED_EDGE ( 'NONE', *, *, #2115, .T. ) ;
#323 = EDGE_LOOP ( 'NONE', ( #2055, #1786, #1479, #291 ) ) ;
#324 = LINE ( 'NONE', #1524, #1868 ) ;
#325 = DIRECTION ( 'NONE',  ( -0.5000000000000009992, 0.8660254037844380415, 0.000000000000000000 ) ) ;
#326 = APPLICATION_PROTOCOL_DEFINITION ( 'international standard', 'config_control_design', 1994, #1931 ) ;
#327 = EDGE_CURVE ( 'NONE', #882, #987, #1581, .T. ) ;
#328 = DIRECTION ( 'NONE',  ( -1.000000000000000000, 2.168404344971009361E-16, 0.000000000000000000 ) ) ;
#329 = DIRECTION ( 'NONE',  ( 0.000000000000000000, 0.000000000000000000, -1.000000000000000000 ) ) ;
#330 = VERTEX_POINT ( 'NONE', #602 ) ;
#331 = EDGE_LOOP ( 'NONE', ( #1000, #1002, #313 ) ) ;
#332 = TOROIDAL_SURFACE ( 'NONE', #429, 1.000000000000000000, 0.5000000000000000000 ) ;
#333 = AXIS2_PLACEMENT_3D ( 'NONE', #1787, #97, #1138 ) ;
#334 = CARTESIAN_POINT ( 'NONE',  ( -10.13397459621555896, 4.499999999999999112, 3.000000000000000000 ) ) ;
#335 = CARTESIAN_POINT ( 'NONE',  ( -10.56698729810778126, 5.249999999999999112, -3.500000000000000000 ) ) ;
#336 = AXIS2_PLACEMENT_3D ( 'NONE', #103, #1720, #1558 ) ;
#337 = EDGE_LOOP ( 'NONE', ( #945, #1343, #1792, #7 ) ) ;
#338 = DIRECTION ( 'NONE',  ( 0.8660254037844385966, 0.5000000000000000000, 8.673617379884027583E-16 ) ) ;
#339 = VECTOR ( 'NONE', #760, 1000.000000000000000 ) ;
#340 = ADVANCED_FACE ( 'NONE', ( #1778 ), #332, .T. ) ;
#341 = DIRECTION ( 'NONE',  ( -1.000000000000000000, 0.000000000000000000, 0.000000000000000000 ) ) ;
#342 = AXIS2_PLACEMENT_3D ( 'NONE', #507, #980, #185 ) ;
#343 = EDGE_CURVE ( 'NONE', #218, #189, #1864, .T. ) ;
#344 = EDGE_LOOP ( 'NONE', ( #33, #1955, #1722, #2102 ) ) ;
#345 = ORIENTED_EDGE ( 'NONE', *, *, #1437, .T. ) ;
#346 = PLANE ( 'NONE',  #1135 ) ;
#347 = PERSON_AND_ORGANIZATION ( #1734, #13 ) ;
#348 = FACE_OUTER_BOUND ( 'NONE', #780, .T. ) ;
#349 = DIRECTION ( 'NONE',  ( 0.000000000000000000, 0.000000000000000000, 1.000000000000000000 ) ) ;
#350 = VERTEX_POINT ( 'NONE', #446 ) ;
#351 = ADVANCED_FACE ( 'NONE', ( #1100 ), #823, .T. ) ;
#352 = CARTESIAN_POINT ( 'NONE',  ( 6.000000000000000000, -6.379211070675434126E-16, 3.000000000000000000 ) ) ;
#353 = DATE_TIME_ROLE ( 'creation_date' ) ;
#354 = ORIENTED_EDGE ( 'NONE', *, *, #229, .F. ) ;
#355 = CYLINDRICAL_SURFACE ( 'NONE', #2000, 2.250000000000000000 ) ;
#356 = CARTESIAN_POINT ( 'NONE',  ( -9.412286759728523577, 1.749999999999998668, -3.500000000000000000 ) ) ;
#357 = ORIENTED_EDGE ( 'NONE', *, *, #216, .T. ) ;
#358 = EDGE_CURVE ( 'NONE', #1580, #1488, #1675, .T. ) ;
#359 = ORIENTED_EDGE ( 'NONE', *, *, #216, .F. ) ;
#360 = AXIS2_PLACEMENT_3D ( 'NONE', #1319, #687, #205 ) ;
#361 = DIRECTION ( 'NONE',  ( -1.000000000000000000, 1.747729060459022802E-16, -0.000000000000000000 ) ) ;
#362 = SHAPE_DEFINITION_REPRESENTATION ( #1291, #835 ) ;
#363 = VECTOR ( 'NONE', #1294, 1000.000000000000000 ) ;
#364 = CIRCLE ( 'NONE', #26, 0.5000000000000000000 ) ;
#365 = LINE ( 'NONE', #704, #1022 ) ;
#366 = AXIS2_PLACEMENT_3D ( 'NONE', #1432, #753, #801 ) ;
#367 = CIRCLE ( 'NONE', #709, 0.5000000000000000000 ) ;
#368 = DIRECTION ( 'NONE',  ( -1.001543065824772162E-15, 0.000000000000000000, -1.000000000000000000 ) ) ;
#369 = EDGE_LOOP ( 'NONE', ( #593, #1518, #745, #44 ) ) ;
#370 = CC_DESIGN_PERSON_AND_ORGANIZATION_ASSIGNMENT ( #660, #517, ( #558 ) ) ;
#371 = CARTESIAN_POINT ( 'NONE',  ( -2.144982202898919610, -1.906917353955623451, -1.206052280876050542 ) ) ;
#372 = ADVANCED_FACE ( 'NONE', ( #1329 ), #2110, .T. ) ;
#373 = CARTESIAN_POINT ( 'NONE',  ( 5.500000000000000000, -6.379211070675434126E-16, -3.500000000000000000 ) ) ;
#374 = FACE_OUTER_BOUND ( 'NONE', #337, .T. ) ;
#375 = EDGE_LOOP ( 'NONE', ( #492, #921, #2047, #354 ) ) ;
#376 = CARTESIAN_POINT ( 'NONE',  ( -9.412286759728523577, 2.249999999999998668, -3.000000000000000000 ) ) ;
#377 = CARTESIAN_POINT ( 'NONE',  ( -9.845299461620744097, 1.999999999999998668, -3.000000000000000000 ) ) ;
#378 = ORIENTED_EDGE ( 'NONE', *, *, #1341, .T. ) ;
#379 = CARTESIAN_POINT ( 'NONE',  ( -7.383974596215550967, 4.263139720814416833, -3.000000000000000000 ) ) ;
#380 = AXIS2_PLACEMENT_3D ( 'NONE', #1057, #1785, #2093 ) ;
#381 = FACE_OUTER_BOUND ( 'NONE', #762, .T. ) ;
#382 = FACE_OUTER_BOUND ( 'NONE', #1514, .T. ) ;
#383 = ADVANCED_FACE ( 'NONE', ( #15 ), #1816, .T. ) ;
#384 = CARTESIAN_POINT ( 'NONE',  ( 1.849999999999999867, -1.500000000000000000, 3.500000000000000000 ) ) ;
#385 = DIRECTION ( 'NONE',  ( 0.000000000000000000, 0.000000000000000000, -1.000000000000000000 ) ) ;
#386 = FACE_OUTER_BOUND ( 'NONE', #838, .T. ) ;
#388 = VERTEX_POINT ( 'NONE', #178 ) ;
#387 = VERTEX_POINT ( 'NONE', #829 ) ;
#389 = DIRECTION ( 'NONE',  ( -1.000000000000000000, 0.000000000000000000, 0.000000000000000000 ) ) ;
#390 = DIRECTION ( 'NONE',  ( -1.000000000000000000, -1.747729060459023048E-16, 0.000000000000000000 ) ) ;
#391 = DIRECTION ( 'NONE',  ( -1.000000000000000000, 0.000000000000000000, 0.000000000000000000 ) ) ;
#392 = VECTOR ( 'NONE', #906, 1000.000000000000000 ) ;
#393 = ORIENTED_EDGE ( 'NONE', *, *, #1895, .F. ) ;
#394 = LINE ( 'NONE', #1053, #192 ) ;
#395 = TOROIDAL_SURFACE ( 'NONE', #24, 1.000000000000000000, 0.5000000000000000000 ) ;
#396 = ADVANCED_FACE ( 'NONE', ( #490 ), #1339, .T. ) ;
#397 = CIRCLE ( 'NONE', #645, 0.5000000000000004441 ) ;
#398 = EDGE_CURVE ( 'NONE', #673, #633, #1355, .T. ) ;
#399 = DIRECTION ( 'NONE',  ( -1.000000000000000000, 0.000000000000000000, 0.000000000000000000 ) ) ;
#400 = VECTOR ( 'NONE', #1404, 1000.000000000000000 ) ;
#402 = ORIENTED_EDGE ( 'NONE', *, *, #554, .T. ) ;
#401 = ORIENTED_EDGE ( 'NONE', *, *, #1938, .F. ) ;
#403 = CARTESIAN_POINT ( 'NONE',  ( -8.979274057836306611, 2.499999999999998224, -3.500000000000000000 ) ) ;
#404 = FACE_OUTER_BOUND ( 'NONE', #219, .T. ) ;
#405 = VERTEX_POINT ( 'NONE', #1958 ) ;
#406 = CARTESIAN_POINT ( 'NONE',  ( -7.500000000000000000, -0.5000000000000007772, 3.500000000000000444 ) ) ;
#407 = CARTESIAN_POINT ( 'NONE',  ( -7.500000000000000000, -0.5000000000000007772, 3.500000000000000000 ) ) ;
#408 = ORIENTED_EDGE ( 'NONE', *, *, #1840, .F. ) ;
#409 = CARTESIAN_POINT ( 'NONE',  ( -2.349999999999999645, -0.5000000000000001110, -3.500000000000000000 ) ) ;
#411 = ORIENTED_EDGE ( 'NONE', *, *, #1018, .T. ) ;
#410 = ORIENTED_EDGE ( 'NONE', *, *, #277, .F. ) ;
#412 = ADVANCED_FACE ( 'NONE', ( #348 ), #1967, .T. ) ;
#413 = FACE_OUTER_BOUND ( 'NONE', #2037, .T. ) ;
#414 = CARTESIAN_POINT ( 'NONE',  ( -10.13397459621555896, 4.499999999999999112, -3.500000000000000000 ) ) ;
#415 = ORIENTED_EDGE ( 'NONE', *, *, #474, .T. ) ;
#416 = LINE ( 'NONE', #772, #2111 ) ;
#417 = ORIENTED_EDGE ( 'NONE', *, *, #318, .T. ) ;
#418 = ORIENTED_EDGE ( 'NONE', *, *, #79, .T. ) ;
#419 = FACE_OUTER_BOUND ( 'NONE', #1247, .T. ) ;
#420 = DIRECTION ( 'NONE',  ( -0.000000000000000000, 0.000000000000000000, 1.000000000000000000 ) ) ;
#421 = CARTESIAN_POINT ( 'NONE',  ( 5.500000000000000000, 4.499999999999999112, -3.000000000000000000 ) ) ;
#422 = EDGE_LOOP ( 'NONE', ( #1056, #989 ) ) ;
#423 = ADVANCED_FACE ( 'NONE', ( #1151 ), #500, .T. ) ;
#424 = FACE_OUTER_BOUND ( 'NONE', #331, .T. ) ;
#425 = FACE_OUTER_BOUND ( 'NONE', #1926, .T. ) ;
#426 = EDGE_CURVE ( 'NONE', #1783, #116, #2034, .T. ) ;
#427 = CARTESIAN_POINT ( 'NONE',  ( -2.250442291811939999, -1.801594049946291687, 0.6968691403491209524 ) ) ;
#428 = CARTESIAN_POINT ( 'NONE',  ( 5.500000000000000000, 4.499999999999999112, -3.500000000000000000 ) ) ;
#429 = AXIS2_PLACEMENT_3D ( 'NONE', #964, #1141, #973 ) ;
#430 = ORIENTED_EDGE ( 'NONE', *, *, #1825, .F. ) ;
#431 = ORIENTED_EDGE ( 'NONE', *, *, #1191, .T. ) ;
#432 = DIRECTION ( 'NONE',  ( -4.336808689942017736E-16, 1.000000000000000000, -0.000000000000000000 ) ) ;
#433 = DIRECTION ( 'NONE',  ( 0.000000000000000000, 0.000000000000000000, -1.000000000000000000 ) ) ;
#434 = AXIS2_PLACEMENT_3D ( 'NONE', #1796, #2106, #710 ) ;
#435 = CARTESIAN_POINT ( 'NONE',  ( -9.267949192431117922, 1.999999999999999556, -3.000000000000000000 ) ) ;
#436 = CIRCLE ( 'NONE', #1639, 0.5000000000000000000 ) ;
#437 = ORIENTED_EDGE ( 'NONE', *, *, #1399, .F. ) ;
#438 = DIRECTION ( 'NONE',  ( -1.000000000000000000, -0.000000000000000000, -0.000000000000000000 ) ) ;
#439 = AXIS2_PLACEMENT_3D ( 'NONE', #45, #1828, #1048 ) ;
#440 = APPROVAL ( #1182, 'UNSPECIFIED' ) ;
#441 = DIRECTION ( 'NONE',  ( -0.000000000000000000, -0.000000000000000000, 1.000000000000000000 ) ) ;
#442 = CARTESIAN_POINT ( 'NONE',  ( -8.499999999999998224, -0.5000000000000009992, -4.212899870229389221E-15 ) ) ;
#443 = DIRECTION ( 'NONE',  ( -1.000000000000000000, 0.000000000000000000, 0.000000000000000000 ) ) ;
#444 = EDGE_CURVE ( 'NONE', #1717, #673, #682, .T. ) ;
#445 = EDGE_LOOP ( 'NONE', ( #631, #1560, #1457 ) ) ;
#446 = CARTESIAN_POINT ( 'NONE',  ( -10.56698729810777770, 4.249999999999997335, -3.000000000000000000 ) ) ;
#447 = DIRECTION ( 'NONE',  ( 3.469446951953614189E-15, 0.000000000000000000, 1.000000000000000000 ) ) ;
#448 = CARTESIAN_POINT ( 'NONE',  ( -2.250000000000000000, -1.499999999999999556, 0.000000000000000000 ) ) ;
#449 = ORIENTED_EDGE ( 'NONE', *, *, #1510, .T. ) ;
#450 = CARTESIAN_POINT ( 'NONE',  ( -8.979274057836306611, 1.499999999999999112, -3.000000000000000000 ) ) ;
#451 = VERTEX_POINT ( 'NONE', #518 ) ;
#452 = CARTESIAN_POINT ( 'NONE',  ( 5.500000000000000000, 4.499999999999999112, 3.000000000000000000 ) ) ;
#453 = CARTESIAN_POINT ( 'NONE',  ( -1.849999999999999867, -0.5000000000000002220, 3.500000000000000000 ) ) ;
#454 = DIRECTION ( 'NONE',  ( -4.956352788505164254E-16, -5.903959774350367068E-32, 1.000000000000000000 ) ) ;
#455 = ORIENTED_EDGE ( 'NONE', *, *, #1030, .T. ) ;
#456 = EDGE_LOOP ( 'NONE', ( #957, #278, #251, #142 ) ) ;
#457 = CARTESIAN_POINT ( 'NONE',  ( 2.350000000000000089, -1.499999999999999778, -3.000000000000000444 ) ) ;
#458 = EDGE_CURVE ( 'NONE', #2090, #1406, #1561, .T. ) ;
#459 = DIRECTION ( 'NONE',  ( 0.000000000000000000, 1.000000000000000000, 0.000000000000000000 ) ) ;
#460 = ORIENTED_EDGE ( 'NONE', *, *, #1510, .F. ) ;
#461 = AXIS2_PLACEMENT_3D ( 'NONE', #315, #1136, #1610 ) ;
#462 = ORIENTED_EDGE ( 'NONE', *, *, #1370, .F. ) ;
#463 = LOCAL_TIME ( 11, 10, 3.000000000000000000, #1829 ) ;
#464 = DIRECTION ( 'NONE',  ( 0.000000000000000000, -0.000000000000000000, -1.000000000000000000 ) ) ;
#465 = CARTESIAN_POINT ( 'NONE',  ( 1.850000000000000089, -1.500000000000000000, 3.000000000000000000 ) ) ;
#466 = CARTESIAN_POINT ( 'NONE',  ( -2.299999999999995381, -1.717944947177044046, 0.1780240874690090513 ) ) ;
#467 = FACE_OUTER_BOUND ( 'NONE', #274, .T. ) ;
#468 = DIRECTION ( 'NONE',  ( -4.336808689942018229E-16, -1.000000000000000000, -4.336808689942023652E-16 ) ) ;
#469 = DIRECTION ( 'NONE',  ( -1.000000000000000000, 0.000000000000000000, 0.000000000000000000 ) ) ;
#470 = ORIENTED_EDGE ( 'NONE', *, *, #444, .T. ) ;
#471 = ADVANCED_FACE ( 'NONE', ( #1822 ), #355, .F. ) ;
#472 = ORIENTED_EDGE ( 'NONE', *, *, #521, .T. ) ;
#473 = CIRCLE ( 'NONE', #505, 0.5000000000000000000 ) ;
#474 = EDGE_CURVE ( 'NONE', #1086, #1717, #776, .T. ) ;
#475 = AXIS2_PLACEMENT_3D ( 'NONE', #421, #742, #1219 ) ;
#476 = DIRECTION ( 'NONE',  ( 0.000000000000000000, 0.000000000000000000, -1.000000000000000000 ) ) ;
#477 = ORIENTED_EDGE ( 'NONE', *, *, #1242, .F. ) ;
#478 = CIRCLE ( 'NONE', #1190, 0.5000000000000000000 ) ;
#479 = DIRECTION ( 'NONE',  ( -0.000000000000000000, 1.000000000000000000, -0.000000000000000000 ) ) ;
#480 = CIRCLE ( 'NONE', #1227, 2.750000000000000000 ) ;
#481 = DIRECTION ( 'NONE',  ( -1.000000000000000000, 0.000000000000000000, 0.000000000000000000 ) ) ;
#482 = DIRECTION ( 'NONE',  ( 0.000000000000000000, 0.000000000000000000, -1.000000000000000000 ) ) ;
#483 = DIRECTION ( 'NONE',  ( -1.747729060459023048E-16, 1.000000000000000000, 0.000000000000000000 ) ) ;
#484 = CARTESIAN_POINT ( 'NONE',  ( 6.000000000000000000, 0.4999999999999993339, -3.000000000000000444 ) ) ;
#485 = ORIENTED_EDGE ( 'NONE', *, *, #1795, .T. ) ;
#486 = EDGE_CURVE ( 'NONE', #1433, #189, #1346, .T. ) ;
#487 = ORIENTED_EDGE ( 'NONE', *, *, #2031, .T. ) ;
#488 = DIRECTION ( 'NONE',  ( 0.000000000000000000, 0.000000000000000000, 1.000000000000000000 ) ) ;
#489 = CYLINDRICAL_SURFACE ( 'NONE', #59, 0.5000000000000004441 ) ;
#490 = FACE_OUTER_BOUND ( 'NONE', #456, .T. ) ;
#491 = DIRECTION ( 'NONE',  ( -1.000000000000000000, 1.747729060459022802E-16, 0.000000000000000000 ) ) ;
#492 = ORIENTED_EDGE ( 'NONE', *, *, #1724, .T. ) ;
#493 = ORIENTED_EDGE ( 'NONE', *, *, #1337, .F. ) ;
#494 = AXIS2_PLACEMENT_3D ( 'NONE', #1281, #1066, #758 ) ;
#495 = EDGE_CURVE ( 'NONE', #1994, #1033, #1183, .T. ) ;
#496 = CARTESIAN_POINT ( 'NONE',  ( -2.849999999999999645, -0.5000000000000000000, -3.000000000000000444 ) ) ;
#497 = DIRECTION ( 'NONE',  ( 0.5000000000000009992, 0.8660254037844381525, 0.000000000000000000 ) ) ;
#498 = APPROVAL_DATE_TIME ( #1980, #440 ) ;
#499 = ADVANCED_FACE ( 'NONE', ( #1998 ), #725, .T. ) ;
#500 = CYLINDRICAL_SURFACE ( 'NONE', #1496, 0.5000000000000000000 ) ;
#501 = CARTESIAN_POINT ( 'NONE',  ( -8.500000000000000000, -0.5000000000000009992, 3.000000000000000000 ) ) ;
#502 = ORIENTED_EDGE ( 'NONE', *, *, #986, .F. ) ;
#503 = ORIENTED_EDGE ( 'NONE', *, *, #1818, .F. ) ;
#504 = AXIS2_PLACEMENT_3D ( 'NONE', #285, #939, #1947 ) ;
#505 = AXIS2_PLACEMENT_3D ( 'NONE', #80, #1037, #222 ) ;
#506 = CIRCLE ( 'NONE', #1223, 0.5000000000000000000 ) ;
#507 = CARTESIAN_POINT ( 'NONE',  ( -10.13397459621555896, 4.499999999999999112, 3.000000000000000000 ) ) ;
#508 = CIRCLE ( 'NONE', #133, 0.5000000000000000000 ) ;
#509 = ADVANCED_FACE ( 'NONE', ( #404 ), #254, .T. ) ;
#510 = COORDINATED_UNIVERSAL_TIME_OFFSET ( 1, 0, .AHEAD. ) ;
#511 = ORIENTED_EDGE ( 'NONE', *, *, #768, .F. ) ;
#512 = DIRECTION ( 'NONE',  ( 0.000000000000000000, -1.000000000000000000, 0.000000000000000000 ) ) ;
#513 = CIRCLE ( 'NONE', #1705, 0.5000000000000004441 ) ;
#514 = DIRECTION ( 'NONE',  ( 0.8660254037844380415, 0.5000000000000009992, 0.000000000000000000 ) ) ;
#515 = EDGE_CURVE ( 'NONE', #1409, #896, #641, .T. ) ;
#516 = CARTESIAN_POINT ( 'NONE',  ( 0.000000000000000000, -1.499999999999999778, 0.000000000000000000 ) ) ;
#517 = PERSON_AND_ORGANIZATION_ROLE ( 'creator' ) ;
#518 = CARTESIAN_POINT ( 'NONE',  ( -10.13397459621556074, -1.000000000000001332, -3.000000000000000000 ) ) ;
#519 = FACE_OUTER_BOUND ( 'NONE', #92, .T. ) ;
#520 = ORIENTED_EDGE ( 'NONE', *, *, #1974, .F. ) ;
#521 = EDGE_CURVE ( 'NONE', #1086, #451, #870, .T. ) ;
#522 = EDGE_LOOP ( 'NONE', ( #1534, #257, #104, #953 ) ) ;
#523 = AXIS2_PLACEMENT_3D ( 'NONE', #118, #1562, #95 ) ;
#524 = DIRECTION ( 'NONE',  ( 1.000000000000000000, 0.000000000000000000, 8.673617379884027583E-16 ) ) ;
#525 = APPROVAL_STATUS ( 'not_yet_approved' ) ;
#526 = DIRECTION ( 'NONE',  ( 4.956352788505164254E-16, 8.662361802357589286E-32, -1.000000000000000000 ) ) ;
#527 = PLANE ( 'NONE',  #649 ) ;
#528 = EDGE_CURVE ( 'NONE', #1731, #350, #905, .T. ) ;
#529 = VECTOR ( 'NONE', #1052, 1000.000000000000000 ) ;
#530 = CARTESIAN_POINT ( 'NONE',  ( 0.000000000000000000, 4.499999999999999112, 3.000000000000000000 ) ) ;
#531 = ORIENTED_EDGE ( 'NONE', *, *, #1860, .T. ) ;
#532 = AXIS2_PLACEMENT_3D ( 'NONE', #1207, #864, #1570 ) ;
#533 = EDGE_CURVE ( 'NONE', #51, #767, #1214, .T. ) ;
#534 = VECTOR ( 'NONE', #61, 1000.000000000000000 ) ;
#535 = FACE_OUTER_BOUND ( 'NONE', #1735, .T. ) ;
#536 = AXIS2_PLACEMENT_3D ( 'NONE', #1095, #946, #2049 ) ;
#537 = FACE_OUTER_BOUND ( 'NONE', #375, .T. ) ;
#538 = AXIS2_PLACEMENT_3D ( 'NONE', #1075, #918, #1574 ) ;
#539 = VERTEX_POINT ( 'NONE', #1715 ) ;
#540 = AXIS2_PLACEMENT_3D ( 'NONE', #255, #2086, #120 ) ;
#541 = DIRECTION ( 'NONE',  ( 7.523163845262633045E-31, 1.000000000000000000, 2.168404344971008868E-16 ) ) ;
#542 = VERTEX_POINT ( 'NONE', #47 ) ;
#543 = ADVANCED_FACE ( 'NONE', ( #381 ), #1383, .T. ) ;
#544 = CARTESIAN_POINT ( 'NONE',  ( -1.919982519244848529, -1.996159487334286053, -1.871616983968119374 ) ) ;
#545 = DIRECTION ( 'NONE',  ( 0.000000000000000000, 0.000000000000000000, -1.000000000000000000 ) ) ;
#546 = DIRECTION ( 'NONE',  ( 1.000000000000000000, 0.000000000000000000, 4.336808689942021680E-16 ) ) ;
#547 = DIRECTION ( 'NONE',  ( -0.5000000000000009992, -0.8660254037844381525, -0.000000000000000000 ) ) ;
#548 = DIRECTION ( 'NONE',  ( -0.000000000000000000, -0.000000000000000000, 1.000000000000000000 ) ) ;
#549 = DIRECTION ( 'NONE',  ( 0.000000000000000000, 0.000000000000000000, -1.000000000000000000 ) ) ;
#551 = EDGE_LOOP ( 'NONE', ( #1591, #916, #732, #1024 ) ) ;
#550 = ORIENTED_EDGE ( 'NONE', *, *, #174, .T. ) ;
#552 = B_SPLINE_CURVE_WITH_KNOTS ( 'NONE', 3,
 ( #600, #137, #1946, #147, #297, #1085, #636, #108, #1297, #1449 ),
 .UNSPECIFIED., .F., .F.,
 ( 4, 2, 2, 2, 4 ),
 ( -5.199139336321261261E-06, 0.0005243502182711600769, 0.001053899575878641283, 0.001583448933486122706, 0.002112998291093604129 ),
 .UNSPECIFIED. ) ;
#553 = CARTESIAN_POINT ( 'NONE',  ( -8.500000000000000000, -0.5000000000000011102, 3.000000000000000000 ) ) ;
#554 = EDGE_CURVE ( 'NONE', #1016, #241, #894, .T. ) ;
#555 = AXIS2_PLACEMENT_3D ( 'NONE', #1615, #761, #443 ) ;
#556 = CARTESIAN_POINT ( 'NONE',  ( -10.13397459621556074, -0.5000000000000012212, -3.000000000000000000 ) ) ;
#557 = FACE_OUTER_BOUND ( 'NONE', #1180, .T. ) ;
#558 = PRODUCT_DEFINITION_FORMATION_WITH_SPECIFIED_SOURCE ( 'ANY', '', #2101, .NOT_KNOWN. ) ;
#559 = DIRECTION ( 'NONE',  ( -1.000000000000000000, 0.000000000000000000, 0.000000000000000000 ) ) ;
#560 = EDGE_CURVE ( 'NONE', #1929, #969, #1391, .T. ) ;
#561 = CARTESIAN_POINT ( 'NONE',  ( -7.499999999999996447, -0.5000000000000007772, -3.000000000000000000 ) ) ;
#562 = DIRECTION ( 'NONE',  ( -1.000000000000000000, 0.000000000000000000, 0.000000000000000000 ) ) ;
#564 = VERTEX_POINT ( 'NONE', #1690 ) ;
#563 = VERTEX_POINT ( 'NONE', #1049 ) ;
#565 = CARTESIAN_POINT ( 'NONE',  ( -2.098033423757629912, -1.938345081515252977, -1.373306113225571501 ) ) ;
#566 = AXIS2_PLACEMENT_3D ( 'NONE', #1298, #1285, #1936 ) ;
#567 = LINE ( 'NONE', #735, #814 ) ;
#568 = ORIENTED_EDGE ( 'NONE', *, *, #1650, .T. ) ;
#569 = ADVANCED_FACE ( 'NONE', ( #715 ), #886, .F. ) ;
#570 = DIRECTION ( 'NONE',  ( -1.000000000000000000, 0.000000000000000000, 0.000000000000000000 ) ) ;
#571 = CARTESIAN_POINT ( 'NONE',  ( 5.500000000000000000, 4.999999999999999112, -3.000000000000000444 ) ) ;
#572 = CIRCLE ( 'NONE', #434, 2.250000000000000000 ) ;
#573 = EDGE_CURVE ( 'NONE', #1373, #405, #473, .T. ) ;
#574 = VECTOR ( 'NONE', #1711, 1000.000000000000000 ) ;
#575 = DIRECTION ( 'NONE',  ( 1.000000000000000000, 0.000000000000000000, -0.000000000000000000 ) ) ;
#576 = AXIS2_PLACEMENT_3D ( 'NONE', #1553, #48, #1351 ) ;
#578 = ORIENTED_EDGE ( 'NONE', *, *, #1191, .F. ) ;
#577 = ORIENTED_EDGE ( 'NONE', *, *, #183, .F. ) ;
#579 = DIRECTION ( 'NONE',  ( -4.336808689942017736E-16, -1.000000000000000000, -8.673617379884035472E-16 ) ) ;
#580 = DIRECTION ( 'NONE',  ( 1.000000000000000000, 0.000000000000000000, 0.000000000000000000 ) ) ;
#581 = ORIENTED_EDGE ( 'NONE', *, *, #277, .T. ) ;
#582 = DIRECTION ( 'NONE',  ( -1.000000000000000000, -1.191190382581906851E-16, 0.000000000000000000 ) ) ;
#583 = EDGE_CURVE ( 'NONE', #81, #1062, #21, .T. ) ;
#584 = DIRECTION ( 'NONE',  ( -1.000000000000000000, 0.000000000000000000, 0.000000000000000000 ) ) ;
#585 = ORIENTED_EDGE ( 'NONE', *, *, #1468, .T. ) ;
#586 = FACE_OUTER_BOUND ( 'NONE', #1099, .T. ) ;
#587 = CARTESIAN_POINT ( 'NONE',  ( -1.850000000000000089, -1.999999999999999556, 3.500000000000000000 ) ) ;
#588 = CARTESIAN_POINT ( 'NONE',  ( 2.349999999999999645, 0.4999999999999998890, -3.500000000000000000 ) ) ;
#589 = ORIENTED_EDGE ( 'NONE', *, *, #343, .F. ) ;
#590 = ORIENTED_EDGE ( 'NONE', *, *, #981, .F. ) ;
#591 = PLANE ( 'NONE',  #902 ) ;
#592 = CARTESIAN_POINT ( 'NONE',  ( -10.13397459621556074, -0.5000000000000011102, -3.500000000000000000 ) ) ;
#593 = ORIENTED_EDGE ( 'NONE', *, *, #1595, .T. ) ;
#594 = DIRECTION ( 'NONE',  ( 0.000000000000000000, 0.000000000000000000, -1.000000000000000000 ) ) ;
#595 = EDGE_CURVE ( 'NONE', #189, #67, #567, .T. ) ;
#596 = ORIENTED_EDGE ( 'NONE', *, *, #1985, .T. ) ;
#597 = EDGE_CURVE ( 'NONE', #2090, #1107, #163, .T. ) ;
#598 = CARTESIAN_POINT ( 'NONE',  ( 0.000000000000000000, 4.499999999999999112, 2.250000000000000000 ) ) ;
#599 = DIRECTION ( 'NONE',  ( -4.336808689942017736E-16, 1.000000000000000000, -1.880790961315660013E-31 ) ) ;
#600 = CARTESIAN_POINT ( 'NONE',  ( 1.849999999999999645, -2.000000000000000000, 2.034698994937580885 ) ) ;
#601 = AXIS2_PLACEMENT_3D ( 'NONE', #1087, #483, #1126 ) ;
#602 = CARTESIAN_POINT ( 'NONE',  ( -9.412286759728523577, 1.749999999999998890, 3.000000000000000444 ) ) ;
#603 = CIRCLE ( 'NONE', #224, 2.750000000000000000 ) ;
#604 = CARTESIAN_POINT ( 'NONE',  ( 5.500000000000000000, 4.499999999999999112, 3.000000000000000000 ) ) ;
#605 = AXIS2_PLACEMENT_3D ( 'NONE', #771, #934, #784 ) ;
#606 = CARTESIAN_POINT ( 'NONE',  ( 2.750000000000000000, -1.500000000000000000, 3.367778697655221012E-16 ) ) ;
#607 = VECTOR ( 'NONE', #1278, 1000.000000000000000 ) ;
#608 = EDGE_LOOP ( 'NONE', ( #1606, #1276, #1547 ) ) ;
#609 = AXIS2_PLACEMENT_3D ( 'NONE', #653, #514, #1983 ) ;
#610 = LINE ( 'NONE', #78, #114 ) ;
#611 = VECTOR ( 'NONE', #20, 1000.000000000000000 ) ;
#612 = ORIENTED_EDGE ( 'NONE', *, *, #1054, .F. ) ;
#613 = ADVANCED_FACE ( 'NONE', ( #537 ), #1884, .T. ) ;
#614 = DIRECTION ( 'NONE',  ( -1.000000000000000000, 2.168404344971009854E-16, -8.673617379884039416E-16 ) ) ;
#615 = FACE_OUTER_BOUND ( 'NONE', #738, .T. ) ;
#616 = ORIENTED_EDGE ( 'NONE', *, *, #84, .F. ) ;
#617 = DIRECTION ( 'NONE',  ( 2.168404344971008868E-16, -1.000000000000000000, 0.000000000000000000 ) ) ;
#618 = CARTESIAN_POINT ( 'NONE',  ( 6.000000000000000000, 4.499999999999999112, -3.500000000000000000 ) ) ;
#619 = ORIENTED_EDGE ( 'NONE', *, *, #1795, .F. ) ;
#620 = VERTEX_POINT ( 'NONE', #1194 ) ;
#621 = ORIENTED_EDGE ( 'NONE', *, *, #54, .T. ) ;
#622 = CARTESIAN_POINT ( 'NONE',  ( -2.350000000000000089, -1.499999999999999556, 3.500000000000000000 ) ) ;
#623 = CARTESIAN_POINT ( 'NONE',  ( 5.500000000000000000, 0.4999999999999994449, 3.000000000000000000 ) ) ;
#624 = EDGE_CURVE ( 'NONE', #2082, #539, #1842, .T. ) ;
#625 = CARTESIAN_POINT ( 'NONE',  ( -8.738645302295121404E-17, 0.5000000000000003331, 3.000000000000000000 ) ) ;
#626 = ORIENTED_EDGE ( 'NONE', *, *, #358, .F. ) ;
#627 = CARTESIAN_POINT ( 'NONE',  ( -10.56698729810777948, 5.249999999999999112, 3.000000000000000444 ) ) ;
#628 = CARTESIAN_POINT ( 'NONE',  ( -9.845299461620744097, 1.999999999999998668, -3.500000000000000000 ) ) ;
#629 = EDGE_CURVE ( 'NONE', #1887, #920, #128, .T. ) ;
#630 = AXIS2_PLACEMENT_3D ( 'NONE', #1941, #476, #793 ) ;
#631 = ORIENTED_EDGE ( 'NONE', *, *, #667, .F. ) ;
#632 = CARTESIAN_POINT ( 'NONE',  ( 2.849999999999999645, -8.738645302295127567E-17, 3.000000000000000000 ) ) ;
#633 = VERTEX_POINT ( 'NONE', #269 ) ;
#634 = DIRECTION ( 'NONE',  ( 0.000000000000000000, 1.000000000000000000, 0.000000000000000000 ) ) ;
#635 = CARTESIAN_POINT ( 'NONE',  ( 1.849999999999999645, -0.5000000000000002220, -3.000000000000000444 ) ) ;
#636 = CARTESIAN_POINT ( 'NONE',  ( 2.250442291811939555, -1.801594049946292131, 0.6968691403491209524 ) ) ;
#637 = FACE_OUTER_BOUND ( 'NONE', #608, .T. ) ;
#638 = PLANE ( 'NONE',  #2108 ) ;
#639 = AXIS2_PLACEMENT_3D ( 'NONE', #1277, #123, #950 ) ;
#640 = ORIENTED_EDGE ( 'NONE', *, *, #583, .T. ) ;
#641 = CIRCLE ( 'NONE', #1973, 0.5000000000000000000 ) ;
#642 = EDGE_CURVE ( 'NONE', #1538, #744, #49, .T. ) ;
#643 = VERTEX_POINT ( 'NONE', #1429 ) ;
#644 = CIRCLE ( 'NONE', #1737, 2.750000000000000000 ) ;
#645 = AXIS2_PLACEMENT_3D ( 'NONE', #1411, #1546, #1055 ) ;
#646 = ORIENTED_EDGE ( 'NONE', *, *, #560, .F. ) ;
#647 = AXIS2_PLACEMENT_3D ( 'NONE', #824, #1976, #1637 ) ;
#648 = CARTESIAN_POINT ( 'NONE',  ( 6.000000000000000000, -6.379211070675434126E-16, -3.000000000000000444 ) ) ;
#649 = AXIS2_PLACEMENT_3D ( 'NONE', #875, #206, #1716 ) ;
#650 = DIRECTION ( 'NONE',  ( -9.227252531791526626E-17, -1.000000000000000000, 0.000000000000000000 ) ) ;
#651 = CARTESIAN_POINT ( 'NONE',  ( 2.221001047539372664, -1.839049341102490409, -0.8690159569997921718 ) ) ;
#652 = DIRECTION ( 'NONE',  ( -1.000000000000000000, 9.227252531791526626E-17, 0.000000000000000000 ) ) ;
#653 = CARTESIAN_POINT ( 'NONE',  ( -11.00000000000000000, 4.999999999999999112, -3.500000000000000000 ) ) ;
#654 = ORIENTED_EDGE ( 'NONE', *, *, #1710, .T. ) ;
#655 = EDGE_CURVE ( 'NONE', #1887, #564, #747, .T. ) ;
#656 = EDGE_CURVE ( 'NONE', #1217, #1969, #603, .T. ) ;
#657 = ORIENTED_EDGE ( 'NONE', *, *, #1613, .F. ) ;
#658 = FACE_OUTER_BOUND ( 'NONE', #445, .T. ) ;
#659 = LINE ( 'NONE', #1492, #611 ) ;
#660 = PERSON_AND_ORGANIZATION ( #1734, #13 ) ;
#661 = CARTESIAN_POINT ( 'NONE',  ( -1.849999999999999645, -1.084202172485505174E-16, -3.000000000000000444 ) ) ;
#662 = DIRECTION ( 'NONE',  ( 0.5000000000000009992, 0.8660254037844381525, 0.000000000000000000 ) ) ;
#663 = B_SPLINE_CURVE_WITH_KNOTS ( 'NONE', 3,
 ( #272, #1140, #309, #1579, #651, #925, #2062, #1789, #1124, #1590, #1755, #1777 ),
 .UNSPECIFIED., .F., .F.,
 ( 4, 2, 2, 2, 2, 4 ),
 ( 0.002112998291093604129, 0.002635088141013280753, 0.003157177990932957378, 0.003679267840852633569, 0.003940312765812472098, 0.004201357690772310194 ),
 .UNSPECIFIED. ) ;
#664 = ORIENTED_EDGE ( 'NONE', *, *, #286, .F. ) ;
#665 = LOCAL_TIME ( 11, 10, 3.000000000000000000, #853 ) ;
#666 = FACE_OUTER_BOUND ( 'NONE', #1688, .T. ) ;
#667 = EDGE_CURVE ( 'NONE', #1622, #1086, #1161, .T. ) ;
#668 = DIRECTION ( 'NONE',  ( 1.000000000000000000, 2.168404344971008868E-16, 0.000000000000000000 ) ) ;
#669 = PERSON_AND_ORGANIZATION_ROLE ( 'design_supplier' ) ;
#670 = ORIENTED_EDGE ( 'NONE', *, *, #1582, .F. ) ;
#671 = CARTESIAN_POINT ( 'NONE',  ( 1.849999999999999645, 4.011548038196365420E-16, 3.000000000000000000 ) ) ;
#672 = CARTESIAN_POINT ( 'NONE',  ( 1.849999999999999645, -2.000000000000000000, -2.034698994937580885 ) ) ;
#673 = VERTEX_POINT ( 'NONE', #1588 ) ;
#674 = EDGE_LOOP ( 'NONE', ( #502, #1074, #691, #1762, #2084, #1261, #1358 ) ) ;
#675 = EDGE_LOOP ( 'NONE', ( #1826, #240, #1250, #531 ) ) ;
#676 = VECTOR ( 'NONE', #582, 1000.000000000000000 ) ;
#677 = CIRCLE ( 'NONE', #1866, 0.5000000000000000000 ) ;
#678 = FACE_OUTER_BOUND ( 'NONE', #141, .T. ) ;
#679 = AXIS2_PLACEMENT_3D ( 'NONE', #777, #2100, #447 ) ;
#680 = CALENDAR_DATE ( 2025, 23, 5 ) ;
#681 = EDGE_CURVE ( 'NONE', #1369, #2090, #1612, .T. ) ;
#682 = LINE ( 'NONE', #1635, #1128 ) ;
#683 = LINE ( 'NONE', #356, #877 ) ;
#684 = ORIENTED_EDGE ( 'NONE', *, *, #458, .F. ) ;
#685 = DIRECTION ( 'NONE',  ( -1.000000000000000000, 0.000000000000000000, 0.000000000000000000 ) ) ;
#686 = DATE_TIME_ROLE ( 'classification_date' ) ;
#687 = DIRECTION ( 'NONE',  ( 1.000000000000000000, 0.000000000000000000, 0.000000000000000000 ) ) ;
#688 = EDGE_CURVE ( 'NONE', #1580, #1870, #677, .T. ) ;
#689 = DIRECTION ( 'NONE',  ( 1.747729060459022802E-16, 1.000000000000000000, -0.000000000000000000 ) ) ;
#690 = ADVANCED_FACE ( 'NONE', ( #1923 ), #145, .F. ) ;
#691 = ORIENTED_EDGE ( 'NONE', *, *, #1710, .F. ) ;
#692 = AXIS2_PLACEMENT_3D ( 'NONE', #267, #1576, #933 ) ;
#693 = CARTESIAN_POINT ( 'NONE',  ( -1.850000000000000089, -2.000000000000000000, -2.034698994937580441 ) ) ;
#694 = DIRECTION ( 'NONE',  ( 0.000000000000000000, 0.000000000000000000, -1.000000000000000000 ) ) ;
#695 = CARTESIAN_POINT ( 'NONE',  ( -2.350000000000000089, -1.499999999999999556, -3.000000000000000444 ) ) ;
#696 = ADVANCED_FACE ( 'NONE', ( #1108 ), #1416, .T. ) ;
#697 = DIRECTION ( 'NONE',  ( -1.000000000000000000, 9.227252531791526626E-17, -0.000000000000000000 ) ) ;
#699 = ORIENTED_EDGE ( 'NONE', *, *, #2031, .F. ) ;
#698 = VERTEX_POINT ( 'NONE', #1909 ) ;
#700 = AXIS2_PLACEMENT_3D ( 'NONE', #671, #1021, #1975 ) ;
#701 = CARTESIAN_POINT ( 'NONE',  ( 1.191190382581906605E-16, -1.000000000000000000, 0.000000000000000000 ) ) ;
#702 = CARTESIAN_POINT ( 'NONE',  ( -2.349999999999999645, -4.814824860968089633E-32, 3.000000000000000000 ) ) ;
#703 = CIRCLE ( 'NONE', #1809, 0.5000000000000000000 ) ;
#704 = CARTESIAN_POINT ( 'NONE',  ( -6.000000000000000000, -6.379211070675434126E-16, 3.000000000000000000 ) ) ;
#705 = DIRECTION ( 'NONE',  ( 0.000000000000000000, 0.000000000000000000, 1.000000000000000000 ) ) ;
#706 = ORIENTED_EDGE ( 'NONE', *, *, #1102, .T. ) ;
#707 = AXIS2_PLACEMENT_3D ( 'NONE', #895, #223, #2012 ) ;
#708 = FACE_OUTER_BOUND ( 'NONE', #1575, .T. ) ;
#709 = AXIS2_PLACEMENT_3D ( 'NONE', #1788, #11, #1461 ) ;
#710 = DIRECTION ( 'NONE',  ( -1.000000000000000000, 9.637352644315595243E-17, 0.000000000000000000 ) ) ;
#711 = EDGE_CURVE ( 'NONE', #1702, #1559, #2105, .T. ) ;
#712 = ORIENTED_EDGE ( 'NONE', *, *, #1203, .F. ) ;
#713 = EDGE_CURVE ( 'NONE', #1466, #1942, #134, .T. ) ;
#714 = CYLINDRICAL_SURFACE ( 'NONE', #74, 0.5000000000000000000 ) ;
#715 = FACE_OUTER_BOUND ( 'NONE', #1470, .T. ) ;
#716 = CARTESIAN_POINT ( 'NONE',  ( -4.613626265895763313E-17, -2.000000000000000000, 0.000000000000000000 ) ) ;
#717 = ORIENTED_EDGE ( 'NONE', *, *, #1172, .T. ) ;
#718 = CARTESIAN_POINT ( 'NONE',  ( 5.955951912909534257E-17, -0.5000000000000000000, -3.500000000000000000 ) ) ;
#719 = DIRECTION ( 'NONE',  ( 3.469446951953614189E-15, 0.000000000000000000, 1.000000000000000000 ) ) ;
#721 = EDGE_LOOP ( 'NONE', ( #1162, #1065, #1904, #1423 ) ) ;
#720 = VERTEX_POINT ( 'NONE', #961 ) ;
#722 = EDGE_CURVE ( 'NONE', #1969, #1217, #644, .T. ) ;
#723 = CARTESIAN_POINT ( 'NONE',  ( 6.000000000000000000, -6.379211070675434126E-16, 3.000000000000000000 ) ) ;
#724 = EDGE_CURVE ( 'NONE', #1406, #1016, #1897, .T. ) ;
#725 = CYLINDRICAL_SURFACE ( 'NONE', #87, 0.5000000000000001110 ) ;
#726 = DIRECTION ( 'NONE',  ( -0.000000000000000000, -0.000000000000000000, 1.000000000000000000 ) ) ;
#727 = CC_DESIGN_SECURITY_CLASSIFICATION ( #2024, ( #558 ) ) ;
#728 = EDGE_LOOP ( 'NONE', ( #1405, #1228, #942, #181 ) ) ;
#729 = DIRECTION ( 'NONE',  ( -1.000000000000000000, 9.227252531791526626E-17, 0.000000000000000000 ) ) ;
#730 = DIRECTION ( 'NONE',  ( 1.000000000000000000, 0.000000000000000000, 1.224646799147353454E-16 ) ) ;
#732 = ORIENTED_EDGE ( 'NONE', *, *, #1660, .F. ) ;
#731 = ORIENTED_EDGE ( 'NONE', *, *, #1097, .T. ) ;
#733 = CIRCLE ( 'NONE', #2033, 0.5000000000000004441 ) ;
#734 = VECTOR ( 'NONE', #1981, 1000.000000000000114 ) ;
#735 = CARTESIAN_POINT ( 'NONE',  ( -2.349999999999999645, -4.814824860968089633E-32, -3.000000000000000444 ) ) ;
#736 = CARTESIAN_POINT ( 'NONE',  ( 2.849999999999999645, 0.4999999999999997780, -3.000000000000000000 ) ) ;
#737 = ADVANCED_FACE ( 'NONE', ( #425 ), #990, .T. ) ;
#738 = EDGE_LOOP ( 'NONE', ( #485, #2094, #1246, #1793 ) ) ;
#739 = CARTESIAN_POINT ( 'NONE',  ( -11.00000000000000000, -1.000000000000001332, 3.000000000000000000 ) ) ;
#740 = VECTOR ( 'NONE', #2060, 1000.000000000000000 ) ;
#741 = CIRCLE ( 'NONE', #1739, 0.5000000000000000000 ) ;
#742 = DIRECTION ( 'NONE',  ( -1.000000000000000000, -0.000000000000000000, -0.000000000000000000 ) ) ;
#743 = CIRCLE ( 'NONE', #96, 0.5000000000000000000 ) ;
#745 = ORIENTED_EDGE ( 'NONE', *, *, #1964, .T. ) ;
#744 = VERTEX_POINT ( 'NONE', #2074 ) ;
#746 = SPHERICAL_SURFACE ( 'NONE', #1824, 0.5000000000000000000 ) ;
#747 = LINE ( 'NONE', #1774, #1522 ) ;
#748 = ORIENTED_EDGE ( 'NONE', *, *, #1925, .F. ) ;
#749 = DIRECTION ( 'NONE',  ( -1.000000000000000000, 0.000000000000000000, -4.956352788505157351E-16 ) ) ;
#750 = ORIENTED_EDGE ( 'NONE', *, *, #1253, .T. ) ;
#751 = CARTESIAN_POINT ( 'NONE',  ( -7.499999999999996447, -9.000804661363960810E-16, -3.000000000000000444 ) ) ;
#752 = APPROVAL ( #525, 'UNSPECIFIED' ) ;
#753 = DIRECTION ( 'NONE',  ( 0.000000000000000000, 1.000000000000000000, 0.000000000000000000 ) ) ;
#754 = ORIENTED_EDGE ( 'NONE', *, *, #8, .T. ) ;
#755 = EDGE_CURVE ( 'NONE', #387, #563, #1084, .T. ) ;
#756 = DIRECTION ( 'NONE',  ( 2.168404344971008868E-16, 1.000000000000000000, 9.403954806578300064E-32 ) ) ;
#757 = ORIENTED_EDGE ( 'NONE', *, *, #1860, .F. ) ;
#758 = DIRECTION ( 'NONE',  ( -1.000000000000000000, 5.204170427930416550E-15, 0.000000000000000000 ) ) ;
#759 = DIRECTION ( 'NONE',  ( 0.000000000000000000, 2.168404344971008868E-16, -1.000000000000000000 ) ) ;
#760 = DIRECTION ( 'NONE',  ( 0.000000000000000000, 0.000000000000000000, -1.000000000000000000 ) ) ;
#761 = DIRECTION ( 'NONE',  ( 0.000000000000000000, 0.000000000000000000, -1.000000000000000000 ) ) ;
#762 = EDGE_LOOP ( 'NONE', ( #1472, #1569, #2057, #1877 ) ) ;
#763 = SPHERICAL_SURFACE ( 'NONE', #566, 0.5000000000000000000 ) ;
#764 = AXIS2_PLACEMENT_3D ( 'NONE', #701, #1541, #69 ) ;
#765 = DIRECTION ( 'NONE',  ( -1.000000000000000000, 9.637352644315595243E-17, 0.000000000000000000 ) ) ;
#766 = CARTESIAN_POINT ( 'NONE',  ( 1.191190382581906605E-16, -1.000000000000000000, -3.000000000000000000 ) ) ;
#767 = VERTEX_POINT ( 'NONE', #1766 ) ;
#768 = EDGE_CURVE ( 'NONE', #81, #1929, #1282, .T. ) ;
#769 = CARTESIAN_POINT ( 'NONE',  ( -7.999999999999996447, -0.5000000000000008882, -2.999999999999999556 ) ) ;
#770 = ORIENTED_EDGE ( 'NONE', *, *, #1962, .F. ) ;
#771 = CARTESIAN_POINT ( 'NONE',  ( -2.849999999999999645, -0.5000000000000000000, 3.000000000000000000 ) ) ;
#772 = CARTESIAN_POINT ( 'NONE',  ( -8.834936490538899179, 1.749999999999998446, -3.500000000000000000 ) ) ;
#773 = VECTOR ( 'NONE', #1694, 1000.000000000000000 ) ;
#774 = ORIENTED_EDGE ( 'NONE', *, *, #1030, .F. ) ;
#775 = CARTESIAN_POINT ( 'NONE',  ( 2.350000000000000089, -2.000000000000000000, -3.000000000000000444 ) ) ;
#776 = CIRCLE ( 'NONE', #1833, 0.5000000000000004441 ) ;
#777 = CARTESIAN_POINT ( 'NONE',  ( -10.13397459621555896, 4.499999999999999112, -3.000000000000000444 ) ) ;
#778 = AXIS2_PLACEMENT_3D ( 'NONE', #993, #541, #2015 ) ;
#779 = AXIS2_PLACEMENT_3D ( 'NONE', #1265, #276, #2054 ) ;
#780 = EDGE_LOOP ( 'NONE', ( #619, #1780, #967 ) ) ;
#781 = CIRCLE ( 'NONE', #135, 0.5000000000000000000 ) ;
#782 = EDGE_CURVE ( 'NONE', #882, #620, #506, .T. ) ;
#783 = DIRECTION ( 'NONE',  ( -0.000000000000000000, -0.000000000000000000, 1.000000000000000000 ) ) ;
#784 = DIRECTION ( 'NONE',  ( -1.000000000000000000, 0.000000000000000000, 0.000000000000000000 ) ) ;
#785 = EDGE_CURVE ( 'NONE', #643, #1870, #88, .T. ) ;
#786 = CARTESIAN_POINT ( 'NONE',  ( -2.144659980808270472, -1.907207860719813297, 1.207492024487830218 ) ) ;
#787 = CARTESIAN_POINT ( 'NONE',  ( 6.000000000000000000, 4.499999999999999112, -3.000000000000000444 ) ) ;
#788 = PLANE ( 'NONE',  #601 ) ;
#789 = CARTESIAN_POINT ( 'NONE',  ( -10.13397459621556074, -0.5000000000000013323, -3.000000000000000000 ) ) ;
#790 = EDGE_LOOP ( 'NONE', ( #1220, #1434, #684, #1070, #161, #657, #1719 ) ) ;
#791 = ORIENTED_EDGE ( 'NONE', *, *, #1938, .T. ) ;
#792 = ORIENTED_EDGE ( 'NONE', *, *, #1501, .F. ) ;
#793 = DIRECTION ( 'NONE',  ( -1.000000000000000000, 0.000000000000000000, 0.000000000000000000 ) ) ;
#794 = ORIENTED_EDGE ( 'NONE', *, *, #959, .T. ) ;
#795 = DIRECTION ( 'NONE',  ( -0.000000000000000000, -0.000000000000000000, -1.000000000000000000 ) ) ;
#796 = DIRECTION ( 'NONE',  ( -2.168404344971008868E-16, 1.000000000000000000, 0.000000000000000000 ) ) ;
#797 = DIRECTION ( 'NONE',  ( 1.000000000000000000, 1.747729060459023048E-16, 0.000000000000000000 ) ) ;
#798 = ORIENTED_EDGE ( 'NONE', *, *, #2075, .T. ) ;
#799 = ADVANCED_FACE ( 'NONE', ( #1368 ), #1316, .T. ) ;
#800 = FACE_OUTER_BOUND ( 'NONE', #522, .T. ) ;
#801 = DIRECTION ( 'NONE',  ( -1.000000000000000000, 0.000000000000000000, 3.469446951953611033E-15 ) ) ;
#802 = ORIENTED_EDGE ( 'NONE', *, *, #1567, .F. ) ;
#803 = ORIENTED_EDGE ( 'NONE', *, *, #642, .F. ) ;
#804 = ORIENTED_EDGE ( 'NONE', *, *, #943, .T. ) ;
#805 = ORIENTED_EDGE ( 'NONE', *, *, #1964, .F. ) ;
#806 = DIRECTION ( 'NONE',  ( 0.000000000000000000, 0.000000000000000000, -1.000000000000000000 ) ) ;
#807 = FACE_OUTER_BOUND ( 'NONE', #1348, .T. ) ;
#808 = DIRECTION ( 'NONE',  ( 1.000000000000000000, 0.000000000000000000, 0.000000000000000000 ) ) ;
#809 = DIRECTION ( 'NONE',  ( 1.000000000000000000, 4.336808689942017736E-16, -8.673617379884035472E-16 ) ) ;
#810 = ADVANCED_FACE ( 'NONE', ( #666 ), #1993, .F. ) ;
#811 = DIRECTION ( 'NONE',  ( 1.000000000000000000, 1.191190382581906851E-16, 0.000000000000000000 ) ) ;
#812 = CIRCLE ( 'NONE', #1666, 0.5000000000000000000 ) ;
#813 = ORIENTED_EDGE ( 'NONE', *, *, #1324, .T. ) ;
#814 = VECTOR ( 'NONE', #1394, 1000.000000000000000 ) ;
#815 = EDGE_CURVE ( 'NONE', #1887, #1651, #2002, .T. ) ;
#816 = ORIENTED_EDGE ( 'NONE', *, *, #1118, .T. ) ;
#817 = CIRCLE ( 'NONE', #200, 0.5000000000000000000 ) ;
#818 = VECTOR ( 'NONE', #1010, 1000.000000000000000 ) ;
#819 = DIRECTION ( 'NONE',  ( 1.000000000000000000, 0.000000000000000000, 0.000000000000000000 ) ) ;
#820 = CIRCLE ( 'NONE', #439, 0.4999999999999995559 ) ;
#821 = FACE_OUTER_BOUND ( 'NONE', #14, .T. ) ;
#822 = PERSON_AND_ORGANIZATION_ROLE ( 'design_owner' ) ;
#823 = SPHERICAL_SURFACE ( 'NONE', #1125, 0.5000000000000000000 ) ;
#824 = CARTESIAN_POINT ( 'NONE',  ( 5.500000000000000000, 0.4999999999999994449, -3.000000000000000444 ) ) ;
#825 = ORIENTED_EDGE ( 'NONE', *, *, #1895, .T. ) ;
#826 = CC_DESIGN_DATE_AND_TIME_ASSIGNMENT ( #186, #686, ( #2024 ) ) ;
#827 = ORIENTED_EDGE ( 'NONE', *, *, #2075, .F. ) ;
#828 = ADVANCED_FACE ( 'NONE', ( #1459 ), #1023, .T. ) ;
#829 = CARTESIAN_POINT ( 'NONE',  ( -2.349999999999999645, -0.5000000000000001110, -3.000000000000000444 ) ) ;
#830 = CARTESIAN_POINT ( 'NONE',  ( -10.13397459621555896, 4.499999999999998224, -3.000000000000000000 ) ) ;
#831 = ORIENTED_EDGE ( 'NONE', *, *, #642, .T. ) ;
#832 = EDGE_LOOP ( 'NONE', ( #585, #1130, #1919, #301, #770 ) ) ;
#833 = LOCAL_TIME ( 11, 10, 3.000000000000000000, #1338 ) ;
#834 = EDGE_CURVE ( 'NONE', #1929, #1217, #129, .T. ) ;
#835 = ADVANCED_BREP_SHAPE_REPRESENTATION ( 'pattes_mobiles_rail_6', ( #1549, #1212 ), #1007 ) ;
#836 = CARTESIAN_POINT ( 'NONE',  ( 2.755455298081543792E-16, -1.499999999999999778, -2.250000000000000000 ) ) ;
#837 = APPROVAL_ROLE ( '' ) ;
#838 = EDGE_LOOP ( 'NONE', ( #1847, #140, #699 ) ) ;
#839 = DIRECTION ( 'NONE',  ( 1.000000000000000000, 0.000000000000000000, 0.000000000000000000 ) ) ;
#840 = ORIENTED_EDGE ( 'NONE', *, *, #1018, .F. ) ;
#841 = DIRECTION ( 'NONE',  ( -1.191190382581906851E-16, 1.000000000000000000, 0.000000000000000000 ) ) ;
#842 = CIRCLE ( 'NONE', #91, 1.000000000000000000 ) ;
#843 = EDGE_CURVE ( 'NONE', #1922, #218, #867, .T. ) ;
#844 = CARTESIAN_POINT ( 'NONE',  ( 2.250000000000000000, -1.500000000000000000, 3.061616997868383141E-16 ) ) ;
#845 = VECTOR ( 'NONE', #1918, 1000.000000000000000 ) ;
#846 = PERSON_AND_ORGANIZATION ( #1734, #13 ) ;
#847 = EDGE_CURVE ( 'NONE', #1631, #1800, #572, .T. ) ;
#848 = CARTESIAN_POINT ( 'NONE',  ( -10.13397459621555896, -0.5000000000000013323, -3.000000000000000000 ) ) ;
#849 = TOROIDAL_SURFACE ( 'NONE', #56, 1.000000000000000000, 0.5000000000000000000 ) ;
#850 = DIRECTION ( 'NONE',  ( 2.168404344971008621E-16, -1.000000000000000000, -2.168404344971008621E-16 ) ) ;
#851 = ORIENTED_EDGE ( 'NONE', *, *, #193, .T. ) ;
#852 = CARTESIAN_POINT ( 'NONE',  ( -10.13397459621556074, -0.5000000000000013323, -3.000000000000000000 ) ) ;
#853 = COORDINATED_UNIVERSAL_TIME_OFFSET ( 1, 0, .AHEAD. ) ;
#854 = CARTESIAN_POINT ( 'NONE',  ( -10.13397459621555896, -0.5000000000000012212, 3.000000000000000000 ) ) ;
#855 = DIRECTION ( 'NONE',  ( 0.000000000000000000, -1.000000000000000000, 0.000000000000000000 ) ) ;
#856 = EDGE_CURVE ( 'NONE', #633, #896, #324, .T. ) ;
#857 = ORIENTED_EDGE ( 'NONE', *, *, #1572, .F. ) ;
#858 = ORIENTED_EDGE ( 'NONE', *, *, #1145, .F. ) ;
#859 = CIRCLE ( 'NONE', #1723, 0.5000000000000000000 ) ;
#860 = CARTESIAN_POINT ( 'NONE',  ( 1.849999999999999867, -0.5000000000000002220, 3.000000000000000000 ) ) ;
#861 = CARTESIAN_POINT ( 'NONE',  ( 8.738645302295120172E-17, 0.5000000000000003331, 3.000000000000000000 ) ) ;
#862 = CARTESIAN_POINT ( 'NONE',  ( -8.500000000000000000, -1.000000000000001110, 3.000000000000000000 ) ) ;
#863 = CARTESIAN_POINT ( 'NONE',  ( -1.850000000000000089, -1.999999999999999556, 3.500000000000000000 ) ) ;
#864 = DIRECTION ( 'NONE',  ( -0.000000000000000000, -0.000000000000000000, 1.000000000000000000 ) ) ;
#865 = EDGE_CURVE ( 'NONE', #1630, #1466, #2004, .T. ) ;
#866 = EDGE_CURVE ( 'NONE', #109, #1107, #1187, .T. ) ;
#867 = LINE ( 'NONE', #2, #1131 ) ;
#868 = ORIENTED_EDGE ( 'NONE', *, *, #1337, .T. ) ;
#869 = AXIS2_PLACEMENT_3D ( 'NONE', #888, #2022, #705 ) ;
#870 = CIRCLE ( 'NONE', #1080, 0.5000000000000000000 ) ;
#871 = CARTESIAN_POINT ( 'NONE',  ( -2.299999999999999822, -1.717944947177033610, 1.240348190940150286E-13 ) ) ;
#872 = AXIS2_PLACEMENT_3D ( 'NONE', #334, #368, #207 ) ;
#873 = DIRECTION ( 'NONE',  ( 1.747729060459022062E-16, 1.000000000000000000, 0.000000000000000000 ) ) ;
#874 = CIRCLE ( 'NONE', #679, 0.5000000000000000000 ) ;
#875 = CARTESIAN_POINT ( 'NONE',  ( -9.267949192431117922, 1.999999999999999112, -3.500000000000000000 ) ) ;
#876 = VERTEX_POINT ( 'NONE', #1801 ) ;
#877 = VECTOR ( 'NONE', #1477, 1000.000000000000000 ) ;
#878 = DIRECTION ( 'NONE',  ( 1.000000000000000000, -9.227252531791526626E-17, 0.000000000000000000 ) ) ;
#879 = AXIS2_PLACEMENT_3D ( 'NONE', #516, #650, #1296 ) ;
#880 = ADVANCED_FACE ( 'NONE', ( #1308 ), #979, .T. ) ;
#881 = CARTESIAN_POINT ( 'NONE',  ( 1.849999999999999645, -2.000000000000000000, 3.500000000000000000 ) ) ;
#883 = ORIENTED_EDGE ( 'NONE', *, *, #1953, .T. ) ;
#882 = VERTEX_POINT ( 'NONE', #9 ) ;
#884 = ADVANCED_FACE ( 'NONE', ( #658 ), #154, .T. ) ;
#885 = FACE_OUTER_BOUND ( 'NONE', #323, .T. ) ;
#886 = CYLINDRICAL_SURFACE ( 'NONE', #1221, 0.5000000000000000000 ) ;
#887 = PLANE ( 'NONE',  #707 ) ;
#888 = CARTESIAN_POINT ( 'NONE',  ( -7.500000000000000000, 0.4999999999999991673, 3.000000000000000000 ) ) ;
#889 = LINE ( 'NONE', #1863, #1732 ) ;
#890 = ORIENTED_EDGE ( 'NONE', *, *, #1807, .F. ) ;
#891 = ADVANCED_FACE ( 'NONE', ( #1846 ), #395, .T. ) ;
#892 = APPLICATION_CONTEXT ( 'configuration controlled 3d designs of mechanical parts and assemblies' ) ;
#893 = CARTESIAN_POINT ( 'NONE',  ( 0.000000000000000000, 4.499999999999999112, -2.750000000000000000 ) ) ;
#894 = LINE ( 'NONE', #702, #534 ) ;
#895 = CARTESIAN_POINT ( 'NONE',  ( 6.000000000000000000, -6.379211070675434126E-16, 3.500000000000000000 ) ) ;
#896 = VERTEX_POINT ( 'NONE', #1155 ) ;
#897 = LINE ( 'NONE', #739, #676 ) ;
#898 = CARTESIAN_POINT ( 'NONE',  ( -7.500000000000000000, -0.5000000000000007772, 3.000000000000000000 ) ) ;
#900 = ORIENTED_EDGE ( 'NONE', *, *, #1572, .T. ) ;
#899 = ORIENTED_EDGE ( 'NONE', *, *, #1613, .T. ) ;
#901 = CLOSED_SHELL ( 'NONE', ( #1426, #351, #613, #1992, #242, #471, #113, #271, #1359, #117, #1636, #1231, #239, #1327, #690, #1771, #211, #1853, #1306, #1386, #1827, #737, #569, #303, #2046, #891, #423, #1745, #1908, #941, #509, #1640, #1230, #1026, #412, #1491, #100, #396, #32, #383, #144, #1551, #372, #1354, #1879, #2006, #1698, #1982, #499, #1652, #880, #1275, #340, #1179, #1482, #884, #1169, #543, #1410, #828, #289, #810, #1849, #1540, #696, #2009, #904, #1347, #1695, #2017, #1683, #799, #1134, #1523, #1480 ) ) ;
#902 = AXIS2_PLACEMENT_3D ( 'NONE', #1616, #1602, #617 ) ;
#903 = CARTESIAN_POINT ( 'NONE',  ( 0.000000000000000000, 4.999999999999999112, -2.750000000000000000 ) ) ;
#904 = ADVANCED_FACE ( 'NONE', ( #176 ), #1497, .T. ) ;
#905 = CIRCLE ( 'NONE', #1047, 0.4999999999999993894 ) ;
#906 = DIRECTION ( 'NONE',  ( 0.000000000000000000, 0.000000000000000000, -1.000000000000000000 ) ) ;
#907 = CARTESIAN_POINT ( 'NONE',  ( 6.000000000000000000, 4.499999999999999112, 3.000000000000000000 ) ) ;
#908 = VECTOR ( 'NONE', #1377, 1000.000000000000000 ) ;
#909 = ORIENTED_EDGE ( 'NONE', *, *, #1724, .F. ) ;
#910 = EDGE_CURVE ( 'NONE', #1573, #1764, #842, .T. ) ;
#911 = ORIENTED_EDGE ( 'NONE', *, *, #583, .F. ) ;
#912 = CARTESIAN_POINT ( 'NONE',  ( -6.000000000000000000, 4.999999999999999112, 3.000000000000000000 ) ) ;
#913 = CIRCLE ( 'NONE', #1360, 0.4999999999999995559 ) ;
#914 = CARTESIAN_POINT ( 'NONE',  ( -1.849999999999999867, -1.499999999999999556, -3.500000000000000000 ) ) ;
#915 = AXIS2_PLACEMENT_3D ( 'NONE', #1417, #1096, #962 ) ;
#916 = ORIENTED_EDGE ( 'NONE', *, *, #1315, .F. ) ;
#917 = EDGE_LOOP ( 'NONE', ( #1431, #883, #345, #1293 ) ) ;
#918 = DIRECTION ( 'NONE',  ( 1.000000000000000000, 0.000000000000000000, 0.000000000000000000 ) ) ;
#919 = AXIS2_PLACEMENT_3D ( 'NONE', #1202, #1987, #2028 ) ;
#921 = ORIENTED_EDGE ( 'NONE', *, *, #1203, .T. ) ;
#920 = VERTEX_POINT ( 'NONE', #1251 ) ;
#922 = CARTESIAN_POINT ( 'NONE',  ( 1.849999999999999867, -1.500000000000000000, 3.500000000000000000 ) ) ;
#923 = DIRECTION ( 'NONE',  ( 0.000000000000000000, 0.000000000000000000, -1.000000000000000000 ) ) ;
#924 = DIRECTION ( 'NONE',  ( -1.000000000000000000, 1.747729060459022802E-16, -0.000000000000000000 ) ) ;
#925 = CARTESIAN_POINT ( 'NONE',  ( 2.144982202898919610, -1.906917353955623673, -1.206052280876050986 ) ) ;
#926 = ORIENTED_EDGE ( 'NONE', *, *, #834, .T. ) ;
#927 = ORIENTED_EDGE ( 'NONE', *, *, #1660, .T. ) ;
#928 = DIRECTION ( 'NONE',  ( 0.000000000000000000, 0.000000000000000000, 1.000000000000000000 ) ) ;
#929 = EDGE_CURVE ( 'NONE', #173, #2082, #1834, .T. ) ;
#930 = CARTESIAN_POINT ( 'NONE',  ( 6.000000000000000000, 0.4999999999999992784, -3.000000000000000444 ) ) ;
#931 = CARTESIAN_POINT ( 'NONE',  ( 5.500000000000000000, 4.499999999999999112, 3.500000000000000000 ) ) ;
#932 = EDGE_LOOP ( 'NONE', ( #2052, #305, #1045, #803, #899, #590, #911 ) ) ;
#933 = DIRECTION ( 'NONE',  ( 9.227252531791525393E-17, 1.000000000000000000, 0.000000000000000000 ) ) ;
#934 = DIRECTION ( 'NONE',  ( 0.000000000000000000, 0.000000000000000000, -1.000000000000000000 ) ) ;
#935 = CARTESIAN_POINT ( 'NONE',  ( -10.13397459621555896, 4.499999999999999112, -3.000000000000000000 ) ) ;
#936 = LINE ( 'NONE', #1260, #38 ) ;
#937 = AXIS2_PLACEMENT_3D ( 'NONE', #1120, #464, #808 ) ;
#938 = ORIENTED_EDGE ( 'NONE', *, *, #1097, .F. ) ;
#939 = DIRECTION ( 'NONE',  ( -0.5000000000000006661, 0.8660254037844382635, -0.000000000000000000 ) ) ;
#940 = CYLINDRICAL_SURFACE ( 'NONE', #228, 0.5000000000000000000 ) ;
#941 = ADVANCED_FACE ( 'NONE', ( #2066 ), #1668, .T. ) ;
#942 = ORIENTED_EDGE ( 'NONE', *, *, #426, .F. ) ;
#943 = EDGE_CURVE ( 'NONE', #241, #387, #1867, .T. ) ;
#944 = DIRECTION ( 'NONE',  ( 0.000000000000000000, 0.000000000000000000, -1.000000000000000000 ) ) ;
#945 = ORIENTED_EDGE ( 'NONE', *, *, #782, .T. ) ;
#946 = DIRECTION ( 'NONE',  ( 0.000000000000000000, 0.000000000000000000, -1.000000000000000000 ) ) ;
#947 = DIRECTION ( 'NONE',  ( -1.000000000000000000, 0.000000000000000000, 0.000000000000000000 ) ) ;
#948 =( NAMED_UNIT ( * ) PLANE_ANGLE_UNIT ( ) SI_UNIT ( $, .RADIAN. ) );
#949 = AXIS2_PLACEMENT_3D ( 'NONE', #627, #2098, #2080 ) ;
#950 = DIRECTION ( 'NONE',  ( -1.000000000000000000, 9.227252531791526626E-17, 0.000000000000000000 ) ) ;
#951 = VECTOR ( 'NONE', #36, 1000.000000000000114 ) ;
#952 = CARTESIAN_POINT ( 'NONE',  ( -10.63397459621555896, 4.499999999999999112, -3.500000000000000000 ) ) ;
#953 = ORIENTED_EDGE ( 'NONE', *, *, #486, .T. ) ;
#954 = CIRCLE ( 'NONE', #1565, 0.5000000000000004441 ) ;
#955 = EDGE_CURVE ( 'NONE', #720, #116, #397, .T. ) ;
#957 = ORIENTED_EDGE ( 'NONE', *, *, #597, .T. ) ;
#956 = ORIENTED_EDGE ( 'NONE', *, *, #910, .T. ) ;
#958 = AXIS2_PLACEMENT_3D ( 'NONE', #442, #2077, #749 ) ;
#959 = EDGE_CURVE ( 'NONE', #2104, #1764, #1907, .T. ) ;
#960 = CARTESIAN_POINT ( 'NONE',  ( -10.13397459621555896, 4.499999999999999112, 3.000000000000000000 ) ) ;
#961 = CARTESIAN_POINT ( 'NONE',  ( -9.412286759728523577, 1.749999999999998668, -3.000000000000000000 ) ) ;
#962 = DIRECTION ( 'NONE',  ( 0.000000000000000000, 0.000000000000000000, -1.000000000000000000 ) ) ;
#963 = DIRECTION ( 'NONE',  ( -1.747729060459022802E-16, 1.000000000000000000, 0.000000000000000000 ) ) ;
#964 = CARTESIAN_POINT ( 'NONE',  ( 2.849999999999999645, -0.5000000000000000000, -3.000000000000000444 ) ) ;
#965 = CARTESIAN_POINT ( 'NONE',  ( 0.000000000000000000, -1.499999999999999778, 0.000000000000000000 ) ) ;
#966 = ORIENTED_EDGE ( 'NONE', *, *, #943, .F. ) ;
#967 = ORIENTED_EDGE ( 'NONE', *, *, #515, .F. ) ;
#968 = FACE_OUTER_BOUND ( 'NONE', #1262, .T. ) ;
#969 = VERTEX_POINT ( 'NONE', #1400 ) ;
#970 = EDGE_CURVE ( 'NONE', #1301, #633, #817, .T. ) ;
#971 = DIRECTION ( 'NONE',  ( -1.000000000000000000, 0.000000000000000000, 0.000000000000000000 ) ) ;
#972 = DIRECTION ( 'NONE',  ( 1.000000000000000000, -2.168404344971009361E-16, 0.000000000000000000 ) ) ;
#973 = DIRECTION ( 'NONE',  ( -1.000000000000000000, 0.000000000000000000, 0.000000000000000000 ) ) ;
#974 = FACE_OUTER_BOUND ( 'NONE', #1869, .T. ) ;
#975 = CIRCLE ( 'NONE', #461, 0.5000000000000000000 ) ;
#976 = VERTEX_POINT ( 'NONE', #1733 ) ;
#977 = UNCERTAINTY_MEASURE_WITH_UNIT (LENGTH_MEASURE( 1.000000000000000082E-05 ), #121, 'distance_accuracy_value', 'NONE');
#978 = ORIENTED_EDGE ( 'NONE', *, *, #398, .F. ) ;
#979 = CYLINDRICAL_SURFACE ( 'NONE', #1333, 0.5000000000000004441 ) ;
#980 = DIRECTION ( 'NONE',  ( -1.001543065824772162E-15, 0.000000000000000000, -1.000000000000000000 ) ) ;
#981 = EDGE_CURVE ( 'NONE', #1062, #2026, #364, .T. ) ;
#982 = APPROVAL_ROLE ( '' ) ;
#983 = DIRECTION ( 'NONE',  ( -0.5000000000000006661, 0.8660254037844382635, 2.324088772396508242E-16 ) ) ;
#984 = CARTESIAN_POINT ( 'NONE',  ( 2.849999999999999645, -0.5000000000000000000, 3.000000000000000000 ) ) ;
#985 = AXIS2_PLACEMENT_3D ( 'NONE', #215, #1845, #729 ) ;
#986 = EDGE_CURVE ( 'NONE', #1800, #1313, #478, .T. ) ;
#987 = VERTEX_POINT ( 'NONE', #931 ) ;
#988 = AXIS2_PLACEMENT_3D ( 'NONE', #465, #599, #106 ) ;
#989 = ORIENTED_EDGE ( 'NONE', *, *, #656, .T. ) ;
#990 = TOROIDAL_SURFACE ( 'NONE', #605, 1.000000000000000000, 0.5000000000000000000 ) ;
#991 = CIRCLE ( 'NONE', #1498, 0.5000000000000000000 ) ;
#992 = VECTOR ( 'NONE', #158, 999.9999999999998863 ) ;
#993 = CARTESIAN_POINT ( 'NONE',  ( -10.13397459621555896, -0.5000000000000012212, -3.000000000000000000 ) ) ;
#994 = CIRCLE ( 'NONE', #879, 2.250000000000000000 ) ;
#995 = FACE_OUTER_BOUND ( 'NONE', #790, .T. ) ;
#996 = PERSON_AND_ORGANIZATION_ROLE ( 'creator' ) ;
#997 = ORIENTED_EDGE ( 'NONE', *, *, #597, .F. ) ;
#998 = DIRECTION ( 'NONE',  ( -0.000000000000000000, -0.000000000000000000, 1.000000000000000000 ) ) ;
#999 = DIRECTION ( 'NONE',  ( 0.000000000000000000, 1.000000000000000000, -8.673617379884043361E-16 ) ) ;
#1000 = ORIENTED_EDGE ( 'NONE', *, *, #1009, .T. ) ;
#1001 = EDGE_CURVE ( 'NONE', #451, #405, #262, .T. ) ;
#1002 = ORIENTED_EDGE ( 'NONE', *, *, #1537, .T. ) ;
#1003 = DIRECTION ( 'NONE',  ( -2.168404344971009115E-16, 1.000000000000000000, -9.403954806578308822E-32 ) ) ;
#1004 = DIRECTION ( 'NONE',  ( 0.000000000000000000, 1.000000000000000000, 0.000000000000000000 ) ) ;
#1005 = FACE_OUTER_BOUND ( 'NONE', #675, .T. ) ;
#1006 = EDGE_CURVE ( 'NONE', #882, #1942, #991, .T. ) ;
#1007 =( GEOMETRIC_REPRESENTATION_CONTEXT ( 3 ) GLOBAL_UNCERTAINTY_ASSIGNED_CONTEXT ( ( #977 ) ) GLOBAL_UNIT_ASSIGNED_CONTEXT ( ( #121, #948, #1601 ) ) REPRESENTATION_CONTEXT ( 'NONE', 'WORKASPACE' ) );
#1008 = LOCAL_TIME ( 11, 10, 3.000000000000000000, #510 ) ;
#1009 = EDGE_CURVE ( 'NONE', #1373, #1994, #1603, .T. ) ;
#1010 = DIRECTION ( 'NONE',  ( -0.000000000000000000, -1.000000000000000000, -0.000000000000000000 ) ) ;
#1011 = PERSON_AND_ORGANIZATION ( #1734, #13 ) ;
#1012 = CARTESIAN_POINT ( 'NONE',  ( 0.000000000000000000, -2.000000000000000000, 0.000000000000000000 ) ) ;
#1013 = DIRECTION ( 'NONE',  ( 0.000000000000000000, -1.000000000000000000, 0.000000000000000000 ) ) ;
#1014 = AXIS2_PLACEMENT_3D ( 'NONE', #1113, #468, #275 ) ;
#1015 = AXIS2_PLACEMENT_3D ( 'NONE', #1476, #652, #512 ) ;
#1016 = VERTEX_POINT ( 'NONE', #1063 ) ;
#1017 = AXIS2_PLACEMENT_3D ( 'NONE', #1208, #1623, #549 ) ;
#1018 = EDGE_CURVE ( 'NONE', #241, #2104, #1703, .T. ) ;
#1019 = DIRECTION ( 'NONE',  ( -0.5000000000000009992, -0.8660254037844381525, 0.000000000000000000 ) ) ;
#1020 = VECTOR ( 'NONE', #1927, 1000.000000000000000 ) ;
#1021 = DIRECTION ( 'NONE',  ( -2.168404344971008868E-16, 1.000000000000000000, 0.000000000000000000 ) ) ;
#1022 = VECTOR ( 'NONE', #1682, 1000.000000000000000 ) ;
#1023 = CYLINDRICAL_SURFACE ( 'NONE', #1776, 0.5000000000000000000 ) ;
#1024 = ORIENTED_EDGE ( 'NONE', *, *, #1626, .F. ) ;
#1025 = CARTESIAN_POINT ( 'NONE',  ( -10.13397459621555896, 4.999999999999999112, 3.000000000000000000 ) ) ;
#1026 = ADVANCED_FACE ( 'NONE', ( #386 ), #1240, .T. ) ;
#1027 = DIRECTION ( 'NONE',  ( 0.000000000000000000, -1.000000000000000000, -0.000000000000000000 ) ) ;
#1028 = DIRECTION ( 'NONE',  ( 0.000000000000000000, 1.000000000000000000, 0.000000000000000000 ) ) ;
#1029 = CARTESIAN_POINT ( 'NONE',  ( -9.412286759728523577, 2.249999999999998668, 3.000000000000000444 ) ) ;
#1030 = EDGE_CURVE ( 'NONE', #241, #1573, #1467, .T. ) ;
#1031 = CARTESIAN_POINT ( 'NONE',  ( 5.955951912909533025E-17, -0.5000000000000000000, 3.000000000000000000 ) ) ;
#1032 = DIRECTION ( 'NONE',  ( 0.000000000000000000, 0.000000000000000000, -1.000000000000000000 ) ) ;
#1033 = VERTEX_POINT ( 'NONE', #1903 ) ;
#1034 = CIRCLE ( 'NONE', #494, 1.000000000000000888 ) ;
#1035 = CIRCLE ( 'NONE', #1963, 0.5000000000000004441 ) ;
#1036 = CARTESIAN_POINT ( 'NONE',  ( 6.000000000000000000, 4.999999999999999112, -3.000000000000000444 ) ) ;
#1037 = DIRECTION ( 'NONE',  ( -1.000000000000000000, -0.000000000000000000, -0.000000000000000000 ) ) ;
#1038 = EDGE_CURVE ( 'NONE', #350, #116, #1043, .T. ) ;
#1039 = CARTESIAN_POINT ( 'NONE',  ( 0.000000000000000000, 4.499999999999999112, 0.000000000000000000 ) ) ;
#1040 = FACE_OUTER_BOUND ( 'NONE', #1442, .T. ) ;
#1041 = FACE_OUTER_BOUND ( 'NONE', #917, .T. ) ;
#1042 = EDGE_CURVE ( 'NONE', #744, #1651, #1585, .T. ) ;
#1043 = LINE ( 'NONE', #435, #1669 ) ;
#1045 = ORIENTED_EDGE ( 'NONE', *, *, #2070, .F. ) ;
#1044 = VERTEX_POINT ( 'NONE', #230 ) ;
#1046 = VECTOR ( 'NONE', #1239, 1000.000000000000000 ) ;
#1047 = AXIS2_PLACEMENT_3D ( 'NONE', #1068, #1726, #1681 ) ;
#1048 = DIRECTION ( 'NONE',  ( 0.000000000000000000, 1.000000000000000000, -8.673617379884043361E-16 ) ) ;
#1049 = CARTESIAN_POINT ( 'NONE',  ( -1.849999999999999867, -0.5000000000000002220, -3.500000000000000000 ) ) ;
#1050 = AXIS2_PLACEMENT_3D ( 'NONE', #1288, #1749, #433 ) ;
#1051 = CARTESIAN_POINT ( 'NONE',  ( -8.979274057836304834, 2.499999999999999112, 3.500000000000000000 ) ) ;
#1052 = DIRECTION ( 'NONE',  ( 0.000000000000000000, 0.000000000000000000, -1.000000000000000000 ) ) ;
#1053 = CARTESIAN_POINT ( 'NONE',  ( 6.000000000000000000, 0.4999999999999993339, 3.500000000000000000 ) ) ;
#1054 = EDGE_CURVE ( 'NONE', #173, #1813, #290, .T. ) ;
#1055 = DIRECTION ( 'NONE',  ( -1.000000000000000000, 1.734723475976805517E-15, 0.000000000000000000 ) ) ;
#1056 = ORIENTED_EDGE ( 'NONE', *, *, #722, .T. ) ;
#1057 = CARTESIAN_POINT ( 'NONE',  ( -8.499999999999996447, -0.5000000000000009992, -3.000000000000000000 ) ) ;
#1058 = CARTESIAN_POINT ( 'NONE',  ( -6.000000000000000000, 0.4999999999999992784, -3.000000000000000444 ) ) ;
#1059 = DIRECTION ( 'NONE',  ( 4.956352788505164254E-16, 8.662361802357589286E-32, -1.000000000000000000 ) ) ;
#1060 = ORIENTED_EDGE ( 'NONE', *, *, #1928, .F. ) ;
#1061 = CARTESIAN_POINT ( 'NONE',  ( -7.499999999999996447, -0.5000000000000007772, -3.000000000000000000 ) ) ;
#1062 = VERTEX_POINT ( 'NONE', #448 ) ;
#1063 = CARTESIAN_POINT ( 'NONE',  ( -2.350000000000000089, -1.499999999999999556, 3.000000000000000000 ) ) ;
#1064 = EDGE_CURVE ( 'NONE', #116, #51, #1104, .T. ) ;
#1065 = ORIENTED_EDGE ( 'NONE', *, *, #856, .F. ) ;
#1066 = DIRECTION ( 'NONE',  ( -0.000000000000000000, -0.000000000000000000, 1.000000000000000000 ) ) ;
#1067 = AXIS2_PLACEMENT_3D ( 'NONE', #860, #1689, #60 ) ;
#1068 = CARTESIAN_POINT ( 'NONE',  ( -10.13397459621556074, 4.499999999999999112, -3.000000000000000000 ) ) ;
#1069 = CARTESIAN_POINT ( 'NONE',  ( 5.500000000000000000, 4.999999999999999112, 3.500000000000000000 ) ) ;
#1070 = ORIENTED_EDGE ( 'NONE', *, *, #681, .F. ) ;
#1071 = ORIENTED_EDGE ( 'NONE', *, *, #1315, .T. ) ;
#1072 = CYLINDRICAL_SURFACE ( 'NONE', #1425, 2.250000000000000000 ) ;
#1073 = SPHERICAL_SURFACE ( 'NONE', #366, 0.5000000000000000000 ) ;
#1074 = ORIENTED_EDGE ( 'NONE', *, *, #847, .F. ) ;
#1075 = CARTESIAN_POINT ( 'NONE',  ( 1.849999999999999867, -1.500000000000000000, 3.000000000000000000 ) ) ;
#1076 = EDGE_LOOP ( 'NONE', ( #1519, #1060, #1608, #437 ) ) ;
#1077 = AXIS2_PLACEMENT_3D ( 'NONE', #1708, #236, #1366 ) ;
#1078 = AXIS2_PLACEMENT_3D ( 'NONE', #1031, #1387, #2032 ) ;
#1079 = FACE_OUTER_BOUND ( 'NONE', #208, .T. ) ;
#1080 = AXIS2_PLACEMENT_3D ( 'NONE', #556, #244, #1516 ) ;
#1081 = EDGE_CURVE ( 'NONE', #969, #1929, #2038, .T. ) ;
#1082 = CARTESIAN_POINT ( 'NONE',  ( -1.849999999999999867, -0.5000000000000002220, -3.000000000000000000 ) ) ;
#1083 = CARTESIAN_POINT ( 'NONE',  ( -2.289743092647316125, -1.740705239875620869, 0.3522204296821901393 ) ) ;
#1084 = CIRCLE ( 'NONE', #1805, 0.4999999999999997780 ) ;
#1085 = CARTESIAN_POINT ( 'NONE',  ( 2.221353948963344038, -1.838731443346005356, 0.8674401893935008712 ) ) ;
#1086 = VERTEX_POINT ( 'NONE', #592 ) ;
#1087 = CARTESIAN_POINT ( 'NONE',  ( -6.000000000000000000, -6.379211070675434126E-16, 3.500000000000000000 ) ) ;
#1088 = AXIS2_PLACEMENT_3D ( 'NONE', #2065, #299, #765 ) ;
#1089 = CARTESIAN_POINT ( 'NONE',  ( 6.000000000000000000, 4.499999999999999112, 3.500000000000000000 ) ) ;
#1090 = AXIS2_PLACEMENT_3D ( 'NONE', #984, #1320, #1365 ) ;
#1091 = DIRECTION ( 'NONE',  ( -1.000000000000000000, -0.000000000000000000, 0.000000000000000000 ) ) ;
#1092 = VECTOR ( 'NONE', #1661, 1000.000000000000000 ) ;
#1093 = EDGE_LOOP ( 'NONE', ( #149, #1458, #938, #577 ) ) ;
#1094 = DIRECTION ( 'NONE',  ( 0.000000000000000000, 0.000000000000000000, 1.000000000000000000 ) ) ;
#1095 = CARTESIAN_POINT ( 'NONE',  ( 0.000000000000000000, 0.000000000000000000, 3.500000000000000000 ) ) ;
#1096 = DIRECTION ( 'NONE',  ( 1.000000000000000000, 0.000000000000000000, 0.000000000000000000 ) ) ;
#1097 = EDGE_CURVE ( 'NONE', #1702, #987, #2073, .T. ) ;
#1098 = LINE ( 'NONE', #2097, #1284 ) ;
#1099 = EDGE_LOOP ( 'NONE', ( #1751, #249, #1444, #1177 ) ) ;
#1100 = FACE_OUTER_BOUND ( 'NONE', #2007, .T. ) ;
#1101 = SPHERICAL_SURFACE ( 'NONE', #1334, 0.5000000000000000000 ) ;
#1102 = EDGE_CURVE ( 'NONE', #987, #1559, #741, .T. ) ;
#1103 = ORIENTED_EDGE ( 'NONE', *, *, #711, .F. ) ;
#1104 = LINE ( 'NONE', #1761, #1132 ) ;
#1105 = ORIENTED_EDGE ( 'NONE', *, *, #782, .F. ) ;
#1106 = DIRECTION ( 'NONE',  ( 0.5000000000000008882, 0.8660254037844381525, 0.000000000000000000 ) ) ;
#1107 = VERTEX_POINT ( 'NONE', #914 ) ;
#1108 = FACE_OUTER_BOUND ( 'NONE', #43, .T. ) ;
#1109 = DIRECTION ( 'NONE',  ( -1.000000000000000000, 0.000000000000000000, -8.673617379884027583E-16 ) ) ;
#1110 = LINE ( 'NONE', #1744, #1657 ) ;
#1111 = AXIS2_PLACEMENT_3D ( 'NONE', #1462, #482, #320 ) ;
#1112 = ORIENTED_EDGE ( 'NONE', *, *, #1928, .T. ) ;
#1113 = CARTESIAN_POINT ( 'NONE',  ( -1.850000000000000089, -1.499999999999999778, -3.000000000000000444 ) ) ;
#1114 = PRODUCT_DEFINITION ( 'UNKNOWN', '', #558, #1920 ) ;
#1115 = APPROVAL_PERSON_ORGANIZATION ( #1988, #1201, #982 ) ;
#1116 = DIRECTION ( 'NONE',  ( 1.000000000000000000, 0.000000000000000000, 0.000000000000000000 ) ) ;
#1117 = ORIENTED_EDGE ( 'NONE', *, *, #847, .T. ) ;
#1118 = EDGE_CURVE ( 'NONE', #1922, #563, #1948, .T. ) ;
#1119 = ORIENTED_EDGE ( 'NONE', *, *, #1713, .F. ) ;
#1120 = CARTESIAN_POINT ( 'NONE',  ( 1.849999999999999867, -1.500000000000000000, 3.000000000000000000 ) ) ;
#1121 = EDGE_LOOP ( 'NONE', ( #754, #1270, #284, #550 ) ) ;
#1122 = ORIENTED_EDGE ( 'NONE', *, *, #41, .F. ) ;
#1123 = CARTESIAN_POINT ( 'NONE',  ( -10.63397459621556074, -0.5000000000000012212, -3.000000000000000000 ) ) ;
#1124 = CARTESIAN_POINT ( 'NONE',  ( 1.984081143902765021, -1.982798132475058317, -1.706822424221420498 ) ) ;
#1125 = AXIS2_PLACEMENT_3D ( 'NONE', #1486, #1004, #1168 ) ;
#1126 = DIRECTION ( 'NONE',  ( -1.000000000000000000, -1.747729060459023048E-16, 0.000000000000000000 ) ) ;
#1127 = ORIENTED_EDGE ( 'NONE', *, *, #785, .T. ) ;
#1128 = VECTOR ( 'NONE', #998, 1000.000000000000000 ) ;
#1129 = FACE_OUTER_BOUND ( 'NONE', #674, .T. ) ;
#1130 = ORIENTED_EDGE ( 'NONE', *, *, #444, .F. ) ;
#1131 = VECTOR ( 'NONE', #1147, 1000.000000000000000 ) ;
#1132 = VECTOR ( 'NONE', #420, 1000.000000000000000 ) ;
#1133 = EDGE_LOOP ( 'NONE', ( #857, #2027, #2036 ) ) ;
#1134 = ADVANCED_FACE ( 'NONE', ( #1571 ), #1073, .T. ) ;
#1135 = AXIS2_PLACEMENT_3D ( 'NONE', #1326, #972, #155 ) ;
#1136 = DIRECTION ( 'NONE',  ( -0.000000000000000000, -0.000000000000000000, 1.000000000000000000 ) ) ;
#1137 = ORIENTED_EDGE ( 'NONE', *, *, #327, .T. ) ;
#1138 = DIRECTION ( 'NONE',  ( -1.000000000000000000, 1.577021341797097314E-16, 0.000000000000000000 ) ) ;
#1139 = DIRECTION ( 'NONE',  ( -1.000000000000000000, 0.000000000000000000, 0.000000000000000000 ) ) ;
#1140 = CARTESIAN_POINT ( 'NONE',  ( 2.300000000000005151, -1.717944947177023840, -0.1755163475763205916 ) ) ;
#1141 = DIRECTION ( 'NONE',  ( 0.000000000000000000, 0.000000000000000000, -1.000000000000000000 ) ) ;
#1142 = CYLINDRICAL_SURFACE ( 'NONE', #1782, 0.5000000000000000000 ) ;
#1143 = ORIENTED_EDGE ( 'NONE', *, *, #22, .T. ) ;
#1144 = ORIENTED_EDGE ( 'NONE', *, *, #1157, .T. ) ;
#1145 = EDGE_CURVE ( 'NONE', #1783, #876, #2003, .T. ) ;
#1146 = EDGE_LOOP ( 'NONE', ( #418, #1644, #670, #77 ) ) ;
#1147 = DIRECTION ( 'NONE',  ( -1.000000000000000000, -1.747729060459023048E-16, -0.000000000000000000 ) ) ;
#1148 = EDGE_CURVE ( 'NONE', #2079, #1559, #1300, .T. ) ;
#1149 = CARTESIAN_POINT ( 'NONE',  ( 1.849999999999999867, -2.000000000000000000, 3.000000000000000000 ) ) ;
#1150 = CALENDAR_DATE ( 2025, 23, 5 ) ;
#1151 = FACE_OUTER_BOUND ( 'NONE', #1076, .T. ) ;
#1152 = CARTESIAN_POINT ( 'NONE',  ( -9.267949192431117922, 1.999999999999999112, 3.000000000000000444 ) ) ;
#1153 = EDGE_LOOP ( 'NONE', ( #1986, #1642, #101, #792 ) ) ;
#1154 = ORIENTED_EDGE ( 'NONE', *, *, #1672, .F. ) ;
#1155 = CARTESIAN_POINT ( 'NONE',  ( -8.500000000000000000, -0.5000000000000011102, 3.500000000000000000 ) ) ;
#1156 = DIRECTION ( 'NONE',  ( 0.000000000000000000, 1.000000000000000000, 0.000000000000000000 ) ) ;
#1157 = EDGE_CURVE ( 'NONE', #1731, #1813, #874, .T. ) ;
#1158 = CARTESIAN_POINT ( 'NONE',  ( -8.979274057836304834, 2.499999999999999112, -3.000000000000000000 ) ) ;
#1159 = CARTESIAN_POINT ( 'NONE',  ( -1.850000000000000089, -1.499999999999999556, 3.000000000000000000 ) ) ;
#1160 = CIRCLE ( 'NONE', #1185, 0.5000000000000000000 ) ;
#1161 = CIRCLE ( 'NONE', #1332, 0.5000000000000000000 ) ;
#1162 = ORIENTED_EDGE ( 'NONE', *, *, #515, .T. ) ;
#1163 = AXIS2_PLACEMENT_3D ( 'NONE', #42, #217, #165 ) ;
#1164 = AXIS2_PLACEMENT_3D ( 'NONE', #112, #1408, #1249 ) ;
#1165 = CIRCLE ( 'NONE', #231, 1.000000000000000000 ) ;
#1166 = CARTESIAN_POINT ( 'NONE',  ( -10.13397459621556074, 4.499999999999999112, -3.500000000000000000 ) ) ;
#1167 = PERSON_AND_ORGANIZATION ( #1734, #13 ) ;
#1168 = DIRECTION ( 'NONE',  ( -1.000000000000000000, 0.000000000000000000, 3.469446951953611033E-15 ) ) ;
#1169 = ADVANCED_FACE ( 'NONE', ( #1937 ), #940, .T. ) ;
#1170 = LINE ( 'NONE', #1656, #1605 ) ;
#1171 = ORIENTED_EDGE ( 'NONE', *, *, #1009, .F. ) ;
#1172 = EDGE_CURVE ( 'NONE', #1800, #81, #1527, .T. ) ;
#1173 = CYLINDRICAL_SURFACE ( 'NONE', #172, 0.5000000000000000000 ) ;
#1174 = ORIENTED_EDGE ( 'NONE', *, *, #1006, .F. ) ;
#1175 = DIRECTION ( 'NONE',  ( -1.000000000000000000, 0.000000000000000000, 0.000000000000000000 ) ) ;
#1176 = CARTESIAN_POINT ( 'NONE',  ( 2.299999999999999822, -1.717944947177033832, 1.238946738172644676E-13 ) ) ;
#1177 = ORIENTED_EDGE ( 'NONE', *, *, #130, .F. ) ;
#1178 = AXIS2_PLACEMENT_3D ( 'NONE', #379, #1019, #1515 ) ;
#1179 = ADVANCED_FACE ( 'NONE', ( #1441 ), #1101, .T. ) ;
#1180 = EDGE_LOOP ( 'NONE', ( #71, #1892, #359, #1489 ) ) ;
#1181 = DIRECTION ( 'NONE',  ( 8.673617379884026597E-16, -0.000000000000000000, -1.000000000000000000 ) ) ;
#1182 = APPROVAL_STATUS ( 'not_yet_approved' ) ;
#1183 = LINE ( 'NONE', #1831, #1256 ) ;
#1184 = CARTESIAN_POINT ( 'NONE',  ( -10.13397459621555896, -0.5000000000000013323, 3.000000000000000444 ) ) ;
#1185 = AXIS2_PLACEMENT_3D ( 'NONE', #1544, #73, #1385 ) ;
#1186 = AXIS2_PLACEMENT_3D ( 'NONE', #5, #839, #1655 ) ;
#1187 = LINE ( 'NONE', #317, #1700 ) ;
#1188 = EDGE_CURVE ( 'NONE', #542, #1016, #263, .T. ) ;
#1189 = ORIENTED_EDGE ( 'NONE', *, *, #1001, .F. ) ;
#1190 = AXIS2_PLACEMENT_3D ( 'NONE', #606, #1856, #730 ) ;
#1191 = EDGE_CURVE ( 'NONE', #1731, #2082, #2081, .T. ) ;
#1192 = DIRECTION ( 'NONE',  ( -0.000000000000000000, -0.000000000000000000, -1.000000000000000000 ) ) ;
#1193 = CIRCLE ( 'NONE', #1529, 0.5000000000000000000 ) ;
#1194 = CARTESIAN_POINT ( 'NONE',  ( 6.000000000000000000, 0.4999999999999993339, 3.000000000000000000 ) ) ;
#1195 = DIRECTION ( 'NONE',  ( 0.000000000000000000, 0.000000000000000000, -1.000000000000000000 ) ) ;
#1196 = ORIENTED_EDGE ( 'NONE', *, *, #573, .T. ) ;
#1197 = DIRECTION ( 'NONE',  ( -1.000000000000000000, 0.000000000000000000, 0.000000000000000000 ) ) ;
#1198 = DIRECTION ( 'NONE',  ( 0.000000000000000000, 0.000000000000000000, -1.000000000000000000 ) ) ;
#1200 = ORIENTED_EDGE ( 'NONE', *, *, #521, .F. ) ;
#1199 = ORIENTED_EDGE ( 'NONE', *, *, #929, .T. ) ;
#1201 = APPROVAL ( #1820, 'UNSPECIFIED' ) ;
#1202 = CARTESIAN_POINT ( 'NONE',  ( 0.000000000000000000, 0.000000000000000000, -3.500000000000000000 ) ) ;
#1203 = EDGE_CURVE ( 'NONE', #643, #1428, #1770, .T. ) ;
#1204 = CARTESIAN_POINT ( 'NONE',  ( 5.500000000000000000, 0.4999999999999993339, 3.500000000000000000 ) ) ;
#1205 = CARTESIAN_POINT ( 'NONE',  ( -10.63397459621555896, 4.499999999999999112, -3.000000000000000444 ) ) ;
#1206 = DIRECTION ( 'NONE',  ( -1.000000000000000000, 0.000000000000000000, 0.000000000000000000 ) ) ;
#1207 = CARTESIAN_POINT ( 'NONE',  ( 2.849999999999999645, -0.5000000000000000000, 3.000000000000000000 ) ) ;
#1208 = CARTESIAN_POINT ( 'NONE',  ( 1.849999999999999867, -1.500000000000000000, 3.000000000000000000 ) ) ;
#1210 = EDGE_LOOP ( 'NONE', ( #1105, #1808, #802 ) ) ;
#1209 = ORIENTED_EDGE ( 'NONE', *, *, #343, .T. ) ;
#1211 = AXIS2_PLACEMENT_3D ( 'NONE', #893, #438, #1094 ) ;
#1212 = AXIS2_PLACEMENT_3D ( 'NONE', #1815, #168, #195 ) ;
#1213 = CARTESIAN_POINT ( 'NONE',  ( -2.014173415693270464, -1.973248176992786318, -1.623753020141979420 ) ) ;
#1214 = LINE ( 'NONE', #234, #951 ) ;
#1215 = CARTESIAN_POINT ( 'NONE',  ( 5.500000000000000000, 0.000000000000000000, 3.000000000000000000 ) ) ;
#1216 = EDGE_CURVE ( 'NONE', #1622, #1717, #1225, .T. ) ;
#1217 = VERTEX_POINT ( 'NONE', #1730 ) ;
#1218 = DIRECTION ( 'NONE',  ( -1.000000000000000000, 0.000000000000000000, 0.000000000000000000 ) ) ;
#1219 = DIRECTION ( 'NONE',  ( 0.000000000000000000, 0.000000000000000000, -1.000000000000000000 ) ) ;
#1220 = ORIENTED_EDGE ( 'NONE', *, *, #1188, .T. ) ;
#1221 = AXIS2_PLACEMENT_3D ( 'NONE', #1542, #1552, #1850 ) ;
#1222 = CARTESIAN_POINT ( 'NONE',  ( -1.984081143902765465, -1.982798132475057873, -1.706822424221420720 ) ) ;
#1223 = AXIS2_PLACEMENT_3D ( 'NONE', #1943, #479, #1198 ) ;
#1224 = DIRECTION ( 'NONE',  ( 0.000000000000000000, 0.000000000000000000, -1.000000000000000000 ) ) ;
#1225 = CIRCLE ( 'NONE', #94, 0.5000000000000004441 ) ;
#1226 = FACE_OUTER_BOUND ( 'NONE', #1455, .T. ) ;
#1227 = AXIS2_PLACEMENT_3D ( 'NONE', #716, #1374, #1509 ) ;
#1228 = ORIENTED_EDGE ( 'NONE', *, *, #955, .T. ) ;
#1229 = DIRECTION ( 'NONE',  ( 0.000000000000000000, 0.000000000000000000, -1.000000000000000000 ) ) ;
#1230 = ADVANCED_FACE ( 'NONE', ( #1129 ), #1264, .T. ) ;
#1231 = ADVANCED_FACE ( 'NONE', ( #1618 ), #638, .F. ) ;
#1232 = CARTESIAN_POINT ( 'NONE',  ( -2.750000000000000000, -1.499999999999999556, 0.000000000000000000 ) ) ;
#1234 = ORIENTED_EDGE ( 'NONE', *, *, #1064, .T. ) ;
#1233 = ORIENTED_EDGE ( 'NONE', *, *, #1953, .F. ) ;
#1235 = DIRECTION ( 'NONE',  ( 0.000000000000000000, 1.000000000000000000, 0.000000000000000000 ) ) ;
#1236 = DIRECTION ( 'NONE',  ( 1.000000000000000000, -4.336808689942017736E-16, -0.000000000000000000 ) ) ;
#1237 = CARTESIAN_POINT ( 'NONE',  ( -10.13397459621555896, 4.499999999999999112, 3.500000000000000000 ) ) ;
#1238 = ORIENTED_EDGE ( 'NONE', *, *, #1508, .F. ) ;
#1239 = DIRECTION ( 'NONE',  ( -1.000000000000000000, -1.191190382581906851E-16, -0.000000000000000000 ) ) ;
#1240 = SPHERICAL_SURFACE ( 'NONE', #538, 0.5000000000000000000 ) ;
#1241 = ORIENTED_EDGE ( 'NONE', *, *, #79, .F. ) ;
#1242 = EDGE_CURVE ( 'NONE', #330, #1397, #954, .T. ) ;
#1243 = CARTESIAN_POINT ( 'NONE',  ( -1.849999999999999645, -1.084202172485505174E-16, -3.500000000000000000 ) ) ;
#1244 = DIRECTION ( 'NONE',  ( 0.000000000000000000, 0.000000000000000000, -1.000000000000000000 ) ) ;
#1245 = DIRECTION ( 'NONE',  ( -0.000000000000000000, -0.000000000000000000, 1.000000000000000000 ) ) ;
#1246 = ORIENTED_EDGE ( 'NONE', *, *, #1537, .F. ) ;
#1247 = EDGE_LOOP ( 'NONE', ( #1252, #1117, #717, #280, #180 ) ) ;
#1248 = CARTESIAN_POINT ( 'NONE',  ( 1.850000000000000089, -1.500000000000000000, -3.000000000000000000 ) ) ;
#1249 = DIRECTION ( 'NONE',  ( -1.000000000000000000, 0.000000000000000000, 0.000000000000000000 ) ) ;
#1250 = ORIENTED_EDGE ( 'NONE', *, *, #713, .T. ) ;
#1251 = CARTESIAN_POINT ( 'NONE',  ( 2.350000000000000089, -1.499999999999999778, 3.000000000000000000 ) ) ;
#1252 = ORIENTED_EDGE ( 'NONE', *, *, #1674, .F. ) ;
#1253 = EDGE_CURVE ( 'NONE', #350, #1428, #913, .T. ) ;
#1254 = TOROIDAL_SURFACE ( 'NONE', #221, 1.000000000000000000, 0.5000000000000000000 ) ;
#1255 = DIRECTION ( 'NONE',  ( -0.000000000000000000, -0.000000000000000000, 1.000000000000000000 ) ) ;
#1256 = VECTOR ( 'NONE', #1363, 1000.000000000000000 ) ;
#1257 = CARTESIAN_POINT ( 'NONE',  ( 5.500000000000000000, -5.505346540445921616E-16, 3.500000000000000000 ) ) ;
#1258 = EDGE_CURVE ( 'NONE', #1328, #542, #436, .T. ) ;
#1259 = SPHERICAL_SURFACE ( 'NONE', #540, 0.5000000000000000000 ) ;
#1260 = CARTESIAN_POINT ( 'NONE',  ( 2.349999999999999645, -0.5000000000000001110, 3.500000000000000000 ) ) ;
#1261 = ORIENTED_EDGE ( 'NONE', *, *, #1437, .F. ) ;
#1262 = EDGE_LOOP ( 'NONE', ( #712, #1127, #805, #503 ) ) ;
#1263 = DIRECTION ( 'NONE',  ( -1.000000000000000000, 0.000000000000000000, -0.000000000000000000 ) ) ;
#1264 = TOROIDAL_SURFACE ( 'NONE', #306, 2.750000000000000000, 0.5000000000000000000 ) ;
#1265 = CARTESIAN_POINT ( 'NONE',  ( 5.500000000000000000, 4.499999999999999112, 3.000000000000000000 ) ) ;
#1266 = AXIS2_PLACEMENT_3D ( 'NONE', #406, #1059, #1109 ) ;
#1267 = CARTESIAN_POINT ( 'NONE',  ( -11.00000000000000000, 4.999999999999999112, -3.000000000000000444 ) ) ;
#1268 = ORIENTED_EDGE ( 'NONE', *, *, #667, .T. ) ;
#1269 = DIRECTION ( 'NONE',  ( 1.000000000000000000, 0.000000000000000000, 0.000000000000000000 ) ) ;
#1270 = ORIENTED_EDGE ( 'NONE', *, *, #1626, .T. ) ;
#1271 = EDGE_CURVE ( 'NONE', #1630, #93, #703, .T. ) ;
#1272 = DIRECTION ( 'NONE',  ( -2.168404344971008868E-16, 1.000000000000000000, 0.000000000000000000 ) ) ;
#1273 = LINE ( 'NONE', #1069, #1742 ) ;
#1274 = APPLICATION_PROTOCOL_DEFINITION ( 'international standard', 'config_control_design', 1994, #892 ) ;
#1275 = ADVANCED_FACE ( 'NONE', ( #974 ), #1806, .T. ) ;
#1276 = ORIENTED_EDGE ( 'NONE', *, *, #41, .T. ) ;
#1277 = CARTESIAN_POINT ( 'NONE',  ( 0.000000000000000000, -1.499999999999999778, 0.000000000000000000 ) ) ;
#1278 = DIRECTION ( 'NONE',  ( 1.000000000000000000, -0.000000000000000000, -0.000000000000000000 ) ) ;
#1279 = ORIENTED_EDGE ( 'NONE', *, *, #2087, .T. ) ;
#1280 = EDGE_LOOP ( 'NONE', ( #1862, #1446, #568, #1456 ) ) ;
#1281 = CARTESIAN_POINT ( 'NONE',  ( -9.845299461620744097, 1.999999999999998668, 3.500000000000000000 ) ) ;
#1282 = LINE ( 'NONE', #2095, #363 ) ;
#1283 = DIRECTION ( 'NONE',  ( -1.000000000000000000, 0.000000000000000000, -8.673617379884027583E-16 ) ) ;
#1284 = VECTOR ( 'NONE', #1899, 1000.000000000000000 ) ;
#1285 = DIRECTION ( 'NONE',  ( 0.000000000000000000, 1.000000000000000000, -0.000000000000000000 ) ) ;
#1286 = ORIENTED_EDGE ( 'NONE', *, *, #1807, .T. ) ;
#1287 = EDGE_CURVE ( 'NONE', #1033, #896, #508, .T. ) ;
#1288 = CARTESIAN_POINT ( 'NONE',  ( 0.000000000000000000, 4.499999999999999112, 0.000000000000000000 ) ) ;
#1290 = VERTEX_POINT ( 'NONE', #484 ) ;
#1289 = ORIENTED_EDGE ( 'NONE', *, *, #970, .T. ) ;
#1291 = PRODUCT_DEFINITION_SHAPE ( 'NONE', 'NONE',  #1114 ) ;
#1292 = CYLINDRICAL_SURFACE ( 'NONE', #630, 0.5000000000000004441 ) ;
#1293 = ORIENTED_EDGE ( 'NONE', *, *, #681, .T. ) ;
#1294 = DIRECTION ( 'NONE',  ( -0.000000000000000000, 1.000000000000000000, -0.000000000000000000 ) ) ;
#1295 = VECTOR ( 'NONE', #298, 1000.000000000000000 ) ;
#1296 = DIRECTION ( 'NONE',  ( -1.000000000000000000, 9.637352644315595243E-17, 0.000000000000000000 ) ) ;
#1297 = CARTESIAN_POINT ( 'NONE',  ( 2.299999999999995381, -1.717944947177044046, 0.1780240874690089681 ) ) ;
#1298 = CARTESIAN_POINT ( 'NONE',  ( -1.849999999999999867, -1.499999999999999556, 3.000000000000000000 ) ) ;
#1299 = VECTOR ( 'NONE', #55, 1000.000000000000000 ) ;
#1300 = LINE ( 'NONE', #1089, #1020 ) ;
#1301 = VERTEX_POINT ( 'NONE', #16 ) ;
#1302 = VERTEX_POINT ( 'NONE', #672 ) ;
#1303 = AXIS2_PLACEMENT_3D ( 'NONE', #898, #594, #562 ) ;
#1304 = EDGE_CURVE ( 'NONE', #1466, #539, #170, .T. ) ;
#1305 = EDGE_LOOP ( 'NONE', ( #175, #1772, #1154, #1960 ) ) ;
#1306 = ADVANCED_FACE ( 'NONE', ( #519 ), #1959, .F. ) ;
#1307 = AXIS2_PLACEMENT_3D ( 'NONE', #1184, #1384, #1533 ) ;
#1308 = FACE_OUTER_BOUND ( 'NONE', #832, .T. ) ;
#1309 = CYLINDRICAL_SURFACE ( 'NONE', #1643, 0.4999999999999998890 ) ;
#1310 = CALENDAR_DATE ( 2025, 23, 5 ) ;
#1311 = DIRECTION ( 'NONE',  ( 0.8660254037844385966, -0.5000000000000000000, 0.000000000000000000 ) ) ;
#1312 = DIRECTION ( 'NONE',  ( 0.5000000000000004441, 0.8660254037844384856, 3.755786496842901029E-16 ) ) ;
#1313 = VERTEX_POINT ( 'NONE', #1176 ) ;
#1314 = ORIENTED_EDGE ( 'NONE', *, *, #834, .F. ) ;
#1315 = EDGE_CURVE ( 'NONE', #388, #109, #1170, .T. ) ;
#1316 = SPHERICAL_SURFACE ( 'NONE', #2069, 0.5000000000000000000 ) ;
#1317 = CARTESIAN_POINT ( 'NONE',  ( -5.651923788646670666, -3.263139720814413280, -3.000000000000000000 ) ) ;
#1318 = PERSON_AND_ORGANIZATION ( #1734, #13 ) ;
#1319 = CARTESIAN_POINT ( 'NONE',  ( 1.849999999999999867, -1.500000000000000000, -3.000000000000000000 ) ) ;
#1320 = DIRECTION ( 'NONE',  ( 0.000000000000000000, 0.000000000000000000, -1.000000000000000000 ) ) ;
#1321 = CIRCLE ( 'NONE', #1211, 0.5000000000000000000 ) ;
#1322 = LOCAL_TIME ( 11, 10, 3.000000000000000000, #1500 ) ;
#1323 = VERTEX_POINT ( 'NONE', #1495 ) ;
#1324 = EDGE_CURVE ( 'NONE', #720, #1717, #25, .T. ) ;
#1325 = DIRECTION ( 'NONE',  ( 0.000000000000000000, 1.000000000000000000, 0.000000000000000000 ) ) ;
#1326 = CARTESIAN_POINT ( 'NONE',  ( -2.349999999999999645, -4.814824860968089633E-32, 3.500000000000000000 ) ) ;
#1327 = ADVANCED_FACE ( 'NONE', ( #1005 ), #1823, .F. ) ;
#1328 = VERTEX_POINT ( 'NONE', #171 ) ;
#1329 = FACE_OUTER_BOUND ( 'NONE', #2063, .T. ) ;
#1330 = DIRECTION ( 'NONE',  ( 1.000000000000000000, -0.000000000000000000, -0.000000000000000000 ) ) ;
#1331 = AXIS2_PLACEMENT_3D ( 'NONE', #1900, #1451, #928 ) ;
#1332 = AXIS2_PLACEMENT_3D ( 'NONE', #119, #1753, #759 ) ;
#1333 = AXIS2_PLACEMENT_3D ( 'NONE', #1632, #1677, #819 ) ;
#1334 = AXIS2_PLACEMENT_3D ( 'NONE', #1759, #1116, #287 ) ;
#1335 = CIRCLE ( 'NONE', #1837, 0.5000000000000004441 ) ;
#1336 = DIRECTION ( 'NONE',  ( 0.8660254037844378194, 0.5000000000000014433, 0.000000000000000000 ) ) ;
#1337 = EDGE_CURVE ( 'NONE', #330, #720, #683, .T. ) ;
#1338 = COORDINATED_UNIVERSAL_TIME_OFFSET ( 1, 0, .AHEAD. ) ;
#1339 = CYLINDRICAL_SURFACE ( 'NONE', #1015, 0.5000000000000000000 ) ;
#1340 = CARTESIAN_POINT ( 'NONE',  ( -8.979274057836304834, 1.499999999999998446, 3.000000000000000444 ) ) ;
#1341 = EDGE_CURVE ( 'NONE', #673, #330, #6, .T. ) ;
#1342 = ORIENTED_EDGE ( 'NONE', *, *, #1399, .T. ) ;
#1343 = ORIENTED_EDGE ( 'NONE', *, *, #1650, .F. ) ;
#1344 = LINE ( 'NONE', #1036, #1092 ) ;
#1345 = PERSON_AND_ORGANIZATION ( #1734, #13 ) ;
#1346 = LINE ( 'NONE', #1989, #196 ) ;
#1347 = ADVANCED_FACE ( 'NONE', ( #1799 ), #1142, .T. ) ;
#1348 = EDGE_LOOP ( 'NONE', ( #1728, #417, #997 ) ) ;
#1349 = CARTESIAN_POINT ( 'NONE',  ( -2.300000000000004707, -1.717944947177023840, -0.1755163475763203140 ) ) ;
#1350 = DIRECTION ( 'NONE',  ( -1.000000000000000000, 0.000000000000000000, 0.000000000000000000 ) ) ;
#1351 = DIRECTION ( 'NONE',  ( 0.000000000000000000, 0.000000000000000000, -1.000000000000000000 ) ) ;
#1352 = ORIENTED_EDGE ( 'NONE', *, *, #2019, .F. ) ;
#1353 = VECTOR ( 'NONE', #148, 1000.000000000000000 ) ;
#1354 = ADVANCED_FACE ( 'NONE', ( #1665 ), #2076, .T. ) ;
#1355 = CIRCLE ( 'NONE', #302, 0.5000000000000004441 ) ;
#1356 = DIRECTION ( 'NONE',  ( 0.000000000000000000, 0.000000000000000000, -1.000000000000000000 ) ) ;
#1357 = VECTOR ( 'NONE', #441, 1000.000000000000000 ) ;
#1358 = ORIENTED_EDGE ( 'NONE', *, *, #2115, .F. ) ;
#1359 = ADVANCED_FACE ( 'NONE', ( #321 ), #887, .F. ) ;
#1360 = AXIS2_PLACEMENT_3D ( 'NONE', #830, #1968, #999 ) ;
#1361 = DIRECTION ( 'NONE',  ( 0.000000000000000000, 0.000000000000000000, -1.000000000000000000 ) ) ;
#1362 = VECTOR ( 'NONE', #662, 999.9999999999998863 ) ;
#1363 = DIRECTION ( 'NONE',  ( -4.956352788505164254E-16, -8.662361802357589286E-32, 1.000000000000000000 ) ) ;
#1364 = AXIS2_PLACEMENT_3D ( 'NONE', #2018, #1361, #685 ) ;
#1365 = DIRECTION ( 'NONE',  ( -1.000000000000000000, 0.000000000000000000, 0.000000000000000000 ) ) ;
#1366 = DIRECTION ( 'NONE',  ( 0.000000000000000000, 0.000000000000000000, -1.000000000000000000 ) ) ;
#1367 = DIRECTION ( 'NONE',  ( -1.000000000000000000, 0.000000000000000000, 0.000000000000000000 ) ) ;
#1368 = FACE_OUTER_BOUND ( 'NONE', #1649, .T. ) ;
#1369 = VERTEX_POINT ( 'NONE', #1843 ) ;
#1370 = EDGE_CURVE ( 'NONE', #1573, #1328, #1676, .T. ) ;
#1371 = DIRECTION ( 'NONE',  ( 1.000000000000000000, -2.168404344971008868E-16, 0.000000000000000000 ) ) ;
#1372 = CARTESIAN_POINT ( 'NONE',  ( 0.000000000000000000, -1.499999999999999778, 0.000000000000000000 ) ) ;
#1373 = VERTEX_POINT ( 'NONE', #62 ) ;
#1374 = DIRECTION ( 'NONE',  ( 9.227252531791526626E-17, 1.000000000000000000, -0.000000000000000000 ) ) ;
#1375 = LINE ( 'NONE', #50, #160 ) ;
#1376 = LINE ( 'NONE', #86, #1830 ) ;
#1377 = DIRECTION ( 'NONE',  ( 0.000000000000000000, 0.000000000000000000, -1.000000000000000000 ) ) ;
#1378 = ORIENTED_EDGE ( 'NONE', *, *, #1304, .T. ) ;
#1379 = AXIS2_PLACEMENT_3D ( 'NONE', #852, #1192, #1841 ) ;
#1380 = CC_DESIGN_APPROVAL ( #752, ( #558 ) ) ;
#1381 = CARTESIAN_POINT ( 'NONE',  ( -2.221001047539373996, -1.839049341102490853, -0.8690159569997919498 ) ) ;
#1382 = CC_DESIGN_DATE_AND_TIME_ASSIGNMENT ( #12, #353, ( #1114 ) ) ;
#1383 = CYLINDRICAL_SURFACE ( 'NONE', #2068, 0.5000000000000004441 ) ;
#1384 = DIRECTION ( 'NONE',  ( 5.007715329123860808E-16, 8.673617379884017723E-16, -1.000000000000000000 ) ) ;
#1385 = DIRECTION ( 'NONE',  ( 0.000000000000000000, 0.000000000000000000, -1.000000000000000000 ) ) ;
#1386 = ADVANCED_FACE ( 'NONE', ( #1692 ), #527, .F. ) ;
#1387 = DIRECTION ( 'NONE',  ( 1.000000000000000000, 1.191190382581906851E-16, 0.000000000000000000 ) ) ;
#1388 = DIRECTION ( 'NONE',  ( 2.168404344971006649E-16, -1.000000000000000000, -0.000000000000000000 ) ) ;
#1389 = ORIENTED_EDGE ( 'NONE', *, *, #595, .F. ) ;
#1390 = VECTOR ( 'NONE', #1757, 1000.000000000000000 ) ;
#1391 = CIRCLE ( 'NONE', #1736, 2.250000000000000000 ) ;
#1392 = DIRECTION ( 'NONE',  ( -1.000000000000000000, 0.000000000000000000, 3.469446951953611033E-15 ) ) ;
#1393 = AXIS2_PLACEMENT_3D ( 'NONE', #377, #1536, #250 ) ;
#1394 = DIRECTION ( 'NONE',  ( 1.000000000000000000, 1.747729060459023048E-16, 0.000000000000000000 ) ) ;
#1395 = AXIS2_PLACEMENT_3D ( 'NONE', #75, #1091, #2035 ) ;
#1396 = CARTESIAN_POINT ( 'NONE',  ( -1.850000000000000089, -2.000000000000000000, 2.034698994937580441 ) ) ;
#1397 = VERTEX_POINT ( 'NONE', #1543 ) ;
#1398 = DIRECTION ( 'NONE',  ( 0.000000000000000000, -0.000000000000000000, -1.000000000000000000 ) ) ;
#1399 = EDGE_CURVE ( 'NONE', #387, #1406, #37, .T. ) ;
#1400 = CARTESIAN_POINT ( 'NONE',  ( 2.755455298081543792E-16, 4.499999999999999112, -2.250000000000000000 ) ) ;
#1401 = ORIENTED_EDGE ( 'NONE', *, *, #18, .T. ) ;
#1402 = DIRECTION ( 'NONE',  ( 7.523163845262633045E-31, 1.000000000000000000, 2.168404344971008868E-16 ) ) ;
#1403 = DIRECTION ( 'NONE',  ( -1.000000000000000000, 0.000000000000000000, 0.000000000000000000 ) ) ;
#1404 = DIRECTION ( 'NONE',  ( -1.000000000000000000, 9.227252531791526626E-17, -0.000000000000000000 ) ) ;
#1405 = ORIENTED_EDGE ( 'NONE', *, *, #1954, .T. ) ;
#1406 = VERTEX_POINT ( 'NONE', #695 ) ;
#1407 = DIRECTION ( 'NONE',  ( -0.000000000000000000, 1.000000000000000000, -0.000000000000000000 ) ) ;
#1408 = DIRECTION ( 'NONE',  ( 0.000000000000000000, 0.000000000000000000, -1.000000000000000000 ) ) ;
#1409 = VERTEX_POINT ( 'NONE', #862 ) ;
#1410 = ADVANCED_FACE ( 'NONE', ( #374 ), #1517, .T. ) ;
#1411 = CARTESIAN_POINT ( 'NONE',  ( -9.845299461620744097, 1.999999999999998668, -3.000000000000000000 ) ) ;
#1412 = ORIENTED_EDGE ( 'NONE', *, *, #1582, .T. ) ;
#1413 = EDGE_CURVE ( 'NONE', #2104, #1433, #365, .T. ) ;
#1414 = CYLINDRICAL_SURFACE ( 'NONE', #692, 0.5000000000000000000 ) ;
#1415 = VECTOR ( 'NONE', #783, 1000.000000000000000 ) ;
#1416 = SPHERICAL_SURFACE ( 'NONE', #1945, 0.5000000000000000000 ) ;
#1417 = CARTESIAN_POINT ( 'NONE',  ( -6.000000000000000000, 4.499999999999999112, -3.000000000000000444 ) ) ;
#1418 = CARTESIAN_POINT ( 'NONE',  ( -2.849999999999999645, -8.738645302295114009E-17, 3.000000000000000000 ) ) ;
#1419 = ORIENTED_EDGE ( 'NONE', *, *, #1271, .T. ) ;
#1420 = CARTESIAN_POINT ( 'NONE',  ( 5.500000000000000000, 0.000000000000000000, 3.500000000000000000 ) ) ;
#1421 = DIRECTION ( 'NONE',  ( -1.000000000000000000, 1.747729060459022802E-16, 0.000000000000000000 ) ) ;
#1422 = CARTESIAN_POINT ( 'NONE',  ( -1.849999999999999645, -0.5000000000000002220, 3.000000000000000000 ) ) ;
#1424 = ORIENTED_EDGE ( 'NONE', *, *, #528, .F. ) ;
#1423 = ORIENTED_EDGE ( 'NONE', *, *, #204, .F. ) ;
#1425 = AXIS2_PLACEMENT_3D ( 'NONE', #1729, #1407, #2053 ) ;
#1426 = ADVANCED_FACE ( 'NONE', ( #72 ), #2005, .T. ) ;
#1427 = SPHERICAL_SURFACE ( 'NONE', #1548, 0.5000000000000000000 ) ;
#1428 = VERTEX_POINT ( 'NONE', #1205 ) ;
#1429 = CARTESIAN_POINT ( 'NONE',  ( -10.63397459621555896, 4.499999999999999112, 3.000000000000000444 ) ) ;
#1430 = LINE ( 'NONE', #1886, #400 ) ;
#1431 = ORIENTED_EDGE ( 'NONE', *, *, #253, .T. ) ;
#1432 = CARTESIAN_POINT ( 'NONE',  ( -10.13397459621555896, 4.499999999999999112, -3.000000000000000000 ) ) ;
#1434 = ORIENTED_EDGE ( 'NONE', *, *, #724, .F. ) ;
#1433 = VERTEX_POINT ( 'NONE', #1999 ) ;
#1435 = FACE_OUTER_BOUND ( 'NONE', #1153, .T. ) ;
#1436 = ORIENTED_EDGE ( 'NONE', *, *, #1490, .F. ) ;
#1437 = EDGE_CURVE ( 'NONE', #1302, #1369, #480, .T. ) ;
#1438 = DIRECTION ( 'NONE',  ( 0.000000000000000000, -1.000000000000000000, 0.000000000000000000 ) ) ;
#1439 = DIRECTION ( 'NONE',  ( 8.673617379884026597E-16, 0.000000000000000000, -1.000000000000000000 ) ) ;
#1440 = CYLINDRICAL_SURFACE ( 'NONE', #949, 0.5000000000000004441 ) ;
#1441 = FACE_OUTER_BOUND ( 'NONE', #1210, .T. ) ;
#1442 = EDGE_LOOP ( 'NONE', ( #261, #322, #1233, #1811, #1513, #487, #1452 ) ) ;
#1443 = ORIENTED_EDGE ( 'NONE', *, *, #486, .F. ) ;
#1444 = ORIENTED_EDGE ( 'NONE', *, *, #815, .F. ) ;
#1445 = DIRECTION ( 'NONE',  ( 1.000000000000000000, 0.000000000000000000, 0.000000000000000000 ) ) ;
#1446 = ORIENTED_EDGE ( 'NONE', *, *, #1148, .T. ) ;
#1447 = CARTESIAN_POINT ( 'NONE',  ( 0.000000000000000000, 4.999999999999999112, 0.000000000000000000 ) ) ;
#1448 = CYLINDRICAL_SURFACE ( 'NONE', #2008, 0.5000000000000000000 ) ;
#1449 = CARTESIAN_POINT ( 'NONE',  ( 2.299999999999999822, -1.717944947177033832, 1.238946738172644676E-13 ) ) ;
#1450 = CIRCLE ( 'NONE', #1379, 0.5000000000000004441 ) ;
#1451 = DIRECTION ( 'NONE',  ( 1.000000000000000000, -0.000000000000000000, -0.000000000000000000 ) ) ;
#1452 = ORIENTED_EDGE ( 'NONE', *, *, #1042, .F. ) ;
#1453 = DIRECTION ( 'NONE',  ( -1.000000000000000000, 9.227252531791526626E-17, 0.000000000000000000 ) ) ;
#1454 = EDGE_CURVE ( 'NONE', #1044, #109, #1873, .T. ) ;
#1455 = EDGE_LOOP ( 'NONE', ( #1554, #1443, #1412, #1917 ) ) ;
#1456 = ORIENTED_EDGE ( 'NONE', *, *, #182, .T. ) ;
#1457 = ORIENTED_EDGE ( 'NONE', *, *, #474, .F. ) ;
#1458 = ORIENTED_EDGE ( 'NONE', *, *, #159, .F. ) ;
#1459 = FACE_OUTER_BOUND ( 'NONE', #1093, .T. ) ;
#1460 = AXIS2_PLACEMENT_3D ( 'NONE', #407, #548, #1197 ) ;
#1461 = DIRECTION ( 'NONE',  ( 0.000000000000000000, 0.000000000000000000, 1.000000000000000000 ) ) ;
#1462 = CARTESIAN_POINT ( 'NONE',  ( 5.500000000000000000, 4.499999999999999112, -3.000000000000000444 ) ) ;
#1463 = AXIS2_PLACEMENT_3D ( 'NONE', #1647, #1494, #1175 ) ;
#1464 = FACE_OUTER_BOUND ( 'NONE', #1121, .T. ) ;
#1465 = CARTESIAN_POINT ( 'NONE',  ( 2.849999999999999645, -0.5000000000000000000, -3.000000000000000444 ) ) ;
#1466 = VERTEX_POINT ( 'NONE', #2021 ) ;
#1467 = CIRCLE ( 'NONE', #53, 0.5000000000000000000 ) ;
#1468 = EDGE_CURVE ( 'NONE', #1301, #673, #1568, .T. ) ;
#1469 = AXIS2_PLACEMENT_3D ( 'NONE', #31, #689, #491 ) ;
#1470 = EDGE_LOOP ( 'NONE', ( #411, #520, #1352, #966 ) ) ;
#1471 = CIRCLE ( 'NONE', #1531, 0.5000000000000004441 ) ;
#1472 = ORIENTED_EDGE ( 'NONE', *, *, #1567, .T. ) ;
#1473 = CARTESIAN_POINT ( 'NONE',  ( 5.500000000000000000, 4.499999999999999112, -3.000000000000000000 ) ) ;
#1474 = DIRECTION ( 'NONE',  ( -0.8660254037844383745, 0.5000000000000003331, 0.000000000000000000 ) ) ;
#1475 = APPROVAL_DATE_TIME ( #35, #1201 ) ;
#1476 = CARTESIAN_POINT ( 'NONE',  ( -2.350000000000000089, -1.499999999999999556, -3.000000000000000444 ) ) ;
#1477 = DIRECTION ( 'NONE',  ( -0.000000000000000000, -0.000000000000000000, -1.000000000000000000 ) ) ;
#1478 = ORIENTED_EDGE ( 'NONE', *, *, #229, .T. ) ;
#1479 = ORIENTED_EDGE ( 'NONE', *, *, #204, .T. ) ;
#1480 = ADVANCED_FACE ( 'NONE', ( #382 ), #1671, .T. ) ;
#1481 = EDGE_LOOP ( 'NONE', ( #831, #153, #1586, #1794 ) ) ;
#1482 = ADVANCED_FACE ( 'NONE', ( #557 ), #849, .T. ) ;
#1483 = CARTESIAN_POINT ( 'NONE',  ( -2.849999999999999645, -0.5000000000000000000, 3.500000000000000000 ) ) ;
#1484 = DIRECTION ( 'NONE',  ( 2.168404344971008868E-16, -1.000000000000000000, 0.000000000000000000 ) ) ;
#1485 = APPROVAL_ROLE ( '' ) ;
#1486 = CARTESIAN_POINT ( 'NONE',  ( -10.13397459621555896, 4.499999999999999112, -3.000000000000000000 ) ) ;
#1487 = DIRECTION ( 'NONE',  ( 0.000000000000000000, 2.168404344971008868E-16, -1.000000000000000000 ) ) ;
#1488 = VERTEX_POINT ( 'NONE', #1051 ) ;
#1489 = ORIENTED_EDGE ( 'NONE', *, *, #54, .F. ) ;
#1490 = EDGE_CURVE ( 'NONE', #1952, #564, #1165, .T. ) ;
#1491 = ADVANCED_FACE ( 'NONE', ( #1226 ), #1876, .F. ) ;
#1492 = CARTESIAN_POINT ( 'NONE',  ( 2.755455298081543792E-16, -2.000000000000000000, -2.250000000000000000 ) ) ;
#1493 = MECHANICAL_CONTEXT ( 'NONE', #892, 'mechanical' ) ;
#1494 = DIRECTION ( 'NONE',  ( -0.000000000000000000, -0.000000000000000000, -1.000000000000000000 ) ) ;
#1495 = CARTESIAN_POINT ( 'NONE',  ( 2.849999999999999645, 0.4999999999999997780, -3.500000000000000000 ) ) ;
#1496 = AXIS2_PLACEMENT_3D ( 'NONE', #661, #1798, #328 ) ;
#1497 = TOROIDAL_SURFACE ( 'NONE', #1393, 1.000000000000000000, 0.5000000000000000000 ) ;
#1498 = AXIS2_PLACEMENT_3D ( 'NONE', #1750, #575, #1890 ) ;
#1499 = DIRECTION ( 'NONE',  ( -0.000000000000000000, 1.000000000000000000, -0.000000000000000000 ) ) ;
#1500 = COORDINATED_UNIVERSAL_TIME_OFFSET ( 1, 0, .AHEAD. ) ;
#1501 = EDGE_CURVE ( 'NONE', #2016, #1630, #1911, .T. ) ;
#1502 = DIRECTION ( 'NONE',  ( 0.5000000000000006661, 0.8660254037844384856, -1.359144826292519358E-15 ) ) ;
#1503 = ORIENTED_EDGE ( 'NONE', *, *, #624, .T. ) ;
#1504 = ORIENTED_EDGE ( 'NONE', *, *, #955, .F. ) ;
#1505 = CARTESIAN_POINT ( 'NONE',  ( -2.289601524382570918, -1.740986601663603084, -0.3541841027012593290 ) ) ;
#1506 = CALENDAR_DATE ( 2025, 23, 5 ) ;
#1507 = DIRECTION ( 'NONE',  ( 1.000000000000000000, -1.747729060459022802E-16, 0.000000000000000000 ) ) ;
#1508 = EDGE_CURVE ( 'NONE', #1630, #1323, #1193, .T. ) ;
#1509 = DIRECTION ( 'NONE',  ( -1.000000000000000000, 1.577021341797097314E-16, 0.000000000000000000 ) ) ;
#1510 = EDGE_CURVE ( 'NONE', #1086, #876, #416, .T. ) ;
#1511 = AXIS2_PLACEMENT_3D ( 'NONE', #625, #797, #963 ) ;
#1512 = DIRECTION ( 'NONE',  ( -1.000000000000000000, 0.000000000000000000, 0.000000000000000000 ) ) ;
#1514 = EDGE_LOOP ( 'NONE', ( #1314, #1961, #596, #1939 ) ) ;
#1513 = ORIENTED_EDGE ( 'NONE', *, *, #8, .F. ) ;
#1515 = DIRECTION ( 'NONE',  ( 0.8660254037844381525, -0.5000000000000007772, 0.000000000000000000 ) ) ;
#1516 = DIRECTION ( 'NONE',  ( 0.000000000000000000, 0.000000000000000000, 1.000000000000000000 ) ) ;
#1517 = CYLINDRICAL_SURFACE ( 'NONE', #1978, 0.5000000000000000000 ) ;
#1518 = ORIENTED_EDGE ( 'NONE', *, *, #1054, .T. ) ;
#1519 = ORIENTED_EDGE ( 'NONE', *, *, #755, .T. ) ;
#1520 = FACE_OUTER_BOUND ( 'NONE', #369, .T. ) ;
#1521 = CIRCLE ( 'NONE', #1460, 1.000000000000000888 ) ;
#1522 = VECTOR ( 'NONE', #1272, 1000.000000000000000 ) ;
#1523 = ADVANCED_FACE ( 'NONE', ( #308 ), #1924, .T. ) ;
#1524 = CARTESIAN_POINT ( 'NONE',  ( -8.000000000000000000, -0.5000000000000009992, 3.500000000000000000 ) ) ;
#1525 = AXIS2_PLACEMENT_3D ( 'NONE', #452, #795, #1934 ) ;
#1526 = ORIENTED_EDGE ( 'NONE', *, *, #959, .F. ) ;
#1527 = CIRCLE ( 'NONE', #1088, 2.250000000000000000 ) ;
#1528 = CYLINDRICAL_SURFACE ( 'NONE', #1178, 0.4999999999999996669 ) ;
#1529 = AXIS2_PLACEMENT_3D ( 'NONE', #736, #283, #1754 ) ;
#1530 = DIRECTION ( 'NONE',  ( 0.000000000000000000, -1.000000000000000000, 0.000000000000000000 ) ) ;
#1531 = AXIS2_PLACEMENT_3D ( 'NONE', #553, #1181, #524 ) ;
#1532 = ORIENTED_EDGE ( 'NONE', *, *, #68, .T. ) ;
#1533 = DIRECTION ( 'NONE',  ( -3.469446951953614189E-15, -1.000000000000000000, -8.673617379884035472E-16 ) ) ;
#1534 = ORIENTED_EDGE ( 'NONE', *, *, #595, .T. ) ;
#1535 = FACE_OUTER_BOUND ( 'NONE', #721, .T. ) ;
#1536 = DIRECTION ( 'NONE',  ( 0.000000000000000000, 0.000000000000000000, -1.000000000000000000 ) ) ;
#1537 = EDGE_CURVE ( 'NONE', #1994, #405, #266, .T. ) ;
#1539 = ORIENTED_EDGE ( 'NONE', *, *, #1713, .T. ) ;
#1538 = VERTEX_POINT ( 'NONE', #1396 ) ;
#1540 = ADVANCED_FACE ( 'NONE', ( #1727 ), #1259, .T. ) ;
#1541 = DIRECTION ( 'NONE',  ( 1.191190382581906851E-16, -1.000000000000000000, 0.000000000000000000 ) ) ;
#1542 = CARTESIAN_POINT ( 'NONE',  ( -2.849999999999999645, -0.5000000000000000000, 3.500000000000000000 ) ) ;
#1543 = CARTESIAN_POINT ( 'NONE',  ( -8.979274057836304834, 1.499999999999998224, 3.500000000000000000 ) ) ;
#1544 = CARTESIAN_POINT ( 'NONE',  ( -1.849999999999999867, -1.499999999999999556, 3.000000000000000000 ) ) ;
#1545 = PLANE ( 'NONE',  #1663 ) ;
#1546 = DIRECTION ( 'NONE',  ( -0.000000000000000000, -0.000000000000000000, 1.000000000000000000 ) ) ;
#1547 = ORIENTED_EDGE ( 'NONE', *, *, #1188, .F. ) ;
#1548 = AXIS2_PLACEMENT_3D ( 'NONE', #2071, #1402, #1392 ) ;
#1549 = MANIFOLD_SOLID_BREP ( 'Congé2', #901 ) ;
#1550 = LINE ( 'NONE', #1725, #2092 ) ;
#1551 = ADVANCED_FACE ( 'NONE', ( #615 ), #2061, .T. ) ;
#1552 = DIRECTION ( 'NONE',  ( 0.000000000000000000, 0.000000000000000000, 1.000000000000000000 ) ) ;
#1553 = CARTESIAN_POINT ( 'NONE',  ( 0.000000000000000000, 4.499999999999999112, 0.000000000000000000 ) ) ;
#1554 = ORIENTED_EDGE ( 'NONE', *, *, #193, .F. ) ;
#1555 = LINE ( 'NONE', #99, #1997 ) ;
#1556 = AXIS2_PLACEMENT_3D ( 'NONE', #1627, #1263, #1916 ) ;
#1557 = ORIENTED_EDGE ( 'NONE', *, *, #174, .F. ) ;
#1558 = DIRECTION ( 'NONE',  ( -1.000000000000000000, 0.000000000000000000, 0.000000000000000000 ) ) ;
#1560 = ORIENTED_EDGE ( 'NONE', *, *, #1216, .T. ) ;
#1559 = VERTEX_POINT ( 'NONE', #907 ) ;
#1561 = CIRCLE ( 'NONE', #1463, 0.5000000000000000000 ) ;
#1562 = DIRECTION ( 'NONE',  ( 0.000000000000000000, 0.000000000000000000, 1.000000000000000000 ) ) ;
#1563 = VECTOR ( 'NONE', #1699, 1000.000000000000000 ) ;
#1564 = CARTESIAN_POINT ( 'NONE',  ( -10.13397459621555896, 4.499999999999999112, 3.000000000000000000 ) ) ;
#1565 = AXIS2_PLACEMENT_3D ( 'NONE', #1340, #1312, #1949 ) ;
#1566 = DIRECTION ( 'NONE',  ( 0.5000000000000009992, 0.8660254037844381525, 0.000000000000000000 ) ) ;
#1567 = EDGE_CURVE ( 'NONE', #620, #1942, #513, .T. ) ;
#1568 = CIRCLE ( 'NONE', #1307, 0.5000000000000000000 ) ;
#1569 = ORIENTED_EDGE ( 'NONE', *, *, #713, .F. ) ;
#1570 = DIRECTION ( 'NONE',  ( -1.000000000000000000, 0.000000000000000000, 0.000000000000000000 ) ) ;
#1571 = FACE_OUTER_BOUND ( 'NONE', #1133, .T. ) ;
#1572 = EDGE_CURVE ( 'NONE', #1428, #1731, #781, .T. ) ;
#1573 = VERTEX_POINT ( 'NONE', #453 ) ;
#1574 = DIRECTION ( 'NONE',  ( 0.000000000000000000, 0.000000000000000000, -1.000000000000000000 ) ) ;
#1575 = EDGE_LOOP ( 'NONE', ( #1209, #851, #1171, #1286 ) ) ;
#1576 = DIRECTION ( 'NONE',  ( 1.000000000000000000, -9.227252531791526626E-17, 0.000000000000000000 ) ) ;
#1577 = DIRECTION ( 'NONE',  ( -2.168404344971009854E-16, -1.000000000000000000, -0.000000000000000000 ) ) ;
#1578 = CARTESIAN_POINT ( 'NONE',  ( 2.349999999999999645, -9.629649721936179265E-32, -3.000000000000000444 ) ) ;
#1579 = CARTESIAN_POINT ( 'NONE',  ( 2.250078936773305838, -1.802094168714316602, -0.6993240912564477885 ) ) ;
#1580 = VERTEX_POINT ( 'NONE', #1237 ) ;
#1581 = LINE ( 'NONE', #1420, #1295 ) ;
#1582 = EDGE_CURVE ( 'NONE', #1433, #1033, #1335, .T. ) ;
#1583 = DIRECTION ( 'NONE',  ( 0.000000000000000000, -1.000000000000000000, 0.000000000000000000 ) ) ;
#1584 = EDGE_CURVE ( 'NONE', #1651, #542, #1430, .T. ) ;
#1585 = LINE ( 'NONE', #881, #1563 ) ;
#1586 = ORIENTED_EDGE ( 'NONE', *, *, #1584, .T. ) ;
#1587 = CARTESIAN_POINT ( 'NONE',  ( -10.13397459621556074, -1.000000000000001332, -3.500000000000000000 ) ) ;
#1588 = CARTESIAN_POINT ( 'NONE',  ( -10.56698729810777770, -0.2500000000000007772, 3.000000000000000444 ) ) ;
#1589 = DIRECTION ( 'NONE',  ( 0.000000000000000000, 0.000000000000000000, -1.000000000000000000 ) ) ;
#1590 = CARTESIAN_POINT ( 'NONE',  ( 1.919982519244848307, -1.996159487334286498, -1.871616983968120040 ) ) ;
#1591 = ORIENTED_EDGE ( 'NONE', *, *, #286, .T. ) ;
#1592 = CARTESIAN_POINT ( 'NONE',  ( -10.56698729810777770, 4.249999999999997335, -3.500000000000000000 ) ) ;
#1593 = CARTESIAN_POINT ( 'NONE',  ( -1.850000000000000089, -1.499999999999999778, 3.000000000000000000 ) ) ;
#1594 = ORIENTED_EDGE ( 'NONE', *, *, #1304, .F. ) ;
#1595 = EDGE_CURVE ( 'NONE', #1702, #173, #1273, .T. ) ;
#1596 = CIRCLE ( 'NONE', #1014, 0.5000000000000000000 ) ;
#1597 = CARTESIAN_POINT ( 'NONE',  ( -2.849999999999999645, -8.738645302295114009E-17, 3.500000000000000000 ) ) ;
#1598 = ORIENTED_EDGE ( 'NONE', *, *, #688, .T. ) ;
#1599 = CARTESIAN_POINT ( 'NONE',  ( 5.500000000000000000, 4.499999999999999112, 3.000000000000000000 ) ) ;
#1600 = CARTESIAN_POINT ( 'NONE',  ( -1.921334634461637325, -2.000000000000011102, 1.873238627024776726 ) ) ;
#1601 =( NAMED_UNIT ( * ) SI_UNIT ( $, .STERADIAN. ) SOLID_ANGLE_UNIT ( ) );
#1602 = DIRECTION ( 'NONE',  ( -1.000000000000000000, -2.168404344971008868E-16, 0.000000000000000000 ) ) ;
#1603 = CIRCLE ( 'NONE', #1835, 0.5000000000000004441 ) ;
#1604 = DIRECTION ( 'NONE',  ( 0.000000000000000000, 0.000000000000000000, -1.000000000000000000 ) ) ;
#1605 = VECTOR ( 'NONE', #1817, 1000.000000000000000 ) ;
#1606 = ORIENTED_EDGE ( 'NONE', *, *, #1258, .F. ) ;
#1607 = ORIENTED_EDGE ( 'NONE', *, *, #785, .F. ) ;
#1608 = ORIENTED_EDGE ( 'NONE', *, *, #318, .F. ) ;
#1609 = EDGE_CURVE ( 'NONE', #539, #1323, #1743, .T. ) ;
#1610 = DIRECTION ( 'NONE',  ( -1.000000000000000000, 0.000000000000000000, 0.000000000000000000 ) ) ;
#1611 = EDGE_LOOP ( 'NONE', ( #2043, #1557, #430, #1838 ) ) ;
#1612 = LINE ( 'NONE', #587, #392 ) ;
#1613 = EDGE_CURVE ( 'NONE', #1538, #2026, #1679, .T. ) ;
#1614 = CARTESIAN_POINT ( 'NONE',  ( -8.499999999999996447, -0.5000000000000009992, -3.000000000000000000 ) ) ;
#1615 = CARTESIAN_POINT ( 'NONE',  ( 2.849999999999999645, -0.5000000000000000000, -3.500000000000000000 ) ) ;
#1616 = CARTESIAN_POINT ( 'NONE',  ( 2.349999999999999645, -9.629649721936179265E-32, 3.500000000000000000 ) ) ;
#1617 = ORIENTED_EDGE ( 'NONE', *, *, #1324, .F. ) ;
#1618 = FACE_OUTER_BOUND ( 'NONE', #1481, .T. ) ;
#1619 = EDGE_LOOP ( 'NONE', ( #357, #626, #393, #1701 ) ) ;
#1620 = EDGE_LOOP ( 'NONE', ( #294, #816, #1893, #1933 ) ) ;
#1621 = CARTESIAN_POINT ( 'NONE',  ( -2.299999999999999822, -1.717944947177033610, 1.240348190940150286E-13 ) ) ;
#1622 = VERTEX_POINT ( 'NONE', #1123 ) ;
#1623 = DIRECTION ( 'NONE',  ( 1.000000000000000000, 0.000000000000000000, -0.000000000000000000 ) ) ;
#1624 = CARTESIAN_POINT ( 'NONE',  ( 2.849999999999999645, -8.738645302295127567E-17, -3.000000000000000444 ) ) ;
#1625 = VECTOR ( 'NONE', #361, 1000.000000000000000 ) ;
#1626 = EDGE_CURVE ( 'NONE', #316, #93, #270, .T. ) ;
#1627 = CARTESIAN_POINT ( 'NONE',  ( -7.499999999999996447, 0.4999999999999990563, -3.000000000000000000 ) ) ;
#1628 = DIRECTION ( 'NONE',  ( -0.000000000000000000, -0.000000000000000000, 1.000000000000000000 ) ) ;
#1629 = EDGE_LOOP ( 'NONE', ( #640, #654, #1, #151, #511 ) ) ;
#1630 = VERTEX_POINT ( 'NONE', #1624 ) ;
#1631 = VERTEX_POINT ( 'NONE', #836 ) ;
#1632 = CARTESIAN_POINT ( 'NONE',  ( -10.13397459621556074, -0.5000000000000012212, 0.000000000000000000 ) ) ;
#1633 = CARTESIAN_POINT ( 'NONE',  ( -10.56698729810777770, -0.2500000000000007772, -3.000000000000000000 ) ) ;
#1634 = AXIS2_PLACEMENT_3D ( 'NONE', #2041, #1236, #579 ) ;
#1635 = CARTESIAN_POINT ( 'NONE',  ( -10.56698729810777770, -0.2500000000000008882, 3.500000000000000000 ) ) ;
#1636 = ADVANCED_FACE ( 'NONE', ( #678 ), #346, .F. ) ;
#1637 = DIRECTION ( 'NONE',  ( 0.000000000000000000, 0.000000000000000000, -1.000000000000000000 ) ) ;
#1638 = ORIENTED_EDGE ( 'NONE', *, *, #1508, .T. ) ;
#1639 = AXIS2_PLACEMENT_3D ( 'NONE', #1159, #1330, #349 ) ;
#1640 = ADVANCED_FACE ( 'NONE', ( #807 ), #1814, .T. ) ;
#1641 = AXIS2_PLACEMENT_3D ( 'NONE', #212, #546, #1851 ) ;
#1642 = ORIENTED_EDGE ( 'NONE', *, *, #2045, .F. ) ;
#1643 = AXIS2_PLACEMENT_3D ( 'NONE', #1317, #319, #1336 ) ;
#1644 = ORIENTED_EDGE ( 'NONE', *, *, #1287, .F. ) ;
#1645 = LINE ( 'NONE', #352, #818 ) ;
#1646 = EDGE_LOOP ( 'NONE', ( #1503, #2114, #132, #1071, #1930, #1112, #232, #2067, #890, #1532, #449, #858, #1539, #431 ) ) ;
#1647 = CARTESIAN_POINT ( 'NONE',  ( -1.850000000000000089, -1.499999999999999556, -3.000000000000000444 ) ) ;
#1648 = CARTESIAN_POINT ( 'NONE',  ( 5.955951912909533025E-17, -0.5000000000000000000, -3.000000000000000000 ) ) ;
#1649 = EDGE_LOOP ( 'NONE', ( #1279, #1913, #1658 ) ) ;
#1650 = EDGE_CURVE ( 'NONE', #1559, #620, #1645, .T. ) ;
#1651 = VERTEX_POINT ( 'NONE', #1149 ) ;
#1652 = ADVANCED_FACE ( 'NONE', ( #821 ), #177, .T. ) ;
#1653 = CARTESIAN_POINT ( 'NONE',  ( -1.850000000000000089, -1.499999999999999556, 3.500000000000000000 ) ) ;
#1654 = APPROVAL_DATE_TIME ( #4, #752 ) ;
#1655 = DIRECTION ( 'NONE',  ( 0.000000000000000000, -1.000000000000000000, 0.000000000000000000 ) ) ;
#1656 = CARTESIAN_POINT ( 'NONE',  ( 1.850000000000000089, -2.000000000000000000, -3.500000000000000000 ) ) ;
#1657 = VECTOR ( 'NONE', #454, 1000.000000000000000 ) ;
#1658 = ORIENTED_EDGE ( 'NONE', *, *, #929, .F. ) ;
#1659 = CC_DESIGN_APPROVAL ( #440, ( #2024 ) ) ;
#1660 = EDGE_CURVE ( 'NONE', #93, #388, #743, .T. ) ;
#1661 = DIRECTION ( 'NONE',  ( 0.000000000000000000, 1.000000000000000000, 0.000000000000000000 ) ) ;
#1662 = SECURITY_CLASSIFICATION_LEVEL ( 'unclassified' ) ;
#1663 = AXIS2_PLACEMENT_3D ( 'NONE', #247, #226, #1398 ) ;
#1664 = DIRECTION ( 'NONE',  ( -0.000000000000000000, 1.000000000000000000, -0.000000000000000000 ) ) ;
#1665 = FACE_OUTER_BOUND ( 'NONE', #300, .T. ) ;
#1666 = AXIS2_PLACEMENT_3D ( 'NONE', #1248, #432, #809 ) ;
#1667 = AXIS2_PLACEMENT_3D ( 'NONE', #1372, #1706, #2029 ) ;
#1668 = TOROIDAL_SURFACE ( 'NONE', #1303, 1.000000000000000000, 0.5000000000000000000 ) ;
#1669 = VECTOR ( 'NONE', #279, 1000.000000000000114 ) ;
#1670 = ORIENTED_EDGE ( 'NONE', *, *, #1825, .T. ) ;
#1671 = TOROIDAL_SURFACE ( 'NONE', #1910, 2.750000000000000000, 0.5000000000000000000 ) ;
#1672 = EDGE_CURVE ( 'NONE', #2079, #2082, #367, .T. ) ;
#1673 = DIRECTION ( 'NONE',  ( 0.000000000000000000, 0.000000000000000000, -1.000000000000000000 ) ) ;
#1674 = EDGE_CURVE ( 'NONE', #1631, #969, #659, .T. ) ;
#1675 = LINE ( 'NONE', #188, #734 ) ;
#1676 = LINE ( 'NONE', #235, #307 ) ;
#1677 = DIRECTION ( 'NONE',  ( 0.000000000000000000, 0.000000000000000000, 1.000000000000000000 ) ) ;
#1678 = ORIENTED_EDGE ( 'NONE', *, *, #1865, .T. ) ;
#1679 = B_SPLINE_CURVE_WITH_KNOTS ( 'NONE', 3,
 ( #296, #1600, #1898, #136, #786, #1935, #427, #1083, #466, #107 ),
 .UNSPECIFIED., .F., .F.,
 ( 4, 2, 2, 2, 4 ),
 ( -5.199139336321261261E-06, 0.0005243502182711600769, 0.001053899575878641283, 0.001583448933486122706, 0.002112998291093604129 ),
 .UNSPECIFIED. ) ;
#1680 = CARTESIAN_POINT ( 'NONE',  ( -1.885164888848736675, -2.000000000000003109, -1.955106018342982699 ) ) ;
#1681 = DIRECTION ( 'NONE',  ( -0.8660254037844370423, -0.5000000000000028866, 0.000000000000000000 ) ) ;
#1682 = DIRECTION ( 'NONE',  ( -1.000000000000000000, -1.747729060459023048E-16, -0.000000000000000000 ) ) ;
#1683 = ADVANCED_FACE ( 'NONE', ( #146 ), #1309, .T. ) ;
#1684 = DIRECTION ( 'NONE',  ( -0.000000000000000000, -0.000000000000000000, 1.000000000000000000 ) ) ;
#1685 = CARTESIAN_POINT ( 'NONE',  ( -2.000841448208148758E-32, -1.499999999999999778, 2.250000000000000000 ) ) ;
#1686 = CIRCLE ( 'NONE', #1067, 0.5000000000000000000 ) ;
#1687 = CARTESIAN_POINT ( 'NONE',  ( -9.845299461620744097, 1.999999999999998668, -3.500000000000000000 ) ) ;
#1688 = EDGE_LOOP ( 'NONE', ( #621, #1984, #1504, #493 ) ) ;
#1689 = DIRECTION ( 'NONE',  ( -2.168404344971009854E-16, 1.000000000000000000, 0.000000000000000000 ) ) ;
#1690 = CARTESIAN_POINT ( 'NONE',  ( 1.849999999999999867, -0.5000000000000002220, 3.500000000000000000 ) ) ;
#1691 = EDGE_LOOP ( 'NONE', ( #1888, #110, #1424, #1119 ) ) ;
#1692 = FACE_OUTER_BOUND ( 'NONE', #199, .T. ) ;
#1693 = CYLINDRICAL_SURFACE ( 'NONE', #256, 0.5000000000000000000 ) ;
#1694 = DIRECTION ( 'NONE',  ( 0.000000000000000000, 0.000000000000000000, -1.000000000000000000 ) ) ;
#1695 = ADVANCED_FACE ( 'NONE', ( #3 ), #489, .T. ) ;
#1696 = CIRCLE ( 'NONE', #83, 0.5000000000000004441 ) ;
#1697 = AXIS2_PLACEMENT_3D ( 'NONE', #1158, #983, #338 ) ;
#1698 = ADVANCED_FACE ( 'NONE', ( #1797 ), #1448, .T. ) ;
#1699 = DIRECTION ( 'NONE',  ( -0.000000000000000000, -0.000000000000000000, 1.000000000000000000 ) ) ;
#1700 = VECTOR ( 'NONE', #697, 1000.000000000000000 ) ;
#1702 = VERTEX_POINT ( 'NONE', #2107 ) ;
#1701 = ORIENTED_EDGE ( 'NONE', *, *, #533, .F. ) ;
#1703 = CIRCLE ( 'NONE', #336, 0.5000000000000000000 ) ;
#1704 = FACE_OUTER_BOUND ( 'NONE', #2001, .T. ) ;
#1705 = AXIS2_PLACEMENT_3D ( 'NONE', #623, #2042, #580 ) ;
#1706 = DIRECTION ( 'NONE',  ( -9.227252531791526626E-17, -1.000000000000000000, 0.000000000000000000 ) ) ;
#1707 = CARTESIAN_POINT ( 'NONE',  ( 2.849999999999999645, -0.5000000000000000000, 3.500000000000000000 ) ) ;
#1708 = CARTESIAN_POINT ( 'NONE',  ( -2.849999999999999645, 0.4999999999999998890, -3.000000000000000444 ) ) ;
#1709 = CARTESIAN_POINT ( 'NONE',  ( 2.349999999999999645, -0.5000000000000001110, -3.000000000000000444 ) ) ;
#1710 = EDGE_CURVE ( 'NONE', #1062, #1631, #994, .T. ) ;
#1711 = DIRECTION ( 'NONE',  ( 1.000000000000000000, 1.191190382581906851E-16, 0.000000000000000000 ) ) ;
#1712 = EDGE_LOOP ( 'NONE', ( #1760, #1378, #408 ) ) ;
#1713 = EDGE_CURVE ( 'NONE', #1783, #1731, #1972, .T. ) ;
#1714 = CARTESIAN_POINT ( 'NONE',  ( 5.500000000000000000, -5.505346540445921616E-16, 3.000000000000000000 ) ) ;
#1715 = CARTESIAN_POINT ( 'NONE',  ( 5.500000000000000000, 0.4999999999999993339, -3.500000000000000000 ) ) ;
#1716 = DIRECTION ( 'NONE',  ( 0.5000000000000008882, 0.8660254037844380415, 0.000000000000000000 ) ) ;
#1717 = VERTEX_POINT ( 'NONE', #1633 ) ;
#1718 = DIRECTION ( 'NONE',  ( -1.000000000000000000, 0.000000000000000000, 0.000000000000000000 ) ) ;
#1719 = ORIENTED_EDGE ( 'NONE', *, *, #58, .F. ) ;
#1720 = DIRECTION ( 'NONE',  ( -0.000000000000000000, -0.000000000000000000, 1.000000000000000000 ) ) ;
#1722 = ORIENTED_EDGE ( 'NONE', *, *, #2087, .F. ) ;
#1721 = ORIENTED_EDGE ( 'NONE', *, *, #1609, .F. ) ;
#1723 = AXIS2_PLACEMENT_3D ( 'NONE', #1996, #1499, #1673 ) ;
#1724 = EDGE_CURVE ( 'NONE', #767, #643, #1914, .T. ) ;
#1725 = CARTESIAN_POINT ( 'NONE',  ( 1.849999999999999645, -2.000000000000000000, 3.500000000000000000 ) ) ;
#1726 = DIRECTION ( 'NONE',  ( -0.5000000000000028866, 0.8660254037844370423, 0.000000000000000000 ) ) ;
#1727 = FACE_OUTER_BOUND ( 'NONE', #1712, .T. ) ;
#1728 = ORIENTED_EDGE ( 'NONE', *, *, #458, .T. ) ;
#1729 = CARTESIAN_POINT ( 'NONE',  ( 0.000000000000000000, -2.000000000000000000, 0.000000000000000000 ) ) ;
#1730 = CARTESIAN_POINT ( 'NONE',  ( 3.367778697655221012E-16, 4.999999999999999112, 2.750000000000000000 ) ) ;
#1731 = VERTEX_POINT ( 'NONE', #1166 ) ;
#1732 = VECTOR ( 'NONE', #258, 1000.000000000000000 ) ;
#1733 = CARTESIAN_POINT ( 'NONE',  ( 2.349999999999999645, -0.5000000000000001110, 3.000000000000000000 ) ) ;
#1734 = PERSON ( 'UNSPECIFIED', 'UNSPECIFIED', 'UNSPECIFIED', ('UNSPECIFIED'), ('UNSPECIFIED'), ('UNSPECIFIED') ) ;
#1735 = EDGE_LOOP ( 'NONE', ( #415, #1617, #1881, #460 ) ) ;
#1736 = AXIS2_PLACEMENT_3D ( 'NONE', #1859, #1874, #545 ) ;
#1737 = AXIS2_PLACEMENT_3D ( 'NONE', #1447, #1438, #1244 ) ;
#1738 = CARTESIAN_POINT ( 'NONE',  ( -10.13397459621555896, 4.999999999999999112, 3.500000000000000000 ) ) ;
#1739 = AXIS2_PLACEMENT_3D ( 'NONE', #604, #459, #260 ) ;
#1740 = CC_DESIGN_PERSON_AND_ORGANIZATION_ASSIGNMENT ( #1318, #29, ( #2024 ) ) ;
#1741 = DIRECTION ( 'NONE',  ( 0.000000000000000000, -1.000000000000000000, 0.000000000000000000 ) ) ;
#1742 = VECTOR ( 'NONE', #2050, 1000.000000000000000 ) ;
#1743 = LINE ( 'NONE', #588, #27 ) ;
#1744 = CARTESIAN_POINT ( 'NONE',  ( -8.500000000000000000, -1.000000000000001110, 3.499999999999999556 ) ) ;
#1745 = ADVANCED_FACE ( 'NONE', ( #995 ), #1173, .T. ) ;
#1746 = CIRCLE ( 'NONE', #268, 0.5000000000000004441 ) ;
#1747 = ORIENTED_EDGE ( 'NONE', *, *, #2058, .T. ) ;
#1748 = CARTESIAN_POINT ( 'NONE',  ( -7.499999999999996447, 0.4999999999999990563, -3.500000000000000000 ) ) ;
#1749 = DIRECTION ( 'NONE',  ( -0.000000000000000000, 1.000000000000000000, -0.000000000000000000 ) ) ;
#1750 = CARTESIAN_POINT ( 'NONE',  ( 5.500000000000000000, 0.4999999999999993339, 3.000000000000000000 ) ) ;
#1751 = ORIENTED_EDGE ( 'NONE', *, *, #1258, .T. ) ;
#1752 = FACE_OUTER_BOUND ( 'NONE', #265, .T. ) ;
#1753 = DIRECTION ( 'NONE',  ( -7.523163845262640051E-31, -1.000000000000000000, -2.168404344971008868E-16 ) ) ;
#1754 = DIRECTION ( 'NONE',  ( 0.000000000000000000, 0.000000000000000000, 1.000000000000000000 ) ) ;
#1755 = CARTESIAN_POINT ( 'NONE',  ( 1.885164888848737119, -2.000000000000003997, -1.955106018342984919 ) ) ;
#1756 = ORIENTED_EDGE ( 'NONE', *, *, #724, .T. ) ;
#1757 = DIRECTION ( 'NONE',  ( 0.000000000000000000, 0.000000000000000000, -1.000000000000000000 ) ) ;
#1758 = EDGE_CURVE ( 'NONE', #2026, #1369, #39, .T. ) ;
#1759 = CARTESIAN_POINT ( 'NONE',  ( 5.500000000000000000, 0.4999999999999993339, 3.000000000000000000 ) ) ;
#1760 = ORIENTED_EDGE ( 'NONE', *, *, #1773, .T. ) ;
#1761 = CARTESIAN_POINT ( 'NONE',  ( -9.412286759728523577, 2.249999999999999112, 3.500000000000000000 ) ) ;
#1762 = ORIENTED_EDGE ( 'NONE', *, *, #981, .T. ) ;
#1763 = DIRECTION ( 'NONE',  ( -0.5000000000000001110, 0.8660254037844388186, -1.502314598737161003E-15 ) ) ;
#1764 = VERTEX_POINT ( 'NONE', #209 ) ;
#1765 = APPROVAL_PERSON_ORGANIZATION ( #846, #752, #1485 ) ;
#1766 = CARTESIAN_POINT ( 'NONE',  ( -10.56698729810777770, 4.249999999999997335, 3.000000000000000444 ) ) ;
#1767 = CARTESIAN_POINT ( 'NONE',  ( -7.500000000000000000, -0.5000000000000007772, 3.000000000000000444 ) ) ;
#1768 = DIRECTION ( 'NONE',  ( -0.000000000000000000, -0.000000000000000000, 1.000000000000000000 ) ) ;
#1769 = FACE_OUTER_BOUND ( 'NONE', #1619, .T. ) ;
#1770 = LINE ( 'NONE', #952, #167 ) ;
#1771 = ADVANCED_FACE ( 'NONE', ( #2010 ), #194, .T. ) ;
#1772 = ORIENTED_EDGE ( 'NONE', *, *, #624, .F. ) ;
#1773 = EDGE_CURVE ( 'NONE', #1290, #1466, #1746, .T. ) ;
#1774 = CARTESIAN_POINT ( 'NONE',  ( 1.849999999999999645, 4.011548038196365420E-16, 3.500000000000000000 ) ) ;
#1775 = DIRECTION ( 'NONE',  ( -0.000000000000000000, -1.000000000000000000, 0.000000000000000000 ) ) ;
#1776 = AXIS2_PLACEMENT_3D ( 'NONE', #530, #1512, #488 ) ;
#1777 = CARTESIAN_POINT ( 'NONE',  ( 1.849999999999999645, -2.000000000000000000, -2.034698994937580885 ) ) ;
#1778 = FACE_OUTER_BOUND ( 'NONE', #17, .T. ) ;
#1779 = AXIS2_PLACEMENT_3D ( 'NONE', #628, #1604, #1901 ) ;
#1780 = ORIENTED_EDGE ( 'NONE', *, *, #1287, .T. ) ;
#1781 = DIRECTION ( 'NONE',  ( 0.000000000000000000, 0.000000000000000000, -1.000000000000000000 ) ) ;
#1782 = AXIS2_PLACEMENT_3D ( 'NONE', #1791, #1013, #329 ) ;
#1783 = VERTEX_POINT ( 'NONE', #403 ) ;
#1784 = EDGE_CURVE ( 'NONE', #1290, #2079, #1344, .T. ) ;
#1785 = DIRECTION ( 'NONE',  ( -2.168404344971006896E-16, 1.000000000000000000, 0.000000000000000000 ) ) ;
#1786 = ORIENTED_EDGE ( 'NONE', *, *, #2099, .T. ) ;
#1787 = CARTESIAN_POINT ( 'NONE',  ( -4.613626265895763313E-17, -2.000000000000000000, 0.000000000000000000 ) ) ;
#1788 = CARTESIAN_POINT ( 'NONE',  ( 5.500000000000000000, 4.499999999999999112, -3.000000000000000444 ) ) ;
#1789 = CARTESIAN_POINT ( 'NONE',  ( 2.014173415693270464, -1.973248176992785430, -1.623753020141979864 ) ) ;
#1790 = CARTESIAN_POINT ( 'NONE',  ( 1.850000000000000089, -1.500000000000000000, -3.000000000000000444 ) ) ;
#1791 = CARTESIAN_POINT ( 'NONE',  ( 5.500000000000000000, -6.379211070675434126E-16, -3.000000000000000444 ) ) ;
#1792 = ORIENTED_EDGE ( 'NONE', *, *, #1102, .F. ) ;
#1793 = ORIENTED_EDGE ( 'NONE', *, *, #495, .T. ) ;
#1794 = ORIENTED_EDGE ( 'NONE', *, *, #58, .T. ) ;
#1795 = EDGE_CURVE ( 'NONE', #1033, #1409, #1471, .T. ) ;
#1796 = CARTESIAN_POINT ( 'NONE',  ( 0.000000000000000000, -1.499999999999999778, 0.000000000000000000 ) ) ;
#1797 = FACE_OUTER_BOUND ( 'NONE', #551, .T. ) ;
#1798 = DIRECTION ( 'NONE',  ( 2.168404344971009361E-16, 1.000000000000000000, 0.000000000000000000 ) ) ;
#1799 = FACE_OUTER_BOUND ( 'NONE', #1305, .T. ) ;
#1800 = VERTEX_POINT ( 'NONE', #844 ) ;
#1801 = CARTESIAN_POINT ( 'NONE',  ( -8.979274057836306611, 1.499999999999999112, -3.500000000000000000 ) ) ;
#1802 = CIRCLE ( 'NONE', #1331, 0.5000000000000000000 ) ;
#1803 = CARTESIAN_POINT ( 'NONE',  ( 1.849999999999999645, -1.084202172485505420E-16, -3.000000000000000444 ) ) ;
#1804 = VECTOR ( 'NONE', #1027, 1000.000000000000000 ) ;
#1805 = AXIS2_PLACEMENT_3D ( 'NONE', #1082, #1577, #614 ) ;
#1806 = CYLINDRICAL_SURFACE ( 'NONE', #1977, 0.5000000000000000000 ) ;
#1807 = EDGE_CURVE ( 'NONE', #1373, #218, #1812, .T. ) ;
#1808 = ORIENTED_EDGE ( 'NONE', *, *, #1006, .T. ) ;
#1809 = AXIS2_PLACEMENT_3D ( 'NONE', #1465, #1628, #341 ) ;
#1810 = AXIS2_PLACEMENT_3D ( 'NONE', #1614, #1439, #1283 ) ;
#1811 = ORIENTED_EDGE ( 'NONE', *, *, #314, .F. ) ;
#1812 = CIRCLE ( 'NONE', #1364, 1.000000000000000888 ) ;
#1813 = VERTEX_POINT ( 'NONE', #1858 ) ;
#1814 = SPHERICAL_SURFACE ( 'NONE', #201, 0.5000000000000000000 ) ;
#1815 = CARTESIAN_POINT ( 'NONE',  ( 0.000000000000000000, 0.000000000000000000, 0.000000000000000000 ) ) ;
#1816 = CYLINDRICAL_SURFACE ( 'NONE', #700, 0.5000000000000000000 ) ;
#1817 = DIRECTION ( 'NONE',  ( 2.168404344971008868E-16, -1.000000000000000000, -0.000000000000000000 ) ) ;
#1818 = EDGE_CURVE ( 'NONE', #1428, #1813, #820, .T. ) ;
#1819 = CARTESIAN_POINT ( 'NONE',  ( -1.849999999999999867, -1.499999999999999556, -3.000000000000000000 ) ) ;
#1820 = APPROVAL_STATUS ( 'not_yet_approved' ) ;
#1821 = EDGE_LOOP ( 'NONE', ( #1638, #1721, #1594, #1885 ) ) ;
#1822 = FACE_OUTER_BOUND ( 'NONE', #1629, .T. ) ;
#1823 = PLANE ( 'NONE',  #1469 ) ;
#1824 = AXIS2_PLACEMENT_3D ( 'NONE', #2039, #1235, #1269 ) ;
#1825 = EDGE_CURVE ( 'NONE', #564, #976, #1686, .T. ) ;
#1826 = ORIENTED_EDGE ( 'NONE', *, *, #1501, .T. ) ;
#1827 = ADVANCED_FACE ( 'NONE', ( #1704 ), #714, .T. ) ;
#1828 = DIRECTION ( 'NONE',  ( 5.007715329123851933E-16, -8.673617379884012792E-16, -1.000000000000000000 ) ) ;
#1829 = COORDINATED_UNIVERSAL_TIME_OFFSET ( 1, 0, .AHEAD. ) ;
#1830 = VECTOR ( 'NONE', #1218, 1000.000000000000000 ) ;
#1831 = CARTESIAN_POINT ( 'NONE',  ( -8.000000000000000000, -0.5000000000000008882, 3.500000000000000000 ) ) ;
#1832 = DIRECTION ( 'NONE',  ( 0.000000000000000000, 0.000000000000000000, 1.000000000000000000 ) ) ;
#1833 = AXIS2_PLACEMENT_3D ( 'NONE', #848, #1502, #30 ) ;
#1834 = CIRCLE ( 'NONE', #475, 0.5000000000000000000 ) ;
#1835 = AXIS2_PLACEMENT_3D ( 'NONE', #2056, #1388, #1880 ) ;
#1836 = DIRECTION ( 'NONE',  ( 1.000000000000000000, 1.191190382581906851E-16, -0.000000000000000000 ) ) ;
#1837 = AXIS2_PLACEMENT_3D ( 'NONE', #1767, #1245, #947 ) ;
#1838 = ORIENTED_EDGE ( 'NONE', *, *, #655, .F. ) ;
#1839 = VECTOR ( 'NONE', #245, 1000.000000000000000 ) ;
#1840 = EDGE_CURVE ( 'NONE', #1290, #539, #859, .T. ) ;
#1841 = DIRECTION ( 'NONE',  ( -1.000000000000000000, 0.000000000000000000, 0.000000000000000000 ) ) ;
#1842 = LINE ( 'NONE', #373, #1804 ) ;
#1843 = CARTESIAN_POINT ( 'NONE',  ( -1.850000000000000089, -2.000000000000000000, -2.034698994937580441 ) ) ;
#1844 = ORIENTED_EDGE ( 'NONE', *, *, #843, .F. ) ;
#1845 = DIRECTION ( 'NONE',  ( 9.227252531791526626E-17, 1.000000000000000000, -0.000000000000000000 ) ) ;
#1846 = FACE_OUTER_BOUND ( 'NONE', #1620, .T. ) ;
#1847 = ORIENTED_EDGE ( 'NONE', *, *, #629, .F. ) ;
#1848 = DIRECTION ( 'NONE',  ( 0.000000000000000000, 0.000000000000000000, -1.000000000000000000 ) ) ;
#1849 = ADVANCED_FACE ( 'NONE', ( #535 ), #1528, .T. ) ;
#1850 = DIRECTION ( 'NONE',  ( 1.000000000000000000, 0.000000000000000000, 0.000000000000000000 ) ) ;
#1851 = DIRECTION ( 'NONE',  ( 4.336808689942017736E-16, 0.000000000000000000, -1.000000000000000000 ) ) ;
#1852 = DIRECTION ( 'NONE',  ( 0.000000000000000000, 0.000000000000000000, -1.000000000000000000 ) ) ;
#1853 = ADVANCED_FACE ( 'NONE', ( #885 ), #203, .T. ) ;
#1854 = CARTESIAN_POINT ( 'NONE',  ( 1.850000000000000089, -1.500000000000000000, -3.500000000000000000 ) ) ;
#1855 = CIRCLE ( 'NONE', #937, 0.4999999999999997780 ) ;
#1856 = DIRECTION ( 'NONE',  ( -1.224646799147353207E-16, 1.130012527798280363E-32, 1.000000000000000000 ) ) ;
#1857 = ORIENTED_EDGE ( 'NONE', *, *, #358, .T. ) ;
#1858 = CARTESIAN_POINT ( 'NONE',  ( -10.13397459621555896, 4.999999999999999112, -3.000000000000000444 ) ) ;
#1859 = CARTESIAN_POINT ( 'NONE',  ( 0.000000000000000000, 4.499999999999999112, 0.000000000000000000 ) ) ;
#1860 = EDGE_CURVE ( 'NONE', #1942, #2016, #28, .T. ) ;
#1861 = CARTESIAN_POINT ( 'NONE',  ( -9.845299461620744097, 1.999999999999998668, 3.000000000000000444 ) ) ;
#1862 = ORIENTED_EDGE ( 'NONE', *, *, #1784, .T. ) ;
#1863 = CARTESIAN_POINT ( 'NONE',  ( 2.349999999999999645, -9.629649721936179265E-32, 3.000000000000000000 ) ) ;
#1864 = CIRCLE ( 'NONE', #1556, 0.5000000000000000000 ) ;
#1865 = EDGE_CURVE ( 'NONE', #451, #1622, #1450, .T. ) ;
#1866 = AXIS2_PLACEMENT_3D ( 'NONE', #1564, #1403, #295 ) ;
#1867 = LINE ( 'NONE', #409, #908 ) ;
#1868 = VECTOR ( 'NONE', #1836, 1000.000000000000000 ) ;
#1870 = VERTEX_POINT ( 'NONE', #1025 ) ;
#1869 = EDGE_LOOP ( 'NONE', ( #1196, #1189, #1200, #66 ) ) ;
#1871 = AXIS2_PLACEMENT_3D ( 'NONE', #1593, #124, #139 ) ;
#1872 = CARTESIAN_POINT ( 'NONE',  ( 5.500000000000000000, 0.4999999999999993339, -3.000000000000000444 ) ) ;
#1873 = CIRCLE ( 'NONE', #1641, 0.5000000000000000000 ) ;
#1874 = DIRECTION ( 'NONE',  ( -0.000000000000000000, 1.000000000000000000, -0.000000000000000000 ) ) ;
#1875 = ORIENTED_EDGE ( 'NONE', *, *, #655, .T. ) ;
#1876 = CYLINDRICAL_SURFACE ( 'NONE', #1266, 0.5000000000000004441 ) ;
#1877 = ORIENTED_EDGE ( 'NONE', *, *, #182, .F. ) ;
#1878 = DIRECTION ( 'NONE',  ( 1.000000000000000000, -0.000000000000000000, -0.000000000000000000 ) ) ;
#1879 = ADVANCED_FACE ( 'NONE', ( #413 ), #746, .T. ) ;
#1880 = DIRECTION ( 'NONE',  ( -1.000000000000000000, -2.168404344971006896E-16, 0.000000000000000000 ) ) ;
#1882 = ORIENTED_EDGE ( 'NONE', *, *, #554, .F. ) ;
#1881 = ORIENTED_EDGE ( 'NONE', *, *, #1954, .F. ) ;
#1883 = CARTESIAN_POINT ( 'NONE',  ( -10.13397459621555896, 4.499999999999998224, 3.000000000000000444 ) ) ;
#1884 = CYLINDRICAL_SURFACE ( 'NONE', #1905, 0.5000000000000004441 ) ;
#1885 = ORIENTED_EDGE ( 'NONE', *, *, #865, .F. ) ;
#1886 = CARTESIAN_POINT ( 'NONE',  ( -2.350000000000000089, -1.999999999999999556, 3.000000000000000000 ) ) ;
#1887 = VERTEX_POINT ( 'NONE', #922 ) ;
#1888 = ORIENTED_EDGE ( 'NONE', *, *, #426, .T. ) ;
#1889 = DIRECTION ( 'NONE',  ( -0.000000000000000000, -0.000000000000000000, 1.000000000000000000 ) ) ;
#1890 = DIRECTION ( 'NONE',  ( 0.000000000000000000, 0.000000000000000000, -1.000000000000000000 ) ) ;
#1891 = CC_DESIGN_PERSON_AND_ORGANIZATION_ASSIGNMENT ( #347, #996, ( #1114 ) ) ;
#1893 = ORIENTED_EDGE ( 'NONE', *, *, #755, .F. ) ;
#1892 = ORIENTED_EDGE ( 'NONE', *, *, #1925, .T. ) ;
#1894 = CIRCLE ( 'NONE', #152, 0.5000000000000005551 ) ;
#1895 = EDGE_CURVE ( 'NONE', #767, #1580, #1035, .T. ) ;
#1896 = LINE ( 'NONE', #1587, #213 ) ;
#1897 = LINE ( 'NONE', #622, #1357 ) ;
#1898 = CARTESIAN_POINT ( 'NONE',  ( -1.986120552758436686, -1.984867628527715588, 1.707404281176582383 ) ) ;
#1899 = DIRECTION ( 'NONE',  ( 1.000000000000000000, 1.747729060459023048E-16, 0.000000000000000000 ) ) ;
#1900 = CARTESIAN_POINT ( 'NONE',  ( 2.849999999999999645, 0.4999999999999998890, 3.000000000000000000 ) ) ;
#1901 = DIRECTION ( 'NONE',  ( -1.000000000000000000, 0.000000000000000000, 0.000000000000000000 ) ) ;
#1902 = CIRCLE ( 'NONE', #1940, 0.5000000000000000000 ) ;
#1903 = CARTESIAN_POINT ( 'NONE',  ( -8.000000000000000000, -0.5000000000000008882, 3.000000000000000444 ) ) ;
#1904 = ORIENTED_EDGE ( 'NONE', *, *, #970, .F. ) ;
#1905 = AXIS2_PLACEMENT_3D ( 'NONE', #414, #694, #1350 ) ;
#1906 = LINE ( 'NONE', #1597, #1415 ) ;
#1907 = CIRCLE ( 'NONE', #1395, 0.5000000000000000000 ) ;
#1908 = ADVANCED_FACE ( 'NONE', ( #586 ), #1414, .T. ) ;
#1909 = CARTESIAN_POINT ( 'NONE',  ( -7.500000000000000000, 0.4999999999999990563, 3.500000000000000000 ) ) ;
#1910 = AXIS2_PLACEMENT_3D ( 'NONE', #1039, #855, #82 ) ;
#1911 = LINE ( 'NONE', #98, #339 ) ;
#1912 = CYLINDRICAL_SURFACE ( 'NONE', #1511, 0.5000000000000001110 ) ;
#1913 = ORIENTED_EDGE ( 'NONE', *, *, #1672, .T. ) ;
#1914 = CIRCLE ( 'NONE', #342, 0.5000000000000004441 ) ;
#1915 = ORIENTED_EDGE ( 'NONE', *, *, #1038, .T. ) ;
#1916 = DIRECTION ( 'NONE',  ( 0.000000000000000000, 0.000000000000000000, 1.000000000000000000 ) ) ;
#1917 = ORIENTED_EDGE ( 'NONE', *, *, #495, .F. ) ;
#1918 = DIRECTION ( 'NONE',  ( -1.000000000000000000, 0.000000000000000000, 0.000000000000000000 ) ) ;
#1919 = ORIENTED_EDGE ( 'NONE', *, *, #1216, .F. ) ;
#1920 = DESIGN_CONTEXT ( 'detailed design', #1931, 'design' ) ;
#1921 = CARTESIAN_POINT ( 'NONE',  ( 2.849999999999999645, 0.4999999999999997780, 3.500000000000000000 ) ) ;
#1922 = VERTEX_POINT ( 'NONE', #105 ) ;
#1923 = FACE_OUTER_BOUND ( 'NONE', #102, .T. ) ;
#1924 = CYLINDRICAL_SURFACE ( 'NONE', #915, 0.5000000000000000000 ) ;
#1925 = EDGE_CURVE ( 'NONE', #1397, #1488, #1034, .T. ) ;
#1926 = EDGE_LOOP ( 'NONE', ( #1526, #840, #455, #956 ) ) ;
#1927 = DIRECTION ( 'NONE',  ( -0.000000000000000000, -0.000000000000000000, 1.000000000000000000 ) ) ;
#1928 = EDGE_CURVE ( 'NONE', #1107, #563, #2048, .T. ) ;
#1929 = VERTEX_POINT ( 'NONE', #598 ) ;
#1930 = ORIENTED_EDGE ( 'NONE', *, *, #866, .T. ) ;
#1931 = APPLICATION_CONTEXT ( 'configuration controlled 3d designs of mechanical parts and assemblies' ) ;
#1932 = SPHERICAL_SURFACE ( 'NONE', #380, 0.5000000000000000000 ) ;
#1933 = ORIENTED_EDGE ( 'NONE', *, *, #2019, .T. ) ;
#1934 = DIRECTION ( 'NONE',  ( 1.000000000000000000, 0.000000000000000000, 0.000000000000000000 ) ) ;
#1935 = CARTESIAN_POINT ( 'NONE',  ( -2.221353948963344038, -1.838731443346004690, 0.8674401893935008712 ) ) ;
#1936 = DIRECTION ( 'NONE',  ( 0.000000000000000000, 0.000000000000000000, 1.000000000000000000 ) ) ;
#1937 = FACE_OUTER_BOUND ( 'NONE', #1821, .T. ) ;
#1938 = EDGE_CURVE ( 'NONE', #1952, #882, #610, .T. ) ;
#1939 = ORIENTED_EDGE ( 'NONE', *, *, #656, .F. ) ;
#1940 = AXIS2_PLACEMENT_3D ( 'NONE', #1790, #310, #2064 ) ;
#1941 = CARTESIAN_POINT ( 'NONE',  ( -10.13397459621555896, 4.499999999999999112, -3.500000000000000000 ) ) ;
#1942 = VERTEX_POINT ( 'NONE', #1714 ) ;
#1943 = CARTESIAN_POINT ( 'NONE',  ( 5.500000000000000000, 0.4999999999999993339, 3.000000000000000000 ) ) ;
#1944 = DIRECTION ( 'NONE',  ( 0.000000000000000000, 0.000000000000000000, -1.000000000000000000 ) ) ;
#1945 = AXIS2_PLACEMENT_3D ( 'NONE', #1599, #634, #282 ) ;
#1946 = CARTESIAN_POINT ( 'NONE',  ( 1.986120552758436686, -1.984867628527716032, 1.707404281176582383 ) ) ;
#1947 = DIRECTION ( 'NONE',  ( 0.8660254037844385966, 0.5000000000000000000, 0.000000000000000000 ) ) ;
#1948 = CIRCLE ( 'NONE', #1164, 1.000000000000000000 ) ;
#1949 = DIRECTION ( 'NONE',  ( -0.8660254037844385966, 0.5000000000000000000, 0.000000000000000000 ) ) ;
#1950 = AXIS2_PLACEMENT_3D ( 'NONE', #2096, #497, #1474 ) ;
#1951 = ORIENTED_EDGE ( 'NONE', *, *, #1468, .F. ) ;
#1952 = VERTEX_POINT ( 'NONE', #1921 ) ;
#1953 = EDGE_CURVE ( 'NONE', #1044, #1302, #1550, .T. ) ;
#1954 = EDGE_CURVE ( 'NONE', #876, #720, #1894, .T. ) ;
#1955 = ORIENTED_EDGE ( 'NONE', *, *, #1148, .F. ) ;
#1956 = DIRECTION ( 'NONE',  ( -1.000000000000000000, 0.000000000000000000, 0.000000000000000000 ) ) ;
#1957 = DIRECTION ( 'NONE',  ( -1.000000000000000000, -2.168404344971008868E-16, 0.000000000000000000 ) ) ;
#1958 = CARTESIAN_POINT ( 'NONE',  ( -8.499999999999996447, -1.000000000000001110, -3.000000000000000000 ) ) ;
#1959 = PLANE ( 'NONE',  #609 ) ;
#1960 = ORIENTED_EDGE ( 'NONE', *, *, #1784, .F. ) ;
#1961 = ORIENTED_EDGE ( 'NONE', *, *, #1081, .F. ) ;
#1962 = EDGE_CURVE ( 'NONE', #1301, #451, #1896, .T. ) ;
#1963 = AXIS2_PLACEMENT_3D ( 'NONE', #1883, #1763, #281 ) ;
#1964 = EDGE_CURVE ( 'NONE', #1813, #1870, #243, .T. ) ;
#1965 = DIRECTION ( 'NONE',  ( 0.000000000000000000, 0.000000000000000000, -1.000000000000000000 ) ) ;
#1966 = CALENDAR_DATE ( 2025, 23, 5 ) ;
#1967 = SPHERICAL_SURFACE ( 'NONE', #1186, 0.5000000000000000000 ) ;
#1968 = DIRECTION ( 'NONE',  ( 5.007715329123851933E-16, -8.673617379884012792E-16, -1.000000000000000000 ) ) ;
#1969 = VERTEX_POINT ( 'NONE', #903 ) ;
#1970 = ORIENTED_EDGE ( 'NONE', *, *, #1413, .F. ) ;
#1971 = TOROIDAL_SURFACE ( 'NONE', #639, 2.750000000000000000, 0.5000000000000000000 ) ;
#1972 = LINE ( 'NONE', #335, #2078 ) ;
#1973 = AXIS2_PLACEMENT_3D ( 'NONE', #2020, #210, #1224 ) ;
#1974 = EDGE_CURVE ( 'NONE', #67, #2104, #1906, .T. ) ;
#1975 = DIRECTION ( 'NONE',  ( -1.000000000000000000, -2.168404344971008868E-16, 0.000000000000000000 ) ) ;
#1976 = DIRECTION ( 'NONE',  ( 1.000000000000000000, 0.000000000000000000, 0.000000000000000000 ) ) ;
#1977 = AXIS2_PLACEMENT_3D ( 'NONE', #1648, #811, #841 ) ;
#1978 = AXIS2_PLACEMENT_3D ( 'NONE', #1215, #1028, #1832 ) ;
#1979 = CARTESIAN_POINT ( 'NONE',  ( 5.500000000000000000, 4.499999999999999112, 3.500000000000000000 ) ) ;
#1980 = DATE_AND_TIME ( #1966, #463 ) ;
#1981 = DIRECTION ( 'NONE',  ( 0.5000000000000009992, -0.8660254037844380415, -0.000000000000000000 ) ) ;
#1982 = ADVANCED_FACE ( 'NONE', ( #1435 ), #2083, .F. ) ;
#1983 = DIRECTION ( 'NONE',  ( -0.5000000000000009992, 0.8660254037844380415, 0.000000000000000000 ) ) ;
#1984 = ORIENTED_EDGE ( 'NONE', *, *, #1064, .F. ) ;
#1985 = EDGE_CURVE ( 'NONE', #969, #1969, #1321, .T. ) ;
#1986 = ORIENTED_EDGE ( 'NONE', *, *, #84, .T. ) ;
#1987 = DIRECTION ( 'NONE',  ( 0.000000000000000000, 0.000000000000000000, -1.000000000000000000 ) ) ;
#1988 = PERSON_AND_ORGANIZATION ( #1734, #13 ) ;
#1989 = CARTESIAN_POINT ( 'NONE',  ( -7.499999999999996447, -9.000804661363960810E-16, -3.500000000000000444 ) ) ;
#1990 = DIRECTION ( 'NONE',  ( -2.168404344971009361E-16, -1.000000000000000000, 0.000000000000000000 ) ) ;
#1991 = AXIS2_PLACEMENT_3D ( 'NONE', #960, #143, #1445 ) ;
#1992 = ADVANCED_FACE ( 'NONE', ( #1752 ), #1427, .T. ) ;
#1993 = CYLINDRICAL_SURFACE ( 'NONE', #227, 0.5000000000000004441 ) ;
#1994 = VERTEX_POINT ( 'NONE', #769 ) ;
#1995 = CIRCLE ( 'NONE', #1077, 0.5000000000000000000 ) ;
#1996 = CARTESIAN_POINT ( 'NONE',  ( 5.500000000000000000, 0.4999999999999993339, -3.000000000000000000 ) ) ;
#1997 = VECTOR ( 'NONE', #878, 1000.000000000000000 ) ;
#1998 = FACE_OUTER_BOUND ( 'NONE', #312, .T. ) ;
#1999 = CARTESIAN_POINT ( 'NONE',  ( -7.500000000000000000, -9.000804661363966726E-16, 3.000000000000000000 ) ) ;
#2000 = AXIS2_PLACEMENT_3D ( 'NONE', #1012, #1664, #197 ) ;
#2001 = EDGE_LOOP ( 'NONE', ( #1122, #462, #774, #1882 ) ) ;
#2002 = CIRCLE ( 'NONE', #1017, 0.5000000000000000000 ) ;
#2003 = CIRCLE ( 'NONE', #1779, 1.000000000000000888 ) ;
#2004 = LINE ( 'NONE', #648, #1299 ) ;
#2005 = TOROIDAL_SURFACE ( 'NONE', #576, 2.750000000000000000, 0.5000000000000000000 ) ;
#2006 = ADVANCED_FACE ( 'NONE', ( #424 ), #1932, .T. ) ;
#2007 = EDGE_LOOP ( 'NONE', ( #750, #900, #2051 ) ) ;
#2008 = AXIS2_PLACEMENT_3D ( 'NONE', #1803, #1484, #668 ) ;
#2009 = ADVANCED_FACE ( 'NONE', ( #1079 ), #304, .T. ) ;
#2010 = FACE_OUTER_BOUND ( 'NONE', #1646, .T. ) ;
#2011 = DIRECTION ( 'NONE',  ( 0.000000000000000000, 0.000000000000000000, -1.000000000000000000 ) ) ;
#2012 = DIRECTION ( 'NONE',  ( 0.000000000000000000, 0.000000000000000000, 1.000000000000000000 ) ) ;
#2013 = CARTESIAN_POINT ( 'NONE',  ( -9.845299461620744097, 1.999999999999998668, 3.000000000000000444 ) ) ;
#2014 = LINE ( 'NONE', #718, #1046 ) ;
#2015 = DIRECTION ( 'NONE',  ( -1.000000000000000000, 0.000000000000000000, 3.469446951953611033E-15 ) ) ;
#2016 = VERTEX_POINT ( 'NONE', #632 ) ;
#2017 = ADVANCED_FACE ( 'NONE', ( #968 ), #1292, .T. ) ;
#2018 = CARTESIAN_POINT ( 'NONE',  ( -7.499999999999996447, -0.5000000000000007772, -3.500000000000000000 ) ) ;
#2019 = EDGE_CURVE ( 'NONE', #387, #67, #975, .T. ) ;
#2020 = CARTESIAN_POINT ( 'NONE',  ( -8.500000000000000000, -0.5000000000000011102, 3.000000000000000000 ) ) ;
#2021 = CARTESIAN_POINT ( 'NONE',  ( 5.500000000000000000, -5.505346540445921616E-16, -3.000000000000000444 ) ) ;
#2022 = DIRECTION ( 'NONE',  ( -1.000000000000000000, 0.000000000000000000, 0.000000000000000000 ) ) ;
#2023 = CARTESIAN_POINT ( 'NONE',  ( -2.849999999999999645, -8.738645302295114009E-17, -3.000000000000000444 ) ) ;
#2024 = SECURITY_CLASSIFICATION ( '', '', #1662 ) ;
#2025 = DIRECTION ( 'NONE',  ( -0.000000000000000000, -0.000000000000000000, 1.000000000000000000 ) ) ;
#2027 = ORIENTED_EDGE ( 'NONE', *, *, #1818, .T. ) ;
#2026 = VERTEX_POINT ( 'NONE', #1621 ) ;
#2028 = DIRECTION ( 'NONE',  ( -1.000000000000000000, 0.000000000000000000, -0.000000000000000000 ) ) ;
#2029 = DIRECTION ( 'NONE',  ( -1.000000000000000000, 9.637352644315595243E-17, 0.000000000000000000 ) ) ;
#2030 = CARTESIAN_POINT ( 'NONE',  ( -2.350000000000000089, -1.999999999999999556, -3.000000000000000444 ) ) ;
#2031 = EDGE_CURVE ( 'NONE', #920, #1651, #1855, .T. ) ;
#2032 = DIRECTION ( 'NONE',  ( -1.191190382581906851E-16, 1.000000000000000000, 0.000000000000000000 ) ) ;
#2033 = AXIS2_PLACEMENT_3D ( 'NONE', #1061, #1889, #1718 ) ;
#2034 = CIRCLE ( 'NONE', #1697, 0.5000000000000004441 ) ;
#2035 = DIRECTION ( 'NONE',  ( 0.000000000000000000, 0.000000000000000000, -1.000000000000000000 ) ) ;
#2037 = EDGE_LOOP ( 'NONE', ( #1951, #1289, #978 ) ) ;
#2036 = ORIENTED_EDGE ( 'NONE', *, *, #1157, .F. ) ;
#2038 = CIRCLE ( 'NONE', #1050, 2.250000000000000000 ) ;
#2039 = CARTESIAN_POINT ( 'NONE',  ( -10.13397459621555896, -0.5000000000000012212, 3.000000000000000000 ) ) ;
#2040 = VECTOR ( 'NONE', #796, 1000.000000000000000 ) ;
#2041 = CARTESIAN_POINT ( 'NONE',  ( -1.849999999999999867, -1.499999999999999556, -3.000000000000000000 ) ) ;
#2042 = DIRECTION ( 'NONE',  ( -0.000000000000000000, -0.000000000000000000, -1.000000000000000000 ) ) ;
#2043 = ORIENTED_EDGE ( 'NONE', *, *, #629, .T. ) ;
#2044 = FACE_BOUND ( 'NONE', #422, .T. ) ;
#2045 = EDGE_CURVE ( 'NONE', #93, #976, #936, .T. ) ;
#2046 = ADVANCED_FACE ( 'NONE', ( #467 ), #1912, .T. ) ;
#2047 = ORIENTED_EDGE ( 'NONE', *, *, #1253, .F. ) ;
#2048 = LINE ( 'NONE', #1243, #184 ) ;
#2049 = DIRECTION ( 'NONE',  ( -1.000000000000000000, 0.000000000000000000, -0.000000000000000000 ) ) ;
#2050 = DIRECTION ( 'NONE',  ( 0.000000000000000000, 0.000000000000000000, -1.000000000000000000 ) ) ;
#2051 = ORIENTED_EDGE ( 'NONE', *, *, #528, .T. ) ;
#2052 = ORIENTED_EDGE ( 'NONE', *, *, #1172, .F. ) ;
#2053 = DIRECTION ( 'NONE',  ( 0.000000000000000000, 0.000000000000000000, 1.000000000000000000 ) ) ;
#2054 = DIRECTION ( 'NONE',  ( 0.000000000000000000, 0.000000000000000000, -1.000000000000000000 ) ) ;
#2055 = ORIENTED_EDGE ( 'NONE', *, *, #1001, .T. ) ;
#2056 = CARTESIAN_POINT ( 'NONE',  ( -8.499999999999996447, -0.5000000000000009992, -3.000000000000000000 ) ) ;
#2057 = ORIENTED_EDGE ( 'NONE', *, *, #1773, .F. ) ;
#2058 = EDGE_CURVE ( 'NONE', #388, #1323, #10, .T. ) ;
#2059 = DIRECTION ( 'NONE',  ( 2.168404344971009361E-16, 1.000000000000000000, -0.000000000000000000 ) ) ;
#2060 = DIRECTION ( 'NONE',  ( -0.000000000000000000, -0.000000000000000000, 1.000000000000000000 ) ) ;
#2061 = CYLINDRICAL_SURFACE ( 'NONE', #958, 0.5000000000000004441 ) ;
#2062 = CARTESIAN_POINT ( 'NONE',  ( 2.098033423757629912, -1.938345081515253199, -1.373306113225572167 ) ) ;
#2063 = EDGE_LOOP ( 'NONE', ( #191, #89, #664 ) ) ;
#2064 = DIRECTION ( 'NONE',  ( -1.000000000000000000, 0.000000000000000000, 0.000000000000000000 ) ) ;
#2065 = CARTESIAN_POINT ( 'NONE',  ( 0.000000000000000000, -1.499999999999999778, 0.000000000000000000 ) ) ;
#2066 = FACE_OUTER_BOUND ( 'NONE', #1146, .T. ) ;
#2067 = ORIENTED_EDGE ( 'NONE', *, *, #843, .T. ) ;
#2068 = AXIS2_PLACEMENT_3D ( 'NONE', #1204, #2011, #70 ) ;
#2069 = AXIS2_PLACEMENT_3D ( 'NONE', #1473, #1325, #806 ) ;
#2070 = EDGE_CURVE ( 'NONE', #744, #1313, #552, .T. ) ;
#2071 = CARTESIAN_POINT ( 'NONE',  ( -10.13397459621555896, -0.5000000000000012212, -3.000000000000000000 ) ) ;
#2072 = ORIENTED_EDGE ( 'NONE', *, *, #22, .F. ) ;
#2073 = CIRCLE ( 'NONE', #779, 0.5000000000000000000 ) ;
#2074 = CARTESIAN_POINT ( 'NONE',  ( 1.849999999999999645, -2.000000000000000000, 2.034698994937580885 ) ) ;
#2075 = EDGE_CURVE ( 'NONE', #698, #1764, #1098, .T. ) ;
#2076 = TOROIDAL_SURFACE ( 'NONE', #1090, 1.000000000000000000, 0.5000000000000000000 ) ;
#2077 = DIRECTION ( 'NONE',  ( 4.956352788505164254E-16, 5.903959774350367068E-32, -1.000000000000000000 ) ) ;
#2078 = VECTOR ( 'NONE', #325, 1000.000000000000114 ) ;
#2079 = VERTEX_POINT ( 'NONE', #787 ) ;
#2080 = DIRECTION ( 'NONE',  ( -0.8660254037844385966, -0.5000000000000000000, 0.000000000000000000 ) ) ;
#2081 = LINE ( 'NONE', #618, #607 ) ;
#2082 = VERTEX_POINT ( 'NONE', #428 ) ;
#2083 = CYLINDRICAL_SURFACE ( 'NONE', #523, 0.5000000000000000000 ) ;
#2084 = ORIENTED_EDGE ( 'NONE', *, *, #1758, .T. ) ;
#2085 = CARTESIAN_POINT ( 'NONE',  ( 0.000000000000000000, 4.999999999999999112, 0.000000000000000000 ) ) ;
#2086 = DIRECTION ( 'NONE',  ( 1.000000000000000000, 0.000000000000000000, 0.000000000000000000 ) ) ;
#2087 = EDGE_CURVE ( 'NONE', #173, #2079, #288, .T. ) ;
#2088 = LINE ( 'NONE', #1592, #1390 ) ;
#2089 = DIRECTION ( 'NONE',  ( -0.000000000000000000, -0.000000000000000000, -1.000000000000000000 ) ) ;
#2090 = VERTEX_POINT ( 'NONE', #2109 ) ;
#2091 = ORIENTED_EDGE ( 'NONE', *, *, #159, .T. ) ;
#2092 = VECTOR ( 'NONE', #293, 1000.000000000000000 ) ;
#2093 = DIRECTION ( 'NONE',  ( 0.000000000000000000, 0.000000000000000000, -1.000000000000000000 ) ) ;
#2094 = ORIENTED_EDGE ( 'NONE', *, *, #2099, .F. ) ;
#2095 = CARTESIAN_POINT ( 'NONE',  ( 0.000000000000000000, -2.000000000000000000, 2.250000000000000000 ) ) ;
#2096 = CARTESIAN_POINT ( 'NONE',  ( -8.834936490538897402, 1.749999999999998668, 3.000000000000000444 ) ) ;
#2097 = CARTESIAN_POINT ( 'NONE',  ( -8.738645302295121404E-17, 0.5000000000000003331, 3.500000000000000000 ) ) ;
#2098 = DIRECTION ( 'NONE',  ( -0.5000000000000009992, 0.8660254037844381525, 0.000000000000000000 ) ) ;
#2099 = EDGE_CURVE ( 'NONE', #405, #1409, #1110, .T. ) ;
#2100 = DIRECTION ( 'NONE',  ( 1.000000000000000000, -0.000000000000000000, -3.469446951953617344E-15 ) ) ;
#2101 = PRODUCT ( 'pattes_mobiles_rail_6', 'pattes_mobiles_rail_6', '', ( #1493 ) ) ;
#2102 = ORIENTED_EDGE ( 'NONE', *, *, #1595, .F. ) ;
#2103 = CIRCLE ( 'NONE', #869, 0.5000000000000000000 ) ;
#2104 = VERTEX_POINT ( 'NONE', #1418 ) ;
#2105 = CIRCLE ( 'NONE', #1525, 0.5000000000000004441 ) ;
#2106 = DIRECTION ( 'NONE',  ( -9.227252531791526626E-17, -1.000000000000000000, 0.000000000000000000 ) ) ;
#2107 = CARTESIAN_POINT ( 'NONE',  ( 5.500000000000000000, 4.999999999999999112, 3.000000000000000000 ) ) ;
#2108 = AXIS2_PLACEMENT_3D ( 'NONE', #179, #190, #2112 ) ;
#2109 = CARTESIAN_POINT ( 'NONE',  ( -1.850000000000000089, -1.999999999999999556, -3.000000000000000444 ) ) ;
#2110 = SPHERICAL_SURFACE ( 'NONE', #360, 0.5000000000000000000 ) ;
#2111 = VECTOR ( 'NONE', #1566, 999.9999999999998863 ) ;
#2112 = DIRECTION ( 'NONE',  ( -1.000000000000000000, 9.227252531791526626E-17, 0.000000000000000000 ) ) ;
#2113 = CC_DESIGN_PERSON_AND_ORGANIZATION_ASSIGNMENT ( #1011, #669, ( #558 ) ) ;
#2114 = ORIENTED_EDGE ( 'NONE', *, *, #1609, .T. ) ;
#2115 = EDGE_CURVE ( 'NONE', #1313, #1302, #663, .T. ) ;
ENDSEC;
END-ISO-10303-21;
