ISO-10303-21;
HEADER;
FILE_DESCRIPTION (( 'STEP AP203' ),
    '1' );
FILE_NAME ('pattes_mobiles_rail.STEP',
    '2025-05-23T08:40:33',
    ( '' ),
    ( '' ),
    'SwSTEP 2.0',
    'SolidWorks 2023',
    '' );
FILE_SCHEMA (( 'CONFIG_CONTROL_DESIGN' ));
ENDSEC;

DATA;
#1 = ORIENTED_EDGE ( 'NONE', *, *, #440, .T. ) ;
#2 = VERTEX_POINT ( 'NONE', #1708 ) ;
#3 = DIRECTION ( 'NONE',  ( 9.227252531791526626E-17, 1.000000000000000000, -0.000000000000000000 ) ) ;
#4 = ORIENTED_EDGE ( 'NONE', *, *, #848, .T. ) ;
#5 = CARTESIAN_POINT ( 'NONE',  ( -2.299999999999999822, -1.717944947177033610, 1.240348190940150286E-13 ) ) ;
#6 = DIRECTION ( 'NONE',  ( 0.000000000000000000, -1.000000000000000000, 0.000000000000000000 ) ) ;
#7 = CARTESIAN_POINT ( 'NONE',  ( 5.500000000000000000, 0.4999999999999993339, 3.000000000000000000 ) ) ;
#8 = AXIS2_PLACEMENT_3D ( 'NONE', #1447, #464, #2115 ) ;
#9 = CARTESIAN_POINT ( 'NONE',  ( 5.500000000000000000, 2.999999999999999556, 3.000000000000000000 ) ) ;
#10 = ADVANCED_FACE ( 'NONE', ( #1082 ), #1120, .T. ) ;
#11 = ORIENTED_EDGE ( 'NONE', *, *, #1826, .F. ) ;
#12 = ORIENTED_EDGE ( 'NONE', *, *, #1535, .F. ) ;
#13 = CARTESIAN_POINT ( 'NONE',  ( 2.350000000000000089, -1.499999999999999778, -3.000000000000000444 ) ) ;
#14 = ADVANCED_FACE ( 'NONE', ( #90 ), #1393, .T. ) ;
#15 = EDGE_LOOP ( 'NONE', ( #1673, #1816, #2062, #2054 ) ) ;
#16 = CARTESIAN_POINT ( 'NONE',  ( -1.850000000000000089, -2.000000000000000000, 2.034698994937580441 ) ) ;
#17 = FACE_OUTER_BOUND ( 'NONE', #1629, .T. ) ;
#18 = DIRECTION ( 'NONE',  ( -1.000000000000000000, 0.000000000000000000, 0.000000000000000000 ) ) ;
#19 = DIRECTION ( 'NONE',  ( 0.5000000000000013323, 0.8660254037844379305, 0.000000000000000000 ) ) ;
#20 = VECTOR ( 'NONE', #1977, 1000.000000000000000 ) ;
#21 = ADVANCED_FACE ( 'NONE', ( #1881 ), #1596, .F. ) ;
#22 = UNCERTAINTY_MEASURE_WITH_UNIT (LENGTH_MEASURE( 1.000000000000000082E-05 ), #1205, 'distance_accuracy_value', 'NONE');
#23 = VERTEX_POINT ( 'NONE', #621 ) ;
#24 = ORIENTED_EDGE ( 'NONE', *, *, #1073, .F. ) ;
#25 = DIRECTION ( 'NONE',  ( -0.000000000000000000, -0.000000000000000000, -1.000000000000000000 ) ) ;
#26 = VERTEX_POINT ( 'NONE', #1434 ) ;
#27 = EDGE_CURVE ( 'NONE', #985, #1055, #744, .T. ) ;
#28 = LINE ( 'NONE', #1819, #633 ) ;
#29 = DIRECTION ( 'NONE',  ( -1.000000000000000000, 0.000000000000000000, 0.000000000000000000 ) ) ;
#30 = DIRECTION ( 'NONE',  ( -1.224646799147353207E-16, 1.130012527798280363E-32, 1.000000000000000000 ) ) ;
#31 = AXIS2_PLACEMENT_3D ( 'NONE', #1164, #30, #825 ) ;
#32 = CARTESIAN_POINT ( 'NONE',  ( 1.984081143902765021, -1.982798132475058317, -1.706822424221420498 ) ) ;
#33 = SECURITY_CLASSIFICATION_LEVEL ( 'unclassified' ) ;
#34 = VERTEX_POINT ( 'NONE', #2080 ) ;
#35 = EDGE_LOOP ( 'NONE', ( #1149, #1006, #1988 ) ) ;
#36 = EDGE_LOOP ( 'NONE', ( #1711, #1203, #1053 ) ) ;
#37 = DIRECTION ( 'NONE',  ( -1.000000000000000000, -1.191190382581906851E-16, -0.000000000000000000 ) ) ;
#38 = DIRECTION ( 'NONE',  ( -1.000000000000000000, 0.000000000000000000, 0.000000000000000000 ) ) ;
#39 = VERTEX_POINT ( 'NONE', #1266 ) ;
#40 = CARTESIAN_POINT ( 'NONE',  ( 8.738645302295120172E-17, 0.5000000000000003331, 3.000000000000000000 ) ) ;
#41 = CARTESIAN_POINT ( 'NONE',  ( 0.000000000000000000, 2.499999999999999556, 3.500000000000000000 ) ) ;
#42 = CARTESIAN_POINT ( 'NONE',  ( -8.500000000000000000, -0.5000000000000011102, 3.000000000000000000 ) ) ;
#43 = AXIS2_PLACEMENT_3D ( 'NONE', #136, #779, #1832 ) ;
#44 = CIRCLE ( 'NONE', #1987, 2.250000000000000000 ) ;
#45 = ORIENTED_EDGE ( 'NONE', *, *, #95, .F. ) ;
#46 = CIRCLE ( 'NONE', #1071, 0.5000000000000000000 ) ;
#47 = ORIENTED_EDGE ( 'NONE', *, *, #1094, .T. ) ;
#48 = CARTESIAN_POINT ( 'NONE',  ( -6.000000000000000000, 2.999999999999999556, 3.000000000000000000 ) ) ;
#49 = EDGE_CURVE ( 'NONE', #323, #1185, #2091, .T. ) ;
#50 = DIRECTION ( 'NONE',  ( 0.000000000000000000, 0.000000000000000000, -1.000000000000000000 ) ) ;
#51 = ORIENTED_EDGE ( 'NONE', *, *, #49, .F. ) ;
#52 = CARTESIAN_POINT ( 'NONE',  ( -10.63397459621555896, 2.499999999999999556, 3.000000000000000444 ) ) ;
#53 = LINE ( 'NONE', #41, #564 ) ;
#54 = ADVANCED_FACE ( 'NONE', ( #1414 ), #463, .T. ) ;
#55 = AXIS2_PLACEMENT_3D ( 'NONE', #2013, #546, #1207 ) ;
#56 = CARTESIAN_POINT ( 'NONE',  ( -7.499999999999996447, 0.4999999999999990563, -3.000000000000000000 ) ) ;
#57 = CIRCLE ( 'NONE', #1753, 0.5000000000000000000 ) ;
#58 = PERSON_AND_ORGANIZATION ( #1550, #691 ) ;
#59 = VERTEX_POINT ( 'NONE', #1913 ) ;
#60 = ORIENTED_EDGE ( 'NONE', *, *, #816, .F. ) ;
#61 = DIRECTION ( 'NONE',  ( -0.000000000000000000, 0.000000000000000000, 1.000000000000000000 ) ) ;
#62 = CARTESIAN_POINT ( 'NONE',  ( -7.499999999999996447, -0.5000000000000007772, -3.500000000000000000 ) ) ;
#63 = VERTEX_POINT ( 'NONE', #127 ) ;
#64 = CYLINDRICAL_SURFACE ( 'NONE', #364, 0.5000000000000000000 ) ;
#65 = APPLICATION_CONTEXT ( 'configuration controlled 3d designs of mechanical parts and assemblies' ) ;
#66 = EDGE_CURVE ( 'NONE', #23, #1490, #439, .T. ) ;
#67 = DIRECTION ( 'NONE',  ( -1.000000000000000000, 9.227252531791526626E-17, 0.000000000000000000 ) ) ;
#68 = DIRECTION ( 'NONE',  ( 0.000000000000000000, 0.000000000000000000, -1.000000000000000000 ) ) ;
#69 = PERSON_AND_ORGANIZATION_ROLE ( 'classification_officer' ) ;
#70 = AXIS2_PLACEMENT_3D ( 'NONE', #1551, #1394, #598 ) ;
#71 = EDGE_CURVE ( 'NONE', #278, #1991, #1757, .T. ) ;
#72 = ORIENTED_EDGE ( 'NONE', *, *, #512, .F. ) ;
#73 = CARTESIAN_POINT ( 'NONE',  ( -8.738645302295121404E-17, 0.5000000000000003331, 3.000000000000000000 ) ) ;
#74 = ORIENTED_EDGE ( 'NONE', *, *, #1636, .T. ) ;
#75 = CARTESIAN_POINT ( 'NONE',  ( 0.000000000000000000, -1.499999999999999778, 0.000000000000000000 ) ) ;
#76 = FACE_OUTER_BOUND ( 'NONE', #130, .T. ) ;
#77 = CARTESIAN_POINT ( 'NONE',  ( -9.556624327025931009, 1.499999999999999778, 3.500000000000000000 ) ) ;
#78 = APPROVAL_STATUS ( 'not_yet_approved' ) ;
#79 = EDGE_CURVE ( 'NONE', #985, #1915, #580, .T. ) ;
#80 = ORIENTED_EDGE ( 'NONE', *, *, #642, .F. ) ;
#81 = DIRECTION ( 'NONE',  ( 5.007715329123869683E-16, -8.673617379884028570E-16, -1.000000000000000000 ) ) ;
#82 = ORIENTED_EDGE ( 'NONE', *, *, #455, .F. ) ;
#83 = CARTESIAN_POINT ( 'NONE',  ( 0.000000000000000000, 2.999999999999999556, 0.000000000000000000 ) ) ;
#84 = EDGE_CURVE ( 'NONE', #1460, #614, #1605, .T. ) ;
#85 = LINE ( 'NONE', #1877, #983 ) ;
#86 = DIRECTION ( 'NONE',  ( 0.000000000000000000, 0.000000000000000000, 1.000000000000000000 ) ) ;
#87 = DIRECTION ( 'NONE',  ( 0.000000000000000000, 0.000000000000000000, -1.000000000000000000 ) ) ;
#88 = ADVANCED_FACE ( 'NONE', ( #1196 ), #1844, .T. ) ;
#89 = AXIS2_PLACEMENT_3D ( 'NONE', #1379, #2005, #1198 ) ;
#90 = FACE_OUTER_BOUND ( 'NONE', #262, .T. ) ;
#91 = AXIS2_PLACEMENT_3D ( 'NONE', #1934, #1000, #1463 ) ;
#92 = DIRECTION ( 'NONE',  ( -1.224646799147353454E-16, 0.000000000000000000, -1.000000000000000000 ) ) ;
#93 = EDGE_LOOP ( 'NONE', ( #1559, #1668, #958, #647 ) ) ;
#94 = CARTESIAN_POINT ( 'NONE',  ( -9.989637028918149753, 0.7499999999999990008, 3.000000000000000444 ) ) ;
#95 = EDGE_CURVE ( 'NONE', #1718, #1271, #378, .T. ) ;
#96 = DIRECTION ( 'NONE',  ( 0.000000000000000000, 0.000000000000000000, -1.000000000000000000 ) ) ;
#97 = CARTESIAN_POINT ( 'NONE',  ( -1.850000000000000089, -1.999999999999999556, 3.500000000000000000 ) ) ;
#98 = AXIS2_PLACEMENT_3D ( 'NONE', #527, #861, #697 ) ;
#99 = FACE_OUTER_BOUND ( 'NONE', #715, .T. ) ;
#100 = TOROIDAL_SURFACE ( 'NONE', #1058, 1.000000000000000000, 0.5000000000000000000 ) ;
#101 = ORIENTED_EDGE ( 'NONE', *, *, #964, .F. ) ;
#102 = VECTOR ( 'NONE', #1925, 1000.000000000000000 ) ;
#103 = ORIENTED_EDGE ( 'NONE', *, *, #1850, .T. ) ;
#104 = CYLINDRICAL_SURFACE ( 'NONE', #1176, 0.5000000000000000000 ) ;
#105 = DIRECTION ( 'NONE',  ( 0.000000000000000000, 0.000000000000000000, -1.000000000000000000 ) ) ;
#106 = CARTESIAN_POINT ( 'NONE',  ( -11.00000000000000000, -1.000000000000002220, -3.000000000000000000 ) ) ;
#107 = CARTESIAN_POINT ( 'NONE',  ( 0.000000000000000000, 2.499999999999999112, 0.000000000000000000 ) ) ;
#108 = ORIENTED_EDGE ( 'NONE', *, *, #1975, .F. ) ;
#109 = AXIS2_PLACEMENT_3D ( 'NONE', #1363, #2038, #718 ) ;
#110 = ORIENTED_EDGE ( 'NONE', *, *, #363, .T. ) ;
#111 = DIRECTION ( 'NONE',  ( 1.000000000000000000, 0.000000000000000000, -8.673617379884027583E-16 ) ) ;
#112 = EDGE_CURVE ( 'NONE', #1991, #522, #1993, .T. ) ;
#113 = CARTESIAN_POINT ( 'NONE',  ( -2.849999999999999645, 0.4999999999999997780, 3.000000000000000000 ) ) ;
#114 = DIRECTION ( 'NONE',  ( 1.000000000000000000, -2.168404344971009361E-16, 0.000000000000000000 ) ) ;
#115 = EDGE_CURVE ( 'NONE', #291, #797, #315, .T. ) ;
#116 = DIRECTION ( 'NONE',  ( -9.227252531791526626E-17, -1.000000000000000000, 0.000000000000000000 ) ) ;
#117 = LOCAL_TIME ( 10, 40, 33.00000000000000000, #1328 ) ;
#118 = EDGE_CURVE ( 'NONE', #1008, #1915, #1331, .T. ) ;
#119 = VERTEX_POINT ( 'NONE', #990 ) ;
#120 = AXIS2_PLACEMENT_3D ( 'NONE', #137, #128, #160 ) ;
#121 = EDGE_LOOP ( 'NONE', ( #1854, #1309, #1308, #1482 ) ) ;
#122 = DIRECTION ( 'NONE',  ( 2.168404344971008868E-16, 1.000000000000000000, 9.403954806578300064E-32 ) ) ;
#123 = CARTESIAN_POINT ( 'NONE',  ( -2.221001047539373996, -1.839049341102490853, -0.8690159569997919498 ) ) ;
#124 = CARTESIAN_POINT ( 'NONE',  ( 0.000000000000000000, -1.999999999999999556, 2.250000000000000000 ) ) ;
#125 = CARTESIAN_POINT ( 'NONE',  ( -10.13397459621555896, -0.5000000000000012212, 3.000000000000000000 ) ) ;
#126 = AXIS2_PLACEMENT_3D ( 'NONE', #2089, #1274, #1922 ) ;
#127 = CARTESIAN_POINT ( 'NONE',  ( -1.850000000000000089, -1.999999999999999556, -3.000000000000000444 ) ) ;
#128 = DIRECTION ( 'NONE',  ( -0.5000000000000007772, 0.8660254037844382635, -7.511572993685800087E-16 ) ) ;
#129 = ADVANCED_FACE ( 'NONE', ( #1645 ), #185, .F. ) ;
#130 = EDGE_LOOP ( 'NONE', ( #231, #1451, #1963, #1137, #1063 ) ) ;
#131 = ORIENTED_EDGE ( 'NONE', *, *, #1952, .F. ) ;
#132 = DIRECTION ( 'NONE',  ( 7.523163845262633045E-31, 1.000000000000000000, 2.168404344971008868E-16 ) ) ;
#133 = DIRECTION ( 'NONE',  ( 4.956352788505164254E-16, 8.662361802357589286E-32, -1.000000000000000000 ) ) ;
#134 = CARTESIAN_POINT ( 'NONE',  ( -10.42264973081037027, 0.9999999999999988898, 3.000000000000000444 ) ) ;
#135 = ADVANCED_FACE ( 'NONE', ( #2003 ), #1623, .T. ) ;
#136 = CARTESIAN_POINT ( 'NONE',  ( -8.500000000000000000, -0.5000000000000011102, 3.000000000000000000 ) ) ;
#137 = CARTESIAN_POINT ( 'NONE',  ( -10.13397459621555896, 2.499999999999999112, 3.000000000000000444 ) ) ;
#138 = VERTEX_POINT ( 'NONE', #200 ) ;
#139 = ORIENTED_EDGE ( 'NONE', *, *, #1983, .F. ) ;
#140 = LINE ( 'NONE', #1320, #1580 ) ;
#141 = AXIS2_PLACEMENT_3D ( 'NONE', #1634, #1507, #1957 ) ;
#142 = DIRECTION ( 'NONE',  ( -1.000000000000000000, 9.227252531791526626E-17, -0.000000000000000000 ) ) ;
#143 = ADVANCED_FACE ( 'NONE', ( #17 ), #168, .T. ) ;
#144 = FACE_OUTER_BOUND ( 'NONE', #1457, .T. ) ;
#145 = CIRCLE ( 'NONE', #784, 0.5000000000000000000 ) ;
#146 = DIRECTION ( 'NONE',  ( 1.000000000000000000, 0.000000000000000000, 0.000000000000000000 ) ) ;
#147 = CIRCLE ( 'NONE', #688, 0.5000000000000004441 ) ;
#148 = CARTESIAN_POINT ( 'NONE',  ( 1.849999999999999867, -1.500000000000000000, -3.000000000000000444 ) ) ;
#149 = CC_DESIGN_APPROVAL ( #1880, ( #791 ) ) ;
#150 = ADVANCED_FACE ( 'NONE', ( #1174 ), #859, .F. ) ;
#151 = ORIENTED_EDGE ( 'NONE', *, *, #1535, .T. ) ;
#152 = EDGE_LOOP ( 'NONE', ( #60, #1168, #1771, #1942, #1628, #1945, #911 ) ) ;
#153 = ORIENTED_EDGE ( 'NONE', *, *, #1975, .T. ) ;
#154 = CARTESIAN_POINT ( 'NONE',  ( 5.500000000000000000, 0.000000000000000000, 3.000000000000000000 ) ) ;
#155 = VECTOR ( 'NONE', #1404, 1000.000000000000000 ) ;
#156 = DIRECTION ( 'NONE',  ( -1.000000000000000000, -1.191190382581906851E-16, 0.000000000000000000 ) ) ;
#157 = CARTESIAN_POINT ( 'NONE',  ( 1.849999999999999645, -2.000000000000000000, -2.034698994937580885 ) ) ;
#158 = EDGE_CURVE ( 'NONE', #475, #278, #515, .T. ) ;
#159 = DIRECTION ( 'NONE',  ( -0.000000000000000000, -0.000000000000000000, 1.000000000000000000 ) ) ;
#160 = DIRECTION ( 'NONE',  ( -0.8660254037844385966, -0.5000000000000000000, 0.000000000000000000 ) ) ;
#161 = VERTEX_POINT ( 'NONE', #367 ) ;
#162 = ORIENTED_EDGE ( 'NONE', *, *, #194, .T. ) ;
#163 = DIRECTION ( 'NONE',  ( -1.000000000000000000, 0.000000000000000000, 0.000000000000000000 ) ) ;
#164 = VERTEX_POINT ( 'NONE', #1810 ) ;
#165 = FACE_OUTER_BOUND ( 'NONE', #1480, .T. ) ;
#166 = ADVANCED_FACE ( 'NONE', ( #1672 ), #781, .T. ) ;
#167 = VECTOR ( 'NONE', #1592, 1000.000000000000000 ) ;
#168 = CYLINDRICAL_SURFACE ( 'NONE', #412, 0.5000000000000004441 ) ;
#169 = CARTESIAN_POINT ( 'NONE',  ( -2.350000000000000089, -1.499999999999999556, -3.500000000000000000 ) ) ;
#170 = DIRECTION ( 'NONE',  ( -0.000000000000000000, -0.000000000000000000, 1.000000000000000000 ) ) ;
#171 = ORIENTED_EDGE ( 'NONE', *, *, #1001, .T. ) ;
#172 = ORIENTED_EDGE ( 'NONE', *, *, #440, .F. ) ;
#173 = VERTEX_POINT ( 'NONE', #836 ) ;
#174 = CARTESIAN_POINT ( 'NONE',  ( -10.13397459621555896, -0.5000000000000013323, 3.000000000000000000 ) ) ;
#175 = EDGE_LOOP ( 'NONE', ( #139, #80, #1798, #926 ) ) ;
#176 = LINE ( 'NONE', #1809, #1840 ) ;
#177 = DIRECTION ( 'NONE',  ( -1.000000000000000000, -1.747729060459023048E-16, 0.000000000000000000 ) ) ;
#178 = EDGE_CURVE ( 'NONE', #797, #1233, #1068, .T. ) ;
#179 = CARTESIAN_POINT ( 'NONE',  ( 1.849999999999999645, -2.000000000000000000, -2.034698994937580885 ) ) ;
#180 = ORIENTED_EDGE ( 'NONE', *, *, #386, .T. ) ;
#181 = ORIENTED_EDGE ( 'NONE', *, *, #1400, .F. ) ;
#182 = DIRECTION ( 'NONE',  ( -0.000000000000000000, 1.000000000000000000, -0.000000000000000000 ) ) ;
#183 = ORIENTED_EDGE ( 'NONE', *, *, #1270, .T. ) ;
#184 = CARTESIAN_POINT ( 'NONE',  ( -1.986120552758436686, -1.984867628527715588, 1.707404281176582383 ) ) ;
#185 = PLANE ( 'NONE',  #613 ) ;
#186 = DIRECTION ( 'NONE',  ( 0.000000000000000000, -1.000000000000000000, -8.673617379884035472E-16 ) ) ;
#187 = AXIS2_PLACEMENT_3D ( 'NONE', #814, #1128, #1295 ) ;
#188 = DIRECTION ( 'NONE',  ( -1.000000000000000000, 9.637352644315595243E-17, 0.000000000000000000 ) ) ;
#189 = AXIS2_PLACEMENT_3D ( 'NONE', #1954, #625, #667 ) ;
#190 = VECTOR ( 'NONE', #133, 1000.000000000000000 ) ;
#191 = APPROVAL_DATE_TIME ( #348, #254 ) ;
#192 = CIRCLE ( 'NONE', #729, 0.4999999999999997780 ) ;
#193 = ORIENTED_EDGE ( 'NONE', *, *, #2040, .T. ) ;
#194 = EDGE_CURVE ( 'NONE', #745, #1640, #583, .T. ) ;
#195 = VERTEX_POINT ( 'NONE', #670 ) ;
#196 = CARTESIAN_POINT ( 'NONE',  ( 2.289743092647315237, -1.740705239875620869, 0.3522204296821900282 ) ) ;
#197 = AXIS2_PLACEMENT_3D ( 'NONE', #1812, #381, #390 ) ;
#198 = ORIENTED_EDGE ( 'NONE', *, *, #1094, .F. ) ;
#199 = LINE ( 'NONE', #1333, #1391 ) ;
#200 = CARTESIAN_POINT ( 'NONE',  ( -2.350000000000000089, -1.499999999999999556, 3.000000000000000000 ) ) ;
#201 = SPHERICAL_SURFACE ( 'NONE', #2042, 0.5000000000000000000 ) ;
#202 = VECTOR ( 'NONE', #156, 1000.000000000000000 ) ;
#203 = DIRECTION ( 'NONE',  ( 0.000000000000000000, 0.000000000000000000, -1.000000000000000000 ) ) ;
#204 = SPHERICAL_SURFACE ( 'NONE', #1948, 0.5000000000000000000 ) ;
#205 = AXIS2_PLACEMENT_3D ( 'NONE', #1388, #1566, #572 ) ;
#206 = EDGE_CURVE ( 'NONE', #1100, #341, #1323, .T. ) ;
#207 = VERTEX_POINT ( 'NONE', #354 ) ;
#208 = EDGE_LOOP ( 'NONE', ( #151, #1242, #331, #1536 ) ) ;
#209 = CARTESIAN_POINT ( 'NONE',  ( -10.13397459621555896, 2.499999999999999556, 3.000000000000000000 ) ) ;
#210 = DIRECTION ( 'NONE',  ( -0.000000000000000000, -1.000000000000000000, -0.000000000000000000 ) ) ;
#211 = ORIENTED_EDGE ( 'NONE', *, *, #841, .F. ) ;
#212 = EDGE_CURVE ( 'NONE', #1845, #574, #318, .T. ) ;
#213 = CARTESIAN_POINT ( 'NONE',  ( 5.500000000000000000, 2.499999999999999556, -3.000000000000000444 ) ) ;
#214 = LINE ( 'NONE', #1705, #858 ) ;
#215 = AXIS2_PLACEMENT_3D ( 'NONE', #1050, #68, #1716 ) ;
#216 = APPROVAL_DATE_TIME ( #1849, #1429 ) ;
#217 = EDGE_LOOP ( 'NONE', ( #1679, #1491, #1318, #282 ) ) ;
#218 = ADVANCED_FACE ( 'NONE', ( #1046 ), #414, .T. ) ;
#219 = ORIENTED_EDGE ( 'NONE', *, *, #619, .T. ) ;
#220 = DIRECTION ( 'NONE',  ( -0.000000000000000000, -0.000000000000000000, 1.000000000000000000 ) ) ;
#221 = CARTESIAN_POINT ( 'NONE',  ( -10.13397459621555896, 2.499999999999999112, -3.000000000000000000 ) ) ;
#222 = ORIENTED_EDGE ( 'NONE', *, *, #281, .F. ) ;
#223 = DIRECTION ( 'NONE',  ( 9.227252531791526626E-17, 1.000000000000000000, -0.000000000000000000 ) ) ;
#224 = VECTOR ( 'NONE', #1483, 1000.000000000000000 ) ;
#225 = CARTESIAN_POINT ( 'NONE',  ( -9.412286759728525354, 0.7499999999999988898, -3.500000000000000000 ) ) ;
#226 = AXIS2_PLACEMENT_3D ( 'NONE', #148, #2092, #1132 ) ;
#227 = EDGE_CURVE ( 'NONE', #34, #872, #253, .T. ) ;
#228 = CARTESIAN_POINT ( 'NONE',  ( 2.350000000000000089, -2.000000000000000000, -3.000000000000000444 ) ) ;
#229 = CIRCLE ( 'NONE', #592, 0.5000000000000004441 ) ;
#230 = APPLICATION_PROTOCOL_DEFINITION ( 'international standard', 'config_control_design', 1994, #65 ) ;
#231 = ORIENTED_EDGE ( 'NONE', *, *, #1135, .F. ) ;
#232 = CARTESIAN_POINT ( 'NONE',  ( -8.499999999999996447, -0.5000000000000011102, -3.000000000000000000 ) ) ;
#233 = AXIS2_PLACEMENT_3D ( 'NONE', #418, #237, #2037 ) ;
#234 = ORIENTED_EDGE ( 'NONE', *, *, #212, .T. ) ;
#235 = CYLINDRICAL_SURFACE ( 'NONE', #1372, 0.5000000000000000000 ) ;
#236 = EDGE_CURVE ( 'NONE', #59, #604, #406, .T. ) ;
#237 = DIRECTION ( 'NONE',  ( -0.000000000000000000, -0.000000000000000000, 1.000000000000000000 ) ) ;
#238 = DIRECTION ( 'NONE',  ( -4.336808689942017736E-16, -1.000000000000000000, -8.673617379884035472E-16 ) ) ;
#239 = PERSON_AND_ORGANIZATION_ROLE ( 'design_supplier' ) ;
#240 = CIRCLE ( 'NONE', #2010, 0.5000000000000000000 ) ;
#241 = PRODUCT_DEFINITION ( 'UNKNOWN', '', #791, #981 ) ;
#242 = ORIENTED_EDGE ( 'NONE', *, *, #1633, .T. ) ;
#243 = DIRECTION ( 'NONE',  ( -1.747729060459022802E-16, 1.000000000000000000, 0.000000000000000000 ) ) ;
#244 = EDGE_LOOP ( 'NONE', ( #496, #396, #11, #1293 ) ) ;
#245 = CARTESIAN_POINT ( 'NONE',  ( 1.850000000000000089, -1.500000000000000000, -3.000000000000000444 ) ) ;
#246 = DIRECTION ( 'NONE',  ( 0.000000000000000000, 0.000000000000000000, -1.000000000000000000 ) ) ;
#247 = CYLINDRICAL_SURFACE ( 'NONE', #109, 0.4999999999999998890 ) ;
#248 = EDGE_CURVE ( 'NONE', #1151, #2, #145, .T. ) ;
#249 = CARTESIAN_POINT ( 'NONE',  ( 5.500000000000000000, -5.505346540445921616E-16, 3.500000000000000000 ) ) ;
#250 = VECTOR ( 'NONE', #210, 1000.000000000000000 ) ;
#251 = ORIENTED_EDGE ( 'NONE', *, *, #1283, .T. ) ;
#252 = EDGE_CURVE ( 'NONE', #1760, #2, #704, .T. ) ;
#253 = CIRCLE ( 'NONE', #1713, 0.5000000000000000000 ) ;
#254 = APPROVAL ( #887, 'UNSPECIFIED' ) ;
#255 = CARTESIAN_POINT ( 'NONE',  ( 1.849999999999999867, -0.5000000000000002220, 3.000000000000000000 ) ) ;
#256 = ORIENTED_EDGE ( 'NONE', *, *, #248, .F. ) ;
#257 = DIRECTION ( 'NONE',  ( 0.000000000000000000, -1.000000000000000000, 0.000000000000000000 ) ) ;
#258 = FACE_OUTER_BOUND ( 'NONE', #489, .T. ) ;
#259 = CARTESIAN_POINT ( 'NONE',  ( -7.500000000000000000, 0.4999999999999990563, 3.500000000000000000 ) ) ;
#260 = DIRECTION ( 'NONE',  ( -1.000000000000000000, 0.000000000000000000, 0.000000000000000000 ) ) ;
#261 = CIRCLE ( 'NONE', #1615, 2.250000000000000000 ) ;
#262 = EDGE_LOOP ( 'NONE', ( #1501, #2023, #623, #733 ) ) ;
#263 = CIRCLE ( 'NONE', #2099, 0.5000000000000000000 ) ;
#264 = ORIENTED_EDGE ( 'NONE', *, *, #1146, .F. ) ;
#265 = CARTESIAN_POINT ( 'NONE',  ( -10.42264973081037027, 0.9999999999999988898, -3.500000000000000000 ) ) ;
#266 = CARTESIAN_POINT ( 'NONE',  ( 2.350000000000000089, -1.499999999999999778, 3.000000000000000000 ) ) ;
#267 = CARTESIAN_POINT ( 'NONE',  ( 2.755455298081544285E-16, -1.499999999999999778, -2.250000000000000000 ) ) ;
#268 = CIRCLE ( 'NONE', #1316, 2.750000000000000000 ) ;
#269 = DIRECTION ( 'NONE',  ( 1.000000000000000000, 2.168404344971008868E-16, 0.000000000000000000 ) ) ;
#270 = VECTOR ( 'NONE', #1946, 1000.000000000000000 ) ;
#271 = ORIENTED_EDGE ( 'NONE', *, *, #752, .T. ) ;
#272 = EDGE_CURVE ( 'NONE', #1100, #1845, #1606, .T. ) ;
#273 = ORIENTED_EDGE ( 'NONE', *, *, #1665, .T. ) ;
#274 = DIRECTION ( 'NONE',  ( 0.000000000000000000, 0.000000000000000000, -1.000000000000000000 ) ) ;
#275 = DIRECTION ( 'NONE',  ( -0.000000000000000000, -0.000000000000000000, 1.000000000000000000 ) ) ;
#276 = CARTESIAN_POINT ( 'NONE',  ( -2.349999999999999645, -4.814824860968089633E-32, 3.500000000000000000 ) ) ;
#277 = CARTESIAN_POINT ( 'NONE',  ( 5.500000000000000000, 0.4999999999999993339, -3.000000000000000000 ) ) ;
#278 = VERTEX_POINT ( 'NONE', #387 ) ;
#279 = ADVANCED_BREP_SHAPE_REPRESENTATION ( 'pattes_mobiles_rail', ( #1142, #1043 ), #1859 ) ;
#280 = AXIS2_PLACEMENT_3D ( 'NONE', #42, #1984, #1178 ) ;
#281 = EDGE_CURVE ( 'NONE', #23, #1640, #1335, .T. ) ;
#282 = ORIENTED_EDGE ( 'NONE', *, *, #594, .F. ) ;
#283 = CARTESIAN_POINT ( 'NONE',  ( -10.13397459621555896, 2.499999999999999556, -3.000000000000000000 ) ) ;
#284 = CARTESIAN_POINT ( 'NONE',  ( -2.849999999999999645, -8.738645302295114009E-17, -3.000000000000000444 ) ) ;
#285 = CARTESIAN_POINT ( 'NONE',  ( -10.42264973081037027, 0.9999999999999988898, -3.000000000000000000 ) ) ;
#286 = FACE_OUTER_BOUND ( 'NONE', #879, .T. ) ;
#287 = EDGE_CURVE ( 'NONE', #2035, #1367, #1136, .T. ) ;
#288 = DIRECTION ( 'NONE',  ( -0.000000000000000000, -0.000000000000000000, 1.000000000000000000 ) ) ;
#289 = CARTESIAN_POINT ( 'NONE',  ( -10.56698729810777770, 2.249999999999998668, -3.500000000000000000 ) ) ;
#290 = CIRCLE ( 'NONE', #189, 0.5000000000000000000 ) ;
#291 = VERTEX_POINT ( 'NONE', #1366 ) ;
#292 = ORIENTED_EDGE ( 'NONE', *, *, #1627, .T. ) ;
#293 = CARTESIAN_POINT ( 'NONE',  ( -1.849999999999999867, -1.499999999999999556, 3.000000000000000000 ) ) ;
#294 = CYLINDRICAL_SURFACE ( 'NONE', #883, 0.5000000000000000000 ) ;
#295 = CARTESIAN_POINT ( 'NONE',  ( -7.499999999999996447, -9.000804661363960810E-16, -3.500000000000000444 ) ) ;
#296 = EDGE_CURVE ( 'NONE', #34, #1557, #44, .T. ) ;
#297 = CARTESIAN_POINT ( 'NONE',  ( 1.849999999999999867, -1.500000000000000000, 3.000000000000000000 ) ) ;
#298 = VECTOR ( 'NONE', #105, 1000.000000000000000 ) ;
#299 = EDGE_CURVE ( 'NONE', #2035, #555, #2088, .T. ) ;
#300 = DIRECTION ( 'NONE',  ( 0.000000000000000000, 0.000000000000000000, -1.000000000000000000 ) ) ;
#301 = VECTOR ( 'NONE', #471, 1000.000000000000000 ) ;
#302 = CYLINDRICAL_SURFACE ( 'NONE', #1958, 0.5000000000000004441 ) ;
#303 = EDGE_CURVE ( 'NONE', #995, #164, #1070, .T. ) ;
#304 = ORIENTED_EDGE ( 'NONE', *, *, #2019, .T. ) ;
#305 = ORIENTED_EDGE ( 'NONE', *, *, #841, .T. ) ;
#306 = CARTESIAN_POINT ( 'NONE',  ( -11.00000000000000000, -1.000000000000001332, 3.000000000000000000 ) ) ;
#307 = CARTESIAN_POINT ( 'NONE',  ( 0.000000000000000000, -1.499999999999999778, 0.000000000000000000 ) ) ;
#308 = CARTESIAN_POINT ( 'NONE',  ( 5.955951912909533025E-17, -0.5000000000000000000, -3.000000000000000000 ) ) ;
#309 = EDGE_CURVE ( 'NONE', #341, #995, #1515, .T. ) ;
#310 = DIRECTION ( 'NONE',  ( -1.000000000000000000, 9.637352644315595243E-17, 0.000000000000000000 ) ) ;
#311 = ORIENTED_EDGE ( 'NONE', *, *, #1355, .F. ) ;
#312 = ADVANCED_FACE ( 'NONE', ( #1530 ), #1853, .T. ) ;
#313 = ORIENTED_EDGE ( 'NONE', *, *, #2114, .F. ) ;
#314 = FACE_OUTER_BOUND ( 'NONE', #938, .T. ) ;
#315 = CIRCLE ( 'NONE', #1432, 0.5000000000000004441 ) ;
#316 = CARTESIAN_POINT ( 'NONE',  ( -1.850000000000000089, -2.000000000000000000, -2.034698994937580441 ) ) ;
#317 = CARTESIAN_POINT ( 'NONE',  ( 5.500000000000000000, 2.499999999999999556, 3.000000000000000000 ) ) ;
#318 = CIRCLE ( 'NONE', #1778, 0.5000000000000005551 ) ;
#319 = CARTESIAN_POINT ( 'NONE',  ( 2.755455298081544285E-16, 2.499999999999999112, -2.250000000000000000 ) ) ;
#320 = AXIS2_PLACEMENT_3D ( 'NONE', #748, #940, #2084 ) ;
#321 = DIRECTION ( 'NONE',  ( -1.000000000000000000, 0.000000000000000000, -8.673617379884027583E-16 ) ) ;
#322 = CIRCLE ( 'NONE', #420, 0.5000000000000000000 ) ;
#323 = VERTEX_POINT ( 'NONE', #2034 ) ;
#324 = EDGE_LOOP ( 'NONE', ( #1311, #774, #1329, #2014 ) ) ;
#325 = CARTESIAN_POINT ( 'NONE',  ( -8.499999999999996447, -0.5000000000000009992, -3.000000000000000000 ) ) ;
#326 = CIRCLE ( 'NONE', #762, 0.5000000000000000000 ) ;
#327 = ORIENTED_EDGE ( 'NONE', *, *, #1633, .F. ) ;
#328 = DIRECTION ( 'NONE',  ( -0.000000000000000000, 1.000000000000000000, -0.000000000000000000 ) ) ;
#329 = DIRECTION ( 'NONE',  ( 0.000000000000000000, 0.000000000000000000, -1.000000000000000000 ) ) ;
#330 = DIRECTION ( 'NONE',  ( 1.000000000000000000, 1.191190382581906851E-16, 0.000000000000000000 ) ) ;
#331 = ORIENTED_EDGE ( 'NONE', *, *, #746, .T. ) ;
#332 = EDGE_CURVE ( 'NONE', #596, #278, #1227, .T. ) ;
#333 = ORIENTED_EDGE ( 'NONE', *, *, #2101, .F. ) ;
#334 = DIRECTION ( 'NONE',  ( 0.000000000000000000, 0.000000000000000000, -1.000000000000000000 ) ) ;
#335 = ORIENTED_EDGE ( 'NONE', *, *, #1850, .F. ) ;
#336 = CARTESIAN_POINT ( 'NONE',  ( -2.289743092647316125, -1.740705239875620869, 0.3522204296821901393 ) ) ;
#337 = DIRECTION ( 'NONE',  ( -1.000000000000000000, 0.000000000000000000, 0.000000000000000000 ) ) ;
#338 = DIRECTION ( 'NONE',  ( 0.000000000000000000, 1.000000000000000000, 0.000000000000000000 ) ) ;
#339 = DIRECTION ( 'NONE',  ( -1.000000000000000000, 3.469446951953611033E-15, 0.000000000000000000 ) ) ;
#340 = ORIENTED_EDGE ( 'NONE', *, *, #908, .T. ) ;
#341 = VERTEX_POINT ( 'NONE', #686 ) ;
#342 = CARTESIAN_POINT ( 'NONE',  ( -10.13397459621555896, 2.499999999999999556, -3.000000000000000444 ) ) ;
#343 = EDGE_LOOP ( 'NONE', ( #553, #909, #1439 ) ) ;
#344 = CARTESIAN_POINT ( 'NONE',  ( -7.500000000000000000, 0.4999999999999991673, 3.000000000000000000 ) ) ;
#345 = CARTESIAN_POINT ( 'NONE',  ( -1.849999999999999867, -1.499999999999999556, 3.500000000000000000 ) ) ;
#346 = LINE ( 'NONE', #225, #1223 ) ;
#347 = ADVANCED_FACE ( 'NONE', ( #1825 ), #1341, .F. ) ;
#348 = DATE_AND_TIME ( #1839, #2093 ) ;
#349 = CIRCLE ( 'NONE', #720, 0.5000000000000000000 ) ;
#350 = ORIENTED_EDGE ( 'NONE', *, *, #287, .T. ) ;
#351 = ORIENTED_EDGE ( 'NONE', *, *, #1276, .F. ) ;
#352 = FACE_OUTER_BOUND ( 'NONE', #860, .T. ) ;
#353 = ORIENTED_EDGE ( 'NONE', *, *, #856, .F. ) ;
#354 = CARTESIAN_POINT ( 'NONE',  ( -10.13397459621555896, 2.499999999999999556, 3.500000000000000000 ) ) ;
#355 = DIRECTION ( 'NONE',  ( 5.007715329123869683E-16, 8.673617379884028570E-16, -1.000000000000000000 ) ) ;
#356 = CARTESIAN_POINT ( 'NONE',  ( 2.250078936773305838, -1.802094168714316602, -0.6993240912564477885 ) ) ;
#357 = DIRECTION ( 'NONE',  ( 0.000000000000000000, 0.000000000000000000, -1.000000000000000000 ) ) ;
#358 = EDGE_CURVE ( 'NONE', #604, #207, #760, .T. ) ;
#359 = AXIS2_PLACEMENT_3D ( 'NONE', #276, #114, #608 ) ;
#360 = DATE_AND_TIME ( #1649, #1074 ) ;
#361 = ORIENTED_EDGE ( 'NONE', *, *, #455, .T. ) ;
#362 = VERTEX_POINT ( 'NONE', #1997 ) ;
#363 = EDGE_CURVE ( 'NONE', #1841, #23, #1768, .T. ) ;
#364 = AXIS2_PLACEMENT_3D ( 'NONE', #1703, #882, #706 ) ;
#365 = VERTEX_POINT ( 'NONE', #1327 ) ;
#366 = CARTESIAN_POINT ( 'NONE',  ( 5.500000000000000000, 2.499999999999999556, 3.500000000000000000 ) ) ;
#367 = CARTESIAN_POINT ( 'NONE',  ( 5.500000000000000000, 2.499999999999999556, -3.500000000000000000 ) ) ;
#368 = ORIENTED_EDGE ( 'NONE', *, *, #1962, .T. ) ;
#369 = FACE_OUTER_BOUND ( 'NONE', #121, .T. ) ;
#370 = AXIS2_PLACEMENT_3D ( 'NONE', #511, #524, #1322 ) ;
#371 = CARTESIAN_POINT ( 'NONE',  ( 5.500000000000000000, 2.499999999999999556, 3.000000000000000000 ) ) ;
#372 = DIRECTION ( 'NONE',  ( 0.000000000000000000, 0.000000000000000000, 1.000000000000000000 ) ) ;
#373 = EDGE_CURVE ( 'NONE', #1192, #881, #1305, .T. ) ;
#374 = VERTEX_POINT ( 'NONE', #853 ) ;
#375 = ORIENTED_EDGE ( 'NONE', *, *, #2040, .F. ) ;
#376 = ADVANCED_FACE ( 'NONE', ( #517 ), #302, .T. ) ;
#377 = DIRECTION ( 'NONE',  ( 0.000000000000000000, 0.000000000000000000, 1.000000000000000000 ) ) ;
#378 = LINE ( 'NONE', #492, #957 ) ;
#379 = ORIENTED_EDGE ( 'NONE', *, *, #1906, .T. ) ;
#380 = CARTESIAN_POINT ( 'NONE',  ( 2.849999999999999645, 0.4999999999999998890, 3.000000000000000000 ) ) ;
#381 = DIRECTION ( 'NONE',  ( -7.523163845262640051E-31, -1.000000000000000000, -2.168404344971008868E-16 ) ) ;
#382 = CARTESIAN_POINT ( 'NONE',  ( -9.989637028918149753, 0.7499999999999986677, -3.000000000000000000 ) ) ;
#383 = VECTOR ( 'NONE', #709, 1000.000000000000000 ) ;
#384 = COORDINATED_UNIVERSAL_TIME_OFFSET ( 1, 0, .AHEAD. ) ;
#385 = ORIENTED_EDGE ( 'NONE', *, *, #1657, .F. ) ;
#386 = EDGE_CURVE ( 'NONE', #1557, #1159, #322, .T. ) ;
#387 = CARTESIAN_POINT ( 'NONE',  ( 6.000000000000000000, 2.499999999999999556, -3.000000000000000444 ) ) ;
#388 = ORIENTED_EDGE ( 'NONE', *, *, #1030, .T. ) ;
#389 = DIRECTION ( 'NONE',  ( -4.956352788505164254E-16, -5.903959774350367068E-32, 1.000000000000000000 ) ) ;
#390 = DIRECTION ( 'NONE',  ( 0.000000000000000000, 2.168404344971008868E-16, -1.000000000000000000 ) ) ;
#391 = VECTOR ( 'NONE', #448, 1000.000000000000000 ) ;
#392 = CARTESIAN_POINT ( 'NONE',  ( -11.00000000000000000, 2.999999999999999556, -3.000000000000000444 ) ) ;
#393 = EDGE_CURVE ( 'NONE', #1760, #745, #590, .T. ) ;
#394 = CIRCLE ( 'NONE', #1145, 0.5000000000000000000 ) ;
#395 = DATE_AND_TIME ( #1860, #117 ) ;
#396 = ORIENTED_EDGE ( 'NONE', *, *, #935, .F. ) ;
#397 = EDGE_CURVE ( 'NONE', #604, #995, #969, .T. ) ;
#398 = DIRECTION ( 'NONE',  ( 0.000000000000000000, 0.000000000000000000, 1.000000000000000000 ) ) ;
#399 = AXIS2_PLACEMENT_3D ( 'NONE', #2059, #1077, #96 ) ;
#400 = EDGE_LOOP ( 'NONE', ( #353, #1951, #101, #737 ) ) ;
#401 = CARTESIAN_POINT ( 'NONE',  ( 5.500000000000000000, 2.499999999999999556, 3.000000000000000000 ) ) ;
#402 = DIRECTION ( 'NONE',  ( 0.000000000000000000, 0.000000000000000000, -1.000000000000000000 ) ) ;
#403 = CARTESIAN_POINT ( 'NONE',  ( 5.500000000000000000, 0.4999999999999993339, -3.000000000000000000 ) ) ;
#404 = DIRECTION ( 'NONE',  ( 0.000000000000000000, 0.000000000000000000, -1.000000000000000000 ) ) ;
#405 = ORIENTED_EDGE ( 'NONE', *, *, #746, .F. ) ;
#406 = LINE ( 'NONE', #1062, #2058 ) ;
#407 = ORIENTED_EDGE ( 'NONE', *, *, #979, .T. ) ;
#408 = DIRECTION ( 'NONE',  ( 0.000000000000000000, -0.000000000000000000, -1.000000000000000000 ) ) ;
#409 = FACE_OUTER_BOUND ( 'NONE', #1390, .T. ) ;
#410 = CARTESIAN_POINT ( 'NONE',  ( -2.349999999999999645, -4.814824860968089633E-32, -3.000000000000000444 ) ) ;
#411 = DIRECTION ( 'NONE',  ( -0.000000000000000000, 1.000000000000000000, -0.000000000000000000 ) ) ;
#412 = AXIS2_PLACEMENT_3D ( 'NONE', #695, #659, #999 ) ;
#413 = CARTESIAN_POINT ( 'NONE',  ( -7.499999999999996447, -0.5000000000000007772, -3.000000000000000000 ) ) ;
#414 = TOROIDAL_SURFACE ( 'NONE', #864, 1.000000000000000000, 0.5000000000000000000 ) ;
#415 = CIRCLE ( 'NONE', #1240, 0.5000000000000000000 ) ;
#416 = EDGE_LOOP ( 'NONE', ( #1365, #1280, #1808, #1250 ) ) ;
#417 = DIRECTION ( 'NONE',  ( 0.000000000000000000, 0.000000000000000000, -1.000000000000000000 ) ) ;
#418 = CARTESIAN_POINT ( 'NONE',  ( -7.500000000000000000, -0.5000000000000007772, 3.000000000000000444 ) ) ;
#419 = DIRECTION ( 'NONE',  ( -0.000000000000000000, -0.000000000000000000, -1.000000000000000000 ) ) ;
#420 = AXIS2_PLACEMENT_3D ( 'NONE', #1597, #1424, #1926 ) ;
#421 = CARTESIAN_POINT ( 'NONE',  ( -10.13397459621555896, 2.999999999999999556, -3.000000000000000444 ) ) ;
#422 = AXIS2_PLACEMENT_3D ( 'NONE', #125, #2041, #1373 ) ;
#423 = ORIENTED_EDGE ( 'NONE', *, *, #71, .F. ) ;
#424 = EDGE_LOOP ( 'NONE', ( #2104, #973, #1830, #927 ) ) ;
#425 = FACE_OUTER_BOUND ( 'NONE', #1619, .T. ) ;
#426 = CC_DESIGN_PERSON_AND_ORGANIZATION_ASSIGNMENT ( #1212, #69, ( #967 ) ) ;
#427 = DIRECTION ( 'NONE',  ( -2.168404344971008868E-16, 1.000000000000000000, 0.000000000000000000 ) ) ;
#428 = DIRECTION ( 'NONE',  ( 0.5000000000000006661, 0.8660254037844382635, -2.110302125661098972E-15 ) ) ;
#429 = CARTESIAN_POINT ( 'NONE',  ( 1.850000000000000089, -2.000000000000000000, -3.500000000000000000 ) ) ;
#430 = ADVANCED_FACE ( 'NONE', ( #780 ), #1435, .T. ) ;
#431 = CIRCLE ( 'NONE', #1193, 0.5000000000000000000 ) ;
#432 = ORIENTED_EDGE ( 'NONE', *, *, #66, .F. ) ;
#433 = ORIENTED_EDGE ( 'NONE', *, *, #1823, .F. ) ;
#434 = DIRECTION ( 'NONE',  ( -0.5000000000000013323, -0.8660254037844379305, -0.000000000000000000 ) ) ;
#435 = EDGE_CURVE ( 'NONE', #939, #365, #1789, .T. ) ;
#436 = DIRECTION ( 'NONE',  ( 0.000000000000000000, 0.000000000000000000, -1.000000000000000000 ) ) ;
#437 = DIRECTION ( 'NONE',  ( 0.000000000000000000, -1.000000000000000000, 0.000000000000000000 ) ) ;
#438 = DIRECTION ( 'NONE',  ( -1.000000000000000000, 9.637352644315595243E-17, 0.000000000000000000 ) ) ;
#439 = LINE ( 'NONE', #2072, #895 ) ;
#440 = EDGE_CURVE ( 'NONE', #1008, #1055, #1408, .T. ) ;
#441 = ORIENTED_EDGE ( 'NONE', *, *, #1313, .T. ) ;
#442 = DIRECTION ( 'NONE',  ( -0.000000000000000000, -1.000000000000000000, 0.000000000000000000 ) ) ;
#443 = TOROIDAL_SURFACE ( 'NONE', #1002, 2.750000000000000000, 0.5000000000000000000 ) ;
#444 = DIRECTION ( 'NONE',  ( -1.000000000000000000, 2.168404344971009361E-16, 0.000000000000000000 ) ) ;
#445 = DIRECTION ( 'NONE',  ( -0.000000000000000000, 1.000000000000000000, -0.000000000000000000 ) ) ;
#446 = CARTESIAN_POINT ( 'NONE',  ( -9.845299461620744097, 0.9999999999999993339, -3.000000000000000000 ) ) ;
#447 = DIRECTION ( 'NONE',  ( 0.000000000000000000, 0.000000000000000000, -1.000000000000000000 ) ) ;
#448 = DIRECTION ( 'NONE',  ( 0.000000000000000000, 1.000000000000000000, 0.000000000000000000 ) ) ;
#449 = TOROIDAL_SURFACE ( 'NONE', #89, 1.000000000000000000, 0.5000000000000000000 ) ;
#450 = VECTOR ( 'NONE', #730, 1000.000000000000000 ) ;
#451 = ORIENTED_EDGE ( 'NONE', *, *, #1374, .F. ) ;
#452 = ORIENTED_EDGE ( 'NONE', *, *, #913, .T. ) ;
#453 = CARTESIAN_POINT ( 'NONE',  ( -2.350000000000000089, -1.499999999999999556, -3.000000000000000444 ) ) ;
#454 = TOROIDAL_SURFACE ( 'NONE', #1827, 1.000000000000000000, 0.5000000000000000000 ) ;
#455 = EDGE_CURVE ( 'NONE', #1291, #291, #1466, .T. ) ;
#456 = CIRCLE ( 'NONE', #1384, 0.5000000000000000000 ) ;
#457 = LINE ( 'NONE', #306, #202 ) ;
#458 = CYLINDRICAL_SURFACE ( 'NONE', #1011, 0.5000000000000000000 ) ;
#459 = CARTESIAN_POINT ( 'NONE',  ( 1.849999999999999645, -2.000000000000000000, 3.500000000000000000 ) ) ;
#460 = AXIS2_PLACEMENT_3D ( 'NONE', #1014, #1475, #672 ) ;
#461 = CIRCLE ( 'NONE', #1556, 0.5000000000000000000 ) ;
#462 = ADVANCED_FACE ( 'NONE', ( #956 ), #204, .T. ) ;
#463 = CYLINDRICAL_SURFACE ( 'NONE', #1237, 0.5000000000000000000 ) ;
#464 = DIRECTION ( 'NONE',  ( -1.000000000000000000, -1.747729060459023048E-16, 0.000000000000000000 ) ) ;
#465 = VECTOR ( 'NONE', #757, 1000.000000000000000 ) ;
#466 = EDGE_LOOP ( 'NONE', ( #854, #828, #1449 ) ) ;
#467 = AXIS2_PLACEMENT_3D ( 'NONE', #413, #447, #1905 ) ;
#468 = ORIENTED_EDGE ( 'NONE', *, *, #112, .F. ) ;
#469 = CARTESIAN_POINT ( 'NONE',  ( -10.56698729810777770, -0.2500000000000002220, -3.000000000000000000 ) ) ;
#470 = CARTESIAN_POINT ( 'NONE',  ( -1.885164888848736675, -2.000000000000003109, -1.955106018342982699 ) ) ;
#471 = DIRECTION ( 'NONE',  ( 1.000000000000000000, -1.747729060459022802E-16, 0.000000000000000000 ) ) ;
#472 = CARTESIAN_POINT ( 'NONE',  ( -2.349999999999999645, -0.5000000000000001110, -3.500000000000000000 ) ) ;
#473 = CARTESIAN_POINT ( 'NONE',  ( 2.849999999999999645, -8.738645302295123870E-17, -3.500000000000000000 ) ) ;
#474 = EDGE_LOOP ( 'NONE', ( #829, #1, #1874, #794 ) ) ;
#475 = VERTEX_POINT ( 'NONE', #1278 ) ;
#476 = DIRECTION ( 'NONE',  ( 0.000000000000000000, 1.000000000000000000, 0.000000000000000000 ) ) ;
#477 = AXIS2_PLACEMENT_3D ( 'NONE', #403, #1395, #1685 ) ;
#478 = ORIENTED_EDGE ( 'NONE', *, *, #309, .F. ) ;
#479 = CARTESIAN_POINT ( 'NONE',  ( 6.000000000000000000, 2.499999999999999556, -3.500000000000000000 ) ) ;
#480 = CYLINDRICAL_SURFACE ( 'NONE', #1377, 0.5000000000000000000 ) ;
#481 = DIRECTION ( 'NONE',  ( 0.000000000000000000, 0.000000000000000000, -1.000000000000000000 ) ) ;
#482 = ADVANCED_FACE ( 'NONE', ( #792 ), #673, .T. ) ;
#483 = CC_DESIGN_APPROVAL ( #1429, ( #241 ) ) ;
#484 = AXIS2_PLACEMENT_3D ( 'NONE', #1616, #622, #1585 ) ;
#485 = EDGE_LOOP ( 'NONE', ( #1720, #1630, #451 ) ) ;
#486 = ORIENTED_EDGE ( 'NONE', *, *, #1135, .T. ) ;
#487 = CARTESIAN_POINT ( 'NONE',  ( -6.517949192431107264, -3.763139720814416389, 3.500000000000000000 ) ) ;
#488 = AXIS2_PLACEMENT_3D ( 'NONE', #1870, #761, #1573 ) ;
#489 = EDGE_LOOP ( 'NONE', ( #658, #1251, #1147, #1180, #1994, #74, #822, #1861, #1032, #1075, #1689, #292, #1139, #1761 ) ) ;
#490 = CARTESIAN_POINT ( 'NONE',  ( 5.500000000000000000, 0.4999999999999993339, 3.500000000000000000 ) ) ;
#491 = EDGE_CURVE ( 'NONE', #1521, #1460, #646, .T. ) ;
#492 = CARTESIAN_POINT ( 'NONE',  ( 2.350000000000000089, -1.499999999999999778, 3.500000000000000000 ) ) ;
#493 = CARTESIAN_POINT ( 'NONE',  ( -10.13397459621555896, -0.5000000000000008882, 3.000000000000000444 ) ) ;
#494 = DIRECTION ( 'NONE',  ( 0.5000000000000013323, 0.8660254037844379305, 0.000000000000000000 ) ) ;
#495 = CIRCLE ( 'NONE', #399, 0.5000000000000000000 ) ;
#496 = ORIENTED_EDGE ( 'NONE', *, *, #491, .T. ) ;
#497 = VERTEX_POINT ( 'NONE', #77 ) ;
#498 = CARTESIAN_POINT ( 'NONE',  ( -4.613626265895763313E-17, -2.000000000000000000, 0.000000000000000000 ) ) ;
#499 = EDGE_CURVE ( 'NONE', #1898, #1640, #214, .T. ) ;
#500 = VERTEX_POINT ( 'NONE', #259 ) ;
#501 = DIRECTION ( 'NONE',  ( 1.000000000000000000, 0.000000000000000000, 0.000000000000000000 ) ) ;
#502 = DIRECTION ( 'NONE',  ( -1.747729060459023048E-16, 1.000000000000000000, 0.000000000000000000 ) ) ;
#503 = CARTESIAN_POINT ( 'NONE',  ( -10.63397459621555896, -0.5000000000000012212, -3.000000000000000000 ) ) ;
#504 = ADVANCED_FACE ( 'NONE', ( #1200 ), #247, .T. ) ;
#505 = CARTESIAN_POINT ( 'NONE',  ( 2.299999999999999822, -1.717944947177033832, 1.238946738172644676E-13 ) ) ;
#506 = APPROVAL_ROLE ( '' ) ;
#507 = ORIENTED_EDGE ( 'NONE', *, *, #1313, .F. ) ;
#508 = ORIENTED_EDGE ( 'NONE', *, *, #1479, .F. ) ;
#509 = DIRECTION ( 'NONE',  ( 0.5000000000000013323, -0.8660254037844379305, -0.000000000000000000 ) ) ;
#510 = ORIENTED_EDGE ( 'NONE', *, *, #1259, .T. ) ;
#511 = CARTESIAN_POINT ( 'NONE',  ( 0.000000000000000000, 2.499999999999999556, 3.000000000000000000 ) ) ;
#512 = EDGE_CURVE ( 'NONE', #555, #844, #1851, .T. ) ;
#513 = DIRECTION ( 'NONE',  ( -1.000000000000000000, -0.000000000000000000, -0.000000000000000000 ) ) ;
#514 = DIRECTION ( 'NONE',  ( 0.000000000000000000, 1.000000000000000000, 0.000000000000000000 ) ) ;
#515 = CIRCLE ( 'NONE', #1709, 0.5000000000000004441 ) ;
#516 = CARTESIAN_POINT ( 'NONE',  ( 2.289601524382571363, -1.740986601663603306, -0.3541841027012598286 ) ) ;
#517 = FACE_OUTER_BOUND ( 'NONE', #244, .T. ) ;
#518 = VECTOR ( 'NONE', #1820, 1000.000000000000000 ) ;
#519 = SHAPE_DEFINITION_REPRESENTATION ( #1742, #279 ) ;
#520 = CC_DESIGN_DATE_AND_TIME_ASSIGNMENT ( #1166, #1041, ( #241 ) ) ;
#521 = EDGE_LOOP ( 'NONE', ( #2073, #1330, #198, #405 ) ) ;
#522 = VERTEX_POINT ( 'NONE', #1878 ) ;
#523 = ORIENTED_EDGE ( 'NONE', *, *, #1698, .T. ) ;
#524 = DIRECTION ( 'NONE',  ( -1.000000000000000000, 0.000000000000000000, 0.000000000000000000 ) ) ;
#525 = CARTESIAN_POINT ( 'NONE',  ( 5.500000000000000000, 2.499999999999999556, -3.000000000000000444 ) ) ;
#526 = ORIENTED_EDGE ( 'NONE', *, *, #2076, .T. ) ;
#527 = CARTESIAN_POINT ( 'NONE',  ( -10.42264973081037027, 0.9999999999999988898, 3.500000000000000000 ) ) ;
#528 = VECTOR ( 'NONE', #170, 1000.000000000000000 ) ;
#529 = EDGE_CURVE ( 'NONE', #26, #63, #1848, .T. ) ;
#530 = CARTESIAN_POINT ( 'NONE',  ( 5.500000000000000000, 0.4999999999999994449, -3.000000000000000444 ) ) ;
#531 = FACE_OUTER_BOUND ( 'NONE', #785, .T. ) ;
#532 = VECTOR ( 'NONE', #1766, 1000.000000000000000 ) ;
#533 = EDGE_CURVE ( 'NONE', #844, #1915, #863, .T. ) ;
#534 = ORIENTED_EDGE ( 'NONE', *, *, #1726, .F. ) ;
#535 = VERTEX_POINT ( 'NONE', #1028 ) ;
#536 = CIRCLE ( 'NONE', #197, 0.5000000000000000000 ) ;
#537 = DIRECTION ( 'NONE',  ( 0.000000000000000000, 0.000000000000000000, -1.000000000000000000 ) ) ;
#538 = CARTESIAN_POINT ( 'NONE',  ( -10.13397459621555896, -0.5000000000000013323, -3.000000000000000000 ) ) ;
#539 = ORIENTED_EDGE ( 'NONE', *, *, #1374, .T. ) ;
#540 = DIRECTION ( 'NONE',  ( 0.000000000000000000, 0.000000000000000000, -1.000000000000000000 ) ) ;
#541 = AXIS2_PLACEMENT_3D ( 'NONE', #344, #1195, #377 ) ;
#542 = LINE ( 'NONE', #1199, #1453 ) ;
#543 = DIRECTION ( 'NONE',  ( -1.000000000000000000, 0.000000000000000000, 0.000000000000000000 ) ) ;
#544 = ORIENTED_EDGE ( 'NONE', *, *, #1707, .F. ) ;
#545 =( NAMED_UNIT ( * ) PLANE_ANGLE_UNIT ( ) SI_UNIT ( $, .RADIAN. ) );
#546 = DIRECTION ( 'NONE',  ( -0.5000000000000035527, 0.8660254037844367092, 0.000000000000000000 ) ) ;
#547 = VERTEX_POINT ( 'NONE', #2017 ) ;
#548 = FACE_OUTER_BOUND ( 'NONE', #677, .T. ) ;
#549 = LINE ( 'NONE', #1647, #630 ) ;
#550 = DIRECTION ( 'NONE',  ( -1.000000000000000000, 1.747729060459022802E-16, -0.000000000000000000 ) ) ;
#551 = APPLICATION_PROTOCOL_DEFINITION ( 'international standard', 'config_control_design', 1994, #2064 ) ;
#552 = EDGE_CURVE ( 'NONE', #1271, #365, #1677, .T. ) ;
#553 = ORIENTED_EDGE ( 'NONE', *, *, #491, .F. ) ;
#554 = DIRECTION ( 'NONE',  ( -0.5000000000000013323, 0.8660254037844379305, 0.000000000000000000 ) ) ;
#555 = VERTEX_POINT ( 'NONE', #1525 ) ;
#556 = DIRECTION ( 'NONE',  ( 0.000000000000000000, 0.000000000000000000, 1.000000000000000000 ) ) ;
#557 = EDGE_CURVE ( 'NONE', #475, #1397, #1066, .T. ) ;
#558 = DIRECTION ( 'NONE',  ( 9.227252531791526626E-17, 1.000000000000000000, -0.000000000000000000 ) ) ;
#559 = DIRECTION ( 'NONE',  ( 0.000000000000000000, 0.000000000000000000, 1.000000000000000000 ) ) ;
#560 = TOROIDAL_SURFACE ( 'NONE', #934, 2.750000000000000000, 0.5000000000000000000 ) ;
#561 = FACE_OUTER_BOUND ( 'NONE', #976, .T. ) ;
#562 = ORIENTED_EDGE ( 'NONE', *, *, #158, .F. ) ;
#563 = DIRECTION ( 'NONE',  ( 0.000000000000000000, 0.000000000000000000, -1.000000000000000000 ) ) ;
#564 = VECTOR ( 'NONE', #1326, 1000.000000000000000 ) ;
#565 = ORIENTED_EDGE ( 'NONE', *, *, #827, .F. ) ;
#566 = CARTESIAN_POINT ( 'NONE',  ( -10.56698729810777770, 2.249999999999998668, -3.000000000000000000 ) ) ;
#567 = DIRECTION ( 'NONE',  ( -1.000000000000000000, -1.747729060459023048E-16, -0.000000000000000000 ) ) ;
#568 = AXIS2_PLACEMENT_3D ( 'NONE', #1896, #428, #1903 ) ;
#569 = ADVANCED_FACE ( 'NONE', ( #1513 ), #1230, .T. ) ;
#570 = DIRECTION ( 'NONE',  ( 1.000000000000000000, 4.336808689942017736E-16, -8.673617379884035472E-16 ) ) ;
#571 = CARTESIAN_POINT ( 'NONE',  ( -8.500000000000000000, -1.000000000000001110, 3.000000000000000000 ) ) ;
#572 = DIRECTION ( 'NONE',  ( -1.000000000000000000, 0.000000000000000000, 0.000000000000000000 ) ) ;
#573 = CARTESIAN_POINT ( 'NONE',  ( 0.000000000000000000, 2.499999999999999112, 0.000000000000000000 ) ) ;
#574 = VERTEX_POINT ( 'NONE', #382 ) ;
#575 = CARTESIAN_POINT ( 'NONE',  ( 5.500000000000000000, 0.4999999999999993339, 3.000000000000000000 ) ) ;
#576 = ADVANCED_FACE ( 'NONE', ( #531 ), #1211, .F. ) ;
#577 = DIRECTION ( 'NONE',  ( 1.191190382581906851E-16, -1.000000000000000000, 0.000000000000000000 ) ) ;
#578 = CARTESIAN_POINT ( 'NONE',  ( 1.849999999999999645, 4.011548038196365420E-16, 3.000000000000000000 ) ) ;
#579 = CARTESIAN_POINT ( 'NONE',  ( -2.849999999999999645, -0.5000000000000000000, 3.500000000000000000 ) ) ;
#580 = CIRCLE ( 'NONE', #1882, 0.5000000000000000000 ) ;
#581 = EDGE_CURVE ( 'NONE', #63, #1224, #1131, .T. ) ;
#582 = EDGE_LOOP ( 'NONE', ( #1337, #162, #222, #103 ) ) ;
#583 = CIRCLE ( 'NONE', #687, 1.000000000000000000 ) ;
#584 = AXIS2_PLACEMENT_3D ( 'NONE', #293, #928, #902 ) ;
#585 = ORIENTED_EDGE ( 'NONE', *, *, #816, .T. ) ;
#586 = CARTESIAN_POINT ( 'NONE',  ( -7.500000000000000000, -9.000804661363966726E-16, 3.000000000000000000 ) ) ;
#587 = CARTESIAN_POINT ( 'NONE',  ( -9.556624327025931009, 1.499999999999999778, -3.000000000000000000 ) ) ;
#588 = CARTESIAN_POINT ( 'NONE',  ( 1.849999999999999867, -0.5000000000000002220, -3.500000000000000000 ) ) ;
#589 = ADVANCED_FACE ( 'NONE', ( #741 ), #1858, .T. ) ;
#590 = CIRCLE ( 'NONE', #2063, 0.5000000000000000000 ) ;
#591 = DIRECTION ( 'NONE',  ( 1.000000000000000000, 0.000000000000000000, 0.000000000000000000 ) ) ;
#592 = AXIS2_PLACEMENT_3D ( 'NONE', #325, #1772, #1292 ) ;
#593 = ORIENTED_EDGE ( 'NONE', *, *, #1751, .T. ) ;
#594 = EDGE_CURVE ( 'NONE', #63, #939, #1187, .T. ) ;
#595 = CC_DESIGN_DATE_AND_TIME_ASSIGNMENT ( #395, #1985, ( #967 ) ) ;
#596 = VERTEX_POINT ( 'NONE', #728 ) ;
#597 = CARTESIAN_POINT ( 'NONE',  ( 2.250000000000000000, -1.500000000000000000, 3.061616997868383141E-16 ) ) ;
#598 = DIRECTION ( 'NONE',  ( -1.000000000000000000, 0.000000000000000000, -8.673617379884027583E-16 ) ) ;
#599 = CIRCLE ( 'NONE', #662, 0.5000000000000005551 ) ;
#600 = DIRECTION ( 'NONE',  ( 0.000000000000000000, -1.000000000000000000, 0.000000000000000000 ) ) ;
#601 = ADVANCED_FACE ( 'NONE', ( #885 ), #1040, .F. ) ;
#602 = AXIS2_PLACEMENT_3D ( 'NONE', #766, #1419, #617 ) ;
#603 = DIRECTION ( 'NONE',  ( 1.000000000000000000, -1.747729060459022802E-16, 0.000000000000000000 ) ) ;
#604 = VERTEX_POINT ( 'NONE', #1220 ) ;
#605 = DIRECTION ( 'NONE',  ( 0.000000000000000000, 0.000000000000000000, -1.000000000000000000 ) ) ;
#606 = CARTESIAN_POINT ( 'NONE',  ( -10.56698729810777948, 3.250000000000000444, 3.000000000000000444 ) ) ;
#607 = ADVANCED_FACE ( 'NONE', ( #1868 ), #1838, .F. ) ;
#608 = DIRECTION ( 'NONE',  ( 2.168404344971009361E-16, 1.000000000000000000, 0.000000000000000000 ) ) ;
#609 = CYLINDRICAL_SURFACE ( 'NONE', #126, 0.5000000000000000000 ) ;
#610 = DIRECTION ( 'NONE',  ( -1.000000000000000000, 0.000000000000000000, 0.000000000000000000 ) ) ;
#611 = DIRECTION ( 'NONE',  ( 4.956352788505164254E-16, 8.662361802357589286E-32, -1.000000000000000000 ) ) ;
#612 = ADVANCED_FACE ( 'NONE', ( #1754 ), #922, .F. ) ;
#613 = AXIS2_PLACEMENT_3D ( 'NONE', #1660, #502, #177 ) ;
#614 = VERTEX_POINT ( 'NONE', #789 ) ;
#615 = ORIENTED_EDGE ( 'NONE', *, *, #557, .F. ) ;
#616 = CARTESIAN_POINT ( 'NONE',  ( -1.849999999999999867, -0.5000000000000002220, -3.500000000000000000 ) ) ;
#617 = DIRECTION ( 'NONE',  ( -1.000000000000000000, 0.000000000000000000, 0.000000000000000000 ) ) ;
#618 = DIRECTION ( 'NONE',  ( -1.000000000000000000, 1.747729060459022802E-16, 0.000000000000000000 ) ) ;
#619 = EDGE_CURVE ( 'NONE', #1978, #1499, #1593, .T. ) ;
#620 = DIRECTION ( 'NONE',  ( 0.8660254037844379305, -0.5000000000000013323, 0.000000000000000000 ) ) ;
#621 = CARTESIAN_POINT ( 'NONE',  ( 2.849999999999999645, -8.738645302295127567E-17, -3.000000000000000444 ) ) ;
#622 = DIRECTION ( 'NONE',  ( 0.000000000000000000, 0.000000000000000000, -1.000000000000000000 ) ) ;
#623 = ORIENTED_EDGE ( 'NONE', *, *, #1288, .F. ) ;
#624 = ORIENTED_EDGE ( 'NONE', *, *, #1962, .F. ) ;
#625 = DIRECTION ( 'NONE',  ( -0.000000000000000000, -0.000000000000000000, 1.000000000000000000 ) ) ;
#626 = CIRCLE ( 'NONE', #1184, 0.5000000000000000000 ) ;
#627 = CARTESIAN_POINT ( 'NONE',  ( -2.289601524382570918, -1.740986601663603084, -0.3541841027012593290 ) ) ;
#628 = CARTESIAN_POINT ( 'NONE',  ( 1.849999999999999867, -1.500000000000000000, 3.000000000000000000 ) ) ;
#629 = LINE ( 'NONE', #472, #970 ) ;
#630 = VECTOR ( 'NONE', #203, 1000.000000000000000 ) ;
#631 = CIRCLE ( 'NONE', #1836, 1.000000000000000000 ) ;
#632 = DIRECTION ( 'NONE',  ( -9.227252531791526626E-17, -1.000000000000000000, 0.000000000000000000 ) ) ;
#633 = VECTOR ( 'NONE', #1033, 1000.000000000000000 ) ;
#634 = ORIENTED_EDGE ( 'NONE', *, *, #272, .T. ) ;
#635 = ORIENTED_EDGE ( 'NONE', *, *, #435, .T. ) ;
#636 = DIRECTION ( 'NONE',  ( 0.000000000000000000, 0.000000000000000000, 1.000000000000000000 ) ) ;
#637 = EDGE_LOOP ( 'NONE', ( #1025, #219, #379, #1976 ) ) ;
#638 = CARTESIAN_POINT ( 'NONE',  ( -2.250078936773306282, -1.802094168714316380, -0.6993240912564473444 ) ) ;
#639 = DIRECTION ( 'NONE',  ( 0.000000000000000000, -0.000000000000000000, -1.000000000000000000 ) ) ;
#640 = EDGE_CURVE ( 'NONE', #119, #675, #907, .T. ) ;
#641 = FACE_OUTER_BOUND ( 'NONE', #416, .T. ) ;
#642 = EDGE_CURVE ( 'NONE', #1185, #844, #768, .T. ) ;
#643 = ORIENTED_EDGE ( 'NONE', *, *, #811, .F. ) ;
#644 = ORIENTED_EDGE ( 'NONE', *, *, #533, .F. ) ;
#645 = DIRECTION ( 'NONE',  ( 1.000000000000000000, -0.000000000000000000, -3.469446951953617344E-15 ) ) ;
#646 = CIRCLE ( 'NONE', #280, 0.5000000000000004441 ) ;
#647 = ORIENTED_EDGE ( 'NONE', *, *, #897, .F. ) ;
#648 = DIRECTION ( 'NONE',  ( -0.8660254037844382635, -0.5000000000000006661, 0.000000000000000000 ) ) ;
#649 = DIRECTION ( 'NONE',  ( -0.000000000000000000, -0.000000000000000000, -1.000000000000000000 ) ) ;
#650 = CYLINDRICAL_SURFACE ( 'NONE', #91, 0.5000000000000001110 ) ;
#651 = DIRECTION ( 'NONE',  ( -0.000000000000000000, -0.000000000000000000, 1.000000000000000000 ) ) ;
#652 = EDGE_CURVE ( 'NONE', #596, #1490, #1652, .T. ) ;
#653 = VERTEX_POINT ( 'NONE', #1103 ) ;
#654 = EDGE_CURVE ( 'NONE', #362, #1718, #263, .T. ) ;
#655 = ORIENTED_EDGE ( 'NONE', *, *, #811, .T. ) ;
#656 = DIRECTION ( 'NONE',  ( 0.8660254037844379305, 0.5000000000000013323, 0.000000000000000000 ) ) ;
#657 = AXIS2_PLACEMENT_3D ( 'NONE', #1450, #182, #334 ) ;
#658 = ORIENTED_EDGE ( 'NONE', *, *, #827, .T. ) ;
#659 = DIRECTION ( 'NONE',  ( 0.000000000000000000, 0.000000000000000000, -1.000000000000000000 ) ) ;
#660 = DIRECTION ( 'NONE',  ( 0.000000000000000000, 0.000000000000000000, 1.000000000000000000 ) ) ;
#661 = DIRECTION ( 'NONE',  ( 0.000000000000000000, 0.000000000000000000, -1.000000000000000000 ) ) ;
#662 = AXIS2_PLACEMENT_3D ( 'NONE', #587, #2025, #1722 ) ;
#663 = EDGE_CURVE ( 'NONE', #845, #138, #1552, .T. ) ;
#664 = CIRCLE ( 'NONE', #1871, 0.5000000000000000000 ) ;
#665 = ORIENTED_EDGE ( 'NONE', *, *, #557, .T. ) ;
#666 = ORIENTED_EDGE ( 'NONE', *, *, #1906, .F. ) ;
#667 = DIRECTION ( 'NONE',  ( -1.000000000000000000, 0.000000000000000000, 0.000000000000000000 ) ) ;
#668 = VERTEX_POINT ( 'NONE', #1411 ) ;
#669 = CARTESIAN_POINT ( 'NONE',  ( -2.250442291811939999, -1.801594049946291687, 0.6968691403491209524 ) ) ;
#670 = CARTESIAN_POINT ( 'NONE',  ( -10.13397459621555896, -1.000000000000001332, 3.000000000000000000 ) ) ;
#671 = CARTESIAN_POINT ( 'NONE',  ( 3.367778697655221012E-16, 2.999999999999999112, 2.750000000000000000 ) ) ;
#672 = DIRECTION ( 'NONE',  ( -0.8660254037844382635, 0.5000000000000006661, 0.000000000000000000 ) ) ;
#673 = CYLINDRICAL_SURFACE ( 'NONE', #8, 0.5000000000000000000 ) ;
#674 = CALENDAR_DATE ( 2025, 23, 5 ) ;
#675 = VERTEX_POINT ( 'NONE', #267 ) ;
#676 = ADVANCED_FACE ( 'NONE', ( #2078 ), #458, .T. ) ;
#677 = EDGE_LOOP ( 'NONE', ( #1748, #1378, #1588, #773 ) ) ;
#678 = ORIENTED_EDGE ( 'NONE', *, *, #358, .F. ) ;
#679 = DIRECTION ( 'NONE',  ( -0.000000000000000000, -0.000000000000000000, -1.000000000000000000 ) ) ;
#680 = CARTESIAN_POINT ( 'NONE',  ( 6.000000000000000000, -6.379211070675434126E-16, 3.000000000000000000 ) ) ;
#681 = ORIENTED_EDGE ( 'NONE', *, *, #581, .F. ) ;
#682 = DIRECTION ( 'NONE',  ( 1.747729060459022062E-16, 1.000000000000000000, 0.000000000000000000 ) ) ;
#683 = AXIS2_PLACEMENT_3D ( 'NONE', #824, #50, #1473 ) ;
#684 = CARTESIAN_POINT ( 'NONE',  ( -2.350000000000000089, -1.999999999999999556, 3.500000000000000000 ) ) ;
#685 = ADVANCED_FACE ( 'NONE', ( #1572 ), #1079, .T. ) ;
#686 = CARTESIAN_POINT ( 'NONE',  ( -10.13397459621556074, 2.500000000000000000, -3.500000000000000000 ) ) ;
#687 = AXIS2_PLACEMENT_3D ( 'NONE', #1484, #1302, #29 ) ;
#688 = AXIS2_PLACEMENT_3D ( 'NONE', #1091, #738, #1392 ) ;
#689 = DIRECTION ( 'NONE',  ( 1.000000000000000000, 0.000000000000000000, 0.000000000000000000 ) ) ;
#690 = ORIENTED_EDGE ( 'NONE', *, *, #1364, .T. ) ;
#691 = ORGANIZATION ( 'UNSPECIFIED', 'UNSPECIFIED', '' ) ;
#692 = ORIENTED_EDGE ( 'NONE', *, *, #2031, .T. ) ;
#693 = VECTOR ( 'NONE', #1267, 1000.000000000000000 ) ;
#694 = DIRECTION ( 'NONE',  ( 1.000000000000000000, -0.000000000000000000, -0.000000000000000000 ) ) ;
#695 = CARTESIAN_POINT ( 'NONE',  ( 5.500000000000000000, 2.499999999999999556, 3.500000000000000000 ) ) ;
#696 = ORIENTED_EDGE ( 'NONE', *, *, #296, .F. ) ;
#697 = DIRECTION ( 'NONE',  ( -1.000000000000000000, 5.421010862427517437E-15, 0.000000000000000000 ) ) ;
#698 = AXIS2_PLACEMENT_3D ( 'NONE', #1396, #481, #2113 ) ;
#699 = CARTESIAN_POINT ( 'NONE',  ( 2.849999999999999645, 0.4999999999999997780, -3.500000000000000000 ) ) ;
#700 = DIRECTION ( 'NONE',  ( 1.000000000000000000, 1.747729060459023048E-16, 0.000000000000000000 ) ) ;
#701 = VERTEX_POINT ( 'NONE', #1273 ) ;
#702 = ORIENTED_EDGE ( 'NONE', *, *, #236, .F. ) ;
#703 = DIRECTION ( 'NONE',  ( 0.000000000000000000, 1.000000000000000000, -8.673617379884035472E-16 ) ) ;
#704 = LINE ( 'NONE', #871, #1433 ) ;
#705 = ORIENTED_EDGE ( 'NONE', *, *, #1567, .F. ) ;
#706 = DIRECTION ( 'NONE',  ( -1.191190382581906851E-16, 1.000000000000000000, 0.000000000000000000 ) ) ;
#707 = AXIS2_PLACEMENT_3D ( 'NONE', #740, #1714, #884 ) ;
#708 = CARTESIAN_POINT ( 'NONE',  ( -10.13397459621555896, 2.499999999999999556, -3.000000000000000000 ) ) ;
#709 = DIRECTION ( 'NONE',  ( 1.000000000000000000, -9.227252531791526626E-17, 0.000000000000000000 ) ) ;
#710 = EDGE_CURVE ( 'NONE', #63, #2020, #626, .T. ) ;
#711 = APPROVAL_STATUS ( 'not_yet_approved' ) ;
#712 = ORIENTED_EDGE ( 'NONE', *, *, #1726, .T. ) ;
#713 = ADVANCED_FACE ( 'NONE', ( #144 ), #1446, .T. ) ;
#714 = DIRECTION ( 'NONE',  ( 1.000000000000000000, 1.747729060459023048E-16, 0.000000000000000000 ) ) ;
#715 = EDGE_LOOP ( 'NONE', ( #1161, #1269, #994, #2094 ) ) ;
#716 = CARTESIAN_POINT ( 'NONE',  ( -8.500000000000000000, -1.000000000000001110, 3.499999999999999556 ) ) ;
#717 = CYLINDRICAL_SURFACE ( 'NONE', #1256, 2.250000000000000000 ) ;
#718 = DIRECTION ( 'NONE',  ( 0.8660254037844378194, 0.5000000000000014433, 0.000000000000000000 ) ) ;
#719 = APPROVAL_ROLE ( '' ) ;
#720 = AXIS2_PLACEMENT_3D ( 'NONE', #380, #1037, #556 ) ;
#721 = ORIENTED_EDGE ( 'NONE', *, *, #1952, .T. ) ;
#722 = ADVANCED_FACE ( 'NONE', ( #1264 ), #454, .T. ) ;
#723 = APPROVAL_PERSON_ORGANIZATION ( #876, #1429, #1179 ) ;
#724 = DIRECTION ( 'NONE',  ( 0.000000000000000000, 1.000000000000000000, -8.673617379884035472E-16 ) ) ;
#725 = ORIENTED_EDGE ( 'NONE', *, *, #935, .T. ) ;
#726 = DIRECTION ( 'NONE',  ( 0.000000000000000000, -1.000000000000000000, 0.000000000000000000 ) ) ;
#727 = PLANE ( 'NONE',  #1900 ) ;
#728 = CARTESIAN_POINT ( 'NONE',  ( 6.000000000000000000, 0.4999999999999993339, -3.000000000000000444 ) ) ;
#729 = AXIS2_PLACEMENT_3D ( 'NONE', #628, #639, #1285 ) ;
#730 = DIRECTION ( 'NONE',  ( 2.168404344971008868E-16, -1.000000000000000000, -0.000000000000000000 ) ) ;
#731 = AXIS2_PLACEMENT_3D ( 'NONE', #1430, #1920, #1603 ) ;
#732 = AXIS2_PLACEMENT_3D ( 'NONE', #1315, #514, #1175 ) ;
#733 = ORIENTED_EDGE ( 'NONE', *, *, #299, .T. ) ;
#734 = EDGE_CURVE ( 'NONE', #574, #1233, #1724, .T. ) ;
#735 = CARTESIAN_POINT ( 'NONE',  ( -10.42264973081037027, 0.9999999999999988898, -3.500000000000000000 ) ) ;
#736 = AXIS2_PLACEMENT_3D ( 'NONE', #371, #1352, #1039 ) ;
#737 = ORIENTED_EDGE ( 'NONE', *, *, #2070, .F. ) ;
#738 = DIRECTION ( 'NONE',  ( 0.5000000000000007772, 0.8660254037844382635, 1.877893248421450022E-16 ) ) ;
#739 = TOROIDAL_SURFACE ( 'NONE', #1387, 2.750000000000000000, 0.5000000000000000000 ) ;
#740 = CARTESIAN_POINT ( 'NONE',  ( 1.849999999999999867, -1.500000000000000000, 3.500000000000000000 ) ) ;
#741 = FACE_OUTER_BOUND ( 'NONE', #485, .T. ) ;
#742 = CIRCLE ( 'NONE', #602, 0.5000000000000004441 ) ;
#743 = CYLINDRICAL_SURFACE ( 'NONE', #698, 0.5000000000000004441 ) ;
#744 = CIRCLE ( 'NONE', #1022, 0.4999999999999997780 ) ;
#745 = VERTEX_POINT ( 'NONE', #588 ) ;
#746 = EDGE_CURVE ( 'NONE', #138, #1568, #1246, .T. ) ;
#747 = ORIENTED_EDGE ( 'NONE', *, *, #1226, .F. ) ;
#748 = CARTESIAN_POINT ( 'NONE',  ( -1.849999999999999867, -1.499999999999999556, -3.000000000000000000 ) ) ;
#749 = SPHERICAL_SURFACE ( 'NONE', #1486, 0.5000000000000000000 ) ;
#750 = DIRECTION ( 'NONE',  ( -9.227252531791526626E-17, -1.000000000000000000, 0.000000000000000000 ) ) ;
#751 = CARTESIAN_POINT ( 'NONE',  ( -10.56698729810777770, -0.2500000000000003331, 3.500000000000000000 ) ) ;
#752 = EDGE_CURVE ( 'NONE', #1291, #1233, #1763, .T. ) ;
#753 = AXIS2_PLACEMENT_3D ( 'NONE', #1122, #1456, #937 ) ;
#754 = ORIENTED_EDGE ( 'NONE', *, *, #2008, .F. ) ;
#755 = EDGE_LOOP ( 'NONE', ( #655, #1426, #1658, #1448, #1134 ) ) ;
#756 = FACE_BOUND ( 'NONE', #800, .T. ) ;
#757 = DIRECTION ( 'NONE',  ( -0.000000000000000000, -0.000000000000000000, 1.000000000000000000 ) ) ;
#758 = CARTESIAN_POINT ( 'NONE',  ( 1.850000000000000089, -1.500000000000000000, 3.000000000000000000 ) ) ;
#759 = EDGE_CURVE ( 'NONE', #881, #34, #1581, .T. ) ;
#760 = CIRCLE ( 'NONE', #120, 0.5000000000000004441 ) ;
#761 = DIRECTION ( 'NONE',  ( 0.000000000000000000, 0.000000000000000000, -1.000000000000000000 ) ) ;
#762 = AXIS2_PLACEMENT_3D ( 'NONE', #342, #645, #1440 ) ;
#763 = ORIENTED_EDGE ( 'NONE', *, *, #1782, .F. ) ;
#764 = EDGE_LOOP ( 'NONE', ( #24, #982, #351 ) ) ;
#765 = DIRECTION ( 'NONE',  ( 1.000000000000000000, -0.000000000000000000, -0.000000000000000000 ) ) ;
#766 = CARTESIAN_POINT ( 'NONE',  ( -7.499999999999996447, -0.5000000000000007772, -3.000000000000000000 ) ) ;
#767 = AXIS2_PLACEMENT_3D ( 'NONE', #980, #954, #146 ) ;
#768 = LINE ( 'NONE', #295, #190 ) ;
#769 = CARTESIAN_POINT ( 'NONE',  ( 5.500000000000000000, 0.4999999999999993339, 3.000000000000000000 ) ) ;
#770 = EDGE_CURVE ( 'NONE', #173, #2029, #1811, .T. ) ;
#771 = CARTESIAN_POINT ( 'NONE',  ( 6.000000000000000000, 2.499999999999999556, 3.500000000000000000 ) ) ;
#772 = CARTESIAN_POINT ( 'NONE',  ( 1.849999999999999645, -0.5000000000000002220, -3.000000000000000444 ) ) ;
#773 = ORIENTED_EDGE ( 'NONE', *, *, #948, .F. ) ;
#774 = ORIENTED_EDGE ( 'NONE', *, *, #1262, .F. ) ;
#775 = FACE_OUTER_BOUND ( 'NONE', #1842, .T. ) ;
#776 = CARTESIAN_POINT ( 'NONE',  ( -8.000000000000000000, -0.5000000000000008882, 3.500000000000000000 ) ) ;
#777 = CARTESIAN_POINT ( 'NONE',  ( 1.849999999999999645, -2.000000000000000000, 3.500000000000000000 ) ) ;
#778 = CARTESIAN_POINT ( 'NONE',  ( -2.349999999999999645, -0.5000000000000001110, 3.000000000000000000 ) ) ;
#779 = DIRECTION ( 'NONE',  ( -1.000000000000000000, -0.000000000000000000, 0.000000000000000000 ) ) ;
#780 = FACE_OUTER_BOUND ( 'NONE', #343, .T. ) ;
#781 = TOROIDAL_SURFACE ( 'NONE', #1986, 2.750000000000000000, 0.5000000000000000000 ) ;
#782 = B_SPLINE_CURVE_WITH_KNOTS ( 'NONE', 3,
 ( #505, #1177, #516, #356, #862, #1982, #1498, #1027, #32, #2016, #839, #179 ),
 .UNSPECIFIED., .F., .F.,
 ( 4, 2, 2, 2, 2, 4 ),
 ( 0.002112998291093604129, 0.002635088141013280753, 0.003157177990932957378, 0.003679267840852633569, 0.003940312765812472098, 0.004201357690772310194 ),
 .UNSPECIFIED. ) ;
#783 = ORIENTED_EDGE ( 'NONE', *, *, #1276, .T. ) ;
#784 = AXIS2_PLACEMENT_3D ( 'NONE', #255, #900, #2046 ) ;
#785 = EDGE_LOOP ( 'NONE', ( #1545, #1191, #486, #1072, #1702 ) ) ;
#786 = CARTESIAN_POINT ( 'NONE',  ( -9.845299461620744097, 0.9999999999999991118, 3.000000000000000444 ) ) ;
#787 = CIRCLE ( 'NONE', #1339, 2.750000000000000000 ) ;
#788 = CYLINDRICAL_SURFACE ( 'NONE', #1804, 0.5000000000000000000 ) ;
#789 = CARTESIAN_POINT ( 'NONE',  ( -8.500000000000000000, -0.5000000000000011102, 3.500000000000000000 ) ) ;
#790 = DIRECTION ( 'NONE',  ( -0.000000000000000000, -0.000000000000000000, 1.000000000000000000 ) ) ;
#791 = PRODUCT_DEFINITION_FORMATION_WITH_SPECIFIED_SOURCE ( 'ANY', '', #925, .NOT_KNOWN. ) ;
#792 = FACE_OUTER_BOUND ( 'NONE', #1852, .T. ) ;
#793 = AXIS2_PLACEMENT_3D ( 'NONE', #277, #411, #404 ) ;
#794 = ORIENTED_EDGE ( 'NONE', *, *, #79, .T. ) ;
#795 = VERTEX_POINT ( 'NONE', #157 ) ;
#796 = EDGE_CURVE ( 'NONE', #365, #1224, #1635, .T. ) ;
#797 = VERTEX_POINT ( 'NONE', #503 ) ;
#798 = PLANE ( 'NONE',  #1048 ) ;
#799 = VECTOR ( 'NONE', #1403, 1000.000000000000000 ) ;
#800 = EDGE_LOOP ( 'NONE', ( #340, #692 ) ) ;
#801 = CARTESIAN_POINT ( 'NONE',  ( 5.500000000000000000, -6.379211070675434126E-16, -3.000000000000000444 ) ) ;
#802 = FACE_OUTER_BOUND ( 'NONE', #1089, .T. ) ;
#803 = LINE ( 'NONE', #1625, #804 ) ;
#804 = VECTOR ( 'NONE', #1594, 1000.000000000000000 ) ;
#805 = ADVANCED_FACE ( 'NONE', ( #2112 ), #201, .T. ) ;
#806 = AXIS2_PLACEMENT_3D ( 'NONE', #1680, #220, #1519 ) ;
#807 = ORIENTED_EDGE ( 'NONE', *, *, #1492, .T. ) ;
#808 = ORIENTED_EDGE ( 'NONE', *, *, #1558, .F. ) ;
#809 = DIRECTION ( 'NONE',  ( -0.5000000000000013323, 0.8660254037844379305, 0.000000000000000000 ) ) ;
#810 = EDGE_LOOP ( 'NONE', ( #1654, #1929, #1609 ) ) ;
#811 = EDGE_CURVE ( 'NONE', #195, #547, #664, .T. ) ;
#812 = CYLINDRICAL_SURFACE ( 'NONE', #1087, 0.5000000000000006661 ) ;
#813 = CARTESIAN_POINT ( 'NONE',  ( 0.000000000000000000, 2.499999999999999112, 0.000000000000000000 ) ) ;
#814 = CARTESIAN_POINT ( 'NONE',  ( -10.13397459621555896, 2.499999999999999556, 3.000000000000000000 ) ) ;
#815 = LINE ( 'NONE', #1604, #1416 ) ;
#816 = EDGE_CURVE ( 'NONE', #1192, #39, #944, .T. ) ;
#817 = PRODUCT_RELATED_PRODUCT_CATEGORY ( 'detail', '', ( #925 ) ) ;
#818 = ORIENTED_EDGE ( 'NONE', *, *, #27, .T. ) ;
#819 = ORIENTED_EDGE ( 'NONE', *, *, #1595, .F. ) ;
#820 = ORIENTED_EDGE ( 'NONE', *, *, #1558, .T. ) ;
#821 = CARTESIAN_POINT ( 'NONE',  ( 5.500000000000000000, 2.999999999999999556, 3.500000000000000000 ) ) ;
#822 = ORIENTED_EDGE ( 'NONE', *, *, #1253, .T. ) ;
#823 = DIRECTION ( 'NONE',  ( -1.000000000000000000, 0.000000000000000000, 0.000000000000000000 ) ) ;
#824 = CARTESIAN_POINT ( 'NONE',  ( 0.000000000000000000, 0.000000000000000000, -3.500000000000000000 ) ) ;
#825 = DIRECTION ( 'NONE',  ( 1.000000000000000000, 0.000000000000000000, 1.224646799147353454E-16 ) ) ;
#826 = DIRECTION ( 'NONE',  ( -1.000000000000000000, 0.000000000000000000, 3.469446951953611033E-15 ) ) ;
#827 = EDGE_CURVE ( 'NONE', #845, #362, #1970, .T. ) ;
#828 = ORIENTED_EDGE ( 'NONE', *, *, #1073, .T. ) ;
#829 = ORIENTED_EDGE ( 'NONE', *, *, #118, .F. ) ;
#830 = CARTESIAN_POINT ( 'NONE',  ( 2.221353948963344038, -1.838731443346005356, 0.8674401893935008712 ) ) ;
#831 = CIRCLE ( 'NONE', #187, 0.5000000000000004441 ) ;
#832 = ADVANCED_FACE ( 'NONE', ( #802 ), #650, .T. ) ;
#833 = AXIS2_PLACEMENT_3D ( 'NONE', #1385, #2061, #2069 ) ;
#834 = ORIENTED_EDGE ( 'NONE', *, *, #332, .T. ) ;
#835 = LINE ( 'NONE', #998, #224 ) ;
#836 = CARTESIAN_POINT ( 'NONE',  ( 2.849999999999999645, 0.4999999999999997780, 3.500000000000000000 ) ) ;
#837 = LINE ( 'NONE', #2098, #1111 ) ;
#838 = AXIS2_PLACEMENT_3D ( 'NONE', #317, #338, #1624 ) ;
#839 = CARTESIAN_POINT ( 'NONE',  ( 1.885164888848737119, -2.000000000000003997, -1.955106018342984919 ) ) ;
#840 =( NAMED_UNIT ( * ) SI_UNIT ( $, .STERADIAN. ) SOLID_ANGLE_UNIT ( ) );
#841 = EDGE_CURVE ( 'NONE', #1224, #1055, #837, .T. ) ;
#842 = AXIS2_PLACEMENT_3D ( 'NONE', #213, #1317, #1971 ) ;
#843 = VECTOR ( 'NONE', #445, 1000.000000000000000 ) ;
#844 = VERTEX_POINT ( 'NONE', #1154 ) ;
#845 = VERTEX_POINT ( 'NONE', #345 ) ;
#846 = CIRCLE ( 'NONE', #1420, 2.750000000000000000 ) ;
#847 = ORIENTED_EDGE ( 'NONE', *, *, #363, .F. ) ;
#848 = EDGE_CURVE ( 'NONE', #2029, #522, #456, .T. ) ;
#849 = CARTESIAN_POINT ( 'NONE',  ( -2.849999999999999645, -0.5000000000000000000, -3.000000000000000444 ) ) ;
#850 = DIRECTION ( 'NONE',  ( -1.000000000000000000, 0.000000000000000000, 0.000000000000000000 ) ) ;
#851 = FACE_OUTER_BOUND ( 'NONE', #152, .T. ) ;
#852 = DIRECTION ( 'NONE',  ( -9.227252531791526626E-17, -1.000000000000000000, 0.000000000000000000 ) ) ;
#853 = CARTESIAN_POINT ( 'NONE',  ( -9.556624327025931009, 0.4999999999999982792, 3.500000000000000000 ) ) ;
#854 = ORIENTED_EDGE ( 'NONE', *, *, #303, .T. ) ;
#855 = EDGE_LOOP ( 'NONE', ( #350, #108, #82, #375 ) ) ;
#856 = EDGE_CURVE ( 'NONE', #207, #1598, #1655, .T. ) ;
#857 = DIRECTION ( 'NONE',  ( 5.007715329123869683E-16, -8.673617379884028570E-16, -1.000000000000000000 ) ) ;
#858 = VECTOR ( 'NONE', #550, 1000.000000000000000 ) ;
#859 = PLANE ( 'NONE',  #1170 ) ;
#860 = EDGE_LOOP ( 'NONE', ( #1099, #1471, #1021, #1940 ) ) ;
#861 = DIRECTION ( 'NONE',  ( -0.000000000000000000, -0.000000000000000000, 1.000000000000000000 ) ) ;
#862 = CARTESIAN_POINT ( 'NONE',  ( 2.221001047539372664, -1.839049341102490409, -0.8690159569997921718 ) ) ;
#863 = LINE ( 'NONE', #410, #1570 ) ;
#864 = AXIS2_PLACEMENT_3D ( 'NONE', #1054, #1873, #1215 ) ;
#865 = PERSON_AND_ORGANIZATION ( #1550, #691 ) ;
#866 = ORIENTED_EDGE ( 'NONE', *, *, #1777, .T. ) ;
#867 = EDGE_LOOP ( 'NONE', ( #183, #665, #1047, #1290 ) ) ;
#868 = AXIS2_PLACEMENT_3D ( 'NONE', #2102, #632, #310 ) ;
#869 = LINE ( 'NONE', #1494, #2043 ) ;
#870 = EDGE_CURVE ( 'NONE', #2001, #1991, #1013, .T. ) ;
#871 = CARTESIAN_POINT ( 'NONE',  ( 2.349999999999999645, -0.5000000000000001110, 3.500000000000000000 ) ) ;
#872 = VERTEX_POINT ( 'NONE', #671 ) ;
#873 = FACE_OUTER_BOUND ( 'NONE', #1653, .T. ) ;
#874 = SPHERICAL_SURFACE ( 'NONE', #1190, 0.5000000000000000000 ) ;
#875 = DIRECTION ( 'NONE',  ( -1.000000000000000000, 9.227252531791526626E-17, 0.000000000000000000 ) ) ;
#876 = PERSON_AND_ORGANIZATION ( #1550, #691 ) ;
#877 = ADVANCED_FACE ( 'NONE', ( #1141 ), #1981, .T. ) ;
#878 = AXIS2_PLACEMENT_3D ( 'NONE', #1370, #275, #1886 ) ;
#879 = EDGE_LOOP ( 'NONE', ( #643, #1600, #891 ) ) ;
#880 = DIRECTION ( 'NONE',  ( -0.000000000000000000, 1.000000000000000000, -0.000000000000000000 ) ) ;
#881 = VERTEX_POINT ( 'NONE', #1801 ) ;
#882 = DIRECTION ( 'NONE',  ( 1.000000000000000000, 1.191190382581906851E-16, 0.000000000000000000 ) ) ;
#883 = AXIS2_PLACEMENT_3D ( 'NONE', #1956, #1752, #444 ) ;
#884 = DIRECTION ( 'NONE',  ( -1.000000000000000000, 0.000000000000000000, 0.000000000000000000 ) ) ;
#885 = FACE_OUTER_BOUND ( 'NONE', #637, .T. ) ;
#886 = EDGE_CURVE ( 'NONE', #547, #668, #2033, .T. ) ;
#887 = APPROVAL_STATUS ( 'not_yet_approved' ) ;
#888 = EDGE_CURVE ( 'NONE', #1718, #1499, #192, .T. ) ;
#889 = ORIENTED_EDGE ( 'NONE', *, *, #1897, .T. ) ;
#890 = DIRECTION ( 'NONE',  ( -1.000000000000000000, 0.000000000000000000, 0.000000000000000000 ) ) ;
#891 = ORIENTED_EDGE ( 'NONE', *, *, #886, .F. ) ;
#892 = DIRECTION ( 'NONE',  ( 9.227252531791526626E-17, 1.000000000000000000, -0.000000000000000000 ) ) ;
#893 = DIRECTION ( 'NONE',  ( -2.168404344971006896E-16, 1.000000000000000000, 0.000000000000000000 ) ) ;
#894 = DIRECTION ( 'NONE',  ( 0.000000000000000000, 0.000000000000000000, -1.000000000000000000 ) ) ;
#895 = VECTOR ( 'NONE', #603, 1000.000000000000000 ) ;
#896 = LINE ( 'NONE', #751, #155 ) ;
#897 = EDGE_CURVE ( 'NONE', #604, #987, #831, .T. ) ;
#898 = AXIS2_PLACEMENT_3D ( 'NONE', #912, #765, #1101 ) ;
#899 = ORIENTED_EDGE ( 'NONE', *, *, #2114, .T. ) ;
#900 = DIRECTION ( 'NONE',  ( -2.168404344971009854E-16, 1.000000000000000000, 0.000000000000000000 ) ) ;
#901 = ORIENTED_EDGE ( 'NONE', *, *, #71, .T. ) ;
#902 = DIRECTION ( 'NONE',  ( 0.000000000000000000, 0.000000000000000000, 1.000000000000000000 ) ) ;
#903 = ADVANCED_FACE ( 'NONE', ( #1947 ), #480, .T. ) ;
#904 = CARTESIAN_POINT ( 'NONE',  ( 1.849999999999999645, 4.011548038196365420E-16, 3.500000000000000000 ) ) ;
#905 = CARTESIAN_POINT ( 'NONE',  ( 0.000000000000000000, -1.999999999999999556, 0.000000000000000000 ) ) ;
#906 = CARTESIAN_POINT ( 'NONE',  ( -8.000000000000000000, -0.5000000000000009992, 3.500000000000000000 ) ) ;
#907 = CIRCLE ( 'NONE', #1723, 2.250000000000000000 ) ;
#908 = EDGE_CURVE ( 'NONE', #1159, #872, #1106, .T. ) ;
#909 = ORIENTED_EDGE ( 'NONE', *, *, #1262, .T. ) ;
#910 = CIRCLE ( 'NONE', #2103, 0.5000000000000000000 ) ;
#911 = ORIENTED_EDGE ( 'NONE', *, *, #1599, .F. ) ;
#912 = CARTESIAN_POINT ( 'NONE',  ( -1.850000000000000089, -1.499999999999999556, 3.000000000000000000 ) ) ;
#913 = EDGE_CURVE ( 'NONE', #1548, #1991, #1650, .T. ) ;
#914 = DIRECTION ( 'NONE',  ( 0.000000000000000000, 0.000000000000000000, -1.000000000000000000 ) ) ;
#915 = VECTOR ( 'NONE', #427, 1000.000000000000000 ) ;
#916 = DIRECTION ( 'NONE',  ( 0.000000000000000000, 0.000000000000000000, 1.000000000000000000 ) ) ;
#917 = ORIENTED_EDGE ( 'NONE', *, *, #66, .T. ) ;
#918 = ADVANCED_FACE ( 'NONE', ( #548 ), #449, .T. ) ;
#919 = ORIENTED_EDGE ( 'NONE', *, *, #908, .F. ) ;
#920 = DIRECTION ( 'NONE',  ( 0.000000000000000000, 0.000000000000000000, -1.000000000000000000 ) ) ;
#921 = CARTESIAN_POINT ( 'NONE',  ( -1.850000000000000089, -1.999999999999999556, 3.500000000000000000 ) ) ;
#922 = PLANE ( 'NONE',  #359 ) ;
#923 = CARTESIAN_POINT ( 'NONE',  ( 2.849999999999999645, -0.5000000000000000000, 3.500000000000000000 ) ) ;
#924 = VECTOR ( 'NONE', #894, 1000.000000000000000 ) ;
#925 = PRODUCT ( 'pattes_mobiles_rail', 'pattes_mobiles_rail', '', ( #1201 ) ) ;
#926 = ORIENTED_EDGE ( 'NONE', *, *, #1923, .F. ) ;
#927 = ORIENTED_EDGE ( 'NONE', *, *, #529, .T. ) ;
#928 = DIRECTION ( 'NONE',  ( 0.000000000000000000, 1.000000000000000000, -0.000000000000000000 ) ) ;
#929 = EDGE_CURVE ( 'NONE', #500, #614, #1275, .T. ) ;
#930 = CARTESIAN_POINT ( 'NONE',  ( -1.850000000000000089, -1.499999999999999778, -3.000000000000000444 ) ) ;
#931 = CARTESIAN_POINT ( 'NONE',  ( -2.349999999999999645, -4.814824860968089633E-32, 3.000000000000000000 ) ) ;
#932 = LOCAL_TIME ( 10, 40, 33.00000000000000000, #1697 ) ;
#933 = CYLINDRICAL_SURFACE ( 'NONE', #1862, 0.5000000000000000000 ) ;
#934 = AXIS2_PLACEMENT_3D ( 'NONE', #107, #1095, #87 ) ;
#935 = EDGE_CURVE ( 'NONE', #1367, #1460, #2036, .T. ) ;
#936 = DIRECTION ( 'NONE',  ( 2.168404344971008868E-16, -1.000000000000000000, 0.000000000000000000 ) ) ;
#937 = DIRECTION ( 'NONE',  ( 3.469446951953613400E-15, -1.000000000000000000, 0.000000000000000000 ) ) ;
#938 = EDGE_LOOP ( 'NONE', ( #1516, #1360, #1349 ) ) ;
#939 = VERTEX_POINT ( 'NONE', #1522 ) ;
#940 = DIRECTION ( 'NONE',  ( 0.000000000000000000, 1.000000000000000000, 0.000000000000000000 ) ) ;
#941 = LINE ( 'NONE', #479, #167 ) ;
#942 = CIRCLE ( 'NONE', #1116, 2.250000000000000000 ) ;
#943 = CARTESIAN_POINT ( 'NONE',  ( 6.000000000000000000, 0.4999999999999992784, -3.000000000000000444 ) ) ;
#944 = CIRCLE ( 'NONE', #31, 0.5000000000000000000 ) ;
#945 = DIRECTION ( 'NONE',  ( 0.5000000000000013323, -0.8660254037844379305, 0.000000000000000000 ) ) ;
#946 = DIRECTION ( 'NONE',  ( -2.168404344971009854E-16, -1.000000000000000000, -0.000000000000000000 ) ) ;
#947 = DIRECTION ( 'NONE',  ( 4.956352788505164254E-16, 5.903959774350367068E-32, -1.000000000000000000 ) ) ;
#948 = EDGE_CURVE ( 'NONE', #173, #1841, #349, .T. ) ;
#949 = ORIENTED_EDGE ( 'NONE', *, *, #206, .F. ) ;
#950 = VERTEX_POINT ( 'NONE', #1217 ) ;
#951 = DIRECTION ( 'NONE',  ( 0.000000000000000000, 0.000000000000000000, 1.000000000000000000 ) ) ;
#952 = DIRECTION ( 'NONE',  ( 0.000000000000000000, -1.000000000000000000, 0.000000000000000000 ) ) ;
#953 = DIRECTION ( 'NONE',  ( -1.000000000000000000, 0.000000000000000000, 0.000000000000000000 ) ) ;
#954 = DIRECTION ( 'NONE',  ( 0.000000000000000000, 0.000000000000000000, 1.000000000000000000 ) ) ;
#955 = ADVANCED_FACE ( 'NONE', ( #1683 ), #443, .T. ) ;
#956 = FACE_OUTER_BOUND ( 'NONE', #1967, .T. ) ;
#957 = VECTOR ( 'NONE', #1153, 1000.000000000000000 ) ;
#958 = ORIENTED_EDGE ( 'NONE', *, *, #1038, .F. ) ;
#959 = AXIS2_PLACEMENT_3D ( 'NONE', #1389, #2022, #398 ) ;
#960 = ORIENTED_EDGE ( 'NONE', *, *, #1214, .F. ) ;
#961 = CARTESIAN_POINT ( 'NONE',  ( -10.13397459621556074, -0.5000000000000011102, -3.500000000000000000 ) ) ;
#962 = AXIS2_PLACEMENT_3D ( 'NONE', #1407, #2057, #1252 ) ;
#963 = DIRECTION ( 'NONE',  ( 0.000000000000000000, 4.336808689942017736E-16, -1.000000000000000000 ) ) ;
#964 = EDGE_CURVE ( 'NONE', #1548, #2001, #1542, .T. ) ;
#965 = CARTESIAN_POINT ( 'NONE',  ( -10.13397459621555896, -0.5000000000000013323, 3.000000000000000000 ) ) ;
#966 = LINE ( 'NONE', #1296, #1245 ) ;
#967 = SECURITY_CLASSIFICATION ( '', '', #33 ) ;
#968 = AXIS2_PLACEMENT_3D ( 'NONE', #1939, #611, #321 ) ;
#969 = LINE ( 'NONE', #289, #693 ) ;
#970 = VECTOR ( 'NONE', #1265, 1000.000000000000000 ) ;
#971 = ADVANCED_FACE ( 'NONE', ( #1693 ), #235, .T. ) ;
#972 = ORIENTED_EDGE ( 'NONE', *, *, #2085, .T. ) ;
#973 = ORIENTED_EDGE ( 'NONE', *, *, #1476, .T. ) ;
#974 = CARTESIAN_POINT ( 'NONE',  ( 1.849999999999999645, -2.000000000000000000, 2.034698994937580885 ) ) ;
#975 = ADVANCED_FACE ( 'NONE', ( #873 ), #64, .T. ) ;
#976 = EDGE_LOOP ( 'NONE', ( #2108, #388, #131, #705 ) ) ;
#977 = DIRECTION ( 'NONE',  ( 0.000000000000000000, 0.000000000000000000, 1.000000000000000000 ) ) ;
#978 = DIRECTION ( 'NONE',  ( 1.000000000000000000, 0.000000000000000000, 0.000000000000000000 ) ) ;
#979 = EDGE_CURVE ( 'NONE', #1271, #939, #461, .T. ) ;
#980 = CARTESIAN_POINT ( 'NONE',  ( -10.13397459621555896, -0.5000000000000012212, 0.000000000000000000 ) ) ;
#981 = DESIGN_CONTEXT ( 'detailed design', #65, 'design' ) ;
#982 = ORIENTED_EDGE ( 'NONE', *, *, #2012, .T. ) ;
#983 = VECTOR ( 'NONE', #567, 1000.000000000000000 ) ;
#984 = ORIENTED_EDGE ( 'NONE', *, *, #373, .F. ) ;
#985 = VERTEX_POINT ( 'NONE', #1186 ) ;
#986 = SPHERICAL_SURFACE ( 'NONE', #1961, 0.5000000000000000000 ) ;
#987 = VERTEX_POINT ( 'NONE', #52 ) ;
#988 = CYLINDRICAL_SURFACE ( 'NONE', #370, 0.5000000000000000000 ) ;
#989 = ADVANCED_FACE ( 'NONE', ( #851 ), #739, .T. ) ;
#990 = CARTESIAN_POINT ( 'NONE',  ( -2.250000000000000000, -1.499999999999999556, 0.000000000000000000 ) ) ;
#991 = DIRECTION ( 'NONE',  ( 0.000000000000000000, 0.000000000000000000, -1.000000000000000000 ) ) ;
#992 = FACE_OUTER_BOUND ( 'NONE', #1930, .T. ) ;
#993 = CC_DESIGN_PERSON_AND_ORGANIZATION_ASSIGNMENT ( #58, #1973, ( #925 ) ) ;
#994 = ORIENTED_EDGE ( 'NONE', *, *, #652, .F. ) ;
#995 = VERTEX_POINT ( 'NONE', #566 ) ;
#996 = LINE ( 'NONE', #786, #20 ) ;
#997 = EDGE_LOOP ( 'NONE', ( #1182, #1589, #47, #171 ) ) ;
#998 = CARTESIAN_POINT ( 'NONE',  ( 2.349999999999999645, -9.629649721936179265E-32, 3.000000000000000000 ) ) ;
#999 = DIRECTION ( 'NONE',  ( -1.000000000000000000, 0.000000000000000000, 0.000000000000000000 ) ) ;
#1000 = DIRECTION ( 'NONE',  ( -0.5000000000000013323, -0.8660254037844379305, 0.000000000000000000 ) ) ;
#1001 = EDGE_CURVE ( 'NONE', #1828, #1617, #631, .T. ) ;
#1002 = AXIS2_PLACEMENT_3D ( 'NONE', #1532, #223, #1834 ) ;
#1003 = LINE ( 'NONE', #1511, #1555 ) ;
#1004 = ADVANCED_FACE ( 'NONE', ( #369 ), #1496, .T. ) ;
#1005 = ORIENTED_EDGE ( 'NONE', *, *, #663, .T. ) ;
#1006 = ORIENTED_EDGE ( 'NONE', *, *, #1826, .T. ) ;
#1007 = CYLINDRICAL_SURFACE ( 'NONE', #1307, 0.5000000000000000000 ) ;
#1008 = VERTEX_POINT ( 'NONE', #1338 ) ;
#1009 = CARTESIAN_POINT ( 'NONE',  ( -1.850000000000000089, -1.499999999999999778, 3.000000000000000000 ) ) ;
#1010 = CARTESIAN_POINT ( 'NONE',  ( -9.556624327025932786, 0.4999999999999992784, -3.000000000000000000 ) ) ;
#1011 = AXIS2_PLACEMENT_3D ( 'NONE', #578, #2068, #1734 ) ;
#1012 = DIRECTION ( 'NONE',  ( 2.168404344971009361E-16, 1.000000000000000000, -0.000000000000000000 ) ) ;
#1013 = CIRCLE ( 'NONE', #838, 0.5000000000000000000 ) ;
#1014 = CARTESIAN_POINT ( 'NONE',  ( -9.412286759728523577, 0.7499999999999984457, 3.000000000000000444 ) ) ;
#1015 = DIRECTION ( 'NONE',  ( 1.000000000000000000, 0.000000000000000000, 0.000000000000000000 ) ) ;
#1016 = VECTOR ( 'NONE', #945, 1000.000000000000000 ) ;
#1017 = AXIS2_PLACEMENT_3D ( 'NONE', #40, #1026, #682 ) ;
#1018 = EDGE_LOOP ( 'NONE', ( #1806, #754, #534, #747 ) ) ;
#1019 = ORIENTED_EDGE ( 'NONE', *, *, #252, .T. ) ;
#1020 = VECTOR ( 'NONE', #2086, 1000.000000000000000 ) ;
#1021 = ORIENTED_EDGE ( 'NONE', *, *, #393, .F. ) ;
#1022 = AXIS2_PLACEMENT_3D ( 'NONE', #1584, #946, #1277 ) ;
#1023 = DIRECTION ( 'NONE',  ( 1.000000000000000000, 0.000000000000000000, 0.000000000000000000 ) ) ;
#1024 = DIRECTION ( 'NONE',  ( -1.000000000000000000, 1.747729060459022802E-16, 0.000000000000000000 ) ) ;
#1025 = ORIENTED_EDGE ( 'NONE', *, *, #1707, .T. ) ;
#1026 = DIRECTION ( 'NONE',  ( 1.000000000000000000, -1.747729060459022802E-16, 0.000000000000000000 ) ) ;
#1027 = CARTESIAN_POINT ( 'NONE',  ( 2.014173415693270464, -1.973248176992785430, -1.623753020141979864 ) ) ;
#1028 = CARTESIAN_POINT ( 'NONE',  ( -7.999999999999996447, -0.5000000000000008882, -2.999999999999999556 ) ) ;
#1029 = DIRECTION ( 'NONE',  ( 0.000000000000000000, 0.000000000000000000, 1.000000000000000000 ) ) ;
#1030 = EDGE_CURVE ( 'NONE', #374, #497, #1928, .T. ) ;
#1031 = ORIENTED_EDGE ( 'NONE', *, *, #1599, .T. ) ;
#1032 = ORIENTED_EDGE ( 'NONE', *, *, #1130, .T. ) ;
#1033 = DIRECTION ( 'NONE',  ( 0.000000000000000000, 0.000000000000000000, -1.000000000000000000 ) ) ;
#1034 = AXIS2_PLACEMENT_3D ( 'NONE', #56, #1383, #86 ) ;
#1035 = DIRECTION ( 'NONE',  ( -1.000000000000000000, -0.000000000000000000, -0.000000000000000000 ) ) ;
#1036 = ORIENTED_EDGE ( 'NONE', *, *, #1891, .T. ) ;
#1037 = DIRECTION ( 'NONE',  ( 1.000000000000000000, -0.000000000000000000, -0.000000000000000000 ) ) ;
#1038 = EDGE_CURVE ( 'NONE', #987, #1598, #1284, .T. ) ;
#1039 = DIRECTION ( 'NONE',  ( 1.000000000000000000, 0.000000000000000000, 0.000000000000000000 ) ) ;
#1040 = PLANE ( 'NONE',  #2032 ) ;
#1041 = DATE_TIME_ROLE ( 'creation_date' ) ;
#1042 = EDGE_LOOP ( 'NONE', ( #1738, #807, #1833, #2082 ) ) ;
#1043 = AXIS2_PLACEMENT_3D ( 'NONE', #1342, #1029, #689 ) ;
#1044 = ADVANCED_FACE ( 'NONE', ( #425 ), #2066, .T. ) ;
#1045 = AXIS2_PLACEMENT_3D ( 'NONE', #1664, #1779, #1914 ) ;
#1046 = FACE_OUTER_BOUND ( 'NONE', #997, .T. ) ;
#1047 = ORIENTED_EDGE ( 'NONE', *, *, #1823, .T. ) ;
#1048 = AXIS2_PLACEMENT_3D ( 'NONE', #2107, #656, #809 ) ;
#1049 = EDGE_CURVE ( 'NONE', #845, #1260, #1887, .T. ) ;
#1050 = CARTESIAN_POINT ( 'NONE',  ( -10.13397459621555896, 2.499999999999999556, -3.500000000000000000 ) ) ;
#1051 = PERSON_AND_ORGANIZATION ( #1550, #691 ) ;
#1052 = CIRCLE ( 'NONE', #1727, 0.5000000000000000000 ) ;
#1053 = ORIENTED_EDGE ( 'NONE', *, *, #752, .F. ) ;
#1054 = CARTESIAN_POINT ( 'NONE',  ( -2.849999999999999645, -0.5000000000000000000, 3.000000000000000000 ) ) ;
#1055 = VERTEX_POINT ( 'NONE', #616 ) ;
#1056 = CARTESIAN_POINT ( 'NONE',  ( -1.849999999999999645, 4.011548038196366406E-16, 3.000000000000000000 ) ) ;
#1057 = ADVANCED_FACE ( 'NONE', ( #756, #1590 ), #1908, .F. ) ;
#1058 = AXIS2_PLACEMENT_3D ( 'NONE', #849, #2002, #823 ) ;
#1059 = LINE ( 'NONE', #904, #915 ) ;
#1060 = CARTESIAN_POINT ( 'NONE',  ( 6.000000000000000000, -6.379211070675434126E-16, 3.500000000000000000 ) ) ;
#1061 = DIRECTION ( 'NONE',  ( 0.000000000000000000, 1.000000000000000000, 0.000000000000000000 ) ) ;
#1062 = CARTESIAN_POINT ( 'NONE',  ( -11.00000000000000000, 2.999999999999999556, 3.000000000000000444 ) ) ;
#1063 = ORIENTED_EDGE ( 'NONE', *, *, #296, .T. ) ;
#1064 = DIRECTION ( 'NONE',  ( -0.000000000000000000, -0.000000000000000000, 1.000000000000000000 ) ) ;
#1065 = CYLINDRICAL_SURFACE ( 'NONE', #707, 0.5000000000000000000 ) ;
#1066 = LINE ( 'NONE', #392, #1740 ) ;
#1067 = ADVANCED_FACE ( 'NONE', ( #1917 ), #1578, .T. ) ;
#1068 = CIRCLE ( 'NONE', #1506, 0.5000000000000004441 ) ;
#1069 = FACE_OUTER_BOUND ( 'NONE', #1955, .T. ) ;
#1070 = CIRCLE ( 'NONE', #1612, 0.5000000000000000000 ) ;
#1071 = AXIS2_PLACEMENT_3D ( 'NONE', #283, #442, #605 ) ;
#1072 = ORIENTED_EDGE ( 'NONE', *, *, #1221, .T. ) ;
#1073 = EDGE_CURVE ( 'NONE', #164, #341, #46, .T. ) ;
#1074 = LOCAL_TIME ( 10, 40, 33.00000000000000000, #1488 ) ;
#1075 = ORIENTED_EDGE ( 'NONE', *, *, #1380, .T. ) ;
#1076 = CARTESIAN_POINT ( 'NONE',  ( 0.000000000000000000, 2.999999999999999112, -2.750000000000000000 ) ) ;
#1077 = DIRECTION ( 'NONE',  ( -1.000000000000000000, -0.000000000000000000, -0.000000000000000000 ) ) ;
#1078 = VECTOR ( 'NONE', #1565, 1000.000000000000000 ) ;
#1079 = CYLINDRICAL_SURFACE ( 'NONE', #1081, 0.5000000000000000000 ) ;
#1080 = CYLINDRICAL_SURFACE ( 'NONE', #1998, 0.5000000000000000000 ) ;
#1081 = AXIS2_PLACEMENT_3D ( 'NONE', #943, #618, #600 ) ;
#1082 = FACE_OUTER_BOUND ( 'NONE', #324, .T. ) ;
#1083 = ORIENTED_EDGE ( 'NONE', *, *, #1717, .T. ) ;
#1084 = CARTESIAN_POINT ( 'NONE',  ( 2.755455298081544285E-16, -1.999999999999999556, -2.250000000000000000 ) ) ;
#1085 = DIRECTION ( 'NONE',  ( -1.000000000000000000, 1.577021341797097314E-16, 0.000000000000000000 ) ) ;
#1086 = DIRECTION ( 'NONE',  ( 1.000000000000000000, 4.336808689942017736E-16, 1.734723475976807094E-15 ) ) ;
#1087 = AXIS2_PLACEMENT_3D ( 'NONE', #606, #2110, #648 ) ;
#1088 = LINE ( 'NONE', #1257, #1078 ) ;
#1089 = EDGE_LOOP ( 'NONE', ( #271, #2011, #1899, #1425 ) ) ;
#1090 = ORIENTED_EDGE ( 'NONE', *, *, #710, .F. ) ;
#1091 = CARTESIAN_POINT ( 'NONE',  ( -9.556624327025931009, 0.4999999999999983902, 3.000000000000000444 ) ) ;
#1092 = CARTESIAN_POINT ( 'NONE',  ( -9.556624327025931009, 1.499999999999999778, 3.000000000000000000 ) ) ;
#1093 = DIRECTION ( 'NONE',  ( 0.000000000000000000, 0.000000000000000000, -1.000000000000000000 ) ) ;
#1094 = EDGE_CURVE ( 'NONE', #1568, #1828, #415, .T. ) ;
#1095 = DIRECTION ( 'NONE',  ( 0.000000000000000000, -1.000000000000000000, 0.000000000000000000 ) ) ;
#1096 = CARTESIAN_POINT ( 'NONE',  ( -2.849999999999999645, -0.5000000000000000000, -3.000000000000000444 ) ) ;
#1097 = CARTESIAN_POINT ( 'NONE',  ( -8.499999999999998224, -0.5000000000000009992, -4.212899870229389221E-15 ) ) ;
#1098 = AXIS2_PLACEMENT_3D ( 'NONE', #1674, #1209, #1865 ) ;
#1099 = ORIENTED_EDGE ( 'NONE', *, *, #552, .T. ) ;
#1100 = VERTEX_POINT ( 'NONE', #1750 ) ;
#1101 = DIRECTION ( 'NONE',  ( 0.000000000000000000, 0.000000000000000000, 1.000000000000000000 ) ) ;
#1102 = DIRECTION ( 'NONE',  ( -0.5000000000000006661, 0.8660254037844382635, -0.000000000000000000 ) ) ;
#1103 = CARTESIAN_POINT ( 'NONE',  ( 5.500000000000000000, -5.505346540445921616E-16, 3.000000000000000000 ) ) ;
#1104 = DIRECTION ( 'NONE',  ( -2.168404344971009361E-16, -1.000000000000000000, 0.000000000000000000 ) ) ;
#1105 = ADVANCED_FACE ( 'NONE', ( #775 ), #1418, .T. ) ;
#1106 = CIRCLE ( 'NONE', #1919, 2.750000000000000000 ) ;
#1107 = VECTOR ( 'NONE', #1247, 1000.000000000000000 ) ;
#1108 = CARTESIAN_POINT ( 'NONE',  ( -6.000000000000000000, -6.379211070675434126E-16, 3.000000000000000000 ) ) ;
#1109 = AXIS2_PLACEMENT_3D ( 'NONE', #285, #2051, #1236 ) ;
#1110 = CARTESIAN_POINT ( 'NONE',  ( 1.849999999999999867, -1.500000000000000000, -3.000000000000000000 ) ) ;
#1111 = VECTOR ( 'NONE', #1012, 1000.000000000000000 ) ;
#1112 = ORIENTED_EDGE ( 'NONE', *, *, #2031, .F. ) ;
#1113 = EDGE_LOOP ( 'NONE', ( #1781, #1916, #264, #1736 ) ) ;
#1114 = LINE ( 'NONE', #1549, #2090 ) ;
#1115 = CARTESIAN_POINT ( 'NONE',  ( -1.919982519244848529, -1.996159487334286053, -1.871616983968119374 ) ) ;
#1116 = AXIS2_PLACEMENT_3D ( 'NONE', #1663, #852, #188 ) ;
#1117 = CARTESIAN_POINT ( 'NONE',  ( -1.850000000000000089, -1.499999999999999556, -3.000000000000000444 ) ) ;
#1118 = ADVANCED_FACE ( 'NONE', ( #1427 ), #104, .T. ) ;
#1119 = CARTESIAN_POINT ( 'NONE',  ( 5.500000000000000000, -5.505346540445921616E-16, -3.000000000000000444 ) ) ;
#1120 = TOROIDAL_SURFACE ( 'NONE', #205, 1.000000000000000000, 0.5000000000000000000 ) ;
#1121 = CARTESIAN_POINT ( 'NONE',  ( -1.850000000000000089, -1.499999999999999556, 3.500000000000000000 ) ) ;
#1122 = CARTESIAN_POINT ( 'NONE',  ( -10.13397459621556074, -0.5000000000000012212, -3.000000000000000000 ) ) ;
#1123 = ORIENTED_EDGE ( 'NONE', *, *, #115, .T. ) ;
#1124 = ORIENTED_EDGE ( 'NONE', *, *, #1049, .F. ) ;
#1125 = ORIENTED_EDGE ( 'NONE', *, *, #386, .F. ) ;
#1126 = CARTESIAN_POINT ( 'NONE',  ( -8.500000000000000000, -0.5000000000000009992, 3.000000000000000000 ) ) ;
#1127 = CARTESIAN_POINT ( 'NONE',  ( 5.500000000000000000, 0.4999999999999993339, -3.500000000000000000 ) ) ;
#1128 = DIRECTION ( 'NONE',  ( -1.001543065824771964E-15, 0.000000000000000000, -1.000000000000000000 ) ) ;
#1129 = CYLINDRICAL_SURFACE ( 'NONE', #1966, 0.5000000000000000000 ) ;
#1130 = EDGE_CURVE ( 'NONE', #374, #668, #1114, .T. ) ;
#1131 = CIRCLE ( 'NONE', #1401, 0.5000000000000000000 ) ;
#1132 = DIRECTION ( 'NONE',  ( 4.336808689942017736E-16, 0.000000000000000000, -1.000000000000000000 ) ) ;
#1133 = VERTEX_POINT ( 'NONE', #94 ) ;
#1134 = ORIENTED_EDGE ( 'NONE', *, *, #2076, .F. ) ;
#1135 = EDGE_CURVE ( 'NONE', #675, #1557, #1399, .T. ) ;
#1136 = CIRCLE ( 'NONE', #1239, 0.5000000000000000000 ) ;
#1137 = ORIENTED_EDGE ( 'NONE', *, *, #759, .T. ) ;
#1138 = CYLINDRICAL_SURFACE ( 'NONE', #1989, 0.5000000000000000000 ) ;
#1139 = ORIENTED_EDGE ( 'NONE', *, *, #1001, .F. ) ;
#1140 = LINE ( 'NONE', #1428, #1020 ) ;
#1141 = FACE_OUTER_BOUND ( 'NONE', #466, .T. ) ;
#1142 = MANIFOLD_SOLID_BREP ( 'Congé2', #1935 ) ;
#1143 = LINE ( 'NONE', #1791, #1869 ) ;
#1144 = VECTOR ( 'NONE', #357, 1000.000000000000000 ) ;
#1145 = AXIS2_PLACEMENT_3D ( 'NONE', #174, #163, #636 ) ;
#1146 = EDGE_CURVE ( 'NONE', #1133, #374, #147, .T. ) ;
#1147 = ORIENTED_EDGE ( 'NONE', *, *, #1546, .F. ) ;
#1148 = B_SPLINE_CURVE_WITH_KNOTS ( 'NONE', 3,
 ( #5, #1301, #627, #638, #123, #1441, #2097, #1579, #1294, #1115, #470, #316 ),
 .UNSPECIFIED., .F., .F.,
 ( 4, 2, 2, 2, 2, 4 ),
 ( 0.002112998291093604129, 0.002635088141013280753, 0.003157177990932957812, 0.003679267840852634436, 0.003940312765812472098, 0.004201357690772310194 ),
 .UNSPECIFIED. ) ;
#1149 = ORIENTED_EDGE ( 'NONE', *, *, #1288, .T. ) ;
#1150 = CARTESIAN_POINT ( 'NONE',  ( 1.986120552758436686, -1.984867628527716032, 1.707404281176582383 ) ) ;
#1151 = VERTEX_POINT ( 'NONE', #2048 ) ;
#1152 = FACE_OUTER_BOUND ( 'NONE', #474, .T. ) ;
#1153 = DIRECTION ( 'NONE',  ( 0.000000000000000000, 0.000000000000000000, -1.000000000000000000 ) ) ;
#1154 = CARTESIAN_POINT ( 'NONE',  ( -7.499999999999996447, -9.000804661363960810E-16, -3.000000000000000444 ) ) ;
#1155 = CIRCLE ( 'NONE', #1586, 0.5000000000000000000 ) ;
#1156 = DIRECTION ( 'NONE',  ( -1.191190382581906851E-16, 1.000000000000000000, 0.000000000000000000 ) ) ;
#1157 = ORIENTED_EDGE ( 'NONE', *, *, #1380, .F. ) ;
#1158 = EDGE_CURVE ( 'NONE', #2029, #653, #1510, .T. ) ;
#1159 = VERTEX_POINT ( 'NONE', #1076 ) ;
#1160 = DIRECTION ( 'NONE',  ( 2.168404344971008621E-16, -1.000000000000000000, -2.168404344971008621E-16 ) ) ;
#1161 = ORIENTED_EDGE ( 'NONE', *, *, #1400, .T. ) ;
#1162 = LINE ( 'NONE', #48, #1560 ) ;
#1163 = CARTESIAN_POINT ( 'NONE',  ( 6.000000000000000000, -6.379211070675434126E-16, 3.500000000000000000 ) ) ;
#1164 = CARTESIAN_POINT ( 'NONE',  ( 2.750000000000000000, -1.500000000000000000, 3.367778697655221012E-16 ) ) ;
#1165 = CYLINDRICAL_SURFACE ( 'NONE', #460, 0.5000000000000006661 ) ;
#1166 = DATE_AND_TIME ( #1189, #1576 ) ;
#1167 = ORIENTED_EDGE ( 'NONE', *, *, #870, .F. ) ;
#1168 = ORIENTED_EDGE ( 'NONE', *, *, #1437, .F. ) ;
#1169 = CARTESIAN_POINT ( 'NONE',  ( 2.299999999999995381, -1.717944947177044046, 0.1780240874690089681 ) ) ;
#1170 = AXIS2_PLACEMENT_3D ( 'NONE', #1163, #1462, #1024 ) ;
#1171 = EDGE_LOOP ( 'NONE', ( #1083, #1770, #478, #949 ) ) ;
#1172 = DIRECTION ( 'NONE',  ( 0.000000000000000000, 1.000000000000000000, 0.000000000000000000 ) ) ;
#1173 = AXIS2_PLACEMENT_3D ( 'NONE', #62, #1681, #1537 ) ;
#1174 = FACE_OUTER_BOUND ( 'NONE', #1907, .T. ) ;
#1175 = DIRECTION ( 'NONE',  ( -1.000000000000000000, 0.000000000000000000, 3.469446951953611033E-15 ) ) ;
#1176 = AXIS2_PLACEMENT_3D ( 'NONE', #453, #1561, #257 ) ;
#1177 = CARTESIAN_POINT ( 'NONE',  ( 2.300000000000005151, -1.717944947177023840, -0.1755163475763205916 ) ) ;
#1178 = DIRECTION ( 'NONE',  ( 1.000000000000000000, 0.000000000000000000, 8.673617379884027583E-16 ) ) ;
#1179 = APPROVAL_ROLE ( '' ) ;
#1180 = ORIENTED_EDGE ( 'NONE', *, *, #770, .T. ) ;
#1181 = ORIENTED_EDGE ( 'NONE', *, *, #1443, .F. ) ;
#1182 = ORIENTED_EDGE ( 'NONE', *, *, #1751, .F. ) ;
#1183 = FACE_OUTER_BOUND ( 'NONE', #93, .T. ) ;
#1184 = AXIS2_PLACEMENT_3D ( 'NONE', #1117, #419, #953 ) ;
#1185 = VERTEX_POINT ( 'NONE', #586 ) ;
#1186 = CARTESIAN_POINT ( 'NONE',  ( -2.349999999999999645, -0.5000000000000001110, -3.000000000000000444 ) ) ;
#1187 = LINE ( 'NONE', #228, #383 ) ;
#1188 = ADVANCED_FACE ( 'NONE', ( #1721 ), #1901, .F. ) ;
#1189 = CALENDAR_DATE ( 2025, 23, 5 ) ;
#1190 = AXIS2_PLACEMENT_3D ( 'NONE', #708, #1362, #826 ) ;
#1191 = ORIENTED_EDGE ( 'NONE', *, *, #640, .T. ) ;
#1192 = VERTEX_POINT ( 'NONE', #597 ) ;
#1193 = AXIS2_PLACEMENT_3D ( 'NONE', #1895, #1902, #1533 ) ;
#1194 = CC_DESIGN_PERSON_AND_ORGANIZATION_ASSIGNMENT ( #1527, #239, ( #791 ) ) ;
#1195 = DIRECTION ( 'NONE',  ( -1.000000000000000000, 0.000000000000000000, 0.000000000000000000 ) ) ;
#1196 = FACE_OUTER_BOUND ( 'NONE', #1375, .T. ) ;
#1197 = EDGE_LOOP ( 'NONE', ( #593, #1864, #333, #51 ) ) ;
#1198 = DIRECTION ( 'NONE',  ( -1.000000000000000000, 0.000000000000000000, 0.000000000000000000 ) ) ;
#1199 = CARTESIAN_POINT ( 'NONE',  ( 5.500000000000000000, -6.379211070675434126E-16, -3.500000000000000000 ) ) ;
#1200 = FACE_OUTER_BOUND ( 'NONE', #1171, .T. ) ;
#1201 = MECHANICAL_CONTEXT ( 'NONE', #2064, 'mechanical' ) ;
#1202 = ADVANCED_FACE ( 'NONE', ( #1739 ), #1138, .T. ) ;
#1203 = ORIENTED_EDGE ( 'NONE', *, *, #178, .T. ) ;
#1204 = EDGE_CURVE ( 'NONE', #795, #26, #787, .T. ) ;
#1205 =( LENGTH_UNIT ( ) NAMED_UNIT ( * ) SI_UNIT ( .MILLI., .METRE. ) );
#1206 = AXIS2_PLACEMENT_3D ( 'NONE', #1541, #1676, #570 ) ;
#1207 = DIRECTION ( 'NONE',  ( -0.8660254037844362651, -0.5000000000000041078, 0.000000000000000000 ) ) ;
#1208 = ORIENTED_EDGE ( 'NONE', *, *, #529, .F. ) ;
#1209 = DIRECTION ( 'NONE',  ( 1.000000000000000000, 0.000000000000000000, 0.000000000000000000 ) ) ;
#1210 = FACE_OUTER_BOUND ( 'NONE', #424, .T. ) ;
#1211 = CYLINDRICAL_SURFACE ( 'NONE', #2055, 2.250000000000000000 ) ;
#1212 = PERSON_AND_ORGANIZATION ( #1550, #691 ) ;
#1213 = EDGE_LOOP ( 'NONE', ( #1518, #1281, #1300, #2000 ) ) ;
#1214 = EDGE_CURVE ( 'NONE', #195, #668, #394, .T. ) ;
#1215 = DIRECTION ( 'NONE',  ( -1.000000000000000000, 0.000000000000000000, 0.000000000000000000 ) ) ;
#1216 = ORIENTED_EDGE ( 'NONE', *, *, #979, .F. ) ;
#1217 = CARTESIAN_POINT ( 'NONE',  ( -9.989637028918149753, 1.249999999999999112, -3.000000000000000000 ) ) ;
#1218 = TOROIDAL_SURFACE ( 'NONE', #488, 1.000000000000000000, 0.5000000000000000000 ) ;
#1219 = DIRECTION ( 'NONE',  ( -1.000000000000000000, 0.000000000000000000, -0.000000000000000000 ) ) ;
#1220 = CARTESIAN_POINT ( 'NONE',  ( -10.56698729810777770, 2.249999999999998668, 3.000000000000000444 ) ) ;
#1221 = EDGE_CURVE ( 'NONE', #1557, #34, #1517, .T. ) ;
#1222 = CARTESIAN_POINT ( 'NONE',  ( 5.500000000000000000, 0.000000000000000000, 3.500000000000000000 ) ) ;
#1223 = VECTOR ( 'NONE', #19, 1000.000000000000000 ) ;
#1224 = VERTEX_POINT ( 'NONE', #1931 ) ;
#1225 = VECTOR ( 'NONE', #1442, 1000.000000000000000 ) ;
#1226 = EDGE_CURVE ( 'NONE', #1133, #574, #140, .T. ) ;
#1227 = LINE ( 'NONE', #1758, #391 ) ;
#1228 = ORIENTED_EDGE ( 'NONE', *, *, #1270, .F. ) ;
#1229 = CARTESIAN_POINT ( 'NONE',  ( 1.191190382581906605E-16, -1.000000000000000000, 0.000000000000000000 ) ) ;
#1230 = CYLINDRICAL_SURFACE ( 'NONE', #215, 0.5000000000000004441 ) ;
#1231 = SPHERICAL_SURFACE ( 'NONE', #422, 0.5000000000000000000 ) ;
#1232 = EDGE_CURVE ( 'NONE', #547, #1133, #996, .T. ) ;
#1233 = VERTEX_POINT ( 'NONE', #469 ) ;
#1234 = DIRECTION ( 'NONE',  ( 1.000000000000000000, 0.000000000000000000, -0.000000000000000000 ) ) ;
#1235 = CARTESIAN_POINT ( 'NONE',  ( -9.556624327025932786, 0.4999999999999992784, -3.500000000000000000 ) ) ;
#1236 = DIRECTION ( 'NONE',  ( -1.000000000000000000, 0.000000000000000000, 0.000000000000000000 ) ) ;
#1237 = AXIS2_PLACEMENT_3D ( 'NONE', #1121, #300, #1767 ) ;
#1238 = DIRECTION ( 'NONE',  ( 1.000000000000000000, 0.000000000000000000, 0.000000000000000000 ) ) ;
#1239 = AXIS2_PLACEMENT_3D ( 'NONE', #232, #1035, #1359 ) ;
#1240 = AXIS2_PLACEMENT_3D ( 'NONE', #1884, #122, #1261 ) ;
#1241 = ORIENTED_EDGE ( 'NONE', *, *, #227, .F. ) ;
#1242 = ORIENTED_EDGE ( 'NONE', *, *, #1489, .T. ) ;
#1243 = DIRECTION ( 'NONE',  ( -1.000000000000000000, 0.000000000000000000, 0.000000000000000000 ) ) ;
#1244 = DIRECTION ( 'NONE',  ( 1.000000000000000000, 1.191190382581906851E-16, 0.000000000000000000 ) ) ;
#1245 = VECTOR ( 'NONE', #651, 1000.000000000000000 ) ;
#1246 = LINE ( 'NONE', #931, #1999 ) ;
#1247 = DIRECTION ( 'NONE',  ( -0.000000000000000000, -0.000000000000000000, 1.000000000000000000 ) ) ;
#1248 = B_SPLINE_CURVE_WITH_KNOTS ( 'NONE', 3,
 ( #16, #1505, #184, #1799, #1979, #1659, #669, #336, #1312, #1843 ),
 .UNSPECIFIED., .F., .F.,
 ( 4, 2, 2, 2, 4 ),
 ( -5.199139336321261261E-06, 0.0005243502182711600769, 0.001053899575878641283, 0.001583448933486122706, 0.002112998291093604129 ),
 .UNSPECIFIED. ) ;
#1249 = ADVANCED_FACE ( 'NONE', ( #314 ), #986, .T. ) ;
#1250 = ORIENTED_EDGE ( 'NONE', *, *, #1226, .T. ) ;
#1251 = ORIENTED_EDGE ( 'NONE', *, *, #1802, .T. ) ;
#1252 = DIRECTION ( 'NONE',  ( 0.000000000000000000, -0.000000000000000000, -1.000000000000000000 ) ) ;
#1253 = EDGE_CURVE ( 'NONE', #207, #497, #1459, .T. ) ;
#1254 = CARTESIAN_POINT ( 'NONE',  ( 2.849999999999999645, -8.738645302295127567E-17, 3.000000000000000000 ) ) ;
#1255 = CARTESIAN_POINT ( 'NONE',  ( 2.849999999999999645, -0.5000000000000000000, -3.000000000000000444 ) ) ;
#1256 = AXIS2_PLACEMENT_3D ( 'NONE', #2077, #328, #977 ) ;
#1257 = CARTESIAN_POINT ( 'NONE',  ( -10.63397459621555896, 2.499999999999999556, -3.500000000000000000 ) ) ;
#1258 = DIRECTION ( 'NONE',  ( -0.000000000000000000, -0.000000000000000000, 1.000000000000000000 ) ) ;
#1259 = EDGE_CURVE ( 'NONE', #653, #1841, #1796, .T. ) ;
#1260 = VERTEX_POINT ( 'NONE', #1631 ) ;
#1261 = DIRECTION ( 'NONE',  ( -1.000000000000000000, 2.168404344971008868E-16, 0.000000000000000000 ) ) ;
#1262 = EDGE_CURVE ( 'NONE', #1521, #614, #57, .T. ) ;
#1263 = LINE ( 'NONE', #776, #270 ) ;
#1264 = FACE_OUTER_BOUND ( 'NONE', #582, .T. ) ;
#1265 = DIRECTION ( 'NONE',  ( 0.000000000000000000, 0.000000000000000000, -1.000000000000000000 ) ) ;
#1266 = CARTESIAN_POINT ( 'NONE',  ( 2.299999999999999822, -1.717944947177033832, 1.238946738172644676E-13 ) ) ;
#1267 = DIRECTION ( 'NONE',  ( 0.000000000000000000, 0.000000000000000000, -1.000000000000000000 ) ) ;
#1268 = AXIS2_PLACEMENT_3D ( 'NONE', #1846, #2024, #1509 ) ;
#1269 = ORIENTED_EDGE ( 'NONE', *, *, #1364, .F. ) ;
#1270 = EDGE_CURVE ( 'NONE', #1548, #475, #1807, .T. ) ;
#1271 = VERTEX_POINT ( 'NONE', #13 ) ;
#1272 = CARTESIAN_POINT ( 'NONE',  ( 6.000000000000000000, 2.499999999999999556, 3.000000000000000000 ) ) ;
#1273 = CARTESIAN_POINT ( 'NONE',  ( -1.850000000000000089, -2.000000000000000000, 2.034698994937580441 ) ) ;
#1274 = DIRECTION ( 'NONE',  ( 1.000000000000000000, -9.227252531791526626E-17, 0.000000000000000000 ) ) ;
#1275 = CIRCLE ( 'NONE', #1268, 1.000000000000000888 ) ;
#1276 = EDGE_CURVE ( 'NONE', #341, #1397, #326, .T. ) ;
#1277 = DIRECTION ( 'NONE',  ( -1.000000000000000000, 2.168404344971009854E-16, -8.673617379884039416E-16 ) ) ;
#1278 = CARTESIAN_POINT ( 'NONE',  ( 5.500000000000000000, 2.999999999999999556, -3.000000000000000444 ) ) ;
#1279 = AXIS2_PLACEMENT_3D ( 'NONE', #1485, #18, #660 ) ;
#1280 = ORIENTED_EDGE ( 'NONE', *, *, #1369, .T. ) ;
#1281 = ORIENTED_EDGE ( 'NONE', *, *, #2008, .T. ) ;
#1282 = DIRECTION ( 'NONE',  ( 0.000000000000000000, 0.000000000000000000, -1.000000000000000000 ) ) ;
#1283 = EDGE_CURVE ( 'NONE', #1568, #323, #290, .T. ) ;
#1284 = CIRCLE ( 'NONE', #1642, 0.5000000000000004441 ) ;
#1285 = DIRECTION ( 'NONE',  ( 1.000000000000000000, 0.000000000000000000, 0.000000000000000000 ) ) ;
#1286 = LINE ( 'NONE', #446, #1016 ) ;
#1287 = AXIS2_PLACEMENT_3D ( 'NONE', #209, #1172, #501 ) ;
#1288 = EDGE_CURVE ( 'NONE', #2035, #535, #229, .T. ) ;
#1289 = DIRECTION ( 'NONE',  ( -2.168404344971009115E-16, 1.000000000000000000, -9.403954806578308822E-32 ) ) ;
#1290 = ORIENTED_EDGE ( 'NONE', *, *, #2070, .T. ) ;
#1291 = VERTEX_POINT ( 'NONE', #961 ) ;
#1292 = DIRECTION ( 'NONE',  ( -1.000000000000000000, -2.168404344971006896E-16, 0.000000000000000000 ) ) ;
#1293 = ORIENTED_EDGE ( 'NONE', *, *, #1923, .T. ) ;
#1294 = CARTESIAN_POINT ( 'NONE',  ( -1.984081143902765465, -1.982798132475057873, -1.706822424221420720 ) ) ;
#1295 = DIRECTION ( 'NONE',  ( 1.000000000000000000, 1.040834085586083310E-14, -8.673617379884027583E-16 ) ) ;
#1296 = CARTESIAN_POINT ( 'NONE',  ( -2.350000000000000089, -1.499999999999999556, 3.500000000000000000 ) ) ;
#1297 = VERTEX_POINT ( 'NONE', #1944 ) ;
#1298 = EDGE_LOOP ( 'NONE', ( #1893, #972, #1019, #899 ) ) ;
#1299 = CARTESIAN_POINT ( 'NONE',  ( 6.000000000000000000, -6.379211070675434126E-16, 3.000000000000000000 ) ) ;
#1300 = ORIENTED_EDGE ( 'NONE', *, *, #236, .T. ) ;
#1301 = CARTESIAN_POINT ( 'NONE',  ( -2.300000000000004707, -1.717944947177023840, -0.1755163475763203140 ) ) ;
#1302 = DIRECTION ( 'NONE',  ( 0.000000000000000000, 0.000000000000000000, -1.000000000000000000 ) ) ;
#1303 = CARTESIAN_POINT ( 'NONE',  ( -10.13397459621555896, -0.5000000000000012212, -3.000000000000000000 ) ) ;
#1304 = CYLINDRICAL_SURFACE ( 'NONE', #767, 0.5000000000000004441 ) ;
#1305 = CIRCLE ( 'NONE', #868, 2.250000000000000000 ) ;
#1306 = ADVANCED_FACE ( 'NONE', ( #1610 ), #798, .F. ) ;
#1307 = AXIS2_PLACEMENT_3D ( 'NONE', #1656, #2052, #269 ) ;
#1308 = ORIENTED_EDGE ( 'NONE', *, *, #1158, .F. ) ;
#1309 = ORIENTED_EDGE ( 'NONE', *, *, #1259, .F. ) ;
#1310 = CARTESIAN_POINT ( 'NONE',  ( 2.097338140412404517, -1.938690399227845695, 1.375509931975657629 ) ) ;
#1311 = ORIENTED_EDGE ( 'NONE', *, *, #929, .T. ) ;
#1312 = CARTESIAN_POINT ( 'NONE',  ( -2.299999999999995381, -1.717944947177044046, 0.1780240874690090513 ) ) ;
#1313 = EDGE_CURVE ( 'NONE', #1978, #39, #1937, .T. ) ;
#1314 = CARTESIAN_POINT ( 'NONE',  ( -10.13397459621555896, -0.5000000000000013323, -3.000000000000000000 ) ) ;
#1315 = CARTESIAN_POINT ( 'NONE',  ( -10.13397459621555896, 2.499999999999999556, -3.000000000000000000 ) ) ;
#1316 = AXIS2_PLACEMENT_3D ( 'NONE', #1381, #558, #1085 ) ;
#1317 = DIRECTION ( 'NONE',  ( -0.000000000000000000, 1.000000000000000000, 0.000000000000000000 ) ) ;
#1318 = ORIENTED_EDGE ( 'NONE', *, *, #435, .F. ) ;
#1319 = ORIENTED_EDGE ( 'NONE', *, *, #299, .F. ) ;
#1320 = CARTESIAN_POINT ( 'NONE',  ( -9.989637028918149753, 0.7499999999999986677, -3.500000000000000000 ) ) ;
#1321 = ORIENTED_EDGE ( 'NONE', *, *, #1782, .T. ) ;
#1322 = DIRECTION ( 'NONE',  ( 0.000000000000000000, 0.000000000000000000, 1.000000000000000000 ) ) ;
#1323 = LINE ( 'NONE', #1980, #518 ) ;
#1324 = CARTESIAN_POINT ( 'NONE',  ( 8.738645302295120172E-17, 0.5000000000000003331, 3.500000000000000000 ) ) ;
#1325 = ADVANCED_FACE ( 'NONE', ( #352 ), #1007, .T. ) ;
#1326 = DIRECTION ( 'NONE',  ( -1.000000000000000000, 0.000000000000000000, 0.000000000000000000 ) ) ;
#1327 = CARTESIAN_POINT ( 'NONE',  ( 1.850000000000000089, -1.500000000000000000, -3.500000000000000000 ) ) ;
#1328 = COORDINATED_UNIVERSAL_TIME_OFFSET ( 1, 0, .AHEAD. ) ;
#1329 = ORIENTED_EDGE ( 'NONE', *, *, #1756, .F. ) ;
#1330 = ORIENTED_EDGE ( 'NONE', *, *, #1502, .F. ) ;
#1331 = CIRCLE ( 'NONE', #1504, 0.5000000000000000000 ) ;
#1332 = ORIENTED_EDGE ( 'NONE', *, *, #1253, .F. ) ;
#1333 = CARTESIAN_POINT ( 'NONE',  ( -9.989637028918149753, 1.249999999999999334, 3.500000000000000000 ) ) ;
#1334 = ADVANCED_FACE ( 'NONE', ( #1879 ), #933, .F. ) ;
#1335 = CIRCLE ( 'NONE', #959, 0.5000000000000000000 ) ;
#1336 = DIRECTION ( 'NONE',  ( 0.000000000000000000, 0.000000000000000000, -1.000000000000000000 ) ) ;
#1337 = ORIENTED_EDGE ( 'NONE', *, *, #393, .T. ) ;
#1338 = CARTESIAN_POINT ( 'NONE',  ( -2.849999999999999645, 0.4999999999999997780, -3.500000000000000000 ) ) ;
#1339 = AXIS2_PLACEMENT_3D ( 'NONE', #498, #3, #1762 ) ;
#1340 = CARTESIAN_POINT ( 'NONE',  ( -10.13397459621555896, 2.999999999999999556, 3.000000000000000000 ) ) ;
#1341 = CYLINDRICAL_SURFACE ( 'NONE', #968, 0.5000000000000004441 ) ;
#1342 = CARTESIAN_POINT ( 'NONE',  ( 0.000000000000000000, 0.000000000000000000, 0.000000000000000000 ) ) ;
#1343 = EDGE_CURVE ( 'NONE', #987, #164, #1088, .T. ) ;
#1344 = ORIENTED_EDGE ( 'NONE', *, *, #2045, .T. ) ;
#1345 = CIRCLE ( 'NONE', #793, 0.5000000000000000000 ) ;
#1346 = ORIENTED_EDGE ( 'NONE', *, *, #2109, .T. ) ;
#1347 = DIRECTION ( 'NONE',  ( -2.168404344971008868E-16, 1.000000000000000000, 0.000000000000000000 ) ) ;
#1348 = DIRECTION ( 'NONE',  ( 0.000000000000000000, 0.000000000000000000, -1.000000000000000000 ) ) ;
#1349 = ORIENTED_EDGE ( 'NONE', *, *, #1777, .F. ) ;
#1350 = CARTESIAN_POINT ( 'NONE',  ( -10.13397459621555896, 2.499999999999999556, 3.000000000000000000 ) ) ;
#1351 = ADVANCED_FACE ( 'NONE', ( #1069 ), #560, .T. ) ;
#1352 = DIRECTION ( 'NONE',  ( 0.000000000000000000, 1.000000000000000000, 0.000000000000000000 ) ) ;
#1353 = ADVANCED_FACE ( 'NONE', ( #561 ), #1218, .T. ) ;
#1354 = PERSON_AND_ORGANIZATION_ROLE ( 'creator' ) ;
#1355 = EDGE_CURVE ( 'NONE', #119, #1297, #1690, .T. ) ;
#1356 = ORIENTED_EDGE ( 'NONE', *, *, #499, .F. ) ;
#1357 = AXIS2_PLACEMENT_3D ( 'NONE', #1472, #857, #703 ) ;
#1358 = CARTESIAN_POINT ( 'NONE',  ( -2.350000000000000089, -1.499999999999999556, -3.000000000000000444 ) ) ;
#1359 = DIRECTION ( 'NONE',  ( 0.000000000000000000, 0.000000000000000000, -1.000000000000000000 ) ) ;
#1360 = ORIENTED_EDGE ( 'NONE', *, *, #1657, .T. ) ;
#1361 = DIRECTION ( 'NONE',  ( -0.000000000000000000, -0.000000000000000000, -1.000000000000000000 ) ) ;
#1362 = DIRECTION ( 'NONE',  ( 0.000000000000000000, 1.000000000000000000, 0.000000000000000000 ) ) ;
#1363 = CARTESIAN_POINT ( 'NONE',  ( -6.517949192431106376, -3.763139720814415945, -3.000000000000000000 ) ) ;
#1364 = EDGE_CURVE ( 'NONE', #1490, #653, #1735, .T. ) ;
#1365 = ORIENTED_EDGE ( 'NONE', *, *, #734, .T. ) ;
#1366 = CARTESIAN_POINT ( 'NONE',  ( -10.13397459621555896, -1.000000000000001332, -3.000000000000000000 ) ) ;
#1367 = VERTEX_POINT ( 'NONE', #1413 ) ;
#1368 = DIRECTION ( 'NONE',  ( -1.000000000000000000, 0.000000000000000000, 0.000000000000000000 ) ) ;
#1369 = EDGE_CURVE ( 'NONE', #1233, #547, #896, .T. ) ;
#1370 = CARTESIAN_POINT ( 'NONE',  ( -10.42264973081037027, 0.9999999999999988898, -3.000000000000000000 ) ) ;
#1371 = DIRECTION ( 'NONE',  ( -1.000000000000000000, 0.000000000000000000, 0.000000000000000000 ) ) ;
#1372 = AXIS2_PLACEMENT_3D ( 'NONE', #1056, #1995, #1855 ) ;
#1373 = DIRECTION ( 'NONE',  ( 0.000000000000000000, -1.000000000000000000, 0.000000000000000000 ) ) ;
#1374 = EDGE_CURVE ( 'NONE', #596, #1898, #1345, .T. ) ;
#1375 = EDGE_LOOP ( 'NONE', ( #1468, #820, #1577 ) ) ;
#1376 = DIRECTION ( 'NONE',  ( -0.8660254037844383745, 0.5000000000000003331, 0.000000000000000000 ) ) ;
#1377 = AXIS2_PLACEMENT_3D ( 'NONE', #1790, #978, #991 ) ;
#1378 = ORIENTED_EDGE ( 'NONE', *, *, #248, .T. ) ;
#1379 = CARTESIAN_POINT ( 'NONE',  ( 2.849999999999999645, -0.5000000000000000000, 3.000000000000000000 ) ) ;
#1380 = EDGE_CURVE ( 'NONE', #668, #614, #1725, .T. ) ;
#1381 = CARTESIAN_POINT ( 'NONE',  ( -4.613626265895763313E-17, -2.000000000000000000, 0.000000000000000000 ) ) ;
#1382 = AXIS2_PLACEMENT_3D ( 'NONE', #2087, #437, #1093 ) ;
#1383 = DIRECTION ( 'NONE',  ( -1.000000000000000000, 0.000000000000000000, -0.000000000000000000 ) ) ;
#1384 = AXIS2_PLACEMENT_3D ( 'NONE', #7, #1774, #329 ) ;
#1385 = CARTESIAN_POINT ( 'NONE',  ( 5.500000000000000000, 0.4999999999999994449, 3.000000000000000000 ) ) ;
#1386 = AXIS2_PLACEMENT_3D ( 'NONE', #1775, #790, #1465 ) ;
#1387 = AXIS2_PLACEMENT_3D ( 'NONE', #75, #892, #1539 ) ;
#1388 = CARTESIAN_POINT ( 'NONE',  ( -7.500000000000000000, -0.5000000000000007772, 3.000000000000000000 ) ) ;
#1389 = CARTESIAN_POINT ( 'NONE',  ( 2.849999999999999645, 0.4999999999999997780, -3.000000000000000000 ) ) ;
#1390 = EDGE_LOOP ( 'NONE', ( #441, #1031, #1783, #1216, #45, #1682, #1692 ) ) ;
#1391 = VECTOR ( 'NONE', #61, 1000.000000000000000 ) ;
#1392 = DIRECTION ( 'NONE',  ( -0.8660254037844385966, 0.5000000000000002220, 0.000000000000000000 ) ) ;
#1393 = TOROIDAL_SURFACE ( 'NONE', #467, 1.000000000000000000, 0.5000000000000000000 ) ;
#1394 = DIRECTION ( 'NONE',  ( 8.673617379884026597E-16, 0.000000000000000000, -1.000000000000000000 ) ) ;
#1395 = DIRECTION ( 'NONE',  ( 1.000000000000000000, 0.000000000000000000, 0.000000000000000000 ) ) ;
#1396 = CARTESIAN_POINT ( 'NONE',  ( 5.500000000000000000, 0.4999999999999993339, 3.500000000000000000 ) ) ;
#1397 = VERTEX_POINT ( 'NONE', #421 ) ;
#1398 = EDGE_LOOP ( 'NONE', ( #1124, #1005, #1794 ) ) ;
#1399 = LINE ( 'NONE', #1084, #1780 ) ;
#1400 = EDGE_CURVE ( 'NONE', #522, #653, #1445, .T. ) ;
#1401 = AXIS2_PLACEMENT_3D ( 'NONE', #1695, #1553, #238 ) ;
#1402 = DIRECTION ( 'NONE',  ( -1.000000000000000000, -0.000000000000000000, 0.000000000000000000 ) ) ;
#1403 = DIRECTION ( 'NONE',  ( -0.5000000000000013323, -0.8660254037844379305, 0.000000000000000000 ) ) ;
#1404 = DIRECTION ( 'NONE',  ( -0.000000000000000000, -0.000000000000000000, 1.000000000000000000 ) ) ;
#1405 = ORIENTED_EDGE ( 'NONE', *, *, #1422, .T. ) ;
#1406 = ORIENTED_EDGE ( 'NONE', *, *, #272, .F. ) ;
#1407 = CARTESIAN_POINT ( 'NONE',  ( -6.000000000000000000, 2.999999999999999556, 3.500000000000000000 ) ) ;
#1408 = CIRCLE ( 'NONE', #484, 1.000000000000000000 ) ;
#1409 = FACE_OUTER_BOUND ( 'NONE', #2106, .T. ) ;
#1410 = VECTOR ( 'NONE', #1282, 1000.000000000000000 ) ;
#1411 = CARTESIAN_POINT ( 'NONE',  ( -10.13397459621555896, -0.5000000000000013323, 3.500000000000000000 ) ) ;
#1412 = ADVANCED_FACE ( 'NONE', ( #1583 ), #1080, .F. ) ;
#1413 = CARTESIAN_POINT ( 'NONE',  ( -8.499999999999996447, -1.000000000000001110, -3.000000000000000000 ) ) ;
#1414 = FACE_OUTER_BOUND ( 'NONE', #1528, .T. ) ;
#1415 = ADVANCED_FACE ( 'NONE', ( #286 ), #1231, .T. ) ;
#1416 = VECTOR ( 'NONE', #1104, 1000.000000000000000 ) ;
#1417 = ORIENTED_EDGE ( 'NONE', *, *, #1587, .T. ) ;
#1418 = SPHERICAL_SURFACE ( 'NONE', #320, 0.5000000000000000000 ) ;
#1419 = DIRECTION ( 'NONE',  ( -0.000000000000000000, -0.000000000000000000, 1.000000000000000000 ) ) ;
#1420 = AXIS2_PLACEMENT_3D ( 'NONE', #1644, #1968, #537 ) ;
#1421 = DIRECTION ( 'NONE',  ( 1.000000000000000000, 0.000000000000000000, 0.000000000000000000 ) ) ;
#1422 = EDGE_CURVE ( 'NONE', #745, #365, #1904, .T. ) ;
#1423 = CARTESIAN_POINT ( 'NONE',  ( 2.349999999999999645, -9.629649721936179265E-32, 3.500000000000000000 ) ) ;
#1424 = DIRECTION ( 'NONE',  ( -1.000000000000000000, -0.000000000000000000, -0.000000000000000000 ) ) ;
#1425 = ORIENTED_EDGE ( 'NONE', *, *, #1698, .F. ) ;
#1426 = ORIENTED_EDGE ( 'NONE', *, *, #1369, .F. ) ;
#1427 = FACE_OUTER_BOUND ( 'NONE', #217, .T. ) ;
#1428 = CARTESIAN_POINT ( 'NONE',  ( 1.191190382581906605E-16, -1.000000000000000000, -3.000000000000000000 ) ) ;
#1429 = APPROVAL ( #711, 'UNSPECIFIED' ) ;
#1430 = CARTESIAN_POINT ( 'NONE',  ( 5.500000000000000000, 0.4999999999999993339, -3.000000000000000444 ) ) ;
#1431 = SPHERICAL_SURFACE ( 'NONE', #2039, 0.5000000000000000000 ) ;
#1432 = AXIS2_PLACEMENT_3D ( 'NONE', #1314, #1800, #337 ) ;
#1433 = VECTOR ( 'NONE', #1547, 1000.000000000000000 ) ;
#1434 = CARTESIAN_POINT ( 'NONE',  ( -1.850000000000000089, -2.000000000000000000, -2.034698994937580441 ) ) ;
#1435 = SPHERICAL_SURFACE ( 'NONE', #1045, 0.5000000000000000000 ) ;
#1436 = AXIS2_PLACEMENT_3D ( 'NONE', #1894, #274, #2075 ) ;
#1437 = EDGE_CURVE ( 'NONE', #675, #1192, #261, .T. ) ;
#1438 = EDGE_LOOP ( 'NONE', ( #1241, #1508, #180, #1112 ) ) ;
#1439 = ORIENTED_EDGE ( 'NONE', *, *, #84, .F. ) ;
#1440 = DIRECTION ( 'NONE',  ( 3.469446951953614189E-15, 0.000000000000000000, 1.000000000000000000 ) ) ;
#1441 = CARTESIAN_POINT ( 'NONE',  ( -2.144982202898919610, -1.906917353955623451, -1.206052280876050542 ) ) ;
#1442 = DIRECTION ( 'NONE',  ( 1.000000000000000000, -9.227252531791526626E-17, 0.000000000000000000 ) ) ;
#1443 = EDGE_CURVE ( 'NONE', #2029, #2001, #2027, .T. ) ;
#1444 = PLANE ( 'NONE',  #1892 ) ;
#1445 = CIRCLE ( 'NONE', #833, 0.5000000000000004441 ) ;
#1446 = TOROIDAL_SURFACE ( 'NONE', #1109, 1.000000000000000000, 0.5000000000000000000 ) ;
#1447 = CARTESIAN_POINT ( 'NONE',  ( -6.000000000000000000, 0.4999999999999992784, -3.000000000000000444 ) ) ;
#1448 = ORIENTED_EDGE ( 'NONE', *, *, #115, .F. ) ;
#1449 = ORIENTED_EDGE ( 'NONE', *, *, #309, .T. ) ;
#1450 = CARTESIAN_POINT ( 'NONE',  ( 0.000000000000000000, 2.499999999999999112, 0.000000000000000000 ) ) ;
#1451 = ORIENTED_EDGE ( 'NONE', *, *, #1437, .T. ) ;
#1452 = FACE_OUTER_BOUND ( 'NONE', #1883, .T. ) ;
#1453 = VECTOR ( 'NONE', #1996, 1000.000000000000000 ) ;
#1454 = DIRECTION ( 'NONE',  ( 0.000000000000000000, 0.000000000000000000, -1.000000000000000000 ) ) ;
#1455 = CIRCLE ( 'NONE', #541, 0.5000000000000000000 ) ;
#1456 = DIRECTION ( 'NONE',  ( -1.000000000000000000, -3.469446951953613794E-15, -0.000000000000000000 ) ) ;
#1457 = EDGE_LOOP ( 'NONE', ( #234, #712, #1872, #634 ) ) ;
#1458 = ORIENTED_EDGE ( 'NONE', *, *, #118, .T. ) ;
#1459 = LINE ( 'NONE', #487, #1719 ) ;
#1460 = VERTEX_POINT ( 'NONE', #571 ) ;
#1461 = LINE ( 'NONE', #1602, #2111 ) ;
#1462 = DIRECTION ( 'NONE',  ( 1.747729060459022802E-16, 1.000000000000000000, -0.000000000000000000 ) ) ;
#1463 = DIRECTION ( 'NONE',  ( 0.8660254037844373753, -0.5000000000000021094, 0.000000000000000000 ) ) ;
#1464 = ADVANCED_FACE ( 'NONE', ( #99 ), #743, .T. ) ;
#1465 = DIRECTION ( 'NONE',  ( -1.000000000000000000, 0.000000000000000000, 0.000000000000000000 ) ) ;
#1466 = CIRCLE ( 'NONE', #753, 0.5000000000000001110 ) ;
#1467 = ADVANCED_FACE ( 'NONE', ( #641 ), #1444, .F. ) ;
#1468 = ORIENTED_EDGE ( 'NONE', *, *, #654, .F. ) ;
#1469 = ORIENTED_EDGE ( 'NONE', *, *, #281, .T. ) ;
#1470 = DIRECTION ( 'NONE',  ( -1.000000000000000000, 1.747729060459022802E-16, -0.000000000000000000 ) ) ;
#1471 = ORIENTED_EDGE ( 'NONE', *, *, #1422, .F. ) ;
#1472 = CARTESIAN_POINT ( 'NONE',  ( -10.13397459621555896, 2.499999999999999112, -3.000000000000000000 ) ) ;
#1473 = DIRECTION ( 'NONE',  ( -1.000000000000000000, 0.000000000000000000, -0.000000000000000000 ) ) ;
#1474 = CARTESIAN_POINT ( 'NONE',  ( -1.384087879768728871E-16, -1.499999999999999778, 3.500000000000000000 ) ) ;
#1475 = DIRECTION ( 'NONE',  ( 0.5000000000000013323, 0.8660254037844379305, 0.000000000000000000 ) ) ;
#1476 = EDGE_CURVE ( 'NONE', #939, #795, #1949, .T. ) ;
#1477 = VECTOR ( 'NONE', #1744, 1000.000000000000000 ) ;
#1478 = ORIENTED_EDGE ( 'NONE', *, *, #710, .T. ) ;
#1479 = EDGE_CURVE ( 'NONE', #1568, #985, #629, .T. ) ;
#1480 = EDGE_LOOP ( 'NONE', ( #539, #327, #385, #1818 ) ) ;
#1481 = CARTESIAN_POINT ( 'NONE',  ( 2.250442291811939555, -1.801594049946292131, 0.6968691403491209524 ) ) ;
#1482 = ORIENTED_EDGE ( 'NONE', *, *, #770, .F. ) ;
#1483 = DIRECTION ( 'NONE',  ( 2.168404344971008868E-16, -1.000000000000000000, -0.000000000000000000 ) ) ;
#1484 = CARTESIAN_POINT ( 'NONE',  ( 2.849999999999999645, -0.5000000000000000000, -3.500000000000000000 ) ) ;
#1485 = CARTESIAN_POINT ( 'NONE',  ( -10.13397459621555896, 2.499999999999999556, 3.000000000000000000 ) ) ;
#1486 = AXIS2_PLACEMENT_3D ( 'NONE', #1571, #893, #436 ) ;
#1487 = FACE_OUTER_BOUND ( 'NONE', #1113, .T. ) ;
#1488 = COORDINATED_UNIVERSAL_TIME_OFFSET ( 1, 0, .AHEAD. ) ;
#1489 = EDGE_CURVE ( 'NONE', #2020, #138, #966, .T. ) ;
#1490 = VERTEX_POINT ( 'NONE', #1119 ) ;
#1491 = ORIENTED_EDGE ( 'NONE', *, *, #796, .F. ) ;
#1492 = EDGE_CURVE ( 'NONE', #1915, #323, #1143, .T. ) ;
#1493 = ORIENTED_EDGE ( 'NONE', *, *, #1802, .F. ) ;
#1494 = CARTESIAN_POINT ( 'NONE',  ( 5.955951912909534257E-17, -0.5000000000000000000, -3.500000000000000000 ) ) ;
#1495 = DIRECTION ( 'NONE',  ( 0.000000000000000000, 0.000000000000000000, -1.000000000000000000 ) ) ;
#1496 = CYLINDRICAL_SURFACE ( 'NONE', #1017, 0.5000000000000001110 ) ;
#1497 = ADVANCED_FACE ( 'NONE', ( #1755 ), #1129, .T. ) ;
#1498 = CARTESIAN_POINT ( 'NONE',  ( 2.098033423757629912, -1.938345081515253199, -1.373306113225572167 ) ) ;
#1499 = VERTEX_POINT ( 'NONE', #1911 ) ;
#1500 = PERSON_AND_ORGANIZATION ( #1550, #691 ) ;
#1501 = ORIENTED_EDGE ( 'NONE', *, *, #512, .T. ) ;
#1502 = EDGE_CURVE ( 'NONE', #1828, #845, #803, .T. ) ;
#1503 = ORIENTED_EDGE ( 'NONE', *, *, #1158, .T. ) ;
#1504 = AXIS2_PLACEMENT_3D ( 'NONE', #1969, #513, #1336 ) ;
#1505 = CARTESIAN_POINT ( 'NONE',  ( -1.921334634461637325, -2.000000000000011102, 1.873238627024776726 ) ) ;
#1506 = AXIS2_PLACEMENT_3D ( 'NONE', #538, #649, #38 ) ;
#1507 = DIRECTION ( 'NONE',  ( 1.000000000000000000, 0.000000000000000000, 0.000000000000000000 ) ) ;
#1508 = ORIENTED_EDGE ( 'NONE', *, *, #1221, .F. ) ;
#1509 = DIRECTION ( 'NONE',  ( -1.000000000000000000, 0.000000000000000000, 0.000000000000000000 ) ) ;
#1510 = CIRCLE ( 'NONE', #1815, 0.5000000000000000000 ) ;
#1511 = CARTESIAN_POINT ( 'NONE',  ( -8.738645302295121404E-17, 0.5000000000000003331, 3.500000000000000000 ) ) ;
#1512 = EDGE_CURVE ( 'NONE', #995, #950, #1286, .T. ) ;
#1513 = FACE_OUTER_BOUND ( 'NONE', #15, .T. ) ;
#1514 = APPROVAL_PERSON_ORGANIZATION ( #1051, #254, #719 ) ;
#1515 = CIRCLE ( 'NONE', #55, 0.4999999999999997780 ) ;
#1516 = ORIENTED_EDGE ( 'NONE', *, *, #158, .T. ) ;
#1517 = CIRCLE ( 'NONE', #657, 2.250000000000000000 ) ;
#1518 = ORIENTED_EDGE ( 'NONE', *, *, #1512, .T. ) ;
#1519 = DIRECTION ( 'NONE',  ( -1.000000000000000000, 0.000000000000000000, 0.000000000000000000 ) ) ;
#1520 = DIRECTION ( 'NONE',  ( 0.5000000000000008882, 0.8660254037844381525, 0.000000000000000000 ) ) ;
#1521 = VERTEX_POINT ( 'NONE', #1938 ) ;
#1522 = CARTESIAN_POINT ( 'NONE',  ( 1.849999999999999867, -2.000000000000000000, -3.000000000000000444 ) ) ;
#1523 = ADVANCED_FACE ( 'NONE', ( #2100 ), #1304, .T. ) ;
#1524 = CARTESIAN_POINT ( 'NONE',  ( -2.849999999999999645, 0.4999999999999997780, 3.500000000000000000 ) ) ;
#1525 = CARTESIAN_POINT ( 'NONE',  ( -7.499999999999996447, 0.4999999999999990563, -3.500000000000000000 ) ) ;
#1526 = CIRCLE ( 'NONE', #1927, 0.5000000000000004441 ) ;
#1527 = PERSON_AND_ORGANIZATION ( #1550, #691 ) ;
#1528 = EDGE_LOOP ( 'NONE', ( #304, #1669, #1090, #1208, #2047, #1953, #1814 ) ) ;
#1529 = AXIS2_PLACEMENT_3D ( 'NONE', #1622, #132, #1764 ) ;
#1530 = FACE_OUTER_BOUND ( 'NONE', #1197, .T. ) ;
#1531 = EDGE_LOOP ( 'NONE', ( #818, #211, #1769, #12 ) ) ;
#1532 = CARTESIAN_POINT ( 'NONE',  ( 0.000000000000000000, -1.499999999999999778, 0.000000000000000000 ) ) ;
#1533 = DIRECTION ( 'NONE',  ( -1.000000000000000000, 0.000000000000000000, 0.000000000000000000 ) ) ;
#1534 = DIRECTION ( 'NONE',  ( 9.227252531791526626E-17, 1.000000000000000000, -0.000000000000000000 ) ) ;
#1535 = EDGE_CURVE ( 'NONE', #985, #2020, #815, .T. ) ;
#1536 = ORIENTED_EDGE ( 'NONE', *, *, #1479, .T. ) ;
#1537 = DIRECTION ( 'NONE',  ( -1.000000000000000000, 0.000000000000000000, 0.000000000000000000 ) ) ;
#1538 = ORIENTED_EDGE ( 'NONE', *, *, #1049, .T. ) ;
#1539 = DIRECTION ( 'NONE',  ( -1.000000000000000000, 9.227252531791526626E-17, 0.000000000000000000 ) ) ;
#1540 = PLANE ( 'NONE',  #2071 ) ;
#1541 = CARTESIAN_POINT ( 'NONE',  ( 1.850000000000000089, -1.500000000000000000, -3.000000000000000000 ) ) ;
#1542 = CIRCLE ( 'NONE', #1098, 0.5000000000000000000 ) ;
#1543 = DIRECTION ( 'NONE',  ( 0.000000000000000000, 0.000000000000000000, 1.000000000000000000 ) ) ;
#1544 = CC_DESIGN_APPROVAL ( #254, ( #967 ) ) ;
#1545 = ORIENTED_EDGE ( 'NONE', *, *, #1595, .T. ) ;
#1546 = EDGE_CURVE ( 'NONE', #173, #1151, #1662, .T. ) ;
#1547 = DIRECTION ( 'NONE',  ( -0.000000000000000000, -0.000000000000000000, 1.000000000000000000 ) ) ;
#1548 = VERTEX_POINT ( 'NONE', #9 ) ;
#1549 = CARTESIAN_POINT ( 'NONE',  ( -7.383974596215546526, 4.263139720814418610, 3.500000000000000000 ) ) ;
#1550 = PERSON ( 'UNSPECIFIED', 'UNSPECIFIED', 'UNSPECIFIED', ('UNSPECIFIED'), ('UNSPECIFIED'), ('UNSPECIFIED') ) ;
#1551 = CARTESIAN_POINT ( 'NONE',  ( -8.499999999999996447, -0.5000000000000009992, -3.000000000000000000 ) ) ;
#1552 = CIRCLE ( 'NONE', #1382, 0.5000000000000000000 ) ;
#1553 = DIRECTION ( 'NONE',  ( 1.000000000000000000, -4.336808689942017736E-16, -0.000000000000000000 ) ) ;
#1554 = CARTESIAN_POINT ( 'NONE',  ( 0.000000000000000000, -1.499999999999999778, 0.000000000000000000 ) ) ;
#1555 = VECTOR ( 'NONE', #2006, 1000.000000000000000 ) ;
#1556 = AXIS2_PLACEMENT_3D ( 'NONE', #245, #408, #1368 ) ;
#1557 = VERTEX_POINT ( 'NONE', #319 ) ;
#1558 = EDGE_CURVE ( 'NONE', #362, #1499, #1052, .T. ) ;
#1559 = ORIENTED_EDGE ( 'NONE', *, *, #358, .T. ) ;
#1560 = VECTOR ( 'NONE', #694, 1000.000000000000000 ) ;
#1561 = DIRECTION ( 'NONE',  ( -1.000000000000000000, 9.227252531791526626E-17, 0.000000000000000000 ) ) ;
#1562 = LINE ( 'NONE', #921, #298 ) ;
#1563 = DIRECTION ( 'NONE',  ( -1.000000000000000000, 0.000000000000000000, 0.000000000000000000 ) ) ;
#1564 = CC_DESIGN_PERSON_AND_ORGANIZATION_ASSIGNMENT ( #865, #1354, ( #241 ) ) ;
#1565 = DIRECTION ( 'NONE',  ( 0.000000000000000000, 0.000000000000000000, -1.000000000000000000 ) ) ;
#1566 = DIRECTION ( 'NONE',  ( 0.000000000000000000, 0.000000000000000000, -1.000000000000000000 ) ) ;
#1567 = EDGE_CURVE ( 'NONE', #1133, #59, #1526, .T. ) ;
#1568 = VERTEX_POINT ( 'NONE', #778 ) ;
#1569 = DIRECTION ( 'NONE',  ( -1.001543065824771964E-15, 0.000000000000000000, -1.000000000000000000 ) ) ;
#1570 = VECTOR ( 'NONE', #700, 1000.000000000000000 ) ;
#1571 = CARTESIAN_POINT ( 'NONE',  ( -8.499999999999996447, -0.5000000000000009992, -3.000000000000000000 ) ) ;
#1572 = FACE_OUTER_BOUND ( 'NONE', #1943, .T. ) ;
#1573 = DIRECTION ( 'NONE',  ( -1.000000000000000000, 0.000000000000000000, 0.000000000000000000 ) ) ;
#1574 = ADVANCED_FACE ( 'NONE', ( #992 ), #1431, .T. ) ;
#1575 = ORIENTED_EDGE ( 'NONE', *, *, #654, .T. ) ;
#1576 = LOCAL_TIME ( 10, 40, 33.00000000000000000, #384 ) ;
#1577 = ORIENTED_EDGE ( 'NONE', *, *, #888, .F. ) ;
#1578 = SPHERICAL_SURFACE ( 'NONE', #584, 0.5000000000000000000 ) ;
#1579 = CARTESIAN_POINT ( 'NONE',  ( -2.014173415693270464, -1.973248176992786318, -1.623753020141979420 ) ) ;
#1580 = VECTOR ( 'NONE', #25, 1000.000000000000000 ) ;
#1581 = LINE ( 'NONE', #124, #843 ) ;
#1582 = ADVANCED_FACE ( 'NONE', ( #1637 ), #609, .T. ) ;
#1583 = FACE_OUTER_BOUND ( 'NONE', #1678, .T. ) ;
#1584 = CARTESIAN_POINT ( 'NONE',  ( -1.849999999999999867, -0.5000000000000002220, -3.000000000000000000 ) ) ;
#1585 = DIRECTION ( 'NONE',  ( -1.000000000000000000, 0.000000000000000000, 0.000000000000000000 ) ) ;
#1586 = AXIS2_PLACEMENT_3D ( 'NONE', #113, #1402, #402 ) ;
#1587 = EDGE_CURVE ( 'NONE', #522, #596, #549, .T. ) ;
#1588 = ORIENTED_EDGE ( 'NONE', *, *, #2109, .F. ) ;
#1589 = ORIENTED_EDGE ( 'NONE', *, *, #1283, .F. ) ;
#1590 = FACE_OUTER_BOUND ( 'NONE', #867, .T. ) ;
#1591 = VECTOR ( 'NONE', #1646, 1000.000000000000000 ) ;
#1592 = DIRECTION ( 'NONE',  ( 1.000000000000000000, -0.000000000000000000, -0.000000000000000000 ) ) ;
#1593 = LINE ( 'NONE', #777, #532 ) ;
#1594 = DIRECTION ( 'NONE',  ( -2.168404344971009361E-16, -1.000000000000000000, 0.000000000000000000 ) ) ;
#1595 = EDGE_CURVE ( 'NONE', #881, #119, #942, .T. ) ;
#1596 = PLANE ( 'NONE',  #1666 ) ;
#1597 = CARTESIAN_POINT ( 'NONE',  ( 0.000000000000000000, 2.499999999999999112, -2.750000000000000000 ) ) ;
#1598 = VERTEX_POINT ( 'NONE', #1340 ) ;
#1599 = EDGE_CURVE ( 'NONE', #39, #795, #782, .T. ) ;
#1600 = ORIENTED_EDGE ( 'NONE', *, *, #1214, .T. ) ;
#1601 = DIRECTION ( 'NONE',  ( 0.000000000000000000, 0.000000000000000000, -1.000000000000000000 ) ) ;
#1602 = CARTESIAN_POINT ( 'NONE',  ( -2.350000000000000089, -1.999999999999999556, 3.000000000000000000 ) ) ;
#1603 = DIRECTION ( 'NONE',  ( -1.000000000000000000, 0.000000000000000000, 0.000000000000000000 ) ) ;
#1604 = CARTESIAN_POINT ( 'NONE',  ( -2.350000000000000089, -1.999999999999999556, -3.000000000000000444 ) ) ;
#1605 = CIRCLE ( 'NONE', #43, 0.5000000000000000000 ) ;
#1606 = CIRCLE ( 'NONE', #1885, 1.000000000000000888 ) ;
#1607 = DIRECTION ( 'NONE',  ( 0.000000000000000000, 8.673617379884035472E-16, -1.000000000000000000 ) ) ;
#1608 = EDGE_LOOP ( 'NONE', ( #1538, #666, #808, #565 ) ) ;
#1609 = ORIENTED_EDGE ( 'NONE', *, *, #913, .F. ) ;
#1610 = FACE_OUTER_BOUND ( 'NONE', #1213, .T. ) ;
#1611 = DIRECTION ( 'NONE',  ( 0.8660254037844383745, 0.5000000000000003331, 0.000000000000000000 ) ) ;
#1612 = AXIS2_PLACEMENT_3D ( 'NONE', #221, #81, #724 ) ;
#1613 = DIRECTION ( 'NONE',  ( 0.8660254037844382635, -0.5000000000000006661, 0.000000000000000000 ) ) ;
#1614 = CARTESIAN_POINT ( 'NONE',  ( -9.845299461620744097, 0.9999999999999991118, -3.500000000000000000 ) ) ;
#1615 = AXIS2_PLACEMENT_3D ( 'NONE', #1554, #116, #438 ) ;
#1616 = CARTESIAN_POINT ( 'NONE',  ( -2.849999999999999645, -0.5000000000000000000, -3.500000000000000000 ) ) ;
#1617 = VERTEX_POINT ( 'NONE', #1524 ) ;
#1618 = ADVANCED_FACE ( 'NONE', ( #1487 ), #1165, .T. ) ;
#1619 = EDGE_LOOP ( 'NONE', ( #2044, #1829, #433, #1643 ) ) ;
#1620 = CARTESIAN_POINT ( 'NONE',  ( 1.921334634461636215, -2.000000000000011102, 1.873238627024776726 ) ) ;
#1621 = ORIENTED_EDGE ( 'NONE', *, *, #112, .T. ) ;
#1622 = CARTESIAN_POINT ( 'NONE',  ( -10.13397459621555896, -0.5000000000000012212, -3.000000000000000000 ) ) ;
#1623 = PLANE ( 'NONE',  #683 ) ;
#1624 = DIRECTION ( 'NONE',  ( 0.000000000000000000, 0.000000000000000000, 1.000000000000000000 ) ) ;
#1625 = CARTESIAN_POINT ( 'NONE',  ( -1.849999999999999645, 4.011548038196366406E-16, 3.500000000000000000 ) ) ;
#1626 = CIRCLE ( 'NONE', #2074, 0.5000000000000005551 ) ;
#1627 = EDGE_CURVE ( 'NONE', #500, #1617, #1003, .T. ) ;
#1628 = ORIENTED_EDGE ( 'NONE', *, *, #1950, .T. ) ;
#1629 = EDGE_LOOP ( 'NONE', ( #452, #423, #562, #1228 ) ) ;
#1630 = ORIENTED_EDGE ( 'NONE', *, *, #1648, .T. ) ;
#1631 = CARTESIAN_POINT ( 'NONE',  ( -1.850000000000000089, -1.999999999999999556, 3.000000000000000000 ) ) ;
#1632 = ORIENTED_EDGE ( 'NONE', *, *, #848, .F. ) ;
#1633 = EDGE_CURVE ( 'NONE', #161, #1898, #542, .T. ) ;
#1634 = CARTESIAN_POINT ( 'NONE',  ( 1.849999999999999867, -1.500000000000000000, 3.000000000000000000 ) ) ;
#1635 = LINE ( 'NONE', #169, #1591 ) ;
#1636 = EDGE_CURVE ( 'NONE', #2001, #207, #53, .T. ) ;
#1637 = FACE_OUTER_BOUND ( 'NONE', #1608, .T. ) ;
#1638 = ADVANCED_FACE ( 'NONE', ( #1210 ), #1857, .F. ) ;
#1639 = ORIENTED_EDGE ( 'NONE', *, *, #227, .T. ) ;
#1640 = VERTEX_POINT ( 'NONE', #699 ) ;
#1641 = DIRECTION ( 'NONE',  ( 0.000000000000000000, 2.168404344971008868E-16, -1.000000000000000000 ) ) ;
#1642 = AXIS2_PLACEMENT_3D ( 'NONE', #1350, #1569, #111 ) ;
#1643 = ORIENTED_EDGE ( 'NONE', *, *, #2012, .F. ) ;
#1644 = CARTESIAN_POINT ( 'NONE',  ( 0.000000000000000000, 2.999999999999999556, 0.000000000000000000 ) ) ;
#1645 = FACE_OUTER_BOUND ( 'NONE', #1042, .T. ) ;
#1646 = DIRECTION ( 'NONE',  ( -1.000000000000000000, 9.227252531791526626E-17, -0.000000000000000000 ) ) ;
#1647 = CARTESIAN_POINT ( 'NONE',  ( 6.000000000000000000, 0.4999999999999993339, 3.500000000000000000 ) ) ;
#1648 = EDGE_CURVE ( 'NONE', #1490, #1898, #910, .T. ) ;
#1649 = CALENDAR_DATE ( 2025, 23, 5 ) ;
#1650 = CIRCLE ( 'NONE', #2028, 0.5000000000000004441 ) ;
#1651 = VECTOR ( 'NONE', #1061, 1000.000000000000000 ) ;
#1652 = CIRCLE ( 'NONE', #731, 0.5000000000000004441 ) ;
#1653 = EDGE_LOOP ( 'NONE', ( #1667, #1157, #960, #1890 ) ) ;
#1654 = ORIENTED_EDGE ( 'NONE', *, *, #964, .T. ) ;
#1655 = CIRCLE ( 'NONE', #1279, 0.5000000000000000000 ) ;
#1656 = CARTESIAN_POINT ( 'NONE',  ( 1.849999999999999645, -1.084202172485505420E-16, -3.000000000000000444 ) ) ;
#1657 = EDGE_CURVE ( 'NONE', #278, #161, #1759, .T. ) ;
#1658 = ORIENTED_EDGE ( 'NONE', *, *, #178, .F. ) ;
#1659 = CARTESIAN_POINT ( 'NONE',  ( -2.221353948963344038, -1.838731443346004690, 0.8674401893935008712 ) ) ;
#1660 = CARTESIAN_POINT ( 'NONE',  ( -6.000000000000000000, -6.379211070675434126E-16, 3.500000000000000000 ) ) ;
#1661 = DIRECTION ( 'NONE',  ( 0.5000000000000013323, 0.8660254037844380415, -0.000000000000000000 ) ) ;
#1662 = CIRCLE ( 'NONE', #1386, 1.000000000000000000 ) ;
#1663 = CARTESIAN_POINT ( 'NONE',  ( 0.000000000000000000, -1.499999999999999778, 0.000000000000000000 ) ) ;
#1664 = CARTESIAN_POINT ( 'NONE',  ( -8.500000000000000000, -0.5000000000000009992, 3.000000000000000000 ) ) ;
#1665 = EDGE_CURVE ( 'NONE', #797, #1291, #536, .T. ) ;
#1666 = AXIS2_PLACEMENT_3D ( 'NONE', #1423, #1746, #936 ) ;
#1667 = ORIENTED_EDGE ( 'NONE', *, *, #84, .T. ) ;
#1668 = ORIENTED_EDGE ( 'NONE', *, *, #856, .T. ) ;
#1669 = ORIENTED_EDGE ( 'NONE', *, *, #1489, .F. ) ;
#1670 = ADVANCED_FACE ( 'NONE', ( #1824 ), #1837, .T. ) ;
#1671 = CARTESIAN_POINT ( 'NONE',  ( -8.499999999999996447, -0.5000000000000009992, -3.500000000000000000 ) ) ;
#1672 = FACE_OUTER_BOUND ( 'NONE', #1438, .T. ) ;
#1673 = ORIENTED_EDGE ( 'NONE', *, *, #897, .T. ) ;
#1674 = CARTESIAN_POINT ( 'NONE',  ( 5.500000000000000000, 2.499999999999999556, 3.000000000000000000 ) ) ;
#1675 = DIRECTION ( 'NONE',  ( 1.000000000000000000, 0.000000000000000000, 0.000000000000000000 ) ) ;
#1676 = DIRECTION ( 'NONE',  ( -4.336808689942017736E-16, 1.000000000000000000, -0.000000000000000000 ) ) ;
#1677 = CIRCLE ( 'NONE', #1206, 0.5000000000000000000 ) ;
#1678 = EDGE_LOOP ( 'NONE', ( #1346, #1795, #335, #847 ) ) ;
#1679 = ORIENTED_EDGE ( 'NONE', *, *, #581, .T. ) ;
#1680 = CARTESIAN_POINT ( 'NONE',  ( 2.849999999999999645, -0.5000000000000000000, 3.000000000000000000 ) ) ;
#1681 = DIRECTION ( 'NONE',  ( 0.000000000000000000, 0.000000000000000000, -1.000000000000000000 ) ) ;
#1682 = ORIENTED_EDGE ( 'NONE', *, *, #888, .T. ) ;
#1683 = FACE_OUTER_BOUND ( 'NONE', #2083, .T. ) ;
#1684 = FACE_OUTER_BOUND ( 'NONE', #764, .T. ) ;
#1685 = DIRECTION ( 'NONE',  ( 0.000000000000000000, 8.673617379884035472E-16, -1.000000000000000000 ) ) ;
#1686 = CC_DESIGN_SECURITY_CLASSIFICATION ( #967, ( #791 ) ) ;
#1687 = PERSON_AND_ORGANIZATION ( #1550, #691 ) ;
#1688 = AXIS2_PLACEMENT_3D ( 'NONE', #73, #714, #243 ) ;
#1689 = ORIENTED_EDGE ( 'NONE', *, *, #929, .F. ) ;
#1690 = CIRCLE ( 'NONE', #1792, 0.5000000000000000000 ) ;
#1691 = ADVANCED_FACE ( 'NONE', ( #1684 ), #874, .T. ) ;
#1692 = ORIENTED_EDGE ( 'NONE', *, *, #619, .F. ) ;
#1693 = FACE_OUTER_BOUND ( 'NONE', #521, .T. ) ;
#1694 = CARTESIAN_POINT ( 'NONE',  ( 0.000000000000000000, 0.000000000000000000, 3.500000000000000000 ) ) ;
#1695 = CARTESIAN_POINT ( 'NONE',  ( -1.849999999999999867, -1.499999999999999556, -3.000000000000000000 ) ) ;
#1696 = CIRCLE ( 'NONE', #233, 0.5000000000000004441 ) ;
#1697 = COORDINATED_UNIVERSAL_TIME_OFFSET ( 1, 0, .AHEAD. ) ;
#1698 = EDGE_CURVE ( 'NONE', #1291, #1845, #346, .T. ) ;
#1699 = EDGE_LOOP ( 'NONE', ( #4, #468, #1167, #1181 ) ) ;
#1700 = AXIS2_PLACEMENT_3D ( 'NONE', #930, #1918, #963 ) ;
#1701 = DIRECTION ( 'NONE',  ( 1.000000000000000000, 0.000000000000000000, -1.224646799147353207E-16 ) ) ;
#1702 = ORIENTED_EDGE ( 'NONE', *, *, #759, .F. ) ;
#1703 = CARTESIAN_POINT ( 'NONE',  ( 5.955951912909533025E-17, -0.5000000000000000000, 3.000000000000000000 ) ) ;
#1704 = LINE ( 'NONE', #2067, #465 ) ;
#1705 = CARTESIAN_POINT ( 'NONE',  ( 2.349999999999999645, 0.4999999999999998890, -3.500000000000000000 ) ) ;
#1706 = DIRECTION ( 'NONE',  ( -0.000000000000000000, 0.000000000000000000, -1.000000000000000000 ) ) ;
#1707 = EDGE_CURVE ( 'NONE', #701, #1978, #268, .T. ) ;
#1708 = CARTESIAN_POINT ( 'NONE',  ( 2.349999999999999645, -0.5000000000000001110, 3.000000000000000000 ) ) ;
#1709 = AXIS2_PLACEMENT_3D ( 'NONE', #525, #1348, #850 ) ;
#1710 = CARTESIAN_POINT ( 'NONE',  ( 3.367778697655221012E-16, 2.499999999999999112, 2.750000000000000000 ) ) ;
#1711 = ORIENTED_EDGE ( 'NONE', *, *, #1665, .F. ) ;
#1712 = DIRECTION ( 'NONE',  ( -1.000000000000000000, 0.000000000000000000, 0.000000000000000000 ) ) ;
#1713 = AXIS2_PLACEMENT_3D ( 'NONE', #1710, #1701, #92 ) ;
#1714 = DIRECTION ( 'NONE',  ( 0.000000000000000000, 0.000000000000000000, -1.000000000000000000 ) ) ;
#1715 = AXIS2_PLACEMENT_3D ( 'NONE', #265, #920, #1243 ) ;
#1716 = DIRECTION ( 'NONE',  ( -1.000000000000000000, 0.000000000000000000, 0.000000000000000000 ) ) ;
#1717 = EDGE_CURVE ( 'NONE', #1100, #950, #599, .T. ) ;
#1718 = VERTEX_POINT ( 'NONE', #266 ) ;
#1719 = VECTOR ( 'NONE', #509, 1000.000000000000000 ) ;
#1720 = ORIENTED_EDGE ( 'NONE', *, *, #652, .T. ) ;
#1721 = FACE_OUTER_BOUND ( 'NONE', #1018, .T. ) ;
#1722 = DIRECTION ( 'NONE',  ( 0.8660254037844383745, 0.5000000000000003331, 0.000000000000000000 ) ) ;
#1723 = AXIS2_PLACEMENT_3D ( 'NONE', #307, #750, #1743 ) ;
#1724 = LINE ( 'NONE', #106, #799 ) ;
#1725 = LINE ( 'NONE', #906, #1477 ) ;
#1726 = EDGE_CURVE ( 'NONE', #574, #950, #1797, .T. ) ;
#1727 = AXIS2_PLACEMENT_3D ( 'NONE', #297, #1960, #1454 ) ;
#1728 = EDGE_LOOP ( 'NONE', ( #834, #901, #1621, #1417 ) ) ;
#1729 = ORIENTED_EDGE ( 'NONE', *, *, #796, .T. ) ;
#1730 = CIRCLE ( 'NONE', #806, 0.5000000000000000000 ) ;
#1731 = DIRECTION ( 'NONE',  ( -0.000000000000000000, 1.000000000000000000, -0.000000000000000000 ) ) ;
#1732 = EDGE_CURVE ( 'NONE', #1260, #701, #1562, .T. ) ;
#1733 = CARTESIAN_POINT ( 'NONE',  ( 2.349999999999999645, -0.5000000000000001110, -3.000000000000000444 ) ) ;
#1734 = DIRECTION ( 'NONE',  ( -1.000000000000000000, -2.168404344971008868E-16, 0.000000000000000000 ) ) ;
#1735 = LINE ( 'NONE', #249, #1107 ) ;
#1736 = ORIENTED_EDGE ( 'NONE', *, *, #1232, .F. ) ;
#1737 = ADVANCED_FACE ( 'NONE', ( #1866 ), #749, .T. ) ;
#1738 = ORIENTED_EDGE ( 'NONE', *, *, #533, .T. ) ;
#1739 = FACE_OUTER_BOUND ( 'NONE', #1699, .T. ) ;
#1740 = VECTOR ( 'NONE', #1371, 1000.000000000000000 ) ;
#1741 = CARTESIAN_POINT ( 'NONE',  ( 1.849999999999999645, -2.000000000000000000, 2.034698994937580885 ) ) ;
#1742 = PRODUCT_DEFINITION_SHAPE ( 'NONE', 'NONE',  #241 ) ;
#1743 = DIRECTION ( 'NONE',  ( -1.000000000000000000, 9.637352644315595243E-17, 0.000000000000000000 ) ) ;
#1744 = DIRECTION ( 'NONE',  ( 1.000000000000000000, 1.191190382581906851E-16, -0.000000000000000000 ) ) ;
#1745 = ADVANCED_FACE ( 'NONE', ( #258 ), #1540, .F. ) ;
#1746 = DIRECTION ( 'NONE',  ( -1.000000000000000000, -2.168404344971008868E-16, 0.000000000000000000 ) ) ;
#1747 = DIRECTION ( 'NONE',  ( -1.000000000000000000, -2.168404344971008868E-16, 0.000000000000000000 ) ) ;
#1748 = ORIENTED_EDGE ( 'NONE', *, *, #1546, .T. ) ;
#1749 = EDGE_LOOP ( 'NONE', ( #721, #1332, #678, #702 ) ) ;
#1750 = CARTESIAN_POINT ( 'NONE',  ( -9.556624327025932786, 1.499999999999999334, -3.500000000000000000 ) ) ;
#1751 = EDGE_CURVE ( 'NONE', #323, #1617, #1155, .T. ) ;
#1752 = DIRECTION ( 'NONE',  ( 2.168404344971009361E-16, 1.000000000000000000, 0.000000000000000000 ) ) ;
#1753 = AXIS2_PLACEMENT_3D ( 'NONE', #1126, #1160, #1641 ) ;
#1754 = FACE_OUTER_BOUND ( 'NONE', #208, .T. ) ;
#1755 = FACE_OUTER_BOUND ( 'NONE', #855, .T. ) ;
#1756 = EDGE_CURVE ( 'NONE', #1185, #1521, #1696, .T. ) ;
#1757 = LINE ( 'NONE', #771, #1776 ) ;
#1758 = CARTESIAN_POINT ( 'NONE',  ( 6.000000000000000000, 2.999999999999999556, -3.000000000000000444 ) ) ;
#1759 = CIRCLE ( 'NONE', #842, 0.5000000000000000000 ) ;
#1760 = VERTEX_POINT ( 'NONE', #1733 ) ;
#1761 = ORIENTED_EDGE ( 'NONE', *, *, #1502, .T. ) ;
#1762 = DIRECTION ( 'NONE',  ( -1.000000000000000000, 1.577021341797097314E-16, 0.000000000000000000 ) ) ;
#1763 = CIRCLE ( 'NONE', #568, 0.5000000000000004441 ) ;
#1764 = DIRECTION ( 'NONE',  ( -1.000000000000000000, 0.000000000000000000, 3.469446951953611033E-15 ) ) ;
#1765 = CIRCLE ( 'NONE', #70, 0.5000000000000004441 ) ;
#1766 = DIRECTION ( 'NONE',  ( -0.000000000000000000, -0.000000000000000000, 1.000000000000000000 ) ) ;
#1767 = DIRECTION ( 'NONE',  ( -1.000000000000000000, 0.000000000000000000, 0.000000000000000000 ) ) ;
#1768 = LINE ( 'NONE', #473, #1144 ) ;
#1769 = ORIENTED_EDGE ( 'NONE', *, *, #1891, .F. ) ;
#1770 = ORIENTED_EDGE ( 'NONE', *, *, #1512, .F. ) ;
#1771 = ORIENTED_EDGE ( 'NONE', *, *, #640, .F. ) ;
#1772 = DIRECTION ( 'NONE',  ( 2.168404344971006649E-16, -1.000000000000000000, -0.000000000000000000 ) ) ;
#1773 = FACE_OUTER_BOUND ( 'NONE', #1749, .T. ) ;
#1774 = DIRECTION ( 'NONE',  ( -0.000000000000000000, 1.000000000000000000, -0.000000000000000000 ) ) ;
#1775 = CARTESIAN_POINT ( 'NONE',  ( 2.849999999999999645, -0.5000000000000000000, 3.500000000000000000 ) ) ;
#1776 = VECTOR ( 'NONE', #1258, 1000.000000000000000 ) ;
#1777 = EDGE_CURVE ( 'NONE', #475, #161, #495, .T. ) ;
#1778 = AXIS2_PLACEMENT_3D ( 'NONE', #1010, #1520, #1376 ) ;
#1779 = DIRECTION ( 'NONE',  ( 1.000000000000000000, 0.000000000000000000, 0.000000000000000000 ) ) ;
#1780 = VECTOR ( 'NONE', #1731, 1000.000000000000000 ) ;
#1781 = ORIENTED_EDGE ( 'NONE', *, *, #886, .T. ) ;
#1782 = EDGE_CURVE ( 'NONE', #1008, #555, #85, .T. ) ;
#1783 = ORIENTED_EDGE ( 'NONE', *, *, #1476, .F. ) ;
#1784 = ORIENTED_EDGE ( 'NONE', *, *, #552, .F. ) ;
#1785 = DIRECTION ( 'NONE',  ( 0.000000000000000000, 1.000000000000000000, 0.000000000000000000 ) ) ;
#1786 = EDGE_LOOP ( 'NONE', ( #242, #1964, #1805, #1405, #1729, #305, #172, #1321, #1319, #193, #523, #1406, #2065, #368 ) ) ;
#1787 = SPHERICAL_SURFACE ( 'NONE', #1529, 0.5000000000000000000 ) ;
#1788 = ADVANCED_FACE ( 'NONE', ( #409 ), #1065, .T. ) ;
#1789 = CIRCLE ( 'NONE', #226, 0.5000000000000000000 ) ;
#1790 = CARTESIAN_POINT ( 'NONE',  ( -6.000000000000000000, 2.499999999999999556, -3.000000000000000444 ) ) ;
#1791 = CARTESIAN_POINT ( 'NONE',  ( -2.849999999999999645, -8.738645302295114009E-17, 3.500000000000000000 ) ) ;
#1792 = AXIS2_PLACEMENT_3D ( 'NONE', #1889, #1706, #260 ) ;
#1793 = ADVANCED_FACE ( 'NONE', ( #1409 ), #727, .T. ) ;
#1794 = ORIENTED_EDGE ( 'NONE', *, *, #2019, .F. ) ;
#1795 = ORIENTED_EDGE ( 'NONE', *, *, #252, .F. ) ;
#1796 = LINE ( 'NONE', #1299, #2030 ) ;
#1797 = CIRCLE ( 'NONE', #878, 0.5000000000000004441 ) ;
#1798 = ORIENTED_EDGE ( 'NONE', *, *, #1756, .T. ) ;
#1799 = CARTESIAN_POINT ( 'NONE',  ( -2.097338140412404517, -1.938690399227845695, 1.375509931975657629 ) ) ;
#1800 = DIRECTION ( 'NONE',  ( -0.000000000000000000, -0.000000000000000000, -1.000000000000000000 ) ) ;
#1801 = CARTESIAN_POINT ( 'NONE',  ( -2.000841448208148758E-32, -1.499999999999999778, 2.250000000000000000 ) ) ;
#1802 = EDGE_CURVE ( 'NONE', #362, #1151, #1059, .T. ) ;
#1803 = DIRECTION ( 'NONE',  ( -0.000000000000000000, -0.000000000000000000, 1.000000000000000000 ) ) ;
#1804 = AXIS2_PLACEMENT_3D ( 'NONE', #801, #952, #1932 ) ;
#1805 = ORIENTED_EDGE ( 'NONE', *, *, #194, .F. ) ;
#1806 = ORIENTED_EDGE ( 'NONE', *, *, #1567, .T. ) ;
#1807 = LINE ( 'NONE', #821, #1410 ) ;
#1808 = ORIENTED_EDGE ( 'NONE', *, *, #1232, .T. ) ;
#1809 = CARTESIAN_POINT ( 'NONE',  ( 2.349999999999999645, -9.629649721936179265E-32, -3.000000000000000444 ) ) ;
#1810 = CARTESIAN_POINT ( 'NONE',  ( -10.63397459621555896, 2.499999999999999556, -3.000000000000000444 ) ) ;
#1811 = LINE ( 'NONE', #1324, #301 ) ;
#1812 = CARTESIAN_POINT ( 'NONE',  ( -10.13397459621555896, -0.5000000000000012212, -3.000000000000000000 ) ) ;
#1813 = COORDINATED_UNIVERSAL_TIME_OFFSET ( 1, 0, .AHEAD. ) ;
#1814 = ORIENTED_EDGE ( 'NONE', *, *, #1732, .F. ) ;
#1815 = AXIS2_PLACEMENT_3D ( 'NONE', #575, #1234, #417 ) ;
#1816 = ORIENTED_EDGE ( 'NONE', *, *, #1343, .T. ) ;
#1817 = CARTESIAN_POINT ( 'NONE',  ( 2.299999999999999822, -1.717944947177033832, 1.238946738172644676E-13 ) ) ;
#1818 = ORIENTED_EDGE ( 'NONE', *, *, #332, .F. ) ;
#1819 = CARTESIAN_POINT ( 'NONE',  ( -10.13397459621555896, -1.000000000000001332, -3.500000000000000000 ) ) ;
#1820 = DIRECTION ( 'NONE',  ( -0.5000000000000013323, 0.8660254037844379305, 0.000000000000000000 ) ) ;
#1821 = DIRECTION ( 'NONE',  ( 7.523163845262633045E-31, 1.000000000000000000, 2.168404344971008868E-16 ) ) ;
#1822 = APPROVAL_PERSON_ORGANIZATION ( #1500, #1880, #506 ) ;
#1823 = EDGE_CURVE ( 'NONE', #1397, #1598, #1704, .T. ) ;
#1824 = FACE_OUTER_BOUND ( 'NONE', #810, .T. ) ;
#1825 = FACE_OUTER_BOUND ( 'NONE', #175, .T. ) ;
#1826 = EDGE_CURVE ( 'NONE', #535, #1367, #1765, .T. ) ;
#1827 = AXIS2_PLACEMENT_3D ( 'NONE', #1255, #914, #1563 ) ;
#1828 = VERTEX_POINT ( 'NONE', #2049 ) ;
#1829 = ORIENTED_EDGE ( 'NONE', *, *, #1038, .T. ) ;
#1830 = ORIENTED_EDGE ( 'NONE', *, *, #1204, .T. ) ;
#1831 = SPHERICAL_SURFACE ( 'NONE', #1287, 0.5000000000000000000 ) ;
#1832 = DIRECTION ( 'NONE',  ( 0.000000000000000000, 0.000000000000000000, -1.000000000000000000 ) ) ;
#1833 = ORIENTED_EDGE ( 'NONE', *, *, #49, .T. ) ;
#1834 = DIRECTION ( 'NONE',  ( -1.000000000000000000, 9.227252531791526626E-17, 0.000000000000000000 ) ) ;
#1835 = AXIS2_PLACEMENT_3D ( 'NONE', #684, #1847, #67 ) ;
#1836 = AXIS2_PLACEMENT_3D ( 'NONE', #1875, #1064, #1712 ) ;
#1837 = SPHERICAL_SURFACE ( 'NONE', #736, 0.5000000000000000000 ) ;
#1838 = PLANE ( 'NONE',  #1921 ) ;
#1839 = CALENDAR_DATE ( 2025, 23, 5 ) ;
#1840 = VECTOR ( 'NONE', #1347, 1000.000000000000000 ) ;
#1841 = VERTEX_POINT ( 'NONE', #1254 ) ;
#1842 = EDGE_LOOP ( 'NONE', ( #1478, #1036, #681 ) ) ;
#1843 = CARTESIAN_POINT ( 'NONE',  ( -2.299999999999999822, -1.717944947177033610, 1.240348190940150286E-13 ) ) ;
#1844 = SPHERICAL_SURFACE ( 'NONE', #141, 0.5000000000000000000 ) ;
#1845 = VERTEX_POINT ( 'NONE', #1235 ) ;
#1846 = CARTESIAN_POINT ( 'NONE',  ( -7.500000000000000000, -0.5000000000000007772, 3.500000000000000000 ) ) ;
#1847 = DIRECTION ( 'NONE',  ( 9.227252531791526626E-17, 1.000000000000000000, -0.000000000000000000 ) ) ;
#1848 = LINE ( 'NONE', #97, #924 ) ;
#1849 = DATE_AND_TIME ( #674, #932 ) ;
#1850 = EDGE_CURVE ( 'NONE', #23, #1760, #431, .T. ) ;
#1851 = CIRCLE ( 'NONE', #1034, 0.5000000000000000000 ) ;
#1852 = EDGE_LOOP ( 'NONE', ( #1458, #644, #72, #763 ) ) ;
#1853 = CYLINDRICAL_SURFACE ( 'NONE', #1688, 0.5000000000000001110 ) ;
#1854 = ORIENTED_EDGE ( 'NONE', *, *, #948, .T. ) ;
#1855 = DIRECTION ( 'NONE',  ( 1.000000000000000000, -2.168404344971008868E-16, 0.000000000000000000 ) ) ;
#1856 = ADVANCED_FACE ( 'NONE', ( #76 ), #717, .F. ) ;
#1857 = PLANE ( 'NONE',  #1835 ) ;
#1858 = SPHERICAL_SURFACE ( 'NONE', #477, 0.5000000000000000000 ) ;
#1859 =( GEOMETRIC_REPRESENTATION_CONTEXT ( 3 ) GLOBAL_UNCERTAINTY_ASSIGNED_CONTEXT ( ( #22 ) ) GLOBAL_UNIT_ASSIGNED_CONTEXT ( ( #1205, #545, #840 ) ) REPRESENTATION_CONTEXT ( 'NONE', 'WORKASPACE' ) );
#1860 = CALENDAR_DATE ( 2025, 23, 5 ) ;
#1861 = ORIENTED_EDGE ( 'NONE', *, *, #1030, .F. ) ;
#1862 = AXIS2_PLACEMENT_3D ( 'NONE', #579, #916, #1238 ) ;
#1863 = DIRECTION ( 'NONE',  ( 0.000000000000000000, 0.000000000000000000, -1.000000000000000000 ) ) ;
#1864 = ORIENTED_EDGE ( 'NONE', *, *, #1627, .F. ) ;
#1865 = DIRECTION ( 'NONE',  ( 0.000000000000000000, 0.000000000000000000, -1.000000000000000000 ) ) ;
#1866 = FACE_OUTER_BOUND ( 'NONE', #35, .T. ) ;
#1867 = ADVANCED_FACE ( 'NONE', ( #1452 ), #1787, .T. ) ;
#1868 = FACE_OUTER_BOUND ( 'NONE', #1728, .T. ) ;
#1869 = VECTOR ( 'NONE', #159, 1000.000000000000000 ) ;
#1870 = CARTESIAN_POINT ( 'NONE',  ( -10.42264973081037027, 0.9999999999999988898, 3.000000000000000444 ) ) ;
#1871 = AXIS2_PLACEMENT_3D ( 'NONE', #493, #355, #186 ) ;
#1872 = ORIENTED_EDGE ( 'NONE', *, *, #1717, .F. ) ;
#1873 = DIRECTION ( 'NONE',  ( 0.000000000000000000, 0.000000000000000000, -1.000000000000000000 ) ) ;
#1874 = ORIENTED_EDGE ( 'NONE', *, *, #27, .F. ) ;
#1875 = CARTESIAN_POINT ( 'NONE',  ( -2.849999999999999645, -0.5000000000000000000, 3.500000000000000000 ) ) ;
#1876 = ADVANCED_FACE ( 'NONE', ( #165 ), #788, .T. ) ;
#1877 = CARTESIAN_POINT ( 'NONE',  ( -7.999999999999996447, 0.4999999999999989453, -3.500000000000000000 ) ) ;
#1878 = CARTESIAN_POINT ( 'NONE',  ( 6.000000000000000000, 0.4999999999999993339, 3.000000000000000000 ) ) ;
#1879 = FACE_OUTER_BOUND ( 'NONE', #2056, .T. ) ;
#1880 = APPROVAL ( #78, 'UNSPECIFIED' ) ;
#1881 = FACE_OUTER_BOUND ( 'NONE', #1298, .T. ) ;
#1882 = AXIS2_PLACEMENT_3D ( 'NONE', #1096, #288, #610 ) ;
#1883 = EDGE_LOOP ( 'NONE', ( #1123, #273, #361 ) ) ;
#1884 = CARTESIAN_POINT ( 'NONE',  ( -1.849999999999999645, -0.5000000000000002220, 3.000000000000000000 ) ) ;
#1885 = AXIS2_PLACEMENT_3D ( 'NONE', #735, #1863, #890 ) ;
#1886 = DIRECTION ( 'NONE',  ( -1.000000000000000000, 5.204170427930416550E-15, 0.000000000000000000 ) ) ;
#1887 = CIRCLE ( 'NONE', #898, 0.5000000000000000000 ) ;
#1888 = ADVANCED_FACE ( 'NONE', ( #1773 ), #812, .T. ) ;
#1889 = CARTESIAN_POINT ( 'NONE',  ( -2.750000000000000000, -1.499999999999999556, 0.000000000000000000 ) ) ;
#1890 = ORIENTED_EDGE ( 'NONE', *, *, #1897, .F. ) ;
#1891 = EDGE_CURVE ( 'NONE', #2020, #1224, #1933, .T. ) ;
#1892 = AXIS2_PLACEMENT_3D ( 'NONE', #1614, #620, #494 ) ;
#1893 = ORIENTED_EDGE ( 'NONE', *, *, #95, .T. ) ;
#1894 = CARTESIAN_POINT ( 'NONE',  ( -10.13397459621555896, 2.499999999999999556, -3.500000000000000000 ) ) ;
#1895 = CARTESIAN_POINT ( 'NONE',  ( 2.849999999999999645, -0.5000000000000000000, -3.000000000000000444 ) ) ;
#1896 = CARTESIAN_POINT ( 'NONE',  ( -10.13397459621555896, -0.5000000000000008882, -3.000000000000000000 ) ) ;
#1897 = EDGE_CURVE ( 'NONE', #1460, #195, #457, .T. ) ;
#1898 = VERTEX_POINT ( 'NONE', #1127 ) ;
#1899 = ORIENTED_EDGE ( 'NONE', *, *, #212, .F. ) ;
#1900 = AXIS2_PLACEMENT_3D ( 'NONE', #1229, #577, #1244 ) ;
#1901 = CYLINDRICAL_SURFACE ( 'NONE', #1715, 0.5000000000000004441 ) ;
#1902 = DIRECTION ( 'NONE',  ( -0.000000000000000000, -0.000000000000000000, 1.000000000000000000 ) ) ;
#1903 = DIRECTION ( 'NONE',  ( 0.8660254037844385966, -0.5000000000000002220, 8.673617379884027583E-16 ) ) ;
#1904 = LINE ( 'NONE', #429, #450 ) ;
#1905 = DIRECTION ( 'NONE',  ( -1.000000000000000000, 0.000000000000000000, 0.000000000000000000 ) ) ;
#1906 = EDGE_CURVE ( 'NONE', #1499, #1260, #1461, .T. ) ;
#1907 = EDGE_LOOP ( 'NONE', ( #110, #917, #690, #510 ) ) ;
#1908 = PLANE ( 'NONE',  #962 ) ;
#1909 = FACE_OUTER_BOUND ( 'NONE', #1531, .T. ) ;
#1910 = DIRECTION ( 'NONE',  ( 2.168404344971009361E-16, 1.000000000000000000, -0.000000000000000000 ) ) ;
#1911 = CARTESIAN_POINT ( 'NONE',  ( 1.849999999999999867, -2.000000000000000000, 3.000000000000000000 ) ) ;
#1912 = VECTOR ( 'NONE', #389, 1000.000000000000000 ) ;
#1913 = CARTESIAN_POINT ( 'NONE',  ( -9.989637028918149753, 1.249999999999999112, 3.000000000000000444 ) ) ;
#1914 = DIRECTION ( 'NONE',  ( 0.000000000000000000, -1.000000000000000000, 0.000000000000000000 ) ) ;
#1915 = VERTEX_POINT ( 'NONE', #284 ) ;
#1916 = ORIENTED_EDGE ( 'NONE', *, *, #1130, .F. ) ;
#1917 = FACE_OUTER_BOUND ( 'NONE', #1398, .T. ) ;
#1918 = DIRECTION ( 'NONE',  ( -4.336808689942018229E-16, -1.000000000000000000, -4.336808689942023652E-16 ) ) ;
#1919 = AXIS2_PLACEMENT_3D ( 'NONE', #83, #726, #540 ) ;
#1920 = DIRECTION ( 'NONE',  ( 0.000000000000000000, 0.000000000000000000, -1.000000000000000000 ) ) ;
#1921 = AXIS2_PLACEMENT_3D ( 'NONE', #1060, #543, #372 ) ;
#1922 = DIRECTION ( 'NONE',  ( 9.227252531791525393E-17, 1.000000000000000000, 0.000000000000000000 ) ) ;
#1923 = EDGE_CURVE ( 'NONE', #535, #1521, #1263, .T. ) ;
#1924 = AXIS2_PLACEMENT_3D ( 'NONE', #965, #1661, #1613 ) ;
#1925 = DIRECTION ( 'NONE',  ( -1.000000000000000000, -1.747729060459023048E-16, -0.000000000000000000 ) ) ;
#1926 = DIRECTION ( 'NONE',  ( 0.000000000000000000, 0.000000000000000000, 1.000000000000000000 ) ) ;
#1927 = AXIS2_PLACEMENT_3D ( 'NONE', #134, #1803, #339 ) ;
#1928 = CIRCLE ( 'NONE', #98, 1.000000000000000888 ) ;
#1929 = ORIENTED_EDGE ( 'NONE', *, *, #870, .T. ) ;
#1930 = EDGE_LOOP ( 'NONE', ( #1632, #1503, #181 ) ) ;
#1931 = CARTESIAN_POINT ( 'NONE',  ( -1.849999999999999867, -1.499999999999999556, -3.500000000000000000 ) ) ;
#1932 = DIRECTION ( 'NONE',  ( 0.000000000000000000, 0.000000000000000000, -1.000000000000000000 ) ) ;
#1933 = CIRCLE ( 'NONE', #1700, 0.5000000000000000000 ) ;
#1934 = CARTESIAN_POINT ( 'NONE',  ( -7.383974596215546526, 4.263139720814418610, -3.000000000000000000 ) ) ;
#1935 = CLOSED_SHELL ( 'NONE', ( #1351, #877, #569, #1867, #955, #576, #1638, #129, #607, #1057, #612, #601, #21, #150, #1745, #135, #1856, #1793, #1306, #1467, #971, #218, #1334, #1067, #312, #2021, #1936, #54, #1582, #10, #482, #1105, #989, #88, #430, #347, #14, #1118, #1788, #676, #975, #376, #462, #918, #1415, #1737, #1325, #1412, #1004, #1618, #1523, #1497, #722, #1574, #1353, #805, #685, #1464, #1202, #2050, #1888, #1188, #832, #589, #1670, #2053, #713, #1876, #143, #1044, #504, #1249, #1691, #903, #166 ) ) ;
#1936 = ADVANCED_FACE ( 'NONE', ( #1909 ), #294, .T. ) ;
#1937 = B_SPLINE_CURVE_WITH_KNOTS ( 'NONE', 3,
 ( #974, #1620, #1150, #1310, #1965, #830, #1481, #196, #1169, #1817 ),
 .UNSPECIFIED., .F., .F.,
 ( 4, 2, 2, 2, 4 ),
 ( -5.199139336321261261E-06, 0.0005243502182711600769, 0.001053899575878641283, 0.001583448933486122706, 0.002112998291093604129 ),
 .UNSPECIFIED. ) ;
#1938 = CARTESIAN_POINT ( 'NONE',  ( -8.000000000000000000, -0.5000000000000008882, 3.000000000000000444 ) ) ;
#1939 = CARTESIAN_POINT ( 'NONE',  ( -7.500000000000000000, -0.5000000000000007772, 3.500000000000000444 ) ) ;
#1940 = ORIENTED_EDGE ( 'NONE', *, *, #2085, .F. ) ;
#1941 = CC_DESIGN_PERSON_AND_ORGANIZATION_ASSIGNMENT ( #1687, #2018, ( #791 ) ) ;
#1942 = ORIENTED_EDGE ( 'NONE', *, *, #1355, .T. ) ;
#1943 = EDGE_LOOP ( 'NONE', ( #1469, #1356, #2095, #432 ) ) ;
#1944 = CARTESIAN_POINT ( 'NONE',  ( -2.299999999999999822, -1.717944947177033610, 1.240348190940150286E-13 ) ) ;
#1945 = ORIENTED_EDGE ( 'NONE', *, *, #1204, .F. ) ;
#1946 = DIRECTION ( 'NONE',  ( -4.956352788505164254E-16, -8.662361802357589286E-32, 1.000000000000000000 ) ) ;
#1947 = FACE_OUTER_BOUND ( 'NONE', #2004, .T. ) ;
#1948 = AXIS2_PLACEMENT_3D ( 'NONE', #1110, #1015, #1607 ) ;
#1949 = LINE ( 'NONE', #459, #528 ) ;
#1950 = EDGE_CURVE ( 'NONE', #1297, #26, #1148, .T. ) ;
#1951 = ORIENTED_EDGE ( 'NONE', *, *, #1636, .F. ) ;
#1952 = EDGE_CURVE ( 'NONE', #59, #497, #1626, .T. ) ;
#1953 = ORIENTED_EDGE ( 'NONE', *, *, #2045, .F. ) ;
#1954 = CARTESIAN_POINT ( 'NONE',  ( -2.849999999999999645, -0.5000000000000000000, 3.000000000000000000 ) ) ;
#1955 = EDGE_LOOP ( 'NONE', ( #696, #1639, #919, #1125 ) ) ;
#1956 = CARTESIAN_POINT ( 'NONE',  ( -1.849999999999999645, -1.084202172485505174E-16, -3.000000000000000444 ) ) ;
#1957 = DIRECTION ( 'NONE',  ( 0.000000000000000000, 0.000000000000000000, -1.000000000000000000 ) ) ;
#1958 = AXIS2_PLACEMENT_3D ( 'NONE', #1097, #947, #2081 ) ;
#1959 = DIRECTION ( 'NONE',  ( -1.000000000000000000, 0.000000000000000000, 3.469446951953611033E-15 ) ) ;
#1960 = DIRECTION ( 'NONE',  ( 1.000000000000000000, 0.000000000000000000, -0.000000000000000000 ) ) ;
#1961 = AXIS2_PLACEMENT_3D ( 'NONE', #2096, #476, #1601 ) ;
#1962 = EDGE_CURVE ( 'NONE', #341, #161, #941, .T. ) ;
#1963 = ORIENTED_EDGE ( 'NONE', *, *, #373, .T. ) ;
#1964 = ORIENTED_EDGE ( 'NONE', *, *, #499, .T. ) ;
#1965 = CARTESIAN_POINT ( 'NONE',  ( 2.144659980808270472, -1.907207860719813963, 1.207492024487830218 ) ) ;
#1966 = AXIS2_PLACEMENT_3D ( 'NONE', #308, #330, #1156 ) ;
#1967 = EDGE_LOOP ( 'NONE', ( #407, #635, #1784 ) ) ;
#1968 = DIRECTION ( 'NONE',  ( 0.000000000000000000, -1.000000000000000000, 0.000000000000000000 ) ) ;
#1969 = CARTESIAN_POINT ( 'NONE',  ( -2.849999999999999645, 0.4999999999999998890, -3.000000000000000444 ) ) ;
#1970 = LINE ( 'NONE', #1474, #1225 ) ;
#1971 = DIRECTION ( 'NONE',  ( 0.000000000000000000, 0.000000000000000000, 1.000000000000000000 ) ) ;
#1972 = CIRCLE ( 'NONE', #1357, 0.5000000000000000000 ) ;
#1973 = PERSON_AND_ORGANIZATION_ROLE ( 'design_owner' ) ;
#1974 = ORIENTED_EDGE ( 'NONE', *, *, #79, .F. ) ;
#1975 = EDGE_CURVE ( 'NONE', #291, #1367, #1140, .T. ) ;
#1976 = ORIENTED_EDGE ( 'NONE', *, *, #1732, .T. ) ;
#1977 = DIRECTION ( 'NONE',  ( 0.5000000000000013323, 0.8660254037844379305, 0.000000000000000000 ) ) ;
#1978 = VERTEX_POINT ( 'NONE', #1741 ) ;
#1979 = CARTESIAN_POINT ( 'NONE',  ( -2.144659980808270472, -1.907207860719813297, 1.207492024487830218 ) ) ;
#1980 = CARTESIAN_POINT ( 'NONE',  ( -10.56698729810778126, 3.250000000000001776, -3.500000000000000000 ) ) ;
#1981 = SPHERICAL_SURFACE ( 'NONE', #732, 0.5000000000000000000 ) ;
#1982 = CARTESIAN_POINT ( 'NONE',  ( 2.144982202898919610, -1.906917353955623673, -1.206052280876050986 ) ) ;
#1983 = EDGE_CURVE ( 'NONE', #844, #535, #742, .T. ) ;
#1984 = DIRECTION ( 'NONE',  ( 8.673617379884026597E-16, -0.000000000000000000, -1.000000000000000000 ) ) ;
#1985 = DATE_TIME_ROLE ( 'classification_date' ) ;
#1986 = AXIS2_PLACEMENT_3D ( 'NONE', #813, #6, #1495 ) ;
#1987 = AXIS2_PLACEMENT_3D ( 'NONE', #573, #880, #563 ) ;
#1988 = ORIENTED_EDGE ( 'NONE', *, *, #287, .F. ) ;
#1989 = AXIS2_PLACEMENT_3D ( 'NONE', #154, #1785, #951 ) ;
#1990 = ORIENTED_EDGE ( 'NONE', *, *, #1492, .F. ) ;
#1991 = VERTEX_POINT ( 'NONE', #1272 ) ;
#1992 = FACE_OUTER_BOUND ( 'NONE', #400, .T. ) ;
#1993 = LINE ( 'NONE', #680, #250 ) ;
#1994 = ORIENTED_EDGE ( 'NONE', *, *, #1443, .T. ) ;
#1995 = DIRECTION ( 'NONE',  ( -2.168404344971009361E-16, -1.000000000000000000, 0.000000000000000000 ) ) ;
#1996 = DIRECTION ( 'NONE',  ( 0.000000000000000000, -1.000000000000000000, -0.000000000000000000 ) ) ;
#1997 = CARTESIAN_POINT ( 'NONE',  ( 1.849999999999999867, -1.500000000000000000, 3.500000000000000000 ) ) ;
#1998 = AXIS2_PLACEMENT_3D ( 'NONE', #923, #1543, #591 ) ;
#1999 = VECTOR ( 'NONE', #1910, 1000.000000000000000 ) ;
#2000 = ORIENTED_EDGE ( 'NONE', *, *, #397, .T. ) ;
#2001 = VERTEX_POINT ( 'NONE', #366 ) ;
#2002 = DIRECTION ( 'NONE',  ( 0.000000000000000000, 0.000000000000000000, -1.000000000000000000 ) ) ;
#2003 = FACE_OUTER_BOUND ( 'NONE', #1786, .T. ) ;
#2004 = EDGE_LOOP ( 'NONE', ( #866, #624, #783, #615 ) ) ;
#2005 = DIRECTION ( 'NONE',  ( 0.000000000000000000, 0.000000000000000000, -1.000000000000000000 ) ) ;
#2006 = DIRECTION ( 'NONE',  ( 1.000000000000000000, 1.747729060459023048E-16, 0.000000000000000000 ) ) ;
#2007 = CARTESIAN_POINT ( 'NONE',  ( -2.350000000000000089, -1.999999999999999556, 3.500000000000000000 ) ) ;
#2008 = EDGE_CURVE ( 'NONE', #950, #59, #199, .T. ) ;
#2009 = APPROVAL_DATE_TIME ( #360, #1880 ) ;
#2010 = AXIS2_PLACEMENT_3D ( 'NONE', #1009, #679, #1023 ) ;
#2011 = ORIENTED_EDGE ( 'NONE', *, *, #734, .F. ) ;
#2012 = EDGE_CURVE ( 'NONE', #164, #1397, #1972, .T. ) ;
#2013 = CARTESIAN_POINT ( 'NONE',  ( -10.13397459621556074, 2.500000000000000000, -3.000000000000000000 ) ) ;
#2014 = ORIENTED_EDGE ( 'NONE', *, *, #2101, .T. ) ;
#2015 = DIRECTION ( 'NONE',  ( 1.000000000000000000, 0.000000000000000000, 0.000000000000000000 ) ) ;
#2016 = CARTESIAN_POINT ( 'NONE',  ( 1.919982519244848307, -1.996159487334286498, -1.871616983968120040 ) ) ;
#2017 = CARTESIAN_POINT ( 'NONE',  ( -10.56698729810777770, -0.2500000000000002220, 3.000000000000000444 ) ) ;
#2018 = PERSON_AND_ORGANIZATION_ROLE ( 'creator' ) ;
#2019 = EDGE_CURVE ( 'NONE', #1260, #138, #240, .T. ) ;
#2020 = VERTEX_POINT ( 'NONE', #1358 ) ;
#2021 = ADVANCED_FACE ( 'NONE', ( #1152 ), #100, .T. ) ;
#2022 = DIRECTION ( 'NONE',  ( 1.000000000000000000, -0.000000000000000000, 0.000000000000000000 ) ) ;
#2023 = ORIENTED_EDGE ( 'NONE', *, *, #1983, .T. ) ;
#2024 = DIRECTION ( 'NONE',  ( -0.000000000000000000, -0.000000000000000000, 1.000000000000000000 ) ) ;
#2025 = DIRECTION ( 'NONE',  ( -0.5000000000000006661, 0.8660254037844382635, 9.835661766082300440E-16 ) ) ;
#2026 = DIRECTION ( 'NONE',  ( -0.000000000000000000, 1.000000000000000000, -0.000000000000000000 ) ) ;
#2027 = LINE ( 'NONE', #1222, #1651 ) ;
#2028 = AXIS2_PLACEMENT_3D ( 'NONE', #401, #1361, #2015 ) ;
#2029 = VERTEX_POINT ( 'NONE', #490 ) ;
#2030 = VECTOR ( 'NONE', #1470, 1000.000000000000000 ) ;
#2031 = EDGE_CURVE ( 'NONE', #872, #1159, #846, .T. ) ;
#2032 = AXIS2_PLACEMENT_3D ( 'NONE', #2007, #1534, #875 ) ;
#2033 = CIRCLE ( 'NONE', #1924, 0.5000000000000006661 ) ;
#2034 = CARTESIAN_POINT ( 'NONE',  ( -2.849999999999999645, -8.738645302295114009E-17, 3.000000000000000000 ) ) ;
#2035 = VERTEX_POINT ( 'NONE', #1671 ) ;
#2036 = LINE ( 'NONE', #716, #1912 ) ;
#2037 = DIRECTION ( 'NONE',  ( -1.000000000000000000, 0.000000000000000000, 0.000000000000000000 ) ) ;
#2038 = DIRECTION ( 'NONE',  ( 0.5000000000000013323, -0.8660254037844379305, 0.000000000000000000 ) ) ;
#2039 = AXIS2_PLACEMENT_3D ( 'NONE', #769, #1421, #2079 ) ;
#2040 = EDGE_CURVE ( 'NONE', #2035, #1291, #869, .T. ) ;
#2041 = DIRECTION ( 'NONE',  ( 1.000000000000000000, 0.000000000000000000, 0.000000000000000000 ) ) ;
#2042 = AXIS2_PLACEMENT_3D ( 'NONE', #1303, #1821, #1959 ) ;
#2043 = VECTOR ( 'NONE', #37, 1000.000000000000000 ) ;
#2044 = ORIENTED_EDGE ( 'NONE', *, *, #1343, .F. ) ;
#2045 = EDGE_CURVE ( 'NONE', #701, #1297, #1248, .T. ) ;
#2046 = DIRECTION ( 'NONE',  ( -1.000000000000000000, -2.168404344971008868E-16, 0.000000000000000000 ) ) ;
#2047 = ORIENTED_EDGE ( 'NONE', *, *, #1950, .F. ) ;
#2048 = CARTESIAN_POINT ( 'NONE',  ( 1.849999999999999867, -0.5000000000000002220, 3.500000000000000000 ) ) ;
#2049 = CARTESIAN_POINT ( 'NONE',  ( -1.849999999999999867, -0.5000000000000002220, 3.500000000000000000 ) ) ;
#2050 = ADVANCED_FACE ( 'NONE', ( #1992 ), #988, .T. ) ;
#2051 = DIRECTION ( 'NONE',  ( 0.000000000000000000, 0.000000000000000000, -1.000000000000000000 ) ) ;
#2052 = DIRECTION ( 'NONE',  ( 2.168404344971008868E-16, -1.000000000000000000, 0.000000000000000000 ) ) ;
#2053 = ADVANCED_FACE ( 'NONE', ( #1183 ), #1831, .T. ) ;
#2054 = ORIENTED_EDGE ( 'NONE', *, *, #397, .F. ) ;
#2055 = AXIS2_PLACEMENT_3D ( 'NONE', #905, #2026, #559 ) ;
#2056 = EDGE_LOOP ( 'NONE', ( #251, #1990, #1974, #508 ) ) ;
#2057 = DIRECTION ( 'NONE',  ( 0.000000000000000000, -1.000000000000000000, 0.000000000000000000 ) ) ;
#2058 = VECTOR ( 'NONE', #554, 1000.000000000000000 ) ;
#2059 = CARTESIAN_POINT ( 'NONE',  ( 5.500000000000000000, 2.499999999999999556, -3.000000000000000000 ) ) ;
#2060 = DIRECTION ( 'NONE',  ( -4.336808689942017736E-16, 1.000000000000000000, -1.880790961315660013E-31 ) ) ;
#2061 = DIRECTION ( 'NONE',  ( -0.000000000000000000, -0.000000000000000000, -1.000000000000000000 ) ) ;
#2062 = ORIENTED_EDGE ( 'NONE', *, *, #303, .F. ) ;
#2063 = AXIS2_PLACEMENT_3D ( 'NONE', #772, #1289, #1747 ) ;
#2064 = APPLICATION_CONTEXT ( 'configuration controlled 3d designs of mechanical parts and assemblies' ) ;
#2065 = ORIENTED_EDGE ( 'NONE', *, *, #206, .T. ) ;
#2066 = CYLINDRICAL_SURFACE ( 'NONE', #1436, 0.5000000000000004441 ) ;
#2067 = CARTESIAN_POINT ( 'NONE',  ( -10.13397459621555896, 2.999999999999999556, 3.500000000000000000 ) ) ;
#2068 = DIRECTION ( 'NONE',  ( -2.168404344971008868E-16, 1.000000000000000000, 0.000000000000000000 ) ) ;
#2069 = DIRECTION ( 'NONE',  ( 1.000000000000000000, 0.000000000000000000, 0.000000000000000000 ) ) ;
#2070 = EDGE_CURVE ( 'NONE', #1598, #1548, #1162, .T. ) ;
#2071 = AXIS2_PLACEMENT_3D ( 'NONE', #1694, #246, #1219 ) ;
#2072 = CARTESIAN_POINT ( 'NONE',  ( 6.000000000000000000, -6.379211070675434126E-16, -3.000000000000000444 ) ) ;
#2073 = ORIENTED_EDGE ( 'NONE', *, *, #663, .F. ) ;
#2074 = AXIS2_PLACEMENT_3D ( 'NONE', #1092, #1102, #1611 ) ;
#2075 = DIRECTION ( 'NONE',  ( -1.000000000000000000, 0.000000000000000000, 0.000000000000000000 ) ) ;
#2076 = EDGE_CURVE ( 'NONE', #195, #291, #28, .T. ) ;
#2077 = CARTESIAN_POINT ( 'NONE',  ( 0.000000000000000000, -1.999999999999999556, 0.000000000000000000 ) ) ;
#2078 = FACE_OUTER_BOUND ( 'NONE', #2105, .T. ) ;
#2079 = DIRECTION ( 'NONE',  ( 0.000000000000000000, 0.000000000000000000, -1.000000000000000000 ) ) ;
#2080 = CARTESIAN_POINT ( 'NONE',  ( 0.000000000000000000, 2.499999999999999112, 2.250000000000000000 ) ) ;
#2081 = DIRECTION ( 'NONE',  ( -1.000000000000000000, 0.000000000000000000, -4.956352788505157351E-16 ) ) ;
#2082 = ORIENTED_EDGE ( 'NONE', *, *, #642, .T. ) ;
#2083 = EDGE_LOOP ( 'NONE', ( #984, #585, #507, #544, #1344, #311, #819 ) ) ;
#2084 = DIRECTION ( 'NONE',  ( -8.673617379884035472E-16, 0.000000000000000000, 1.000000000000000000 ) ) ;
#2085 = EDGE_CURVE ( 'NONE', #1271, #1760, #176, .T. ) ;
#2086 = DIRECTION ( 'NONE',  ( 1.000000000000000000, 1.191190382581906851E-16, 0.000000000000000000 ) ) ;
#2087 = CARTESIAN_POINT ( 'NONE',  ( -1.849999999999999867, -1.499999999999999556, 3.000000000000000000 ) ) ;
#2088 = CIRCLE ( 'NONE', #1173, 1.000000000000000888 ) ;
#2089 = CARTESIAN_POINT ( 'NONE',  ( -1.384087879768728871E-16, -1.499999999999999778, 3.000000000000000000 ) ) ;
#2090 = VECTOR ( 'NONE', #434, 1000.000000000000000 ) ;
#2091 = LINE ( 'NONE', #1108, #102 ) ;
#2092 = DIRECTION ( 'NONE',  ( 1.000000000000000000, 0.000000000000000000, 4.336808689942021680E-16 ) ) ;
#2093 = LOCAL_TIME ( 10, 40, 33.00000000000000000, #1813 ) ;
#2094 = ORIENTED_EDGE ( 'NONE', *, *, #1587, .F. ) ;
#2095 = ORIENTED_EDGE ( 'NONE', *, *, #1648, .F. ) ;
#2096 = CARTESIAN_POINT ( 'NONE',  ( 5.500000000000000000, 2.499999999999999556, -3.000000000000000000 ) ) ;
#2097 = CARTESIAN_POINT ( 'NONE',  ( -2.098033423757629912, -1.938345081515252977, -1.373306113225571501 ) ) ;
#2098 = CARTESIAN_POINT ( 'NONE',  ( -1.849999999999999645, -1.084202172485505174E-16, -3.500000000000000000 ) ) ;
#2099 = AXIS2_PLACEMENT_3D ( 'NONE', #758, #2060, #1086 ) ;
#2100 = FACE_OUTER_BOUND ( 'NONE', #755, .T. ) ;
#2101 = EDGE_CURVE ( 'NONE', #1185, #500, #1455, .T. ) ;
#2102 = CARTESIAN_POINT ( 'NONE',  ( 0.000000000000000000, -1.499999999999999778, 0.000000000000000000 ) ) ;
#2103 = AXIS2_PLACEMENT_3D ( 'NONE', #530, #1675, #661 ) ;
#2104 = ORIENTED_EDGE ( 'NONE', *, *, #594, .T. ) ;
#2105 = EDGE_LOOP ( 'NONE', ( #1575, #313, #256, #1493 ) ) ;
#2106 = EDGE_LOOP ( 'NONE', ( #153, #725, #889, #526 ) ) ;
#2107 = CARTESIAN_POINT ( 'NONE',  ( -11.00000000000000000, 2.999999999999999556, -3.500000000000000000 ) ) ;
#2108 = ORIENTED_EDGE ( 'NONE', *, *, #1146, .T. ) ;
#2109 = EDGE_CURVE ( 'NONE', #1841, #2, #1730, .T. ) ;
#2110 = DIRECTION ( 'NONE',  ( -0.5000000000000013323, 0.8660254037844379305, 0.000000000000000000 ) ) ;
#2111 = VECTOR ( 'NONE', #142, 1000.000000000000000 ) ;
#2112 = FACE_OUTER_BOUND ( 'NONE', #36, .T. ) ;
#2113 = DIRECTION ( 'NONE',  ( -1.000000000000000000, 0.000000000000000000, 0.000000000000000000 ) ) ;
#2114 = EDGE_CURVE ( 'NONE', #2, #1718, #835, .T. ) ;
#2115 = DIRECTION ( 'NONE',  ( 0.000000000000000000, -1.000000000000000000, 0.000000000000000000 ) ) ;
ENDSEC;
END-ISO-10303-21;
