ISO-10303-21;
HEADER;
FILE_DESCRIPTION (( 'STEP AP203' ),
    '1' );
FILE_NAME ('pattes_mobiles_bottom_rail_6.STEP',
    '2025-05-23T09:12:34',
    ( '' ),
    ( '' ),
    'SwSTEP 2.0',
    'SolidWorks 2023',
    '' );
FILE_SCHEMA (( 'CONFIG_CONTROL_DESIGN' ));
ENDSEC;

DATA;
#1 = CARTESIAN_POINT ( 'NONE',  ( -2.350000000000000089, -1.499999999999999556, -3.000000000000000444 ) ) ;
#2 = AXIS2_PLACEMENT_3D ( 'NONE', #1199, #485, #1370 ) ;
#3 = EDGE_CURVE ( 'NONE', #1636, #1289, #2058, .T. ) ;
#4 = CIRCLE ( 'NONE', #1585, 0.5000000000000004441 ) ;
#5 = EDGE_LOOP ( 'NONE', ( #1416, #367, #75, #814 ) ) ;
#6 = CARTESIAN_POINT ( 'NONE',  ( -9.500000000000001776, -0.5000000000000015543, 3.000000000000000000 ) ) ;
#7 = DIRECTION ( 'NONE',  ( 0.000000000000000000, 0.000000000000000000, -1.000000000000000000 ) ) ;
#8 = VECTOR ( 'NONE', #1645, 1000.000000000000000 ) ;
#9 = TOROIDAL_SURFACE ( 'NONE', #1956, 1.000000000000000000, 0.5000000000000000000 ) ;
#10 = CARTESIAN_POINT ( 'NONE',  ( 6.000000000000000000, 0.4999999999999993339, 3.000000000000000000 ) ) ;
#11 = CYLINDRICAL_SURFACE ( 'NONE', #1694, 0.5000000000000006661 ) ;
#12 = ORIENTED_EDGE ( 'NONE', *, *, #973, .T. ) ;
#13 = VECTOR ( 'NONE', #1644, 1000.000000000000000 ) ;
#14 = CIRCLE ( 'NONE', #604, 0.5000000000000000000 ) ;
#15 = CARTESIAN_POINT ( 'NONE',  ( 5.500000000000000000, 0.000000000000000000, 3.000000000000000000 ) ) ;
#16 = CARTESIAN_POINT ( 'NONE',  ( -1.850000000000000089, -1.499999999999999778, 3.000000000000000000 ) ) ;
#17 = ADVANCED_FACE ( 'NONE', ( #914 ), #1795, .T. ) ;
#18 = LINE ( 'NONE', #541, #1581 ) ;
#19 = FACE_OUTER_BOUND ( 'NONE', #1174, .T. ) ;
#20 = DIRECTION ( 'NONE',  ( -5.007715329123859822E-16, -8.673617379884026597E-16, 1.000000000000000000 ) ) ;
#21 = DIRECTION ( 'NONE',  ( -4.336808689942017736E-16, 1.000000000000000000, -1.880790961315660013E-31 ) ) ;
#22 = CARTESIAN_POINT ( 'NONE',  ( 6.000000000000000000, 2.499999999999999556, 3.500000000000000000 ) ) ;
#23 = VERTEX_POINT ( 'NONE', #1446 ) ;
#24 = CARTESIAN_POINT ( 'NONE',  ( 5.500000000000000000, 2.999999999999999556, 3.000000000000000000 ) ) ;
#25 = EDGE_LOOP ( 'NONE', ( #1450, #2138, #922, #1847 ) ) ;
#26 = CARTESIAN_POINT ( 'NONE',  ( -9.500000000000001776, -5.000000000000000888, 3.500000000000000000 ) ) ;
#27 = CARTESIAN_POINT ( 'NONE',  ( -9.500000000000001776, -4.500000000000001776, 3.000000000000000000 ) ) ;
#28 = ADVANCED_FACE ( 'NONE', ( #2149 ), #577, .T. ) ;
#29 = EDGE_CURVE ( 'NONE', #261, #279, #1468, .T. ) ;
#30 = DIRECTION ( 'NONE',  ( -1.000000000000000000, 0.000000000000000000, 0.000000000000000000 ) ) ;
#31 = DIRECTION ( 'NONE',  ( 0.000000000000000000, 0.000000000000000000, -1.000000000000000000 ) ) ;
#32 = VERTEX_POINT ( 'NONE', #1186 ) ;
#33 = EDGE_CURVE ( 'NONE', #401, #1084, #773, .T. ) ;
#34 = DIRECTION ( 'NONE',  ( 0.000000000000000000, 8.673617379884035472E-16, -1.000000000000000000 ) ) ;
#35 = DIRECTION ( 'NONE',  ( -0.000000000000000000, -0.000000000000000000, 1.000000000000000000 ) ) ;
#36 = VECTOR ( 'NONE', #2203, 1000.000000000000114 ) ;
#37 = ORIENTED_EDGE ( 'NONE', *, *, #775, .T. ) ;
#38 = CIRCLE ( 'NONE', #450, 0.5000000000000004441 ) ;
#39 = DIRECTION ( 'NONE',  ( 1.000000000000000000, 0.000000000000000000, 0.000000000000000000 ) ) ;
#40 = ORIENTED_EDGE ( 'NONE', *, *, #1982, .F. ) ;
#41 = EDGE_LOOP ( 'NONE', ( #2190, #664, #632, #1146 ) ) ;
#42 = CIRCLE ( 'NONE', #1689, 0.4999999999999997780 ) ;
#43 = DIRECTION ( 'NONE',  ( 0.000000000000000000, 1.000000000000000000, 0.000000000000000000 ) ) ;
#44 = EDGE_CURVE ( 'NONE', #297, #1073, #1371, .T. ) ;
#45 = DIRECTION ( 'NONE',  ( -0.5000000000000011102, 0.8660254037844380415, 0.000000000000000000 ) ) ;
#46 = ORIENTED_EDGE ( 'NONE', *, *, #789, .F. ) ;
#47 = AXIS2_PLACEMENT_3D ( 'NONE', #1879, #629, #138 ) ;
#48 = ADVANCED_FACE ( 'NONE', ( #1902 ), #332, .F. ) ;
#49 = PRODUCT_DEFINITION ( 'UNKNOWN', '', #1809, #1365 ) ;
#50 = AXIS2_PLACEMENT_3D ( 'NONE', #1382, #683, #1391 ) ;
#51 = CIRCLE ( 'NONE', #2177, 0.9999999999999991118 ) ;
#52 = CARTESIAN_POINT ( 'NONE',  ( -1.898572556302422720, -2.000000000000544009, 0.9175925825118941281 ) ) ;
#53 = AXIS2_PLACEMENT_3D ( 'NONE', #1181, #304, #1536 ) ;
#54 = VERTEX_POINT ( 'NONE', #165 ) ;
#55 = CARTESIAN_POINT ( 'NONE',  ( 1.849999999999999645, -2.000000000000000000, -1.095445115010332815 ) ) ;
#56 = ORIENTED_EDGE ( 'NONE', *, *, #474, .F. ) ;
#57 = CARTESIAN_POINT ( 'NONE',  ( 2.350000000000000089, -1.499999999999999778, 3.500000000000000000 ) ) ;
#58 = DIRECTION ( 'NONE',  ( -3.469446951953611033E-15, -1.000000000000000000, 0.000000000000000000 ) ) ;
#59 = DIRECTION ( 'NONE',  ( -1.000000000000000000, 0.000000000000000000, 0.000000000000000000 ) ) ;
#60 = SHAPE_DEFINITION_REPRESENTATION ( #2189, #1410 ) ;
#61 = EDGE_CURVE ( 'NONE', #1165, #1473, #1738, .T. ) ;
#62 = ORIENTED_EDGE ( 'NONE', *, *, #573, .F. ) ;
#63 = VERTEX_POINT ( 'NONE', #1380 ) ;
#64 = VERTEX_POINT ( 'NONE', #174 ) ;
#65 = VERTEX_POINT ( 'NONE', #2078 ) ;
#66 = CARTESIAN_POINT ( 'NONE',  ( -11.92153903091734257, -1.400000000000001021, 3.000000000000000000 ) ) ;
#67 = DIRECTION ( 'NONE',  ( 0.5000000000000001110, 0.8660254037844387076, -0.000000000000000000 ) ) ;
#68 = FACE_OUTER_BOUND ( 'NONE', #25, .T. ) ;
#69 = EDGE_LOOP ( 'NONE', ( #2166, #1977, #479 ) ) ;
#70 = CALENDAR_DATE ( 2025, 23, 5 ) ;
#71 = B_SPLINE_CURVE_WITH_KNOTS ( 'NONE', 3,
 ( #1654, #963, #439, #77, #93, #1490 ),
 .UNSPECIFIED., .F., .F.,
 ( 4, 2, 4 ),
 ( 0.001099930547789674563, 0.001654779147594208875, 0.002209627747398743187 ),
 .UNSPECIFIED. ) ;
#72 = VERTEX_POINT ( 'NONE', #321 ) ;
#73 = ADVANCED_FACE ( 'NONE', ( #693 ), #1021, .T. ) ;
#74 = CARTESIAN_POINT ( 'NONE',  ( -9.500000000000001776, -4.500000000000001776, -3.000000000000000000 ) ) ;
#75 = ORIENTED_EDGE ( 'NONE', *, *, #1889, .F. ) ;
#76 = AXIS2_PLACEMENT_3D ( 'NONE', #952, #599, #1305 ) ;
#77 = CARTESIAN_POINT ( 'NONE',  ( -1.936658796125914517, -1.993111508171500734, -0.7348759765988960302 ) ) ;
#78 = DIRECTION ( 'NONE',  ( 0.000000000000000000, 0.000000000000000000, -1.000000000000000000 ) ) ;
#79 = CARTESIAN_POINT ( 'NONE',  ( -13.50000000000000000, 1.199999999999998845, 3.500000000000000000 ) ) ;
#80 = ORIENTED_EDGE ( 'NONE', *, *, #660, .F. ) ;
#81 = VECTOR ( 'NONE', #1420, 1000.000000000000000 ) ;
#82 = TOROIDAL_SURFACE ( 'NONE', #2022, 1.000000000000000000, 0.5000000000000000000 ) ;
#83 = DIRECTION ( 'NONE',  ( -0.5000000000000006661, 0.8660254037844382635, -0.000000000000000000 ) ) ;
#84 = AXIS2_PLACEMENT_3D ( 'NONE', #1205, #868, #1769 ) ;
#85 = EDGE_LOOP ( 'NONE', ( #878, #616, #1629, #2199 ) ) ;
#86 = AXIS2_PLACEMENT_3D ( 'NONE', #1739, #1885, #836 ) ;
#87 = ORIENTED_EDGE ( 'NONE', *, *, #103, .T. ) ;
#88 = DIRECTION ( 'NONE',  ( 1.000000000000000000, 0.000000000000000000, 0.000000000000000000 ) ) ;
#89 = CC_DESIGN_APPROVAL ( #1406, ( #1809 ) ) ;
#90 = DIRECTION ( 'NONE',  ( 0.000000000000000000, 0.000000000000000000, 1.000000000000000000 ) ) ;
#91 = EDGE_CURVE ( 'NONE', #1527, #786, #505, .T. ) ;
#92 = ADVANCED_FACE ( 'NONE', ( #19 ), #905, .T. ) ;
#93 = CARTESIAN_POINT ( 'NONE',  ( -1.898726300850891002, -2.000000000000543565, -0.9170296338144309223 ) ) ;
#94 = CARTESIAN_POINT ( 'NONE',  ( -8.500000000000000000, 0.4999999999999989453, 3.000000000000000000 ) ) ;
#95 = CARTESIAN_POINT ( 'NONE',  ( 5.500000000000000000, 0.4999999999999993339, 3.500000000000000000 ) ) ;
#96 = CARTESIAN_POINT ( 'NONE',  ( -13.13397459621556074, -4.500000000000002665, 0.000000000000000000 ) ) ;
#97 = ORIENTED_EDGE ( 'NONE', *, *, #1872, .T. ) ;
#98 = DIRECTION ( 'NONE',  ( -1.000000000000000000, -1.747729060459023048E-16, -0.000000000000000000 ) ) ;
#99 = VERTEX_POINT ( 'NONE', #1063 ) ;
#100 = CARTESIAN_POINT ( 'NONE',  ( 5.500000000000000000, 0.4999999999999994449, -3.000000000000000444 ) ) ;
#101 = CARTESIAN_POINT ( 'NONE',  ( -13.13397459621555896, -4.500000000000002665, -3.000000000000000000 ) ) ;
#102 = LINE ( 'NONE', #79, #2277 ) ;
#103 = EDGE_CURVE ( 'NONE', #113, #1766, #263, .T. ) ;
#104 = ORIENTED_EDGE ( 'NONE', *, *, #624, .F. ) ;
#105 = CARTESIAN_POINT ( 'NONE',  ( -6.000000000000000000, 2.499999999999999556, -3.000000000000000444 ) ) ;
#106 = EDGE_CURVE ( 'NONE', #1817, #1766, #722, .T. ) ;
#107 = DIRECTION ( 'NONE',  ( -1.000000000000000000, 0.000000000000000000, -0.000000000000000000 ) ) ;
#108 = CARTESIAN_POINT ( 'NONE',  ( 5.500000000000000000, 2.499999999999999556, -3.000000000000000000 ) ) ;
#109 = ORIENTED_EDGE ( 'NONE', *, *, #29, .T. ) ;
#110 = DIRECTION ( 'NONE',  ( 0.000000000000000000, 1.000000000000000000, 0.000000000000000000 ) ) ;
#111 = DIRECTION ( 'NONE',  ( 0.000000000000000000, 0.000000000000000000, 1.000000000000000000 ) ) ;
#112 = DIRECTION ( 'NONE',  ( -1.000000000000000000, 9.227252531791526626E-17, 0.000000000000000000 ) ) ;
#113 = VERTEX_POINT ( 'NONE', #2012 ) ;
#114 = AXIS2_PLACEMENT_3D ( 'NONE', #370, #395, #1261 ) ;
#115 = EDGE_CURVE ( 'NONE', #1641, #118, #1984, .T. ) ;
#116 = DIRECTION ( 'NONE',  ( 1.000000000000000000, 0.000000000000000000, 0.000000000000000000 ) ) ;
#117 = CIRCLE ( 'NONE', #699, 0.5000000000000004441 ) ;
#118 = VERTEX_POINT ( 'NONE', #1478 ) ;
#119 = DIRECTION ( 'NONE',  ( 2.168404344971009361E-16, 1.000000000000000000, 0.000000000000000000 ) ) ;
#120 = DIRECTION ( 'NONE',  ( 0.000000000000000000, 0.000000000000000000, -1.000000000000000000 ) ) ;
#121 = AXIS2_PLACEMENT_3D ( 'NONE', #682, #329, #669 ) ;
#122 = EDGE_CURVE ( 'NONE', #565, #675, #921, .T. ) ;
#123 = TOROIDAL_SURFACE ( 'NONE', #600, 1.000000000000000000, 0.5000000000000000000 ) ;
#124 = CIRCLE ( 'NONE', #1512, 2.149999999999999911 ) ;
#125 = FACE_OUTER_BOUND ( 'NONE', #930, .T. ) ;
#126 = AXIS2_PLACEMENT_3D ( 'NONE', #2092, #333, #1015 ) ;
#127 = AXIS2_PLACEMENT_3D ( 'NONE', #2226, #519, #34 ) ;
#128 = CYLINDRICAL_SURFACE ( 'NONE', #633, 0.5000000000000000000 ) ;
#129 = CARTESIAN_POINT ( 'NONE',  ( -11.92153903091734257, -2.400000000000002576, 3.500000000000000000 ) ) ;
#130 = ORIENTED_EDGE ( 'NONE', *, *, #259, .T. ) ;
#131 = EDGE_LOOP ( 'NONE', ( #1684, #1203, #1328 ) ) ;
#132 = ORIENTED_EDGE ( 'NONE', *, *, #61, .F. ) ;
#133 = DIRECTION ( 'NONE',  ( -1.000000000000000000, -2.168404344971008868E-16, 0.000000000000000000 ) ) ;
#134 = LINE ( 'NONE', #2083, #206 ) ;
#135 = ADVANCED_FACE ( 'NONE', ( #447 ), #1653, .F. ) ;
#136 = DIRECTION ( 'NONE',  ( 0.000000000000000000, 0.000000000000000000, -1.000000000000000000 ) ) ;
#137 = ORIENTED_EDGE ( 'NONE', *, *, #1639, .F. ) ;
#138 = DIRECTION ( 'NONE',  ( 0.000000000000000000, 0.000000000000000000, 1.000000000000000000 ) ) ;
#139 = CARTESIAN_POINT ( 'NONE',  ( 2.349999999999999645, -0.5000000000000001110, -3.000000000000000444 ) ) ;
#140 = ORIENTED_EDGE ( 'NONE', *, *, #595, .F. ) ;
#141 = CARTESIAN_POINT ( 'NONE',  ( 0.000000000000000000, 2.499999999999999112, -2.149999999999999911 ) ) ;
#142 = VERTEX_POINT ( 'NONE', #1149 ) ;
#143 = DIRECTION ( 'NONE',  ( 9.227252531791526626E-17, 1.000000000000000000, -0.000000000000000000 ) ) ;
#144 = ADVANCED_FACE ( 'NONE', ( #1678 ), #1851, .T. ) ;
#145 = ORIENTED_EDGE ( 'NONE', *, *, #1649, .F. ) ;
#146 = CARTESIAN_POINT ( 'NONE',  ( -4.613626265895763313E-17, -2.000000000000000000, 0.000000000000000000 ) ) ;
#147 = CARTESIAN_POINT ( 'NONE',  ( -13.50000000000000000, 0.000000000000000000, 3.000000000000000000 ) ) ;
#148 = EDGE_CURVE ( 'NONE', #299, #72, #1756, .T. ) ;
#149 = ORIENTED_EDGE ( 'NONE', *, *, #543, .T. ) ;
#150 = CARTESIAN_POINT ( 'NONE',  ( -1.850000000000000089, -1.999999999999999556, -3.000000000000000444 ) ) ;
#151 = SPHERICAL_SURFACE ( 'NONE', #1507, 0.5000000000000000000 ) ;
#152 = DIRECTION ( 'NONE',  ( -1.000000000000000000, 0.000000000000000000, 0.000000000000000000 ) ) ;
#153 = DIRECTION ( 'NONE',  ( 0.000000000000000000, 0.000000000000000000, -1.000000000000000000 ) ) ;
#154 = ORIENTED_EDGE ( 'NONE', *, *, #1319, .T. ) ;
#155 = AXIS2_PLACEMENT_3D ( 'NONE', #516, #1737, #2259 ) ;
#156 = AXIS2_PLACEMENT_3D ( 'NONE', #74, #110, #777 ) ;
#157 = CARTESIAN_POINT ( 'NONE',  ( -9.000000000000001776, -0.5000000000000014433, -3.000000000000000444 ) ) ;
#158 = AXIS2_PLACEMENT_3D ( 'NONE', #1986, #579, #1997 ) ;
#159 = DIRECTION ( 'NONE',  ( 0.5000000000000011102, -0.8660254037844379305, 0.000000000000000000 ) ) ;
#160 = DIRECTION ( 'NONE',  ( -1.000000000000000000, -1.191190382581906851E-16, 0.000000000000000000 ) ) ;
#161 = DIRECTION ( 'NONE',  ( 0.000000000000000000, 1.000000000000000000, 0.000000000000000000 ) ) ;
#162 = CIRCLE ( 'NONE', #1805, 0.5000000000000000000 ) ;
#163 = ADVANCED_FACE ( 'NONE', ( #377 ), #250, .F. ) ;
#164 = EDGE_CURVE ( 'NONE', #1260, #261, #1511, .T. ) ;
#165 = CARTESIAN_POINT ( 'NONE',  ( 2.000000000000026645, -1.976969600708559094, -9.675065195979921960E-14 ) ) ;
#166 = AXIS2_PLACEMENT_3D ( 'NONE', #1431, #1115, #578 ) ;
#167 = DIRECTION ( 'NONE',  ( 0.000000000000000000, 0.000000000000000000, -1.000000000000000000 ) ) ;
#168 = ORIENTED_EDGE ( 'NONE', *, *, #649, .T. ) ;
#169 = SECURITY_CLASSIFICATION ( '', '', #772 ) ;
#170 = DIRECTION ( 'NONE',  ( -0.000000000000000000, -0.000000000000000000, 1.000000000000000000 ) ) ;
#171 = DIRECTION ( 'NONE',  ( 0.000000000000000000, 0.000000000000000000, 1.000000000000000000 ) ) ;
#172 = ORIENTED_EDGE ( 'NONE', *, *, #1855, .F. ) ;
#173 = CARTESIAN_POINT ( 'NONE',  ( -13.50000000000000000, 1.333974596215562247, 3.500000000000000000 ) ) ;
#174 = CARTESIAN_POINT ( 'NONE',  ( 1.849999999999999867, -2.000000000000000000, 3.000000000000000000 ) ) ;
#175 = LINE ( 'NONE', #2112, #493 ) ;
#176 = DIRECTION ( 'NONE',  ( -1.000000000000000000, 0.000000000000000000, 0.000000000000000000 ) ) ;
#177 = CARTESIAN_POINT ( 'NONE',  ( 8.738645302295120172E-17, 0.5000000000000003331, 3.500000000000000000 ) ) ;
#178 = DIRECTION ( 'NONE',  ( 1.191190382581906605E-16, -1.000000000000000000, 0.000000000000000000 ) ) ;
#179 = CARTESIAN_POINT ( 'NONE',  ( 1.849999999999999645, -2.000000000000000000, -1.095445115010332815 ) ) ;
#180 = ORIENTED_EDGE ( 'NONE', *, *, #318, .T. ) ;
#181 =( LENGTH_UNIT ( ) NAMED_UNIT ( * ) SI_UNIT ( .MILLI., .METRE. ) );
#182 = EDGE_CURVE ( 'NONE', #1155, #1757, #1435, .T. ) ;
#183 = SPHERICAL_SURFACE ( 'NONE', #1327, 0.5000000000000000000 ) ;
#184 = VERTEX_POINT ( 'NONE', #620 ) ;
#185 = DIRECTION ( 'NONE',  ( 1.000000000000000000, 1.747729060459023048E-16, 0.000000000000000000 ) ) ;
#186 = DIRECTION ( 'NONE',  ( -1.000000000000000000, -0.000000000000000000, 0.000000000000000000 ) ) ;
#187 = LINE ( 'NONE', #1429, #1721 ) ;
#188 = LINE ( 'NONE', #236, #2251 ) ;
#189 = LINE ( 'NONE', #882, #2142 ) ;
#190 = VERTEX_POINT ( 'NONE', #1499 ) ;
#191 = EDGE_CURVE ( 'NONE', #1745, #142, #780, .T. ) ;
#192 = FACE_OUTER_BOUND ( 'NONE', #546, .T. ) ;
#193 = EDGE_CURVE ( 'NONE', #1906, #1013, #476, .T. ) ;
#194 = ADVANCED_FACE ( 'NONE', ( #440 ), #2207, .T. ) ;
#195 = ORIENTED_EDGE ( 'NONE', *, *, #1278, .F. ) ;
#196 = DIRECTION ( 'NONE',  ( -1.191190382581906605E-16, 1.000000000000000000, 0.000000000000000000 ) ) ;
#197 = AXIS2_PLACEMENT_3D ( 'NONE', #551, #210, #393 ) ;
#198 = AXIS2_PLACEMENT_3D ( 'NONE', #788, #438, #1680 ) ;
#199 = CARTESIAN_POINT ( 'NONE',  ( -14.00000000000000000, 2.499999999999999556, -3.000000000000000000 ) ) ;
#200 = CIRCLE ( 'NONE', #381, 0.5000000000000004441 ) ;
#201 = CIRCLE ( 'NONE', #1917, 0.5000000000000000000 ) ;
#202 = DIRECTION ( 'NONE',  ( 0.000000000000000000, 0.000000000000000000, 1.000000000000000000 ) ) ;
#203 = DIRECTION ( 'NONE',  ( 0.000000000000000000, -1.000000000000000000, 0.000000000000000000 ) ) ;
#204 = ORIENTED_EDGE ( 'NONE', *, *, #890, .F. ) ;
#205 = DIRECTION ( 'NONE',  ( 0.000000000000000000, -1.000000000000000000, 0.000000000000000000 ) ) ;
#206 = VECTOR ( 'NONE', #665, 1000.000000000000114 ) ;
#207 = EDGE_CURVE ( 'NONE', #299, #64, #1715, .T. ) ;
#208 = CARTESIAN_POINT ( 'NONE',  ( -2.349999999999999645, -4.814824860968089633E-32, -3.000000000000000444 ) ) ;
#209 = ADVANCED_FACE ( 'NONE', ( #2032 ), #466, .F. ) ;
#210 = DIRECTION ( 'NONE',  ( 0.000000000000000000, 0.000000000000000000, -1.000000000000000000 ) ) ;
#211 = DIRECTION ( 'NONE',  ( -0.000000000000000000, 1.000000000000000000, -0.000000000000000000 ) ) ;
#212 = DIRECTION ( 'NONE',  ( 1.000000000000000000, 0.000000000000000000, -0.000000000000000000 ) ) ;
#213 = DIRECTION ( 'NONE',  ( -0.8660254037844382635, -0.5000000000000006661, 0.000000000000000000 ) ) ;
#214 = ORIENTED_EDGE ( 'NONE', *, *, #886, .T. ) ;
#215 = PERSON_AND_ORGANIZATION_ROLE ( 'design_owner' ) ;
#216 = PERSON ( 'UNSPECIFIED', 'UNSPECIFIED', 'UNSPECIFIED', ('UNSPECIFIED'), ('UNSPECIFIED'), ('UNSPECIFIED') ) ;
#217 = CARTESIAN_POINT ( 'NONE',  ( -12.78756443470178183, -1.900000000000001910, -3.000000000000000000 ) ) ;
#218 = VERTEX_POINT ( 'NONE', #2006 ) ;
#219 = ORIENTED_EDGE ( 'NONE', *, *, #29, .F. ) ;
#220 = LINE ( 'NONE', #1793, #1354 ) ;
#221 = VERTEX_POINT ( 'NONE', #1656 ) ;
#222 = ADVANCED_FACE ( 'NONE', ( #945 ), #286, .T. ) ;
#223 = EDGE_CURVE ( 'NONE', #942, #730, #102, .T. ) ;
#224 = LINE ( 'NONE', #1422, #931 ) ;
#225 = DIRECTION ( 'NONE',  ( 9.227252531791526626E-17, 1.000000000000000000, -0.000000000000000000 ) ) ;
#226 = EDGE_LOOP ( 'NONE', ( #2204, #267, #2206, #2146, #486, #1497, #2152 ) ) ;
#227 = APPROVAL_ROLE ( '' ) ;
#228 = CARTESIAN_POINT ( 'NONE',  ( -13.50000000000000000, 2.499999999999999556, 3.500000000000000000 ) ) ;
#229 = AXIS2_PLACEMENT_3D ( 'NONE', #95, #1492, #1466 ) ;
#230 = ORIENTED_EDGE ( 'NONE', *, *, #1405, .T. ) ;
#231 = AXIS2_PLACEMENT_3D ( 'NONE', #433, #1845, #1124 ) ;
#232 = FACE_OUTER_BOUND ( 'NONE', #763, .T. ) ;
#233 = ORIENTED_EDGE ( 'NONE', *, *, #1029, .T. ) ;
#234 = DIRECTION ( 'NONE',  ( -1.000000000000000000, 0.000000000000000000, 0.000000000000000000 ) ) ;
#235 = CIRCLE ( 'NONE', #1765, 0.5000000000000004441 ) ;
#236 = CARTESIAN_POINT ( 'NONE',  ( 6.000000000000000000, 2.499999999999999556, -3.500000000000000000 ) ) ;
#237 = FACE_OUTER_BOUND ( 'NONE', #1569, .T. ) ;
#238 = DIRECTION ( 'NONE',  ( 1.000000000000000000, -0.000000000000000000, 0.000000000000000000 ) ) ;
#239 = EDGE_CURVE ( 'NONE', #659, #548, #1285, .T. ) ;
#240 = CIRCLE ( 'NONE', #382, 0.5000000000000000000 ) ;
#241 = AXIS2_PLACEMENT_3D ( 'NONE', #2004, #1122, #264 ) ;
#242 = ORIENTED_EDGE ( 'NONE', *, *, #751, .T. ) ;
#243 = CIRCLE ( 'NONE', #970, 0.5000000000000000000 ) ;
#244 = APPLICATION_CONTEXT ( 'configuration controlled 3d designs of mechanical parts and assemblies' ) ;
#245 = ORIENTED_EDGE ( 'NONE', *, *, #1152, .T. ) ;
#246 = CARTESIAN_POINT ( 'NONE',  ( -12.35455173280956132, -2.150000000000002132, -3.500000000000000000 ) ) ;
#247 = EDGE_LOOP ( 'NONE', ( #1778, #315, #1014, #1517 ) ) ;
#248 = SPHERICAL_SURFACE ( 'NONE', #1042, 0.5000000000000000000 ) ;
#249 = CARTESIAN_POINT ( 'NONE',  ( -6.000000000000000000, 2.999999999999999556, 3.000000000000000000 ) ) ;
#250 = CYLINDRICAL_SURFACE ( 'NONE', #661, 0.5000000000000000000 ) ;
#251 = ADVANCED_FACE ( 'NONE', ( #68 ), #1998, .T. ) ;
#252 = ORIENTED_EDGE ( 'NONE', *, *, #637, .F. ) ;
#253 = ORIENTED_EDGE ( 'NONE', *, *, #839, .T. ) ;
#254 = DIRECTION ( 'NONE',  ( 0.000000000000000000, -0.000000000000000000, 1.000000000000000000 ) ) ;
#255 = ORIENTED_EDGE ( 'NONE', *, *, #1608, .T. ) ;
#256 = LINE ( 'NONE', #944, #8 ) ;
#257 = DIRECTION ( 'NONE',  ( 0.000000000000000000, 0.000000000000000000, 1.000000000000000000 ) ) ;
#258 = LINE ( 'NONE', #1835, #1041 ) ;
#259 = EDGE_CURVE ( 'NONE', #424, #1817, #278, .T. ) ;
#260 = EDGE_CURVE ( 'NONE', #1280, #368, #627, .T. ) ;
#261 = VERTEX_POINT ( 'NONE', #2172 ) ;
#262 = CARTESIAN_POINT ( 'NONE',  ( 1.849999999999999867, -1.500000000000000000, -3.000000000000000000 ) ) ;
#263 = CIRCLE ( 'NONE', #809, 0.5000000000000000000 ) ;
#264 = DIRECTION ( 'NONE',  ( 0.8660254037844381525, -0.5000000000000007772, 0.000000000000000000 ) ) ;
#265 = CARTESIAN_POINT ( 'NONE',  ( 2.849999999999999645, 0.4999999999999997780, 3.500000000000000000 ) ) ;
#266 = DIRECTION ( 'NONE',  ( -1.000000000000000000, 0.000000000000000000, 0.000000000000000000 ) ) ;
#267 = ORIENTED_EDGE ( 'NONE', *, *, #1563, .T. ) ;
#268 = TOROIDAL_SURFACE ( 'NONE', #121, 2.149999999999999911, 0.5000000000000000000 ) ;
#269 = DIRECTION ( 'NONE',  ( -1.000000000000000000, 9.227252531791526626E-17, -0.000000000000000000 ) ) ;
#270 = VECTOR ( 'NONE', #160, 1000.000000000000000 ) ;
#271 = ORIENTED_EDGE ( 'NONE', *, *, #1505, .F. ) ;
#272 = CIRCLE ( 'NONE', #86, 0.5000000000000007772 ) ;
#273 = EDGE_CURVE ( 'NONE', #334, #2148, #2099, .T. ) ;
#274 = CARTESIAN_POINT ( 'NONE',  ( 1.650000000000000355, -1.500000000000000000, 2.326828918379971858E-16 ) ) ;
#275 = AXIS2_PLACEMENT_3D ( 'NONE', #364, #205, #1940 ) ;
#276 = EDGE_CURVE ( 'NONE', #401, #310, #737, .T. ) ;
#277 = DIRECTION ( 'NONE',  ( 0.000000000000000000, 1.000000000000000000, 0.000000000000000000 ) ) ;
#278 = LINE ( 'NONE', #976, #36 ) ;
#279 = VERTEX_POINT ( 'NONE', #984 ) ;
#280 = ORIENTED_EDGE ( 'NONE', *, *, #1226, .T. ) ;
#281 = CARTESIAN_POINT ( 'NONE',  ( -2.350000000000000089, -1.499999999999999556, -3.500000000000000000 ) ) ;
#282 = DIRECTION ( 'NONE',  ( 0.000000000000000000, 0.000000000000000000, -1.000000000000000000 ) ) ;
#283 = CARTESIAN_POINT ( 'NONE',  ( -11.92153903091734257, -2.400000000000002576, 3.000000000000000444 ) ) ;
#284 = ORIENTED_EDGE ( 'NONE', *, *, #724, .T. ) ;
#285 = CARTESIAN_POINT ( 'NONE',  ( -13.13397459621556074, -5.000000000000001776, 3.000000000000000000 ) ) ;
#286 = CYLINDRICAL_SURFACE ( 'NONE', #229, 0.5000000000000004441 ) ;
#287 = ORIENTED_EDGE ( 'NONE', *, *, #1911, .T. ) ;
#288 = ORIENTED_EDGE ( 'NONE', *, *, #1438, .F. ) ;
#289 = EDGE_CURVE ( 'NONE', #1289, #1527, #1682, .T. ) ;
#290 = DIRECTION ( 'NONE',  ( 0.000000000000000000, 0.000000000000000000, -1.000000000000000000 ) ) ;
#291 = EDGE_LOOP ( 'NONE', ( #1891, #1852, #1057, #939 ) ) ;
#292 = DIRECTION ( 'NONE',  ( -1.000000000000000000, -1.747729060459023048E-16, 0.000000000000000000 ) ) ;
#293 = ORIENTED_EDGE ( 'NONE', *, *, #191, .F. ) ;
#294 = CARTESIAN_POINT ( 'NONE',  ( -2.849999999999999645, -8.738645302295114009E-17, 3.500000000000000000 ) ) ;
#295 = CARTESIAN_POINT ( 'NONE',  ( -2.350000000000000089, -1.499999999999999556, 3.500000000000000000 ) ) ;
#296 = CARTESIAN_POINT ( 'NONE',  ( -9.000000000000001776, -0.5000000000000014433, 3.500000000000000000 ) ) ;
#297 = VERTEX_POINT ( 'NONE', #139 ) ;
#298 = ORIENTED_EDGE ( 'NONE', *, *, #679, .F. ) ;
#299 = VERTEX_POINT ( 'NONE', #2080 ) ;
#300 = AXIS2_PLACEMENT_3D ( 'NONE', #1311, #2194, #642 ) ;
#301 = CARTESIAN_POINT ( 'NONE',  ( 1.849999999999999645, -0.5000000000000002220, -3.000000000000000444 ) ) ;
#302 = VECTOR ( 'NONE', #161, 1000.000000000000000 ) ;
#303 = ORIENTED_EDGE ( 'NONE', *, *, #1771, .F. ) ;
#304 = DIRECTION ( 'NONE',  ( 0.000000000000000000, 0.000000000000000000, 1.000000000000000000 ) ) ;
#305 = AXIS2_PLACEMENT_3D ( 'NONE', #619, #1823, #1483 ) ;
#306 = AXIS2_PLACEMENT_3D ( 'NONE', #1360, #1201, #1918 ) ;
#307 = CARTESIAN_POINT ( 'NONE',  ( -13.50000000000000000, 1.333974596215560915, -3.000000000000000000 ) ) ;
#308 = CIRCLE ( 'NONE', #936, 0.5000000000000000000 ) ;
#309 = DIRECTION ( 'NONE',  ( 0.000000000000000000, 1.000000000000000000, -8.673617379884043361E-16 ) ) ;
#310 = VERTEX_POINT ( 'NONE', #695 ) ;
#311 = CIRCLE ( 'NONE', #275, 0.5000000000000000000 ) ;
#312 = LINE ( 'NONE', #1011, #2063 ) ;
#313 = DIRECTION ( 'NONE',  ( 1.000000000000000000, 2.168404344971008868E-16, 0.000000000000000000 ) ) ;
#314 = ORIENTED_EDGE ( 'NONE', *, *, #260, .T. ) ;
#315 = ORIENTED_EDGE ( 'NONE', *, *, #2227, .T. ) ;
#316 = CARTESIAN_POINT ( 'NONE',  ( -13.13397459621555896, -4.500000000000002665, -3.500000000000000000 ) ) ;
#317 = CARTESIAN_POINT ( 'NONE',  ( -12.78756443470178183, -1.900000000000001910, 3.000000000000000444 ) ) ;
#318 = EDGE_CURVE ( 'NONE', #190, #774, #1623, .T. ) ;
#319 = ORIENTED_EDGE ( 'NONE', *, *, #623, .F. ) ;
#320 = DIRECTION ( 'NONE',  ( -4.336808689942017736E-16, -1.000000000000000000, -8.673617379884035472E-16 ) ) ;
#321 = CARTESIAN_POINT ( 'NONE',  ( 1.849999999999999867, -0.5000000000000002220, 3.500000000000000000 ) ) ;
#322 = DIRECTION ( 'NONE',  ( 0.000000000000000000, 0.000000000000000000, -1.000000000000000000 ) ) ;
#323 = DIRECTION ( 'NONE',  ( 0.000000000000000000, 1.000000000000000000, 0.000000000000000000 ) ) ;
#324 = CARTESIAN_POINT ( 'NONE',  ( -12.78756443470178183, -1.900000000000001910, 3.500000000000000000 ) ) ;
#325 = EDGE_LOOP ( 'NONE', ( #1257, #961, #2256, #1716 ) ) ;
#326 = CARTESIAN_POINT ( 'NONE',  ( 0.000000000000000000, -1.499999999999999778, 0.000000000000000000 ) ) ;
#327 = ADVANCED_FACE ( 'NONE', ( #1383 ), #1544, .T. ) ;
#328 = APPROVAL ( #1954, 'UNSPECIFIED' ) ;
#329 = DIRECTION ( 'NONE',  ( 0.000000000000000000, -1.000000000000000000, 0.000000000000000000 ) ) ;
#330 = DIRECTION ( 'NONE',  ( 1.747729060459022802E-16, 1.000000000000000000, -0.000000000000000000 ) ) ;
#331 = LINE ( 'NONE', #2050, #1033 ) ;
#332 = PLANE ( 'NONE',  #1616 ) ;
#333 = DIRECTION ( 'NONE',  ( 1.000000000000000000, -0.000000000000000000, 0.000000000000000000 ) ) ;
#334 = VERTEX_POINT ( 'NONE', #2091 ) ;
#335 = ORIENTED_EDGE ( 'NONE', *, *, #529, .T. ) ;
#336 = CARTESIAN_POINT ( 'NONE',  ( -4.613626265895763313E-17, -2.000000000000000000, 0.000000000000000000 ) ) ;
#337 = VECTOR ( 'NONE', #254, 1000.000000000000000 ) ;
#338 = DIRECTION ( 'NONE',  ( 1.191190382581906851E-16, -1.000000000000000000, 0.000000000000000000 ) ) ;
#339 = VECTOR ( 'NONE', #196, 1000.000000000000000 ) ;
#340 = AXIS2_PLACEMENT_3D ( 'NONE', #1655, #277, #779 ) ;
#341 = ORIENTED_EDGE ( 'NONE', *, *, #1911, .F. ) ;
#342 = DIRECTION ( 'NONE',  ( 0.000000000000000000, 0.000000000000000000, -1.000000000000000000 ) ) ;
#343 = AXIS2_PLACEMENT_3D ( 'NONE', #1457, #2118, #547 ) ;
#344 = EDGE_CURVE ( 'NONE', #23, #142, #117, .T. ) ;
#345 = ORIENTED_EDGE ( 'NONE', *, *, #1957, .F. ) ;
#346 = CARTESIAN_POINT ( 'NONE',  ( -13.13397459621555896, -4.500000000000002665, -3.000000000000000000 ) ) ;
#347 = CARTESIAN_POINT ( 'NONE',  ( -13.50000000000000000, 2.499999999999999556, 3.000000000000000000 ) ) ;
#348 = AXIS2_PLACEMENT_3D ( 'NONE', #2116, #1263, #203 ) ;
#349 = ADVANCED_FACE ( 'NONE', ( #1173 ), #1045, .F. ) ;
#350 = CIRCLE ( 'NONE', #2106, 0.5000000000000000000 ) ;
#351 = DIRECTION ( 'NONE',  ( 0.8660254037844380415, -0.5000000000000012212, 0.000000000000000000 ) ) ;
#352 = LINE ( 'NONE', #1966, #2250 ) ;
#353 = APPROVAL_ROLE ( '' ) ;
#354 = DIRECTION ( 'NONE',  ( -1.000000000000000000, 0.000000000000000000, 0.000000000000000000 ) ) ;
#355 = ORIENTED_EDGE ( 'NONE', *, *, #2264, .T. ) ;
#356 = FACE_OUTER_BOUND ( 'NONE', #978, .T. ) ;
#357 = CARTESIAN_POINT ( 'NONE',  ( -8.500000000000000000, -0.5000000000000013323, -3.000000000000000444 ) ) ;
#358 = CARTESIAN_POINT ( 'NONE',  ( 1.898726300850738902, -2.000000000000023093, -0.9170296338143975046 ) ) ;
#359 = EDGE_CURVE ( 'NONE', #2093, #218, #331, .T. ) ;
#360 = FACE_OUTER_BOUND ( 'NONE', #2273, .T. ) ;
#361 = DIRECTION ( 'NONE',  ( 0.000000000000000000, 0.000000000000000000, -1.000000000000000000 ) ) ;
#362 = EDGE_CURVE ( 'NONE', #1189, #190, #1032, .T. ) ;
#363 = EDGE_CURVE ( 'NONE', #525, #1944, #684, .T. ) ;
#364 = CARTESIAN_POINT ( 'NONE',  ( -9.500000000000001776, -4.500000000000001776, 3.000000000000000000 ) ) ;
#365 = CARTESIAN_POINT ( 'NONE',  ( 0.000000000000000000, -1.499999999999999778, 0.000000000000000000 ) ) ;
#366 = CARTESIAN_POINT ( 'NONE',  ( -13.50000000000000000, 2.499999999999999556, -3.000000000000000000 ) ) ;
#367 = ORIENTED_EDGE ( 'NONE', *, *, #276, .T. ) ;
#368 = VERTEX_POINT ( 'NONE', #508 ) ;
#369 = DIRECTION ( 'NONE',  ( 0.000000000000000000, 0.000000000000000000, -1.000000000000000000 ) ) ;
#370 = CARTESIAN_POINT ( 'NONE',  ( -8.738645302295121404E-17, 0.5000000000000003331, 3.000000000000000000 ) ) ;
#371 = ORIENTED_EDGE ( 'NONE', *, *, #1815, .T. ) ;
#372 = DIRECTION ( 'NONE',  ( -1.000000000000000000, 0.000000000000000000, 0.000000000000000000 ) ) ;
#373 = ORIENTED_EDGE ( 'NONE', *, *, #1461, .F. ) ;
#374 = LINE ( 'NONE', #728, #1298 ) ;
#375 = EDGE_CURVE ( 'NONE', #1640, #279, #1469, .T. ) ;
#376 = DIRECTION ( 'NONE',  ( 0.000000000000000000, 1.000000000000000000, 0.000000000000000000 ) ) ;
#377 = FACE_OUTER_BOUND ( 'NONE', #940, .T. ) ;
#378 = AXIS2_PLACEMENT_3D ( 'NONE', #618, #463, #90 ) ;
#379 = LINE ( 'NONE', #899, #594 ) ;
#380 = FACE_OUTER_BOUND ( 'NONE', #1373, .T. ) ;
#381 = AXIS2_PLACEMENT_3D ( 'NONE', #101, #1666, #58 ) ;
#382 = AXIS2_PLACEMENT_3D ( 'NONE', #1224, #2272, #361 ) ;
#383 = CARTESIAN_POINT ( 'NONE',  ( -1.850000000000000089, -1.999999999999999556, 3.000000000000000000 ) ) ;
#384 = DIRECTION ( 'NONE',  ( -1.000000000000000000, -2.168404344971006896E-16, 0.000000000000000000 ) ) ;
#385 = ORIENTED_EDGE ( 'NONE', *, *, #442, .F. ) ;
#386 = TOROIDAL_SURFACE ( 'NONE', #1921, 1.000000000000000000, 0.5000000000000000000 ) ;
#387 = CALENDAR_DATE ( 2025, 23, 5 ) ;
#388 = LOCAL_TIME ( 11, 12, 34.00000000000000000, #1095 ) ;
#389 = EDGE_LOOP ( 'NONE', ( #1472, #1537, #1309, #1157 ) ) ;
#390 = CARTESIAN_POINT ( 'NONE',  ( 1.849999999999999867, -0.5000000000000002220, -3.500000000000000000 ) ) ;
#391 = EDGE_CURVE ( 'NONE', #1165, #72, #591, .T. ) ;
#392 = ORIENTED_EDGE ( 'NONE', *, *, #988, .T. ) ;
#393 = DIRECTION ( 'NONE',  ( -1.000000000000000000, 0.000000000000000000, 0.000000000000000000 ) ) ;
#394 = ORIENTED_EDGE ( 'NONE', *, *, #1029, .F. ) ;
#395 = DIRECTION ( 'NONE',  ( 1.000000000000000000, 1.747729060459023048E-16, 0.000000000000000000 ) ) ;
#396 = ORIENTED_EDGE ( 'NONE', *, *, #1126, .T. ) ;
#397 = CARTESIAN_POINT ( 'NONE',  ( -2.149999999999999911, -1.499999999999999556, 0.000000000000000000 ) ) ;
#398 = CARTESIAN_POINT ( 'NONE',  ( 0.000000000000000000, 2.999999999999999556, 0.000000000000000000 ) ) ;
#399 = EDGE_LOOP ( 'NONE', ( #1096, #1611, #1600, #731 ) ) ;
#400 = CARTESIAN_POINT ( 'NONE',  ( 1.849999999999999645, -2.000000000000000000, 3.500000000000000000 ) ) ;
#401 = VERTEX_POINT ( 'NONE', #1573 ) ;
#402 = ADVANCED_FACE ( 'NONE', ( #674 ), #1188, .T. ) ;
#403 = EDGE_CURVE ( 'NONE', #32, #1854, #2173, .T. ) ;
#404 = CARTESIAN_POINT ( 'NONE',  ( -2.350000000000000089, -1.999999999999999556, -3.000000000000000444 ) ) ;
#405 = ORIENTED_EDGE ( 'NONE', *, *, #1315, .T. ) ;
#406 = DIRECTION ( 'NONE',  ( 0.000000000000000000, -1.000000000000000000, 1.734723475976807094E-15 ) ) ;
#407 = DIRECTION ( 'NONE',  ( 0.000000000000000000, 0.000000000000000000, -1.000000000000000000 ) ) ;
#408 = DIRECTION ( 'NONE',  ( -0.5000000000000011102, -0.8660254037844379305, 0.000000000000000000 ) ) ;
#409 = EDGE_LOOP ( 'NONE', ( #744, #1194, #2016, #1100 ) ) ;
#410 = ORIENTED_EDGE ( 'NONE', *, *, #1774, .T. ) ;
#411 = DATE_AND_TIME ( #70, #1849 ) ;
#412 = ORIENTED_EDGE ( 'NONE', *, *, #207, .F. ) ;
#413 = AXIS2_PLACEMENT_3D ( 'NONE', #1948, #732, #1092 ) ;
#414 = ORIENTED_EDGE ( 'NONE', *, *, #1978, .T. ) ;
#415 = AXIS2_PLACEMENT_3D ( 'NONE', #652, #1533, #1867 ) ;
#416 = DIRECTION ( 'NONE',  ( -0.000000000000000000, -0.000000000000000000, -1.000000000000000000 ) ) ;
#417 = ORIENTED_EDGE ( 'NONE', *, *, #474, .T. ) ;
#418 = EDGE_CURVE ( 'NONE', #816, #2195, #2270, .T. ) ;
#419 = CIRCLE ( 'NONE', #1875, 0.5000000000000000000 ) ;
#420 = CARTESIAN_POINT ( 'NONE',  ( -14.00000000000000000, 1.333974596215560915, -3.000000000000000000 ) ) ;
#421 = LINE ( 'NONE', #249, #1548 ) ;
#422 = CARTESIAN_POINT ( 'NONE',  ( 2.020667218593133001E-16, 2.499999999999999112, -1.650000000000000133 ) ) ;
#423 = VECTOR ( 'NONE', #1415, 1000.000000000000000 ) ;
#424 = VERTEX_POINT ( 'NONE', #129 ) ;
#425 = ADVANCED_FACE ( 'NONE', ( #826 ), #151, .T. ) ;
#426 = CIRCLE ( 'NONE', #1076, 0.5000000000000000000 ) ;
#427 = AXIS2_PLACEMENT_3D ( 'NONE', #1372, #1055, #152 ) ;
#428 = CIRCLE ( 'NONE', #711, 0.5000000000000000000 ) ;
#429 = PLANE ( 'NONE',  #560 ) ;
#430 = ORIENTED_EDGE ( 'NONE', *, *, #1297, .F. ) ;
#431 = CYLINDRICAL_SURFACE ( 'NONE', #241, 0.4999999999999996669 ) ;
#432 = DIRECTION ( 'NONE',  ( 0.5000000000000011102, 0.8660254037844380415, 0.000000000000000000 ) ) ;
#433 = CARTESIAN_POINT ( 'NONE',  ( 5.500000000000000000, -6.379211070675434126E-16, -3.000000000000000444 ) ) ;
#434 = DIRECTION ( 'NONE',  ( 1.000000000000000000, -1.747729060459022802E-16, 0.000000000000000000 ) ) ;
#435 = EDGE_CURVE ( 'NONE', #840, #1587, #958, .T. ) ;
#436 = ORIENTED_EDGE ( 'NONE', *, *, #2126, .F. ) ;
#437 = ORIENTED_EDGE ( 'NONE', *, *, #637, .T. ) ;
#438 = DIRECTION ( 'NONE',  ( 9.227252531791526626E-17, 1.000000000000000000, -0.000000000000000000 ) ) ;
#439 = CARTESIAN_POINT ( 'NONE',  ( -1.987066559234553553, -1.981540719749396384, -0.3698386082410542453 ) ) ;
#440 = FACE_OUTER_BOUND ( 'NONE', #226, .T. ) ;
#441 = DIRECTION ( 'NONE',  ( -1.000000000000000000, -1.191190382581906851E-16, -0.000000000000000000 ) ) ;
#442 = EDGE_CURVE ( 'NONE', #1473, #221, #1356, .T. ) ;
#443 = VERTEX_POINT ( 'NONE', #2065 ) ;
#444 = ADVANCED_FACE ( 'NONE', ( #232 ), #1077, .T. ) ;
#445 = DIRECTION ( 'NONE',  ( -1.191190382581906851E-16, 1.000000000000000000, 0.000000000000000000 ) ) ;
#446 = AXIS2_PLACEMENT_3D ( 'NONE', #2088, #211, #906 ) ;
#447 = FACE_OUTER_BOUND ( 'NONE', #1860, .T. ) ;
#448 = CARTESIAN_POINT ( 'NONE',  ( -1.849999999999999645, -1.084202172485505174E-16, -3.000000000000000444 ) ) ;
#449 = DIRECTION ( 'NONE',  ( 0.000000000000000000, -0.000000000000000000, -1.000000000000000000 ) ) ;
#450 = AXIS2_PLACEMENT_3D ( 'NONE', #2131, #1062, #39 ) ;
#451 = CIRCLE ( 'NONE', #1035, 2.149999999999999911 ) ;
#452 = CARTESIAN_POINT ( 'NONE',  ( 5.360356721618581448E-16, -4.500000000000000888, -3.500000000000000000 ) ) ;
#453 = VECTOR ( 'NONE', #465, 1000.000000000000000 ) ;
#454 = DIRECTION ( 'NONE',  ( 1.000000000000000000, -2.168404344971009361E-16, 0.000000000000000000 ) ) ;
#455 = EDGE_LOOP ( 'NONE', ( #2234, #140, #412, #1221 ) ) ;
#456 = EDGE_CURVE ( 'NONE', #840, #1013, #520, .T. ) ;
#457 = CIRCLE ( 'NONE', #1697, 0.5000000000000000000 ) ;
#458 = EDGE_CURVE ( 'NONE', #54, #1501, #2218, .T. ) ;
#459 = EDGE_CURVE ( 'NONE', #1640, #261, #1800, .T. ) ;
#460 = CARTESIAN_POINT ( 'NONE',  ( -2.350000000000000089, -1.999999999999999556, 3.000000000000000000 ) ) ;
#461 = AXIS2_PLACEMENT_3D ( 'NONE', #1343, #2254, #990 ) ;
#462 = ORIENTED_EDGE ( 'NONE', *, *, #1815, .F. ) ;
#463 = DIRECTION ( 'NONE',  ( -1.000000000000000000, 0.000000000000000000, -0.000000000000000000 ) ) ;
#464 = ORIENTED_EDGE ( 'NONE', *, *, #1639, .T. ) ;
#465 = DIRECTION ( 'NONE',  ( 0.000000000000000000, 0.000000000000000000, -1.000000000000000000 ) ) ;
#466 = CYLINDRICAL_SURFACE ( 'NONE', #2018, 0.5000000000000004441 ) ;
#467 = ORIENTED_EDGE ( 'NONE', *, *, #359, .T. ) ;
#468 = ORIENTED_EDGE ( 'NONE', *, *, #503, .F. ) ;
#469 = ORIENTED_EDGE ( 'NONE', *, *, #1840, .T. ) ;
#470 = ORIENTED_EDGE ( 'NONE', *, *, #596, .T. ) ;
#471 = CARTESIAN_POINT ( 'NONE',  ( 1.850000000000000089, -1.500000000000000000, -3.500000000000000000 ) ) ;
#472 = DIRECTION ( 'NONE',  ( -1.000000000000000000, 0.000000000000000000, 0.000000000000000000 ) ) ;
#473 = CARTESIAN_POINT ( 'NONE',  ( 1.987007167428582965, -1.981559572128748892, 0.3704976903588270143 ) ) ;
#474 = EDGE_CURVE ( 'NONE', #63, #443, #1443, .T. ) ;
#475 = CARTESIAN_POINT ( 'NONE',  ( -14.00000000000000000, -5.000000000000001776, 3.000000000000000000 ) ) ;
#476 = LINE ( 'NONE', #2014, #2096 ) ;
#477 = ORIENTED_EDGE ( 'NONE', *, *, #2114, .T. ) ;
#478 = EDGE_LOOP ( 'NONE', ( #1713, #1277, #584, #754 ) ) ;
#479 = ORIENTED_EDGE ( 'NONE', *, *, #1493, .F. ) ;
#480 = ORIENTED_EDGE ( 'NONE', *, *, #1449, .T. ) ;
#481 = FACE_OUTER_BOUND ( 'NONE', #1981, .T. ) ;
#482 = DIRECTION ( 'NONE',  ( -1.000000000000000000, 0.000000000000000000, 0.000000000000000000 ) ) ;
#483 = FACE_OUTER_BOUND ( 'NONE', #2240, .T. ) ;
#484 = DIRECTION ( 'NONE',  ( 0.000000000000000000, 0.000000000000000000, 1.000000000000000000 ) ) ;
#485 = DIRECTION ( 'NONE',  ( 0.5000000000000011102, -0.8660254037844380415, 0.000000000000000000 ) ) ;
#486 = ORIENTED_EDGE ( 'NONE', *, *, #974, .T. ) ;
#487 = CARTESIAN_POINT ( 'NONE',  ( -9.000000000000001776, -5.000000000000000888, 3.500000000000000000 ) ) ;
#488 = AXIS2_PLACEMENT_3D ( 'NONE', #1392, #1346, #1012 ) ;
#489 = ADVANCED_FACE ( 'NONE', ( #1777 ), #739, .T. ) ;
#490 = DIRECTION ( 'NONE',  ( -1.000000000000000000, 0.000000000000000000, 0.000000000000000000 ) ) ;
#491 = AXIS2_PLACEMENT_3D ( 'NONE', #2077, #2237, #1344 ) ;
#492 = CIRCLE ( 'NONE', #1002, 0.5000000000000004441 ) ;
#493 = VECTOR ( 'NONE', #540, 1000.000000000000000 ) ;
#494 = ORIENTED_EDGE ( 'NONE', *, *, #649, .F. ) ;
#495 = CARTESIAN_POINT ( 'NONE',  ( 5.360356721618579476E-16, -4.500000000000000888, 3.000000000000000000 ) ) ;
#496 = ORGANIZATION ( 'UNSPECIFIED', 'UNSPECIFIED', '' ) ;
#497 = CARTESIAN_POINT ( 'NONE',  ( -1.850000000000000089, -2.000000000000000000, -1.095445115010332149 ) ) ;
#498 = ORIENTED_EDGE ( 'NONE', *, *, #2157, .F. ) ;
#499 = EDGE_LOOP ( 'NONE', ( #1606, #2076, #1329, #46 ) ) ;
#500 = CARTESIAN_POINT ( 'NONE',  ( -1.849999999999999867, -1.499999999999999556, -3.500000000000000000 ) ) ;
#501 = DIRECTION ( 'NONE',  ( -0.000000000000000000, 1.000000000000000000, -0.000000000000000000 ) ) ;
#502 = ADVANCED_FACE ( 'NONE', ( #1243 ), #1068, .T. ) ;
#503 = EDGE_CURVE ( 'NONE', #63, #2015, #38, .T. ) ;
#504 = DIRECTION ( 'NONE',  ( 1.191190382581906605E-16, -1.000000000000000000, -0.000000000000000000 ) ) ;
#505 = LINE ( 'NONE', #1197, #2243 ) ;
#506 = ORIENTED_EDGE ( 'NONE', *, *, #955, .F. ) ;
#507 = DIRECTION ( 'NONE',  ( 0.000000000000000000, -1.000000000000000000, 0.000000000000000000 ) ) ;
#508 = CARTESIAN_POINT ( 'NONE',  ( -2.350000000000000089, -1.499999999999999556, -3.000000000000000444 ) ) ;
#509 = DIRECTION ( 'NONE',  ( 0.000000000000000000, 0.000000000000000000, -1.000000000000000000 ) ) ;
#510 = EDGE_CURVE ( 'NONE', #23, #525, #18, .T. ) ;
#511 = ORIENTED_EDGE ( 'NONE', *, *, #3, .T. ) ;
#512 = CARTESIAN_POINT ( 'NONE',  ( 5.500000000000000000, 0.4999999999999993339, 3.000000000000000000 ) ) ;
#513 = EDGE_CURVE ( 'NONE', #1636, #730, #1318, .T. ) ;
#514 = ORIENTED_EDGE ( 'NONE', *, *, #1913, .F. ) ;
#515 = DIRECTION ( 'NONE',  ( -0.5000000000000011102, 0.8660254037844379305, 0.000000000000000000 ) ) ;
#516 = CARTESIAN_POINT ( 'NONE',  ( 0.000000000000000000, -1.999999999999999556, 0.000000000000000000 ) ) ;
#517 = CARTESIAN_POINT ( 'NONE',  ( -2.849999999999999645, -0.5000000000000000000, 3.000000000000000000 ) ) ;
#518 = DIRECTION ( 'NONE',  ( 0.000000000000000000, 0.000000000000000000, -1.000000000000000000 ) ) ;
#519 = DIRECTION ( 'NONE',  ( 1.000000000000000000, 0.000000000000000000, 0.000000000000000000 ) ) ;
#520 = CIRCLE ( 'NONE', #2059, 1.000000000000000000 ) ;
#521 = FACE_OUTER_BOUND ( 'NONE', #131, .T. ) ;
#522 = AXIS2_PLACEMENT_3D ( 'NONE', #1642, #960, #592 ) ;
#523 = EDGE_CURVE ( 'NONE', #443, #184, #187, .T. ) ;
#524 = AXIS2_PLACEMENT_3D ( 'NONE', #1510, #507, #2031 ) ;
#525 = VERTEX_POINT ( 'NONE', #199 ) ;
#526 = PLANE ( 'NONE',  #2060 ) ;
#527 = AXIS2_PLACEMENT_3D ( 'NONE', #1657, #1167, #1669 ) ;
#528 = EDGE_LOOP ( 'NONE', ( #828, #470, #233, #417 ) ) ;
#529 = EDGE_CURVE ( 'NONE', #1878, #1776, #1269, .T. ) ;
#530 = EDGE_LOOP ( 'NONE', ( #860, #1883, #80, #1241 ) ) ;
#531 = CC_DESIGN_PERSON_AND_ORGANIZATION_ASSIGNMENT ( #1459, #588, ( #169 ) ) ;
#532 = DIRECTION ( 'NONE',  ( -0.000000000000000000, -0.000000000000000000, 1.000000000000000000 ) ) ;
#533 = DIRECTION ( 'NONE',  ( -0.000000000000000000, -0.000000000000000000, 1.000000000000000000 ) ) ;
#534 = VECTOR ( 'NONE', #1750, 1000.000000000000000 ) ;
#535 = DIRECTION ( 'NONE',  ( -1.000000000000000000, -1.191190382581906605E-16, 0.000000000000000000 ) ) ;
#536 = CARTESIAN_POINT ( 'NONE',  ( 1.849999999999999867, -1.500000000000000000, 3.000000000000000000 ) ) ;
#537 = CARTESIAN_POINT ( 'NONE',  ( 0.000000000000000000, 0.000000000000000000, 0.000000000000000000 ) ) ;
#538 = CARTESIAN_POINT ( 'NONE',  ( -13.50000000000000000, 2.499999999999999556, -3.000000000000000000 ) ) ;
#539 = LINE ( 'NONE', #1570, #1910 ) ;
#540 = DIRECTION ( 'NONE',  ( -0.000000000000000000, -1.000000000000000000, -0.000000000000000000 ) ) ;
#541 = CARTESIAN_POINT ( 'NONE',  ( -14.00000000000000000, 2.499999999999999556, -3.500000000000000000 ) ) ;
#542 = EDGE_LOOP ( 'NONE', ( #1244, #56, #848, #132 ) ) ;
#543 = EDGE_CURVE ( 'NONE', #1882, #368, #721, .T. ) ;
#544 = DIRECTION ( 'NONE',  ( 0.000000000000000000, -1.000000000000000000, 0.000000000000000000 ) ) ;
#545 = FACE_OUTER_BOUND ( 'NONE', #835, .T. ) ;
#546 = EDGE_LOOP ( 'NONE', ( #782, #1632, #298 ) ) ;
#547 = DIRECTION ( 'NONE',  ( 0.000000000000000000, 0.000000000000000000, -1.000000000000000000 ) ) ;
#548 = VERTEX_POINT ( 'NONE', #1947 ) ;
#549 = LINE ( 'NONE', #877, #1320 ) ;
#550 = ORIENTED_EDGE ( 'NONE', *, *, #1402, .T. ) ;
#551 = CARTESIAN_POINT ( 'NONE',  ( -12.78756443470178183, -1.900000000000001910, -3.500000000000000000 ) ) ;
#552 = DIRECTION ( 'NONE',  ( 1.000000000000000000, 1.191190382581906851E-16, -0.000000000000000000 ) ) ;
#553 = VERTEX_POINT ( 'NONE', #1099 ) ;
#554 = DIRECTION ( 'NONE',  ( 1.000000000000000000, 4.336808689942017736E-16, -8.673617379884035472E-16 ) ) ;
#555 = DIRECTION ( 'NONE',  ( -1.000000000000000000, 0.000000000000000000, 0.000000000000000000 ) ) ;
#556 = VERTEX_POINT ( 'NONE', #563 ) ;
#557 = DIRECTION ( 'NONE',  ( 0.000000000000000000, 0.000000000000000000, -1.000000000000000000 ) ) ;
#558 = ADVANCED_FACE ( 'NONE', ( #380 ), #2121, .F. ) ;
#559 = DIRECTION ( 'NONE',  ( -1.000000000000000000, 9.227252531791526626E-17, 0.000000000000000000 ) ) ;
#560 = AXIS2_PLACEMENT_3D ( 'NONE', #583, #617, #1120 ) ;
#561 = AXIS2_PLACEMENT_3D ( 'NONE', #1195, #1702, #1892 ) ;
#562 = EDGE_LOOP ( 'NONE', ( #468, #394, #1252, #2067 ) ) ;
#563 = CARTESIAN_POINT ( 'NONE',  ( -11.92153903091734257, -1.400000000000001021, 3.500000000000000000 ) ) ;
#564 = VECTOR ( 'NONE', #1832, 1000.000000000000000 ) ;
#565 = VERTEX_POINT ( 'NONE', #903 ) ;
#566 = CIRCLE ( 'NONE', #1291, 0.5000000000000004441 ) ;
#567 = DIRECTION ( 'NONE',  ( 0.000000000000000000, 0.000000000000000000, -1.000000000000000000 ) ) ;
#568 = CARTESIAN_POINT ( 'NONE',  ( -13.13397459621556074, -4.500000000000002665, -3.000000000000000000 ) ) ;
#569 = ORIENTED_EDGE ( 'NONE', *, *, #273, .F. ) ;
#570 = CIRCLE ( 'NONE', #1114, 0.5000000000000000000 ) ;
#571 = APPROVAL_DATE_TIME ( #2274, #1406 ) ;
#572 = APPROVAL_PERSON_ORGANIZATION ( #947, #865, #227 ) ;
#573 = EDGE_CURVE ( 'NONE', #279, #113, #1605, .T. ) ;
#574 = EDGE_CURVE ( 'NONE', #334, #1223, #220, .T. ) ;
#575 = DIRECTION ( 'NONE',  ( -1.000000000000000000, 0.000000000000000000, 0.000000000000000000 ) ) ;
#576 = EDGE_LOOP ( 'NONE', ( #1500, #480, #644 ) ) ;
#577 = CYLINDRICAL_SURFACE ( 'NONE', #1353, 0.5000000000000000000 ) ;
#578 = DIRECTION ( 'NONE',  ( 1.000000000000000000, 0.000000000000000000, 0.000000000000000000 ) ) ;
#579 = DIRECTION ( 'NONE',  ( 0.5000000000000001110, 0.8660254037844387076, 0.000000000000000000 ) ) ;
#580 = ORIENTED_EDGE ( 'NONE', *, *, #875, .F. ) ;
#581 = ORIENTED_EDGE ( 'NONE', *, *, #2211, .F. ) ;
#582 = EDGE_CURVE ( 'NONE', #1476, #1317, #1462, .T. ) ;
#583 = CARTESIAN_POINT ( 'NONE',  ( 2.349999999999999645, -9.629649721936179265E-32, 3.500000000000000000 ) ) ;
#584 = ORIENTED_EDGE ( 'NONE', *, *, #115, .F. ) ;
#585 = CARTESIAN_POINT ( 'NONE',  ( -14.00000000000000000, 2.999999999999999556, 3.000000000000000000 ) ) ;
#586 = DIRECTION ( 'NONE',  ( -0.8660254037844383745, -0.5000000000000003331, 0.000000000000000000 ) ) ;
#587 = CARTESIAN_POINT ( 'NONE',  ( 2.349999999999999645, -0.5000000000000001110, 3.000000000000000000 ) ) ;
#588 = PERSON_AND_ORGANIZATION_ROLE ( 'classification_officer' ) ;
#589 = ORIENTED_EDGE ( 'NONE', *, *, #933, .T. ) ;
#590 = ORIENTED_EDGE ( 'NONE', *, *, #1136, .F. ) ;
#591 = CIRCLE ( 'NONE', #1393, 1.000000000000000000 ) ;
#592 = DIRECTION ( 'NONE',  ( -0.8660254037844385966, 0.5000000000000000000, 0.000000000000000000 ) ) ;
#593 = VERTEX_POINT ( 'NONE', #1140 ) ;
#594 = VECTOR ( 'NONE', #692, 1000.000000000000000 ) ;
#595 = EDGE_CURVE ( 'NONE', #64, #2007, #1663, .T. ) ;
#596 = EDGE_CURVE ( 'NONE', #184, #1641, #1290, .T. ) ;
#597 = CARTESIAN_POINT ( 'NONE',  ( 5.500000000000000000, 2.499999999999999556, 3.500000000000000000 ) ) ;
#598 = CYLINDRICAL_SURFACE ( 'NONE', #888, 0.5000000000000006661 ) ;
#599 = DIRECTION ( 'NONE',  ( 1.000000000000000000, 0.000000000000000000, -0.000000000000000000 ) ) ;
#600 = AXIS2_PLACEMENT_3D ( 'NONE', #2255, #1904, #59 ) ;
#601 = AXIS2_PLACEMENT_3D ( 'NONE', #1575, #697, #518 ) ;
#602 = DIRECTION ( 'NONE',  ( -0.000000000000000000, 1.000000000000000000, -0.000000000000000000 ) ) ;
#603 = AXIS2_PLACEMENT_3D ( 'NONE', #712, #1780, #407 ) ;
#604 = AXIS2_PLACEMENT_3D ( 'NONE', #1160, #501, #830 ) ;
#605 = ORIENTED_EDGE ( 'NONE', *, *, #1675, .T. ) ;
#606 = EDGE_LOOP ( 'NONE', ( #1458, #410, #2001 ) ) ;
#607 = FACE_OUTER_BOUND ( 'NONE', #291, .T. ) ;
#608 = ORIENTED_EDGE ( 'NONE', *, *, #260, .F. ) ;
#609 = CYLINDRICAL_SURFACE ( 'NONE', #638, 0.5000000000000004441 ) ;
#610 = FACE_OUTER_BOUND ( 'NONE', #1870, .T. ) ;
#611 = CARTESIAN_POINT ( 'NONE',  ( 1.850000000000000089, -1.500000000000000000, -3.000000000000000444 ) ) ;
#612 = ORIENTED_EDGE ( 'NONE', *, *, #106, .T. ) ;
#613 = ADVANCED_FACE ( 'NONE', ( #2011 ), #1508, .T. ) ;
#614 = DIRECTION ( 'NONE',  ( 1.000000000000000000, 0.000000000000000000, 0.000000000000000000 ) ) ;
#615 = ADVANCED_FACE ( 'NONE', ( #1994 ), #429, .F. ) ;
#616 = ORIENTED_EDGE ( 'NONE', *, *, #823, .T. ) ;
#617 = DIRECTION ( 'NONE',  ( -1.000000000000000000, -2.168404344971008868E-16, 0.000000000000000000 ) ) ;
#618 = CARTESIAN_POINT ( 'NONE',  ( -8.500000000000000000, 0.4999999999999988343, -3.000000000000000000 ) ) ;
#619 = CARTESIAN_POINT ( 'NONE',  ( 0.000000000000000000, -1.499999999999999778, 0.000000000000000000 ) ) ;
#620 = CARTESIAN_POINT ( 'NONE',  ( 2.849999999999999645, -8.738645302295127567E-17, -3.000000000000000444 ) ) ;
#621 = ORIENTED_EDGE ( 'NONE', *, *, #751, .F. ) ;
#622 = LINE ( 'NONE', #452, #1475 ) ;
#623 = EDGE_CURVE ( 'NONE', #1118, #913, #1139, .T. ) ;
#624 = EDGE_CURVE ( 'NONE', #1944, #1636, #796, .T. ) ;
#625 = ORIENTED_EDGE ( 'NONE', *, *, #2211, .T. ) ;
#626 = CARTESIAN_POINT ( 'NONE',  ( 5.500000000000000000, 2.499999999999999556, 3.000000000000000000 ) ) ;
#627 = CIRCLE ( 'NONE', #923, 0.5000000000000000000 ) ;
#628 = ORIENTED_EDGE ( 'NONE', *, *, #1970, .T. ) ;
#629 = DIRECTION ( 'NONE',  ( 0.000000000000000000, 1.000000000000000000, -0.000000000000000000 ) ) ;
#630 = DIRECTION ( 'NONE',  ( 1.000000000000000000, 0.000000000000000000, -1.224646799147353207E-16 ) ) ;
#631 = VECTOR ( 'NONE', #2267, 1000.000000000000000 ) ;
#632 = ORIENTED_EDGE ( 'NONE', *, *, #1784, .F. ) ;
#633 = AXIS2_PLACEMENT_3D ( 'NONE', #2220, #1900, #1866 ) ;
#634 = CARTESIAN_POINT ( 'NONE',  ( -8.500000000000000000, -0.5000000000000013323, -3.500000000000000000 ) ) ;
#635 = CARTESIAN_POINT ( 'NONE',  ( -9.000000000000001776, -0.5000000000000014433, 3.000000000000000000 ) ) ;
#636 = CIRCLE ( 'NONE', #1591, 0.5000000000000000000 ) ;
#637 = EDGE_CURVE ( 'NONE', #1776, #65, #1216, .T. ) ;
#638 = AXIS2_PLACEMENT_3D ( 'NONE', #597, #1811, #1996 ) ;
#639 = CYLINDRICAL_SURFACE ( 'NONE', #561, 0.5000000000000004441 ) ;
#640 = AXIS2_PLACEMENT_3D ( 'NONE', #1714, #153, #1553 ) ;
#641 = CARTESIAN_POINT ( 'NONE',  ( -13.93301270189221874, 1.083974596215560027, 3.000000000000000444 ) ) ;
#642 = DIRECTION ( 'NONE',  ( -1.000000000000000000, 1.314184451497581013E-16, 0.000000000000000000 ) ) ;
#643 = ORIENTED_EDGE ( 'NONE', *, *, #418, .T. ) ;
#644 = ORIENTED_EDGE ( 'NONE', *, *, #1193, .T. ) ;
#645 = ORIENTED_EDGE ( 'NONE', *, *, #1362, .T. ) ;
#646 = DIRECTION ( 'NONE',  ( 3.469446951953614189E-15, 0.000000000000000000, 1.000000000000000000 ) ) ;
#647 = EDGE_LOOP ( 'NONE', ( #1794, #1652, #681, #137 ) ) ;
#648 = DIRECTION ( 'NONE',  ( -1.000000000000000000, 0.000000000000000000, 0.000000000000000000 ) ) ;
#649 = EDGE_CURVE ( 'NONE', #913, #1442, #2191, .T. ) ;
#650 = EDGE_CURVE ( 'NONE', #218, #65, #1841, .T. ) ;
#651 = DIRECTION ( 'NONE',  ( -1.000000000000000000, 0.000000000000000000, 0.000000000000000000 ) ) ;
#652 = CARTESIAN_POINT ( 'NONE',  ( -1.849999999999999645, -0.5000000000000002220, 3.000000000000000000 ) ) ;
#653 = ORIENTED_EDGE ( 'NONE', *, *, #1128, .T. ) ;
#654 = DIRECTION ( 'NONE',  ( -1.000000000000000000, 0.000000000000000000, 0.000000000000000000 ) ) ;
#655 = CARTESIAN_POINT ( 'NONE',  ( -8.500000000000000000, -0.5000000000000013323, 3.000000000000000000 ) ) ;
#656 = FACE_OUTER_BOUND ( 'NONE', #2137, .T. ) ;
#657 = CARTESIAN_POINT ( 'NONE',  ( -12.35455173280956132, -1.650000000000001688, 3.000000000000000444 ) ) ;
#658 = DIRECTION ( 'NONE',  ( 1.000000000000000000, 0.000000000000000000, 0.000000000000000000 ) ) ;
#659 = VERTEX_POINT ( 'NONE', #274 ) ;
#660 = EDGE_CURVE ( 'NONE', #368, #1906, #1439, .T. ) ;
#661 = AXIS2_PLACEMENT_3D ( 'NONE', #2185, #257, #2042 ) ;
#662 = FACE_OUTER_BOUND ( 'NONE', #819, .T. ) ;
#663 = AXIS2_PLACEMENT_3D ( 'NONE', #1693, #1560, #313 ) ;
#664 = ORIENTED_EDGE ( 'NONE', *, *, #1137, .F. ) ;
#665 = DIRECTION ( 'NONE',  ( -0.5000000000000011102, 0.8660254037844379305, 0.000000000000000000 ) ) ;
#666 = AXIS2_PLACEMENT_3D ( 'NONE', #512, #838, #136 ) ;
#667 = CIRCLE ( 'NONE', #1471, 0.5000000000000000000 ) ;
#668 = VECTOR ( 'NONE', #1494, 1000.000000000000000 ) ;
#669 = DIRECTION ( 'NONE',  ( 0.000000000000000000, 0.000000000000000000, -1.000000000000000000 ) ) ;
#670 = AXIS2_PLACEMENT_3D ( 'NONE', #487, #535, #178 ) ;
#671 = EDGE_LOOP ( 'NONE', ( #1018, #2261, #1673, #172 ) ) ;
#672 = TOROIDAL_SURFACE ( 'NONE', #2219, 2.149999999999999911, 0.5000000000000000000 ) ;
#673 = DIRECTION ( 'NONE',  ( -1.000000000000000000, 0.000000000000000000, 0.000000000000000000 ) ) ;
#674 = FACE_OUTER_BOUND ( 'NONE', #41, .T. ) ;
#675 = VERTEX_POINT ( 'NONE', #971 ) ;
#676 = DIRECTION ( 'NONE',  ( 0.5000000000000011102, 0.8660254037844379305, 0.000000000000000000 ) ) ;
#677 = ADVANCED_FACE ( 'NONE', ( #1651 ), #2200, .T. ) ;
#678 = DIRECTION ( 'NONE',  ( 0.000000000000000000, 0.000000000000000000, 1.000000000000000000 ) ) ;
#679 = EDGE_CURVE ( 'NONE', #221, #913, #1108, .T. ) ;
#680 = FACE_OUTER_BOUND ( 'NONE', #863, .T. ) ;
#681 = ORIENTED_EDGE ( 'NONE', *, *, #1193, .F. ) ;
#682 = CARTESIAN_POINT ( 'NONE',  ( 0.000000000000000000, 2.499999999999999112, 0.000000000000000000 ) ) ;
#683 = DIRECTION ( 'NONE',  ( -2.168404344971009854E-16, 1.000000000000000000, 0.000000000000000000 ) ) ;
#684 = LINE ( 'NONE', #1705, #1762 ) ;
#685 = SPHERICAL_SURFACE ( 'NONE', #1078, 0.5000000000000000000 ) ;
#686 = ADVANCED_FACE ( 'NONE', ( #607 ), #2026, .F. ) ;
#687 = PERSON_AND_ORGANIZATION_ROLE ( 'creator' ) ;
#688 = CARTESIAN_POINT ( 'NONE',  ( -2.000000000000027089, -1.976969600708558650, -9.699503733421092585E-14 ) ) ;
#689 = ADVANCED_FACE ( 'NONE', ( #1151 ), #1829, .T. ) ;
#690 = CC_DESIGN_PERSON_AND_ORGANIZATION_ASSIGNMENT ( #1730, #215, ( #1414 ) ) ;
#691 = ORIENTED_EDGE ( 'NONE', *, *, #91, .F. ) ;
#692 = DIRECTION ( 'NONE',  ( 1.000000000000000000, -9.227252531791526626E-17, 0.000000000000000000 ) ) ;
#693 = FACE_OUTER_BOUND ( 'NONE', #2164, .T. ) ;
#694 = DIRECTION ( 'NONE',  ( -1.000000000000000000, 0.000000000000000000, 0.000000000000000000 ) ) ;
#695 = CARTESIAN_POINT ( 'NONE',  ( 2.632990618166809235E-16, 2.999999999999999112, 2.149999999999999911 ) ) ;
#696 = DIRECTION ( 'NONE',  ( -1.000000000000000000, -0.000000000000000000, -0.000000000000000000 ) ) ;
#697 = DIRECTION ( 'NONE',  ( -0.000000000000000000, 1.000000000000000000, 0.000000000000000000 ) ) ;
#698 = PERSON_AND_ORGANIZATION_ROLE ( 'design_supplier' ) ;
#699 = AXIS2_PLACEMENT_3D ( 'NONE', #347, #842, #1711 ) ;
#700 = CARTESIAN_POINT ( 'NONE',  ( 5.955951912909532532E-16, -5.000000000000000000, -3.000000000000000000 ) ) ;
#701 = AXIS2_PLACEMENT_3D ( 'NONE', #1, #559, #1403 ) ;
#702 = AXIS2_PLACEMENT_3D ( 'NONE', #2005, #78, #1295 ) ;
#703 = ADVANCED_FACE ( 'NONE', ( #1853 ), #82, .T. ) ;
#704 = DIRECTION ( 'NONE',  ( -1.000000000000000000, 2.168404344971009854E-16, -8.673617379884039416E-16 ) ) ;
#705 = AXIS2_PLACEMENT_3D ( 'NONE', #357, #870, #694 ) ;
#706 = ORIENTED_EDGE ( 'NONE', *, *, #1856, .T. ) ;
#707 = DIRECTION ( 'NONE',  ( 2.168404344971006649E-16, -1.000000000000000000, -0.000000000000000000 ) ) ;
#708 = DIRECTION ( 'NONE',  ( 0.000000000000000000, -1.000000000000000000, 0.000000000000000000 ) ) ;
#709 = CIRCLE ( 'NONE', #1554, 0.5000000000000000000 ) ;
#710 = ORIENTED_EDGE ( 'NONE', *, *, #1577, .F. ) ;
#711 = AXIS2_PLACEMENT_3D ( 'NONE', #1888, #1168, #678 ) ;
#712 = CARTESIAN_POINT ( 'NONE',  ( -13.50000000000000000, 0.000000000000000000, -3.000000000000000000 ) ) ;
#713 = CARTESIAN_POINT ( 'NONE',  ( -13.93301270189221874, 1.083974596215560027, -3.000000000000000000 ) ) ;
#714 = ORIENTED_EDGE ( 'NONE', *, *, #2114, .F. ) ;
#715 = LINE ( 'NONE', #1386, #1518 ) ;
#716 = CARTESIAN_POINT ( 'NONE',  ( 1.849999999999999645, -2.000000000000000000, 3.500000000000000000 ) ) ;
#717 = MANIFOLD_SOLID_BREP ( 'Congé2', #1106 ) ;
#718 = DIRECTION ( 'NONE',  ( 0.000000000000000000, 0.000000000000000000, 1.000000000000000000 ) ) ;
#719 = ORIENTED_EDGE ( 'NONE', *, *, #1967, .F. ) ;
#720 = ORIENTED_EDGE ( 'NONE', *, *, #1126, .F. ) ;
#721 = LINE ( 'NONE', #404, #81 ) ;
#722 = LINE ( 'NONE', #1421, #843 ) ;
#723 = DIRECTION ( 'NONE',  ( 0.000000000000000000, 1.734723475976800981E-15, 1.000000000000000000 ) ) ;
#724 = EDGE_CURVE ( 'NONE', #218, #424, #235, .T. ) ;
#725 = LINE ( 'NONE', #2150, #1182 ) ;
#726 = LINE ( 'NONE', #1423, #1770 ) ;
#727 = EDGE_LOOP ( 'NONE', ( #2201, #469, #2124 ) ) ;
#728 = CARTESIAN_POINT ( 'NONE',  ( -1.850000000000000089, -1.999999999999999556, 3.500000000000000000 ) ) ;
#729 = CARTESIAN_POINT ( 'NONE',  ( -9.500000000000001776, -4.500000000000001776, 0.000000000000000000 ) ) ;
#730 = VERTEX_POINT ( 'NONE', #173 ) ;
#731 = ORIENTED_EDGE ( 'NONE', *, *, #1958, .F. ) ;
#732 = DIRECTION ( 'NONE',  ( -1.191190382581906605E-16, 1.000000000000000000, 0.000000000000000000 ) ) ;
#733 = CARTESIAN_POINT ( 'NONE',  ( 1.849999999999999867, -1.500000000000000000, 3.000000000000000000 ) ) ;
#734 = DIRECTION ( 'NONE',  ( 0.000000000000000000, 0.000000000000000000, 1.000000000000000000 ) ) ;
#735 = EDGE_CURVE ( 'NONE', #1527, #1944, #1251, .T. ) ;
#736 = ADVANCED_FACE ( 'NONE', ( #824 ), #268, .T. ) ;
#737 = CIRCLE ( 'NONE', #1988, 0.5000000000000000000 ) ;
#738 = DIRECTION ( 'NONE',  ( -1.000000000000000000, 5.204170427930416550E-15, 0.000000000000000000 ) ) ;
#739 = TOROIDAL_SURFACE ( 'NONE', #1541, 1.000000000000000000, 0.5000000000000000000 ) ;
#740 = VECTOR ( 'NONE', #504, 1000.000000000000000 ) ;
#741 = ORIENTED_EDGE ( 'NONE', *, *, #650, .F. ) ;
#742 = DIRECTION ( 'NONE',  ( -2.602085213965207881E-15, 1.000000000000000000, -0.000000000000000000 ) ) ;
#743 = VECTOR ( 'NONE', #2013, 1000.000000000000000 ) ;
#744 = ORIENTED_EDGE ( 'NONE', *, *, #403, .T. ) ;
#745 = AXIS2_PLACEMENT_3D ( 'NONE', #1516, #1467, #646 ) ;
#746 = DIRECTION ( 'NONE',  ( 0.000000000000000000, 0.000000000000000000, 1.000000000000000000 ) ) ;
#747 = DIRECTION ( 'NONE',  ( 1.000000000000000000, 0.000000000000000000, 0.000000000000000000 ) ) ;
#748 = AXIS2_PLACEMENT_3D ( 'NONE', #1798, #1634, #1482 ) ;
#749 = ADVANCED_FACE ( 'NONE', ( #1028 ), #1379, .T. ) ;
#750 = ORIENTED_EDGE ( 'NONE', *, *, #1136, .T. ) ;
#751 = EDGE_CURVE ( 'NONE', #1359, #1944, #1952, .T. ) ;
#752 = CARTESIAN_POINT ( 'NONE',  ( -1.936526353842854098, -1.993136670230768459, 0.7356052251366371753 ) ) ;
#753 = ORIENTED_EDGE ( 'NONE', *, *, #2276, .T. ) ;
#754 = ORIENTED_EDGE ( 'NONE', *, *, #596, .F. ) ;
#755 = CARTESIAN_POINT ( 'NONE',  ( -2.849999999999999645, -0.5000000000000000000, -3.500000000000000000 ) ) ;
#756 = EDGE_LOOP ( 'NONE', ( #977, #550, #1286, #1079 ) ) ;
#757 = LINE ( 'NONE', #585, #1593 ) ;
#758 = DIRECTION ( 'NONE',  ( -1.000000000000000000, 0.000000000000000000, 0.000000000000000000 ) ) ;
#759 = LINE ( 'NONE', #1059, #423 ) ;
#760 = EDGE_LOOP ( 'NONE', ( #1292, #430, #719, #373, #1848 ) ) ;
#761 = ORIENTED_EDGE ( 'NONE', *, *, #582, .F. ) ;
#762 = ADVANCED_FACE ( 'NONE', ( #1558 ), #1368, .F. ) ;
#763 = EDGE_LOOP ( 'NONE', ( #1926, #1534, #2154, #892, #1105, #1696, #345 ) ) ;
#764 = ADVANCED_FACE ( 'NONE', ( #483 ), #855, .T. ) ;
#765 = CC_DESIGN_PERSON_AND_ORGANIZATION_ASSIGNMENT ( #1767, #1601, ( #49 ) ) ;
#766 = EDGE_LOOP ( 'NONE', ( #319, #991, #1452, #494 ) ) ;
#767 = CARTESIAN_POINT ( 'NONE',  ( 5.500000000000000000, 2.499999999999999556, 3.000000000000000000 ) ) ;
#768 = DIRECTION ( 'NONE',  ( 0.000000000000000000, -0.000000000000000000, -1.000000000000000000 ) ) ;
#769 = CARTESIAN_POINT ( 'NONE',  ( 0.000000000000000000, 2.999999999999999112, -2.149999999999999911 ) ) ;
#770 = DIRECTION ( 'NONE',  ( -1.000000000000000000, 0.000000000000000000, 0.000000000000000000 ) ) ;
#771 = ORIENTED_EDGE ( 'NONE', *, *, #1101, .T. ) ;
#772 = SECURITY_CLASSIFICATION_LEVEL ( 'unclassified' ) ;
#773 = CIRCLE ( 'NONE', #446, 1.650000000000000133 ) ;
#774 = VERTEX_POINT ( 'NONE', #1010 ) ;
#775 = EDGE_CURVE ( 'NONE', #1084, #401, #1038, .T. ) ;
#776 = AXIS2_PLACEMENT_3D ( 'NONE', #1453, #708, #369 ) ;
#777 = DIRECTION ( 'NONE',  ( 0.000000000000000000, 0.000000000000000000, -1.000000000000000000 ) ) ;
#778 = PLANE ( 'NONE',  #2030 ) ;
#779 = DIRECTION ( 'NONE',  ( -1.000000000000000000, 0.000000000000000000, 0.000000000000000000 ) ) ;
#780 = LINE ( 'NONE', #1339, #1316 ) ;
#781 = AXIS2_PLACEMENT_3D ( 'NONE', #1704, #651, #1722 ) ;
#782 = ORIENTED_EDGE ( 'NONE', *, *, #2054, .T. ) ;
#783 = VECTOR ( 'NONE', #602, 1000.000000000000000 ) ;
#784 = VECTOR ( 'NONE', #1177, 1000.000000000000000 ) ;
#785 = CC_DESIGN_APPROVAL ( #328, ( #49 ) ) ;
#786 = VERTEX_POINT ( 'NONE', #2039 ) ;
#787 = EDGE_LOOP ( 'NONE', ( #1264, #2089, #581 ) ) ;
#788 = CARTESIAN_POINT ( 'NONE',  ( -2.350000000000000089, -1.999999999999999556, 3.500000000000000000 ) ) ;
#789 = EDGE_CURVE ( 'NONE', #2195, #1260, #1717, .T. ) ;
#790 = DIRECTION ( 'NONE',  ( 1.000000000000000000, 0.000000000000000000, -0.000000000000000000 ) ) ;
#791 = FACE_OUTER_BOUND ( 'NONE', #530, .T. ) ;
#792 = DIRECTION ( 'NONE',  ( -0.000000000000000000, -0.000000000000000000, 1.000000000000000000 ) ) ;
#793 = EDGE_CURVE ( 'NONE', #1280, #1906, #419, .T. ) ;
#794 = CARTESIAN_POINT ( 'NONE',  ( -9.500000000000001776, -4.500000000000001776, -3.500000000000000000 ) ) ;
#795 = ORIENTED_EDGE ( 'NONE', *, *, #1152, .F. ) ;
#796 = LINE ( 'NONE', #2002, #337 ) ;
#797 = ORIENTED_EDGE ( 'NONE', *, *, #344, .T. ) ;
#798 = CARTESIAN_POINT ( 'NONE',  ( -14.00000000000000000, -5.000000000000003553, -3.000000000000000000 ) ) ;
#799 = CARTESIAN_POINT ( 'NONE',  ( 2.632990618166809235E-16, 2.499999999999999112, 2.149999999999999911 ) ) ;
#800 = EDGE_LOOP ( 'NONE', ( #242, #2033, #514, #590 ) ) ;
#801 = ORIENTED_EDGE ( 'NONE', *, *, #1563, .F. ) ;
#802 = CYLINDRICAL_SURFACE ( 'NONE', #2215, 0.5000000000000001110 ) ;
#803 = ADVANCED_FACE ( 'NONE', ( #125 ), #639, .T. ) ;
#804 = EDGE_CURVE ( 'NONE', #1159, #54, #2265, .T. ) ;
#805 = CYLINDRICAL_SURFACE ( 'NONE', #1699, 0.5000000000000000000 ) ;
#806 = EDGE_LOOP ( 'NONE', ( #477, #1625, #2028, #2051 ) ) ;
#807 = APPLICATION_CONTEXT ( 'configuration controlled 3d designs of mechanical parts and assemblies' ) ;
#808 = DIRECTION ( 'NONE',  ( 1.000000000000000000, 1.191190382581906851E-16, 0.000000000000000000 ) ) ;
#809 = AXIS2_PLACEMENT_3D ( 'NONE', #27, #1761, #1964 ) ;
#810 = CARTESIAN_POINT ( 'NONE',  ( -2.349999999999999645, -4.814824860968089633E-32, 3.500000000000000000 ) ) ;
#811 = VECTOR ( 'NONE', #2249, 1000.000000000000000 ) ;
#812 = CARTESIAN_POINT ( 'NONE',  ( 6.000000000000000000, -6.379211070675434126E-16, 3.500000000000000000 ) ) ;
#813 = DIRECTION ( 'NONE',  ( 0.000000000000000000, 0.000000000000000000, -1.000000000000000000 ) ) ;
#814 = ORIENTED_EDGE ( 'NONE', *, *, #1816, .F. ) ;
#815 = AXIS2_PLACEMENT_3D ( 'NONE', #307, #2087, #1185 ) ;
#816 = VERTEX_POINT ( 'NONE', #157 ) ;
#817 = AXIS2_PLACEMENT_3D ( 'NONE', #1187, #1893, #322 ) ;
#818 = DIRECTION ( 'NONE',  ( 0.000000000000000000, 0.000000000000000000, 1.000000000000000000 ) ) ;
#819 = EDGE_LOOP ( 'NONE', ( #280, #1060, #467, #1066 ) ) ;
#820 = TOROIDAL_SURFACE ( 'NONE', #306, 1.000000000000000000, 0.5000000000000000000 ) ;
#821 = CARTESIAN_POINT ( 'NONE',  ( -9.500000000000001776, -0.5000000000000015543, 3.500000000000000000 ) ) ;
#822 = AXIS2_PLACEMENT_3D ( 'NONE', #336, #143, #648 ) ;
#823 = EDGE_CURVE ( 'NONE', #1587, #1476, #1161, .T. ) ;
#824 = FACE_OUTER_BOUND ( 'NONE', #2158, .T. ) ;
#825 = CARTESIAN_POINT ( 'NONE',  ( 0.000000000000000000, -1.499999999999999778, 0.000000000000000000 ) ) ;
#826 = FACE_OUTER_BOUND ( 'NONE', #1814, .T. ) ;
#827 = ORIENTED_EDGE ( 'NONE', *, *, #2040, .F. ) ;
#828 = ORIENTED_EDGE ( 'NONE', *, *, #523, .T. ) ;
#829 = CARTESIAN_POINT ( 'NONE',  ( -13.13397459621555896, -4.500000000000002665, 3.500000000000000000 ) ) ;
#830 = DIRECTION ( 'NONE',  ( 0.000000000000000000, 0.000000000000000000, -1.000000000000000000 ) ) ;
#831 = ADVANCED_FACE ( 'NONE', ( #656 ), #2062, .T. ) ;
#832 = CARTESIAN_POINT ( 'NONE',  ( 2.000000000000026645, -1.976969600708559094, -9.675065195979921960E-14 ) ) ;
#833 = CARTESIAN_POINT ( 'NONE',  ( -13.50000000000000000, 1.333974596215561359, -3.500000000000000000 ) ) ;
#834 = DIRECTION ( 'NONE',  ( 0.000000000000000000, -1.000000000000000000, 0.000000000000000000 ) ) ;
#835 = EDGE_LOOP ( 'NONE', ( #1564, #753, #1342 ) ) ;
#836 = DIRECTION ( 'NONE',  ( -0.8660254037844380415, -0.5000000000000009992, 0.000000000000000000 ) ) ;
#837 = DIRECTION ( 'NONE',  ( 0.000000000000000000, 0.000000000000000000, -1.000000000000000000 ) ) ;
#838 = DIRECTION ( 'NONE',  ( 1.000000000000000000, 0.000000000000000000, 0.000000000000000000 ) ) ;
#839 = EDGE_CURVE ( 'NONE', #909, #1159, #451, .T. ) ;
#840 = VERTEX_POINT ( 'NONE', #1934 ) ;
#841 = DIRECTION ( 'NONE',  ( -2.168404344971008868E-16, 1.000000000000000000, 0.000000000000000000 ) ) ;
#842 = DIRECTION ( 'NONE',  ( -0.000000000000000000, 0.000000000000000000, -1.000000000000000000 ) ) ;
#843 = VECTOR ( 'NONE', #552, 1000.000000000000000 ) ;
#844 = ADVANCED_FACE ( 'NONE', ( #1265 ), #1427, .F. ) ;
#845 = CARTESIAN_POINT ( 'NONE',  ( -2.349999999999999645, -0.5000000000000001110, 3.000000000000000000 ) ) ;
#846 = VECTOR ( 'NONE', #1786, 1000.000000000000000 ) ;
#847 = ORIENTED_EDGE ( 'NONE', *, *, #1856, .F. ) ;
#848 = ORIENTED_EDGE ( 'NONE', *, *, #2024, .F. ) ;
#849 = DIRECTION ( 'NONE',  ( -2.168404344971009361E-16, -1.000000000000000000, 0.000000000000000000 ) ) ;
#850 = AXIS2_PLACEMENT_3D ( 'NONE', #495, #1019, #2257 ) ;
#851 = DIRECTION ( 'NONE',  ( -8.673617379884035472E-16, 0.000000000000000000, 1.000000000000000000 ) ) ;
#852 = AXIS2_PLACEMENT_3D ( 'NONE', #812, #330, #1023 ) ;
#853 = CIRCLE ( 'NONE', #50, 0.5000000000000000000 ) ;
#854 = ORIENTED_EDGE ( 'NONE', *, *, #2227, .F. ) ;
#855 = CYLINDRICAL_SURFACE ( 'NONE', #1724, 0.5000000000000004441 ) ;
#856 = CIRCLE ( 'NONE', #1884, 0.4999999999999997780 ) ;
#857 = AXIS2_PLACEMENT_3D ( 'NONE', #1026, #2057, #292 ) ;
#858 = DIRECTION ( 'NONE',  ( 0.000000000000000000, 0.000000000000000000, -1.000000000000000000 ) ) ;
#859 = DIRECTION ( 'NONE',  ( 0.000000000000000000, -1.734723475976807094E-15, -1.000000000000000000 ) ) ;
#860 = ORIENTED_EDGE ( 'NONE', *, *, #890, .T. ) ;
#861 = ADVANCED_FACE ( 'NONE', ( #356 ), #1075, .T. ) ;
#862 = DIRECTION ( 'NONE',  ( -1.000000000000000000, 0.000000000000000000, 0.000000000000000000 ) ) ;
#863 = EDGE_LOOP ( 'NONE', ( #392, #1735, #405, #2223 ) ) ;
#864 = EDGE_CURVE ( 'NONE', #675, #1587, #1052, .T. ) ;
#865 = APPROVAL ( #1790, 'UNSPECIFIED' ) ;
#866 = APPLICATION_PROTOCOL_DEFINITION ( 'international standard', 'config_control_design', 1994, #807 ) ;
#867 = UNCERTAINTY_MEASURE_WITH_UNIT (LENGTH_MEASURE( 1.000000000000000082E-05 ), #181, 'distance_accuracy_value', 'NONE');
#868 = DIRECTION ( 'NONE',  ( 0.000000000000000000, 1.000000000000000000, 0.000000000000000000 ) ) ;
#869 = CARTESIAN_POINT ( 'NONE',  ( -14.00000000000000000, 1.199999999999998845, -3.500000000000000000 ) ) ;
#870 = DIRECTION ( 'NONE',  ( -0.000000000000000000, -0.000000000000000000, 1.000000000000000000 ) ) ;
#871 = CARTESIAN_POINT ( 'NONE',  ( -13.93301270189221874, 1.083974596215560027, -3.500000000000000000 ) ) ;
#872 = CARTESIAN_POINT ( 'NONE',  ( -2.849999999999999645, -0.5000000000000000000, 3.000000000000000000 ) ) ;
#873 = DIRECTION ( 'NONE',  ( 0.000000000000000000, 1.000000000000000000, -0.000000000000000000 ) ) ;
#874 = PERSON_AND_ORGANIZATION ( #216, #496 ) ;
#875 = EDGE_CURVE ( 'NONE', #65, #786, #1660, .T. ) ;
#876 = SPHERICAL_SURFACE ( 'NONE', #84, 0.5000000000000000000 ) ;
#877 = CARTESIAN_POINT ( 'NONE',  ( 5.500000000000000000, -6.379211070675434126E-16, -3.500000000000000000 ) ) ;
#878 = ORIENTED_EDGE ( 'NONE', *, *, #864, .T. ) ;
#879 = LINE ( 'NONE', #1748, #2102 ) ;
#880 = DIRECTION ( 'NONE',  ( -1.000000000000000000, 0.000000000000000000, 0.000000000000000000 ) ) ;
#881 = DIRECTION ( 'NONE',  ( -1.000000000000000000, 0.000000000000000000, 0.000000000000000000 ) ) ;
#882 = CARTESIAN_POINT ( 'NONE',  ( 0.000000000000000000, 2.499999999999999556, 3.500000000000000000 ) ) ;
#883 = AXIS2_PLACEMENT_3D ( 'NONE', #1607, #723, #406 ) ;
#884 = VECTOR ( 'NONE', #1308, 1000.000000000000000 ) ;
#885 = DIRECTION ( 'NONE',  ( -9.227252531791526626E-17, -1.000000000000000000, 0.000000000000000000 ) ) ;
#886 = EDGE_CURVE ( 'NONE', #774, #118, #549, .T. ) ;
#887 = ORIENTED_EDGE ( 'NONE', *, *, #33, .T. ) ;
#888 = AXIS2_PLACEMENT_3D ( 'NONE', #1304, #432, #1799 ) ;
#889 = DIRECTION ( 'NONE',  ( -0.000000000000000000, 1.000000000000000000, -0.000000000000000000 ) ) ;
#890 = EDGE_CURVE ( 'NONE', #1882, #1013, #42, .T. ) ;
#891 = AXIS2_PLACEMENT_3D ( 'NONE', #346, #1044, #858 ) ;
#892 = ORIENTED_EDGE ( 'NONE', *, *, #458, .T. ) ;
#893 = CARTESIAN_POINT ( 'NONE',  ( 1.936658796125913629, -1.993111508171500290, -0.7348759765988965853 ) ) ;
#894 = VECTOR ( 'NONE', #567, 1000.000000000000000 ) ;
#895 = DIRECTION ( 'NONE',  ( 0.000000000000000000, 0.000000000000000000, -1.000000000000000000 ) ) ;
#896 = DIRECTION ( 'NONE',  ( 0.000000000000000000, 0.000000000000000000, -1.000000000000000000 ) ) ;
#897 = ORIENTED_EDGE ( 'NONE', *, *, #574, .F. ) ;
#898 = DIRECTION ( 'NONE',  ( 1.000000000000000000, 0.000000000000000000, 0.000000000000000000 ) ) ;
#899 = CARTESIAN_POINT ( 'NONE',  ( -1.384087879768728871E-16, -1.499999999999999778, 3.500000000000000000 ) ) ;
#900 = EDGE_LOOP ( 'NONE', ( #314, #2043, #1827 ) ) ;
#901 = EDGE_CURVE ( 'NONE', #261, #816, #1242, .T. ) ;
#902 = EDGE_CURVE ( 'NONE', #1741, #299, #379, .T. ) ;
#903 = CARTESIAN_POINT ( 'NONE',  ( -8.500000000000000000, 0.4999999999999988343, -3.500000000000000000 ) ) ;
#904 = ORIENTED_EDGE ( 'NONE', *, *, #1594, .T. ) ;
#905 = CYLINDRICAL_SURFACE ( 'NONE', #114, 0.5000000000000001110 ) ;
#906 = DIRECTION ( 'NONE',  ( 0.000000000000000000, 0.000000000000000000, -1.000000000000000000 ) ) ;
#907 = CYLINDRICAL_SURFACE ( 'NONE', #1959, 0.5000000000000000000 ) ;
#908 = CARTESIAN_POINT ( 'NONE',  ( -9.500000000000001776, -0.5000000000000015543, -3.000000000000000444 ) ) ;
#909 = VERTEX_POINT ( 'NONE', #1603 ) ;
#910 = APPROVAL_ROLE ( '' ) ;
#911 = DIRECTION ( 'NONE',  ( 0.000000000000000000, -1.000000000000000000, -0.000000000000000000 ) ) ;
#912 = CARTESIAN_POINT ( 'NONE',  ( 2.000000000000026645, -1.976969600708559094, -9.675065195979921960E-14 ) ) ;
#913 = VERTEX_POINT ( 'NONE', #24 ) ;
#914 = FACE_OUTER_BOUND ( 'NONE', #499, .T. ) ;
#915 = ADVANCED_FACE ( 'NONE', ( #1968 ), #1578, .T. ) ;
#916 = DIRECTION ( 'NONE',  ( -0.000000000000000000, 0.000000000000000000, 1.000000000000000000 ) ) ;
#917 = DIRECTION ( 'NONE',  ( 1.000000000000000000, 4.336808689942017736E-16, 1.734723475976807094E-15 ) ) ;
#918 = ORIENTED_EDGE ( 'NONE', *, *, #1899, .F. ) ;
#919 = ADVANCED_FACE ( 'NONE', ( #1791 ), #1440, .T. ) ;
#920 = COORDINATED_UNIVERSAL_TIME_OFFSET ( 1, 0, .AHEAD. ) ;
#921 = CIRCLE ( 'NONE', #378, 0.5000000000000000000 ) ;
#922 = ORIENTED_EDGE ( 'NONE', *, *, #318, .F. ) ;
#923 = AXIS2_PLACEMENT_3D ( 'NONE', #1154, #1824, #770 ) ;
#924 = CARTESIAN_POINT ( 'NONE',  ( -1.999999999998126610, -1.976969600709695296, 0.1851823527868928787 ) ) ;
#925 = VECTOR ( 'NONE', #1942, 1000.000000000000000 ) ;
#926 = CIRCLE ( 'NONE', #158, 0.5000000000000004441 ) ;
#927 = VERTEX_POINT ( 'NONE', #390 ) ;
#928 = DIRECTION ( 'NONE',  ( 0.5000000000000011102, 0.8660254037844379305, 0.000000000000000000 ) ) ;
#929 = AXIS2_PLACEMENT_3D ( 'NONE', #105, #614, #290 ) ;
#930 = EDGE_LOOP ( 'NONE', ( #1202, #1747, #1620, #104 ) ) ;
#931 = VECTOR ( 'NONE', #1937, 1000.000000000000000 ) ;
#932 = DIRECTION ( 'NONE',  ( 0.000000000000000000, 1.000000000000000000, 0.000000000000000000 ) ) ;
#933 = EDGE_CURVE ( 'NONE', #1745, #525, #1989, .T. ) ;
#934 = CARTESIAN_POINT ( 'NONE',  ( 5.500000000000000000, 0.4999999999999993339, -3.000000000000000444 ) ) ;
#935 = ORIENTED_EDGE ( 'NONE', *, *, #1006, .T. ) ;
#936 = AXIS2_PLACEMENT_3D ( 'NONE', #1574, #43, #746 ) ;
#937 = EDGE_CURVE ( 'NONE', #1442, #190, #4, .T. ) ;
#938 = EDGE_CURVE ( 'NONE', #1757, #1501, #1097, .T. ) ;
#939 = ORIENTED_EDGE ( 'NONE', *, *, #1546, .T. ) ;
#940 = EDGE_LOOP ( 'NONE', ( #1963, #954, #710, #1302 ) ) ;
#941 = CARTESIAN_POINT ( 'NONE',  ( -6.000000000000000000, -6.379211070675434126E-16, 3.000000000000000000 ) ) ;
#942 = VERTEX_POINT ( 'NONE', #228 ) ;
#943 = CARTESIAN_POINT ( 'NONE',  ( -9.500000000000001776, -5.000000000000000888, -3.500000000000000000 ) ) ;
#944 = CARTESIAN_POINT ( 'NONE',  ( -13.50000000000000000, 0.000000000000000000, -3.500000000000000000 ) ) ;
#945 = FACE_OUTER_BOUND ( 'NONE', #562, .T. ) ;
#946 = EDGE_LOOP ( 'NONE', ( #987, #2160, #2186, #966 ) ) ;
#947 = PERSON_AND_ORGANIZATION ( #216, #496 ) ;
#948 = ORIENTED_EDGE ( 'NONE', *, *, #1191, .F. ) ;
#949 = DIRECTION ( 'NONE',  ( 0.000000000000000000, 4.336808689942017736E-16, -1.000000000000000000 ) ) ;
#950 = CARTESIAN_POINT ( 'NONE',  ( -13.56698729810777948, -4.250000000000001776, 3.000000000000000444 ) ) ;
#951 = SPHERICAL_SURFACE ( 'NONE', #340, 0.5000000000000000000 ) ;
#952 = CARTESIAN_POINT ( 'NONE',  ( 1.849999999999999867, -1.500000000000000000, 3.000000000000000000 ) ) ;
#953 = DIRECTION ( 'NONE',  ( -1.000000000000000000, 0.000000000000000000, 0.000000000000000000 ) ) ;
#954 = ORIENTED_EDGE ( 'NONE', *, *, #44, .F. ) ;
#955 = EDGE_CURVE ( 'NONE', #1317, #675, #539, .T. ) ;
#956 = AXIS2_PLACEMENT_3D ( 'NONE', #1820, #1477, #309 ) ;
#957 = ORIENTED_EDGE ( 'NONE', *, *, #1479, .T. ) ;
#958 = CIRCLE ( 'NONE', #1213, 0.5000000000000000000 ) ;
#959 = ADVANCED_FACE ( 'NONE', ( #2098 ), #526, .F. ) ;
#960 = DIRECTION ( 'NONE',  ( 0.5000000000000006661, 0.8660254037844382635, 0.000000000000000000 ) ) ;
#961 = ORIENTED_EDGE ( 'NONE', *, *, #273, .T. ) ;
#962 = VECTOR ( 'NONE', #1568, 1000.000000000000000 ) ;
#963 = CARTESIAN_POINT ( 'NONE',  ( -1.999999999998141709, -1.976969600709689745, -0.1857685022376360517 ) ) ;
#964 = CARTESIAN_POINT ( 'NONE',  ( -13.50000000000000000, 1.333974596215560693, 3.000000000000000444 ) ) ;
#965 = DIRECTION ( 'NONE',  ( 2.168404344971009361E-16, 1.000000000000000000, -0.000000000000000000 ) ) ;
#966 = ORIENTED_EDGE ( 'NONE', *, *, #2110, .F. ) ;
#967 = CIRCLE ( 'NONE', #705, 0.5000000000000004441 ) ;
#968 = FACE_OUTER_BOUND ( 'NONE', #542, .T. ) ;
#969 = CIRCLE ( 'NONE', #1992, 0.5000000000000004441 ) ;
#970 = AXIS2_PLACEMENT_3D ( 'NONE', #2074, #120, #472 ) ;
#971 = CARTESIAN_POINT ( 'NONE',  ( -8.500000000000000000, -1.074853372182299175E-15, -3.000000000000000444 ) ) ;
#972 = ORIENTED_EDGE ( 'NONE', *, *, #1089, .T. ) ;
#973 = EDGE_CURVE ( 'NONE', #2205, #2007, #1358, .T. ) ;
#974 = EDGE_CURVE ( 'NONE', #909, #1086, #1196, .T. ) ;
#975 = LINE ( 'NONE', #798, #1323 ) ;
#976 = CARTESIAN_POINT ( 'NONE',  ( -7.901923788646665336, 4.562177826491073063, 3.500000000000000000 ) ) ;
#977 = ORIENTED_EDGE ( 'NONE', *, *, #122, .T. ) ;
#978 = EDGE_LOOP ( 'NONE', ( #219, #1650, #1846, #62 ) ) ;
#979 = DIRECTION ( 'NONE',  ( -1.000000000000000000, 0.000000000000000000, 0.000000000000000000 ) ) ;
#980 = ORIENTED_EDGE ( 'NONE', *, *, #459, .T. ) ;
#981 = CARTESIAN_POINT ( 'NONE',  ( 2.849999999999999645, -0.5000000000000000000, -3.000000000000000444 ) ) ;
#982 = ORIENTED_EDGE ( 'NONE', *, *, #679, .T. ) ;
#983 = DIRECTION ( 'NONE',  ( 1.000000000000000000, 0.000000000000000000, 0.000000000000000000 ) ) ;
#984 = CARTESIAN_POINT ( 'NONE',  ( -9.500000000000001776, -5.000000000000000888, -3.000000000000000000 ) ) ;
#985 = EDGE_LOOP ( 'NONE', ( #214, #355, #854, #1098, #2132, #1390, #1434, #706, #2034, #1643, #464, #335, #1667, #1993, #750, #414 ) ) ;
#986 = CARTESIAN_POINT ( 'NONE',  ( -11.92153903091734257, -1.400000000000001021, -3.000000000000000000 ) ) ;
#987 = ORIENTED_EDGE ( 'NONE', *, *, #1502, .T. ) ;
#988 = EDGE_CURVE ( 'NONE', #553, #279, #1117, .T. ) ;
#989 = CARTESIAN_POINT ( 'NONE',  ( 0.000000000000000000, 0.000000000000000000, -3.500000000000000000 ) ) ;
#990 = DIRECTION ( 'NONE',  ( -1.000000000000000000, 0.000000000000000000, 0.000000000000000000 ) ) ;
#991 = ORIENTED_EDGE ( 'NONE', *, *, #2253, .F. ) ;
#992 = DIRECTION ( 'NONE',  ( -0.5000000000000011102, 0.8660254037844379305, 0.000000000000000000 ) ) ;
#993 = AXIS2_PLACEMENT_3D ( 'NONE', #611, #449, #266 ) ;
#994 = AXIS2_PLACEMENT_3D ( 'NONE', #1408, #2113, #1054 ) ;
#995 = EDGE_LOOP ( 'NONE', ( #2072, #245, #1162, #37, #145 ) ) ;
#996 = FACE_OUTER_BOUND ( 'NONE', #528, .T. ) ;
#997 = CARTESIAN_POINT ( 'NONE',  ( 2.849999999999999645, -0.5000000000000000000, 3.500000000000000000 ) ) ;
#998 = ORIENTED_EDGE ( 'NONE', *, *, #1649, .T. ) ;
#999 = EDGE_LOOP ( 'NONE', ( #2268, #2010, #608, #1920, #1361, #2119, #1571 ) ) ;
#1000 = VECTOR ( 'NONE', #185, 1000.000000000000000 ) ;
#1001 = EDGE_LOOP ( 'NONE', ( #1683, #2238, #1347, #847 ) ) ;
#1002 = AXIS2_PLACEMENT_3D ( 'NONE', #934, #1812, #1671 ) ;
#1003 = DIRECTION ( 'NONE',  ( 2.168404344971009361E-16, 1.000000000000000000, -0.000000000000000000 ) ) ;
#1004 = VECTOR ( 'NONE', #269, 1000.000000000000000 ) ;
#1005 = DIRECTION ( 'NONE',  ( -1.000000000000000000, 9.227252531791526626E-17, 0.000000000000000000 ) ) ;
#1006 = EDGE_CURVE ( 'NONE', #1159, #64, #1387, .T. ) ;
#1007 = ADVANCED_FACE ( 'NONE', ( #2095 ), #1219, .T. ) ;
#1008 = CIRCLE ( 'NONE', #748, 0.5000000000000000000 ) ;
#1009 = CIRCLE ( 'NONE', #1596, 0.5000000000000000000 ) ;
#1010 = CARTESIAN_POINT ( 'NONE',  ( 5.500000000000000000, 2.499999999999999556, -3.500000000000000000 ) ) ;
#1011 = CARTESIAN_POINT ( 'NONE',  ( -9.547372055837103133, -5.512177826491077681, 3.500000000000000000 ) ) ;
#1012 = DIRECTION ( 'NONE',  ( 0.000000000000000000, 0.000000000000000000, 1.000000000000000000 ) ) ;
#1013 = VERTEX_POINT ( 'NONE', #1932 ) ;
#1014 = ORIENTED_EDGE ( 'NONE', *, *, #1890, .F. ) ;
#1015 = DIRECTION ( 'NONE',  ( 0.000000000000000000, 0.000000000000000000, 1.000000000000000000 ) ) ;
#1016 = CARTESIAN_POINT ( 'NONE',  ( -2.350000000000000089, -1.499999999999999556, 3.000000000000000000 ) ) ;
#1017 = ADVANCED_FACE ( 'NONE', ( #1590 ), #183, .T. ) ;
#1018 = ORIENTED_EDGE ( 'NONE', *, *, #793, .T. ) ;
#1019 = DIRECTION ( 'NONE',  ( 1.000000000000000000, 1.191190382581906851E-16, 0.000000000000000000 ) ) ;
#1020 = ADVANCED_FACE ( 'NONE', ( #521 ), #1924, .T. ) ;
#1021 = CYLINDRICAL_SURFACE ( 'NONE', #1067, 0.5000000000000000000 ) ;
#1022 = ORIENTED_EDGE ( 'NONE', *, *, #937, .T. ) ;
#1023 = DIRECTION ( 'NONE',  ( -1.000000000000000000, 1.747729060459022802E-16, 0.000000000000000000 ) ) ;
#1024 = CARTESIAN_POINT ( 'NONE',  ( -9.500000000000001776, -4.500000000000000888, -3.000000000000000000 ) ) ;
#1025 = DIRECTION ( 'NONE',  ( -0.000000000000000000, -0.000000000000000000, 1.000000000000000000 ) ) ;
#1026 = CARTESIAN_POINT ( 'NONE',  ( -6.000000000000000000, -6.379211070675434126E-16, 3.500000000000000000 ) ) ;
#1027 = ORIENTED_EDGE ( 'NONE', *, *, #1531, .T. ) ;
#1028 = FACE_OUTER_BOUND ( 'NONE', #787, .T. ) ;
#1029 = EDGE_CURVE ( 'NONE', #1641, #63, #759, .T. ) ;
#1030 = ADVANCED_FACE ( 'NONE', ( #1744 ), #876, .T. ) ;
#1031 = DIRECTION ( 'NONE',  ( -9.227252531791526626E-17, -1.000000000000000000, 0.000000000000000000 ) ) ;
#1032 = LINE ( 'NONE', #1915, #2209 ) ;
#1033 = VECTOR ( 'NONE', #1212, 1000.000000000000114 ) ;
#1034 = CARTESIAN_POINT ( 'NONE',  ( -12.21021416551215566, -1.900000000000001465, -3.500000000000000000 ) ) ;
#1035 = AXIS2_PLACEMENT_3D ( 'NONE', #146, #1925, #1945 ) ;
#1036 = VERTEX_POINT ( 'NONE', #2108 ) ;
#1037 = CARTESIAN_POINT ( 'NONE',  ( 2.849999999999999645, -0.5000000000000000000, 3.000000000000000000 ) ) ;
#1038 = CIRCLE ( 'NONE', #491, 1.650000000000000133 ) ;
#1039 = DIRECTION ( 'NONE',  ( 1.000000000000000000, 1.191190382581906851E-16, 0.000000000000000000 ) ) ;
#1040 = CIRCLE ( 'NONE', #47, 0.5000000000000000000 ) ;
#1041 = VECTOR ( 'NONE', #1341, 1000.000000000000000 ) ;
#1042 = AXIS2_PLACEMENT_3D ( 'NONE', #1464, #790, #1132 ) ;
#1043 = ORIENTED_EDGE ( 'NONE', *, *, #259, .F. ) ;
#1044 = DIRECTION ( 'NONE',  ( -0.000000000000000000, -1.000000000000000000, -0.000000000000000000 ) ) ;
#1045 = CYLINDRICAL_SURFACE ( 'NONE', #155, 1.650000000000000133 ) ;
#1046 = ADVANCED_FACE ( 'NONE', ( #1231 ), #2275, .T. ) ;
#1047 = DIRECTION ( 'NONE',  ( -1.000000000000000000, 0.000000000000000000, -0.000000000000000000 ) ) ;
#1048 = FACE_OUTER_BOUND ( 'NONE', #1247, .T. ) ;
#1049 = SPHERICAL_SURFACE ( 'NONE', #1147, 0.5000000000000000000 ) ;
#1050 = MECHANICAL_CONTEXT ( 'NONE', #244, 'mechanical' ) ;
#1051 = ORIENTED_EDGE ( 'NONE', *, *, #510, .F. ) ;
#1052 = LINE ( 'NONE', #208, #1000 ) ;
#1053 = CARTESIAN_POINT ( 'NONE',  ( -13.63397459621555896, -4.500000000000002665, -3.000000000000000000 ) ) ;
#1054 = DIRECTION ( 'NONE',  ( -1.000000000000000000, 0.000000000000000000, 0.000000000000000000 ) ) ;
#1055 = DIRECTION ( 'NONE',  ( -0.000000000000000000, -0.000000000000000000, 1.000000000000000000 ) ) ;
#1056 = DIRECTION ( 'NONE',  ( 0.000000000000000000, -1.000000000000000000, 0.000000000000000000 ) ) ;
#1057 = ORIENTED_EDGE ( 'NONE', *, *, #2125, .T. ) ;
#1058 = ADVANCED_FACE ( 'NONE', ( #1399 ), #123, .T. ) ;
#1059 = CARTESIAN_POINT ( 'NONE',  ( 5.500000000000000000, -5.505346540445921616E-16, 3.500000000000000000 ) ) ;
#1060 = ORIENTED_EDGE ( 'NONE', *, *, #1461, .T. ) ;
#1061 = CARTESIAN_POINT ( 'NONE',  ( 6.000000000000000000, -6.379211070675434126E-16, 3.500000000000000000 ) ) ;
#1062 = DIRECTION ( 'NONE',  ( 0.000000000000000000, 0.000000000000000000, 1.000000000000000000 ) ) ;
#1063 = CARTESIAN_POINT ( 'NONE',  ( -9.500000000000001776, -0.5000000000000015543, -3.500000000000000000 ) ) ;
#1064 = CYLINDRICAL_SURFACE ( 'NONE', #603, 0.5000000000000000000 ) ;
#1065 = CARTESIAN_POINT ( 'NONE',  ( 2.149999999999999911, -1.500000000000000000, 2.632990618166809235E-16 ) ) ;
#1066 = ORIENTED_EDGE ( 'NONE', *, *, #650, .T. ) ;
#1067 = AXIS2_PLACEMENT_3D ( 'NONE', #147, #1719, #1540 ) ;
#1068 = TOROIDAL_SURFACE ( 'NONE', #994, 1.000000000000000000, 0.5000000000000000000 ) ;
#1069 = CARTESIAN_POINT ( 'NONE',  ( -13.50000000000000000, 1.333974596215560915, -3.000000000000000000 ) ) ;
#1070 = AXIS2_PLACEMENT_3D ( 'NONE', #626, #1321, #2179 ) ;
#1071 = ADVANCED_FACE ( 'NONE', ( #192 ), #1755, .T. ) ;
#1072 = EDGE_CURVE ( 'NONE', #548, #1859, #1727, .T. ) ;
#1073 = VERTEX_POINT ( 'NONE', #587 ) ;
#1074 = TOROIDAL_SURFACE ( 'NONE', #817, 2.149999999999999911, 0.5000000000000000000 ) ;
#1075 = CYLINDRICAL_SURFACE ( 'NONE', #2100, 0.5000000000000004441 ) ;
#1076 = AXIS2_PLACEMENT_3D ( 'NONE', #2135, #21, #917 ) ;
#1077 = CYLINDRICAL_SURFACE ( 'NONE', #1107, 0.5000000000000000000 ) ;
#1078 = AXIS2_PLACEMENT_3D ( 'NONE', #1728, #2081, #654 ) ;
#1079 = ORIENTED_EDGE ( 'NONE', *, *, #1754, .T. ) ;
#1080 = EDGE_LOOP ( 'NONE', ( #982, #720, #1834, #1538 ) ) ;
#1081 = APPROVAL_PERSON_ORGANIZATION ( #1743, #1406, #910 ) ;
#1082 = FACE_OUTER_BOUND ( 'NONE', #800, .T. ) ;
#1083 = FACE_OUTER_BOUND ( 'NONE', #1792, .T. ) ;
#1084 = VERTEX_POINT ( 'NONE', #422 ) ;
#1085 = DIRECTION ( 'NONE',  ( -1.000000000000000000, 1.747729060459022802E-16, -0.000000000000000000 ) ) ;
#1086 = VERTEX_POINT ( 'NONE', #1813 ) ;
#1087 = ADVANCED_FACE ( 'NONE', ( #680 ), #1378, .T. ) ;
#1088 = DIRECTION ( 'NONE',  ( 0.000000000000000000, 1.000000000000000000, -8.673617379884035472E-16 ) ) ;
#1089 = EDGE_CURVE ( 'NONE', #2093, #1817, #1176, .T. ) ;
#1090 = CARTESIAN_POINT ( 'NONE',  ( 1.849999999999999867, -1.500000000000000000, 3.500000000000000000 ) ) ;
#1091 = EDGE_LOOP ( 'NONE', ( #1022, #180, #1979 ) ) ;
#1092 = DIRECTION ( 'NONE',  ( -1.000000000000000000, -1.191190382581906851E-16, 0.000000000000000000 ) ) ;
#1093 = CYLINDRICAL_SURFACE ( 'NONE', #166, 0.5000000000000004441 ) ;
#1094 = CYLINDRICAL_SURFACE ( 'NONE', #348, 0.5000000000000000000 ) ;
#1095 = COORDINATED_UNIVERSAL_TIME_OFFSET ( 1, 0, .AHEAD. ) ;
#1096 = ORIENTED_EDGE ( 'NONE', *, *, #2197, .T. ) ;
#1097 = LINE ( 'NONE', #400, #631 ) ;
#1098 = ORIENTED_EDGE ( 'NONE', *, *, #1137, .T. ) ;
#1099 = CARTESIAN_POINT ( 'NONE',  ( -13.13397459621556074, -5.000000000000001776, -3.000000000000000000 ) ) ;
#1100 = ORIENTED_EDGE ( 'NONE', *, *, #1708, .F. ) ;
#1101 = EDGE_CURVE ( 'NONE', #1289, #730, #1398, .T. ) ;
#1102 = EDGE_CURVE ( 'NONE', #1189, #1641, #492, .T. ) ;
#1103 = DIRECTION ( 'NONE',  ( 1.000000000000000000, -0.000000000000000000, -0.000000000000000000 ) ) ;
#1104 = DIRECTION ( 'NONE',  ( 0.8660254037844385966, -0.5000000000000000000, 0.000000000000000000 ) ) ;
#1105 = ORIENTED_EDGE ( 'NONE', *, *, #938, .F. ) ;
#1106 = CLOSED_SHELL ( 'NONE', ( #1376, #1178, #194, #349, #686, #2214, #959, #2071, #135, #1547, #615, #1266, #48, #144, #844, #1375, #1837, #1087, #762, #1801, #1237, #1897, #502, #2141, #92, #209, #1941, #1207, #1238, #1480, #1058, #1796, #1046, #2153, #919, #17, #861, #2008, #915, #444, #1567, #1506, #677, #689, #1249, #831, #1662, #613, #402, #163, #2167, #1030, #1869, #703, #1742, #1166, #558, #2085, #1495, #222, #749, #1726, #489, #2228, #1007, #1604, #803, #327, #251, #2082, #1071, #2075, #1017, #1621, #28, #73, #2023, #1701, #425, #1020, #764, #736 ) ) ;
#1107 = AXIS2_PLACEMENT_3D ( 'NONE', #1090, #2147, #1971 ) ;
#1108 = CIRCLE ( 'NONE', #1070, 0.5000000000000000000 ) ;
#1109 = AXIS2_PLACEMENT_3D ( 'NONE', #964, #2171, #586 ) ;
#1110 = ORIENTED_EDGE ( 'NONE', *, *, #2156, .F. ) ;
#1111 = DIRECTION ( 'NONE',  ( 1.000000000000000000, -1.747729060459022802E-16, 0.000000000000000000 ) ) ;
#1112 = VECTOR ( 'NONE', #532, 1000.000000000000000 ) ;
#1113 = ORIENTED_EDGE ( 'NONE', *, *, #1889, .T. ) ;
#1114 = AXIS2_PLACEMENT_3D ( 'NONE', #397, #1974, #30 ) ;
#1115 = DIRECTION ( 'NONE',  ( 1.191190382581906605E-16, -1.000000000000000000, 0.000000000000000000 ) ) ;
#1116 = CARTESIAN_POINT ( 'NONE',  ( 1.849999999999999645, -2.000000000000000000, 1.095445115010332815 ) ) ;
#1117 = LINE ( 'NONE', #700, #962 ) ;
#1118 = VERTEX_POINT ( 'NONE', #1282 ) ;
#1119 = EDGE_CURVE ( 'NONE', #1878, #593, #926, .T. ) ;
#1120 = DIRECTION ( 'NONE',  ( 2.168404344971008868E-16, -1.000000000000000000, 0.000000000000000000 ) ) ;
#1121 = VERTEX_POINT ( 'NONE', #769 ) ;
#1122 = DIRECTION ( 'NONE',  ( -0.5000000000000011102, -0.8660254037844380415, 0.000000000000000000 ) ) ;
#1123 = CARTESIAN_POINT ( 'NONE',  ( 2.350000000000000089, -1.499999999999999778, -3.000000000000000444 ) ) ;
#1124 = DIRECTION ( 'NONE',  ( 0.000000000000000000, 0.000000000000000000, -1.000000000000000000 ) ) ;
#1125 = ORIENTED_EDGE ( 'NONE', *, *, #1999, .T. ) ;
#1126 = EDGE_CURVE ( 'NONE', #142, #913, #421, .T. ) ;
#1127 = CARTESIAN_POINT ( 'NONE',  ( -13.50000000000000000, 2.999999999999999556, -3.000000000000000444 ) ) ;
#1128 = EDGE_CURVE ( 'NONE', #1036, #1776, #1691, .T. ) ;
#1129 = ORIENTED_EDGE ( 'NONE', *, *, #2125, .F. ) ;
#1130 = ORIENTED_EDGE ( 'NONE', *, *, #1315, .F. ) ;
#1131 = ORIENTED_EDGE ( 'NONE', *, *, #1405, .F. ) ;
#1132 = DIRECTION ( 'NONE',  ( 0.000000000000000000, -1.000000000000000000, 2.602085213965210642E-15 ) ) ;
#1133 = LINE ( 'NONE', #1310, #564 ) ;
#1134 = CARTESIAN_POINT ( 'NONE',  ( -8.500000000000000000, -0.5000000000000013323, 3.500000000000000000 ) ) ;
#1135 = CARTESIAN_POINT ( 'NONE',  ( -1.849999999999999645, 4.011548038196366406E-16, 3.500000000000000000 ) ) ;
#1136 = EDGE_CURVE ( 'NONE', #1359, #2169, #256, .T. ) ;
#1137 = EDGE_CURVE ( 'NONE', #927, #1759, #1635, .T. ) ;
#1138 = VECTOR ( 'NONE', #1164, 1000.000000000000000 ) ;
#1139 = CIRCLE ( 'NONE', #2020, 0.5000000000000004441 ) ;
#1140 = CARTESIAN_POINT ( 'NONE',  ( -13.56698729810777948, -4.250000000000001776, -3.000000000000000000 ) ) ;
#1141 = DIRECTION ( 'NONE',  ( 0.000000000000000000, 0.000000000000000000, 1.000000000000000000 ) ) ;
#1142 = VECTOR ( 'NONE', #416, 1000.000000000000000 ) ;
#1143 = DIRECTION ( 'NONE',  ( 2.168404344971009361E-16, 1.000000000000000000, 0.000000000000000000 ) ) ;
#1144 = CARTESIAN_POINT ( 'NONE',  ( 0.000000000000000000, -1.499999999999999778, 0.000000000000000000 ) ) ;
#1145 = AXIS2_PLACEMENT_3D ( 'NONE', #1987, #376, #851 ) ;
#1146 = ORIENTED_EDGE ( 'NONE', *, *, #2009, .F. ) ;
#1147 = AXIS2_PLACEMENT_3D ( 'NONE', #536, #747, #31 ) ;
#1148 = DIRECTION ( 'NONE',  ( 0.000000000000000000, 0.000000000000000000, -1.000000000000000000 ) ) ;
#1149 = CARTESIAN_POINT ( 'NONE',  ( -13.50000000000000000, 2.999999999999999556, 3.000000000000000000 ) ) ;
#1150 = CC_DESIGN_SECURITY_CLASSIFICATION ( #169, ( #1809 ) ) ;
#1151 = FACE_OUTER_BOUND ( 'NONE', #727, .T. ) ;
#1152 = EDGE_CURVE ( 'NONE', #1859, #1179, #1877, .T. ) ;
#1153 = CYLINDRICAL_SURFACE ( 'NONE', #2246, 0.5000000000000000000 ) ;
#1154 = CARTESIAN_POINT ( 'NONE',  ( -1.850000000000000089, -1.499999999999999556, -3.000000000000000444 ) ) ;
#1155 = VERTEX_POINT ( 'NONE', #1123 ) ;
#1156 = ORIENTED_EDGE ( 'NONE', *, *, #875, .T. ) ;
#1157 = ORIENTED_EDGE ( 'NONE', *, *, #624, .T. ) ;
#1158 = CARTESIAN_POINT ( 'NONE',  ( -9.500000000000001776, -4.500000000000001776, 3.500000000000000000 ) ) ;
#1159 = VERTEX_POINT ( 'NONE', #1116 ) ;
#1160 = CARTESIAN_POINT ( 'NONE',  ( 5.500000000000000000, 0.4999999999999993339, 3.000000000000000000 ) ) ;
#1161 = LINE ( 'NONE', #294, #2136 ) ;
#1162 = ORIENTED_EDGE ( 'NONE', *, *, #1389, .T. ) ;
#1163 = PLANE ( 'NONE',  #1803 ) ;
#1164 = DIRECTION ( 'NONE',  ( -0.000000000000000000, -0.000000000000000000, -1.000000000000000000 ) ) ;
#1165 = VERTEX_POINT ( 'NONE', #265 ) ;
#1166 = ADVANCED_FACE ( 'NONE', ( #610 ), #598, .T. ) ;
#1167 = DIRECTION ( 'NONE',  ( 0.000000000000000000, 1.000000000000000000, 0.000000000000000000 ) ) ;
#1168 = DIRECTION ( 'NONE',  ( 1.000000000000000000, -0.000000000000000000, -0.000000000000000000 ) ) ;
#1169 = CARTESIAN_POINT ( 'NONE',  ( -1.849999999999999867, -1.499999999999999556, -3.000000000000000000 ) ) ;
#1170 = VECTOR ( 'NONE', #1111, 1000.000000000000000 ) ;
#1171 = ORIENTED_EDGE ( 'NONE', *, *, #1206, .F. ) ;
#1172 = DIRECTION ( 'NONE',  ( 0.5000000000000011102, -0.8660254037844379305, -0.000000000000000000 ) ) ;
#1173 = FACE_OUTER_BOUND ( 'NONE', #995, .T. ) ;
#1174 = EDGE_LOOP ( 'NONE', ( #230, #897, #1171, #761 ) ) ;
#1175 = ORIENTED_EDGE ( 'NONE', *, *, #456, .T. ) ;
#1176 = CIRCLE ( 'NONE', #1990, 0.5000000000000004441 ) ;
#1177 = DIRECTION ( 'NONE',  ( -1.000000000000000000, -1.747729060459023048E-16, -0.000000000000000000 ) ) ;
#1178 = ADVANCED_FACE ( 'NONE', ( #1272 ), #951, .T. ) ;
#1179 = VERTEX_POINT ( 'NONE', #1975 ) ;
#1180 = AXIS2_PLACEMENT_3D ( 'NONE', #908, #2123, #384 ) ;
#1181 = CARTESIAN_POINT ( 'NONE',  ( -9.500000000000001776, -4.500000000000000888, 3.000000000000000000 ) ) ;
#1182 = VECTOR ( 'NONE', #881, 1000.000000000000000 ) ;
#1183 = AXIS2_PLACEMENT_3D ( 'NONE', #1037, #1873, #490 ) ;
#1184 = VERTEX_POINT ( 'NONE', #2151 ) ;
#1185 = DIRECTION ( 'NONE',  ( 0.000000000000000000, 8.673617379884035472E-16, -1.000000000000000000 ) ) ;
#1186 = CARTESIAN_POINT ( 'NONE',  ( -1.849999999999999867, -0.5000000000000002220, 3.500000000000000000 ) ) ;
#1187 = CARTESIAN_POINT ( 'NONE',  ( 0.000000000000000000, 2.499999999999999112, 0.000000000000000000 ) ) ;
#1188 = CYLINDRICAL_SURFACE ( 'NONE', #663, 0.5000000000000000000 ) ;
#1189 = VERTEX_POINT ( 'NONE', #1491 ) ;
#1190 = CARTESIAN_POINT ( 'NONE',  ( 1.849999999999999867, -1.500000000000000000, -3.000000000000000444 ) ) ;
#1191 = EDGE_CURVE ( 'NONE', #1073, #1184, #1133, .T. ) ;
#1192 = PLANE ( 'NONE',  #857 ) ;
#1193 = EDGE_CURVE ( 'NONE', #1878, #553, #200, .T. ) ;
#1194 = ORIENTED_EDGE ( 'NONE', *, *, #1622, .F. ) ;
#1195 = CARTESIAN_POINT ( 'NONE',  ( -13.50000000000000000, 1.333974596215560915, 0.000000000000000000 ) ) ;
#1196 = B_SPLINE_CURVE_WITH_KNOTS ( 'NONE', 3,
 ( #1451, #52, #752, #2155, #924, #688 ),
 .UNSPECIFIED., .F., .F.,
 ( 4, 2, 4 ),
 ( -6.265259513576563423E-06, 0.0005468326441380488064, 0.001099930547789674563 ),
 .UNSPECIFIED. ) ;
#1197 = CARTESIAN_POINT ( 'NONE',  ( -12.21021416551215566, -1.900000000000001688, -3.000000000000000000 ) ) ;
#1198 = LINE ( 'NONE', #295, #1661 ) ;
#1199 = CARTESIAN_POINT ( 'NONE',  ( -9.547372055837103133, -5.512177826491077681, -3.000000000000000000 ) ) ;
#1200 = DIRECTION ( 'NONE',  ( -0.000000000000000000, -0.000000000000000000, 1.000000000000000000 ) ) ;
#1201 = DIRECTION ( 'NONE',  ( 0.000000000000000000, 0.000000000000000000, -1.000000000000000000 ) ) ;
#1202 = ORIENTED_EDGE ( 'NONE', *, *, #735, .F. ) ;
#1203 = ORIENTED_EDGE ( 'NONE', *, *, #1913, .T. ) ;
#1204 = DIRECTION ( 'NONE',  ( -1.000000000000000000, 0.000000000000000000, 0.000000000000000000 ) ) ;
#1205 = CARTESIAN_POINT ( 'NONE',  ( -13.13397459621555896, -4.500000000000002665, 3.000000000000000000 ) ) ;
#1206 = EDGE_CURVE ( 'NONE', #1317, #334, #667, .T. ) ;
#1207 = ADVANCED_FACE ( 'NONE', ( #791 ), #2193, .T. ) ;
#1208 = CARTESIAN_POINT ( 'NONE',  ( 1.849999999999999645, -2.000000000000000000, 1.095445115010332815 ) ) ;
#1209 = ORIENTED_EDGE ( 'NONE', *, *, #901, .T. ) ;
#1210 = AXIS2_PLACEMENT_3D ( 'NONE', #1144, #1484, #112 ) ;
#1211 = FACE_OUTER_BOUND ( 'NONE', #1619, .T. ) ;
#1212 = DIRECTION ( 'NONE',  ( 0.5000000000000011102, 0.8660254037844379305, 0.000000000000000000 ) ) ;
#1213 = AXIS2_PLACEMENT_3D ( 'NONE', #2239, #1522, #2232 ) ;
#1214 = DIRECTION ( 'NONE',  ( -1.000000000000000000, 8.673617379884043361E-16, 0.000000000000000000 ) ) ;
#1215 = CARTESIAN_POINT ( 'NONE',  ( -1.849999999999999867, -1.499999999999999556, 3.000000000000000000 ) ) ;
#1216 = CIRCLE ( 'NONE', #522, 0.5000000000000004441 ) ;
#1217 = APPLICATION_PROTOCOL_DEFINITION ( 'international standard', 'config_control_design', 1994, #244 ) ;
#1218 = AXIS2_PLACEMENT_3D ( 'NONE', #2084, #338, #1039 ) ;
#1219 = CYLINDRICAL_SURFACE ( 'NONE', #1288, 0.5000000000000000000 ) ;
#1220 = CIRCLE ( 'NONE', #1552, 1.000000000000000888 ) ;
#1221 = ORIENTED_EDGE ( 'NONE', *, *, #902, .F. ) ;
#1222 = DIRECTION ( 'NONE',  ( 0.000000000000000000, 0.000000000000000000, -1.000000000000000000 ) ) ;
#1223 = VERTEX_POINT ( 'NONE', #1844 ) ;
#1224 = CARTESIAN_POINT ( 'NONE',  ( 5.500000000000000000, 0.4999999999999993339, -3.000000000000000000 ) ) ;
#1225 = CARTESIAN_POINT ( 'NONE',  ( -12.78756443470178183, -1.900000000000001910, -3.000000000000000000 ) ) ;
#1226 = EDGE_CURVE ( 'NONE', #65, #593, #975, .T. ) ;
#1227 = DIRECTION ( 'NONE',  ( 4.336808689942017736E-16, 0.000000000000000000, -1.000000000000000000 ) ) ;
#1228 = CARTESIAN_POINT ( 'NONE',  ( 2.849999999999999645, -0.5000000000000000000, -3.000000000000000444 ) ) ;
#1229 = ORIENTED_EDGE ( 'NONE', *, *, #1771, .T. ) ;
#1230 = DIRECTION ( 'NONE',  ( 0.000000000000000000, 0.000000000000000000, 1.000000000000000000 ) ) ;
#1231 = FACE_OUTER_BOUND ( 'NONE', #900, .T. ) ;
#1232 = CARTESIAN_POINT ( 'NONE',  ( -9.000000000000001776, -8.078022188593083402E-16, -3.000000000000000444 ) ) ;
#1233 = CARTESIAN_POINT ( 'NONE',  ( 5.500000000000000000, 2.999999999999999556, -3.000000000000000444 ) ) ;
#1234 = CARTESIAN_POINT ( 'NONE',  ( 1.999999999998139932, -1.976969600709690633, -0.1857685022376364126 ) ) ;
#1235 = DIRECTION ( 'NONE',  ( -0.000000000000000000, -0.000000000000000000, -1.000000000000000000 ) ) ;
#1236 = DIRECTION ( 'NONE',  ( 1.000000000000000000, 0.000000000000000000, 1.224646799147353454E-16 ) ) ;
#1237 = ADVANCED_FACE ( 'NONE', ( #237 ), #1355, .F. ) ;
#1238 = ADVANCED_FACE ( 'NONE', ( #1692 ), #128, .T. ) ;
#1239 = APPROVAL_DATE_TIME ( #2139, #328 ) ;
#1240 = DIRECTION ( 'NONE',  ( 0.000000000000000000, 1.000000000000000000, 8.673617379884035472E-16 ) ) ;
#1241 = ORIENTED_EDGE ( 'NONE', *, *, #543, .F. ) ;
#1242 = LINE ( 'NONE', #1232, #339 ) ;
#1243 = FACE_OUTER_BOUND ( 'NONE', #1313, .T. ) ;
#1244 = ORIENTED_EDGE ( 'NONE', *, *, #2048, .T. ) ;
#1245 = DIRECTION ( 'NONE',  ( 0.000000000000000000, -1.000000000000000000, -8.673617379884027583E-16 ) ) ;
#1246 = FACE_OUTER_BOUND ( 'NONE', #478, .T. ) ;
#1247 = EDGE_LOOP ( 'NONE', ( #1131, #1933, #1830, #1514 ) ) ;
#1248 = COORDINATED_UNIVERSAL_TIME_OFFSET ( 1, 0, .AHEAD. ) ;
#1249 = ADVANCED_FACE ( 'NONE', ( #1498 ), #1153, .T. ) ;
#1250 = VECTOR ( 'NONE', #98, 1000.000000000000000 ) ;
#1251 = CIRCLE ( 'NONE', #2244, 0.5000000000000004441 ) ;
#1252 = ORIENTED_EDGE ( 'NONE', *, *, #1102, .F. ) ;
#1253 = EDGE_CURVE ( 'NONE', #368, #2205, #1198, .T. ) ;
#1254 = CIRCLE ( 'NONE', #781, 0.5000000000000000000 ) ;
#1255 = DIRECTION ( 'NONE',  ( 1.000000000000000000, -9.227252531791526626E-17, 0.000000000000000000 ) ) ;
#1256 = AXIS2_PLACEMENT_3D ( 'NONE', #1914, #186, #1572 ) ;
#1257 = ORIENTED_EDGE ( 'NONE', *, *, #1206, .T. ) ;
#1258 = DIRECTION ( 'NONE',  ( 0.000000000000000000, 0.000000000000000000, -1.000000000000000000 ) ) ;
#1259 = CIRCLE ( 'NONE', #427, 0.5000000000000000000 ) ;
#1260 = VERTEX_POINT ( 'NONE', #1857 ) ;
#1261 = DIRECTION ( 'NONE',  ( -1.747729060459022802E-16, 1.000000000000000000, 0.000000000000000000 ) ) ;
#1262 = CARTESIAN_POINT ( 'NONE',  ( -2.349999999999999645, -0.5000000000000001110, -3.500000000000000000 ) ) ;
#1263 = DIRECTION ( 'NONE',  ( -1.000000000000000000, 1.747729060459022802E-16, 0.000000000000000000 ) ) ;
#1264 = ORIENTED_EDGE ( 'NONE', *, *, #2024, .T. ) ;
#1265 = FACE_OUTER_BOUND ( 'NONE', #2038, .T. ) ;
#1266 = ADVANCED_FACE ( 'NONE', ( #996 ), #1325, .F. ) ;
#1267 = PRODUCT_RELATED_PRODUCT_CATEGORY ( 'detail', '', ( #1414 ) ) ;
#1268 = ORIENTED_EDGE ( 'NONE', *, *, #1226, .F. ) ;
#1269 = LINE ( 'NONE', #1597, #2133 ) ;
#1270 = ORIENTED_EDGE ( 'NONE', *, *, #1531, .F. ) ;
#1271 = DIRECTION ( 'NONE',  ( 0.000000000000000000, 0.000000000000000000, -1.000000000000000000 ) ) ;
#1272 = FACE_OUTER_BOUND ( 'NONE', #576, .T. ) ;
#1273 = VERTEX_POINT ( 'NONE', #285 ) ;
#1274 = ORIENTED_EDGE ( 'NONE', *, *, #1929, .T. ) ;
#1275 = CALENDAR_DATE ( 2025, 23, 5 ) ;
#1276 = VERTEX_POINT ( 'NONE', #657 ) ;
#1277 = ORIENTED_EDGE ( 'NONE', *, *, #2264, .F. ) ;
#1278 = EDGE_CURVE ( 'NONE', #1179, #659, #2140, .T. ) ;
#1279 = DIRECTION ( 'NONE',  ( 0.000000000000000000, 0.000000000000000000, -1.000000000000000000 ) ) ;
#1280 = VERTEX_POINT ( 'NONE', #150 ) ;
#1281 = FACE_OUTER_BOUND ( 'NONE', #946, .T. ) ;
#1282 = CARTESIAN_POINT ( 'NONE',  ( 6.000000000000000000, 2.499999999999999556, 3.000000000000000000 ) ) ;
#1283 = DIRECTION ( 'NONE',  ( 0.000000000000000000, 1.000000000000000000, 0.000000000000000000 ) ) ;
#1284 = DATE_AND_TIME ( #1275, #388 ) ;
#1285 = CIRCLE ( 'NONE', #300, 1.650000000000000133 ) ;
#1286 = ORIENTED_EDGE ( 'NONE', *, *, #1502, .F. ) ;
#1287 = AXIS2_PLACEMENT_3D ( 'NONE', #1980, #1808, #949 ) ;
#1288 = AXIS2_PLACEMENT_3D ( 'NONE', #15, #1283, #171 ) ;
#1289 = VERTEX_POINT ( 'NONE', #641 ) ;
#1290 = LINE ( 'NONE', #1670, #1170 ) ;
#1291 = AXIS2_PLACEMENT_3D ( 'NONE', #986, #83, #1486 ) ;
#1292 = ORIENTED_EDGE ( 'NONE', *, *, #1528, .F. ) ;
#1293 = CIRCLE ( 'NONE', #1332, 0.5000000000000000000 ) ;
#1294 = CARTESIAN_POINT ( 'NONE',  ( -6.000000000000000000, 2.999999999999999556, 3.500000000000000000 ) ) ;
#1295 = DIRECTION ( 'NONE',  ( -1.000000000000000000, 0.000000000000000000, 0.000000000000000000 ) ) ;
#1296 = CARTESIAN_POINT ( 'NONE',  ( -8.500000000000000000, -0.5000000000000013323, 3.500000000000000000 ) ) ;
#1297 = EDGE_CURVE ( 'NONE', #1273, #553, #2041, .T. ) ;
#1298 = VECTOR ( 'NONE', #557, 1000.000000000000000 ) ;
#1299 = CYLINDRICAL_SURFACE ( 'NONE', #929, 0.5000000000000000000 ) ;
#1300 = ORIENTED_EDGE ( 'NONE', *, *, #289, .T. ) ;
#1301 = ORIENTED_EDGE ( 'NONE', *, *, #1872, .F. ) ;
#1302 = ORIENTED_EDGE ( 'NONE', *, *, #523, .F. ) ;
#1303 = FACE_OUTER_BOUND ( 'NONE', #1779, .T. ) ;
#1304 = CARTESIAN_POINT ( 'NONE',  ( -11.77720146361993514, -2.150000000000002132, 3.000000000000000444 ) ) ;
#1305 = DIRECTION ( 'NONE',  ( 0.000000000000000000, 0.000000000000000000, -1.000000000000000000 ) ) ;
#1306 = LINE ( 'NONE', #1135, #668 ) ;
#1307 = EDGE_CURVE ( 'NONE', #942, #142, #1254, .T. ) ;
#1308 = DIRECTION ( 'NONE',  ( -1.000000000000000000, 9.227252531791526626E-17, -0.000000000000000000 ) ) ;
#1309 = ORIENTED_EDGE ( 'NONE', *, *, #363, .T. ) ;
#1310 = CARTESIAN_POINT ( 'NONE',  ( 2.349999999999999645, -9.629649721936179265E-32, 3.000000000000000000 ) ) ;
#1311 = CARTESIAN_POINT ( 'NONE',  ( 0.000000000000000000, -1.499999999999999778, 0.000000000000000000 ) ) ;
#1312 = ORIENTED_EDGE ( 'NONE', *, *, #735, .T. ) ;
#1313 = EDGE_LOOP ( 'NONE', ( #204, #371, #1454, #1175 ) ) ;
#1314 = CYLINDRICAL_SURFACE ( 'NONE', #1991, 0.5000000000000004441 ) ;
#1315 = EDGE_CURVE ( 'NONE', #113, #1273, #1681, .T. ) ;
#1316 = VECTOR ( 'NONE', #1672, 1000.000000000000000 ) ;
#1317 = VERTEX_POINT ( 'NONE', #2202 ) ;
#1318 = CIRCLE ( 'NONE', #1874, 0.5000000000000004441 ) ;
#1319 = EDGE_CURVE ( 'NONE', #730, #556, #312, .T. ) ;
#1320 = VECTOR ( 'NONE', #911, 1000.000000000000000 ) ;
#1321 = DIRECTION ( 'NONE',  ( -1.000000000000000000, -0.000000000000000000, -0.000000000000000000 ) ) ;
#1322 = ORIENTED_EDGE ( 'NONE', *, *, #1816, .T. ) ;
#1323 = VECTOR ( 'NONE', #408, 1000.000000000000114 ) ;
#1324 = ORIENTED_EDGE ( 'NONE', *, *, #1774, .F. ) ;
#1325 = PLANE ( 'NONE',  #852 ) ;
#1326 = DIRECTION ( 'NONE',  ( -1.224646799147353454E-16, 0.000000000000000000, -1.000000000000000000 ) ) ;
#1327 = AXIS2_PLACEMENT_3D ( 'NONE', #1069, #238, #1240 ) ;
#1328 = ORIENTED_EDGE ( 'NONE', *, *, #933, .F. ) ;
#1329 = ORIENTED_EDGE ( 'NONE', *, *, #2276, .F. ) ;
#1330 = VECTOR ( 'NONE', #515, 1000.000000000000114 ) ;
#1331 = SPHERICAL_SURFACE ( 'NONE', #527, 0.5000000000000000000 ) ;
#1332 = AXIS2_PLACEMENT_3D ( 'NONE', #1190, #2260, #1227 ) ;
#1333 = DIRECTION ( 'NONE',  ( 0.8660254037844385966, 0.5000000000000000000, 0.000000000000000000 ) ) ;
#1334 = LOCAL_TIME ( 11, 12, 34.00000000000000000, #1248 ) ;
#1335 = EDGE_CURVE ( 'NONE', #1745, #2169, #1916, .T. ) ;
#1336 = EDGE_CURVE ( 'NONE', #23, #942, #1040, .T. ) ;
#1337 = CARTESIAN_POINT ( 'NONE',  ( 1.936526353842852988, -1.993136670230769347, 0.7356052251366370642 ) ) ;
#1338 = FACE_OUTER_BOUND ( 'NONE', #389, .T. ) ;
#1339 = CARTESIAN_POINT ( 'NONE',  ( -13.50000000000000000, 2.999999999999999556, 3.499999999999999112 ) ) ;
#1340 = ORIENTED_EDGE ( 'NONE', *, *, #148, .T. ) ;
#1341 = DIRECTION ( 'NONE',  ( -1.191190382581906605E-16, 1.000000000000000000, 0.000000000000000000 ) ) ;
#1342 = ORIENTED_EDGE ( 'NONE', *, *, #103, .F. ) ;
#1343 = CARTESIAN_POINT ( 'NONE',  ( -2.849999999999999645, -0.5000000000000000000, 3.500000000000000000 ) ) ;
#1344 = DIRECTION ( 'NONE',  ( 0.000000000000000000, 0.000000000000000000, -1.000000000000000000 ) ) ;
#1345 = CARTESIAN_POINT ( 'NONE',  ( -14.00000000000000000, 0.000000000000000000, 0.000000000000000000 ) ) ;
#1346 = DIRECTION ( 'NONE',  ( -0.000000000000000000, 1.000000000000000000, 0.000000000000000000 ) ) ;
#1347 = ORIENTED_EDGE ( 'NONE', *, *, #122, .F. ) ;
#1348 = ORIENTED_EDGE ( 'NONE', *, *, #2054, .F. ) ;
#1349 = CARTESIAN_POINT ( 'NONE',  ( -2.349999999999999645, -0.5000000000000001110, -3.000000000000000444 ) ) ;
#1350 = DIRECTION ( 'NONE',  ( 1.000000000000000000, -2.168404344971008868E-16, 0.000000000000000000 ) ) ;
#1351 = EDGE_LOOP ( 'NONE', ( #1638, #1418, #1433, #1409 ) ) ;
#1352 = CARTESIAN_POINT ( 'NONE',  ( -9.000000000000001776, -5.000000000000000888, 3.000000000000000000 ) ) ;
#1353 = AXIS2_PLACEMENT_3D ( 'NONE', #1973, #234, #1141 ) ;
#1354 = VECTOR ( 'NONE', #1630, 1000.000000000000000 ) ;
#1355 = CYLINDRICAL_SURFACE ( 'NONE', #1768, 0.5000000000000000000 ) ;
#1356 = LINE ( 'NONE', #1723, #302 ) ;
#1357 = ORIENTED_EDGE ( 'NONE', *, *, #513, .T. ) ;
#1358 = CIRCLE ( 'NONE', #2212, 0.5000000000000000000 ) ;
#1359 = VERTEX_POINT ( 'NONE', #833 ) ;
#1360 = CARTESIAN_POINT ( 'NONE',  ( -8.500000000000000000, -0.5000000000000013323, -3.000000000000000444 ) ) ;
#1361 = ORIENTED_EDGE ( 'NONE', *, *, #2097, .F. ) ;
#1362 = EDGE_CURVE ( 'NONE', #1741, #2205, #2213, .T. ) ;
#1363 = CIRCLE ( 'NONE', #1256, 0.5000000000000000000 ) ;
#1364 = CARTESIAN_POINT ( 'NONE',  ( -13.50000000000000000, 2.499999999999999556, -3.500000000000000000 ) ) ;
#1365 = DESIGN_CONTEXT ( 'detailed design', #807, 'design' ) ;
#1366 = VECTOR ( 'NONE', #895, 1000.000000000000000 ) ;
#1367 = AXIS2_PLACEMENT_3D ( 'NONE', #317, #1526, #1204 ) ;
#1368 = PLANE ( 'NONE',  #1545 ) ;
#1369 = CARTESIAN_POINT ( 'NONE',  ( 1.849999999999999645, 4.011548038196365420E-16, 3.000000000000000000 ) ) ;
#1370 = DIRECTION ( 'NONE',  ( 0.8660254037844385966, 0.5000000000000000000, 0.000000000000000000 ) ) ;
#1371 = LINE ( 'NONE', #1561, #1905 ) ;
#1372 = CARTESIAN_POINT ( 'NONE',  ( -2.849999999999999645, -0.5000000000000000000, -3.000000000000000444 ) ) ;
#1373 = EDGE_LOOP ( 'NONE', ( #580, #741, #436, #1557 ) ) ;
#1374 = FACE_OUTER_BOUND ( 'NONE', #69, .T. ) ;
#1375 = ADVANCED_FACE ( 'NONE', ( #1338 ), #1163, .T. ) ;
#1376 = ADVANCED_FACE ( 'NONE', ( #1532 ), #1074, .T. ) ;
#1377 = VERTEX_POINT ( 'NONE', #497 ) ;
#1378 = PLANE ( 'NONE',  #1218 ) ;
#1379 = SPHERICAL_SURFACE ( 'NONE', #666, 0.5000000000000000000 ) ;
#1380 = CARTESIAN_POINT ( 'NONE',  ( 5.500000000000000000, -5.505346540445921616E-16, 3.000000000000000000 ) ) ;
#1381 = ORIENTED_EDGE ( 'NONE', *, *, #344, .F. ) ;
#1382 = CARTESIAN_POINT ( 'NONE',  ( 1.849999999999999867, -0.5000000000000002220, 3.000000000000000000 ) ) ;
#1383 = FACE_OUTER_BOUND ( 'NONE', #2247, .T. ) ;
#1384 = CARTESIAN_POINT ( 'NONE',  ( 0.000000000000000000, 2.999999999999999556, 0.000000000000000000 ) ) ;
#1385 = EDGE_LOOP ( 'NONE', ( #1542, #1340, #1787, #2233, #1810, #904, #2044, #154, #341, #130, #612, #605, #569, #2035, #1903, #1953 ) ) ;
#1386 = CARTESIAN_POINT ( 'NONE',  ( 2.349999999999999645, 0.4999999999999998890, -3.500000000000000000 ) ) ;
#1387 = LINE ( 'NONE', #716, #925 ) ;
#1388 = DIRECTION ( 'NONE',  ( -0.000000000000000000, 0.000000000000000000, -1.000000000000000000 ) ) ;
#1389 = EDGE_CURVE ( 'NONE', #1179, #1084, #879, .T. ) ;
#1390 = ORIENTED_EDGE ( 'NONE', *, *, #193, .T. ) ;
#1391 = DIRECTION ( 'NONE',  ( -1.000000000000000000, -2.168404344971008868E-16, 0.000000000000000000 ) ) ;
#1392 = CARTESIAN_POINT ( 'NONE',  ( 5.500000000000000000, 2.499999999999999556, -3.000000000000000444 ) ) ;
#1393 = AXIS2_PLACEMENT_3D ( 'NONE', #997, #533, #176 ) ;
#1394 = DIRECTION ( 'NONE',  ( 0.000000000000000000, 0.000000000000000000, 1.000000000000000000 ) ) ;
#1395 = CARTESIAN_POINT ( 'NONE',  ( -2.350000000000000089, -1.999999999999999556, 3.500000000000000000 ) ) ;
#1396 = AXIS2_PLACEMENT_3D ( 'NONE', #2128, #889, #2120 ) ;
#1397 = ORIENTED_EDGE ( 'NONE', *, *, #529, .F. ) ;
#1398 = CIRCLE ( 'NONE', #1109, 0.5000000000000005551 ) ;
#1399 = FACE_OUTER_BOUND ( 'NONE', #325, .T. ) ;
#1400 = CIRCLE ( 'NONE', #1626, 0.5000000000000004441 ) ;
#1401 = CIRCLE ( 'NONE', #1731, 0.5000000000000000000 ) ;
#1402 = EDGE_CURVE ( 'NONE', #675, #816, #967, .T. ) ;
#1403 = DIRECTION ( 'NONE',  ( 0.000000000000000000, -1.000000000000000000, 0.000000000000000000 ) ) ;
#1404 = AXIS2_PLACEMENT_3D ( 'NONE', #537, #1230, #898 ) ;
#1405 = EDGE_CURVE ( 'NONE', #1476, #1223, #1363, .T. ) ;
#1406 = APPROVAL ( #2127, 'UNSPECIFIED' ) ;
#1407 = DIRECTION ( 'NONE',  ( -1.000000000000000000, -2.168404344971006896E-16, 0.000000000000000000 ) ) ;
#1408 = CARTESIAN_POINT ( 'NONE',  ( -2.849999999999999645, -0.5000000000000000000, -3.000000000000000444 ) ) ;
#1409 = ORIENTED_EDGE ( 'NONE', *, *, #391, .T. ) ;
#1410 = ADVANCED_BREP_SHAPE_REPRESENTATION ( 'pattes_mobiles_bottom_rail_6', ( #717, #1404 ), #1887 ) ;
#1411 = CARTESIAN_POINT ( 'NONE',  ( 5.500000000000000000, 0.4999999999999993339, 3.000000000000000000 ) ) ;
#1412 = DIRECTION ( 'NONE',  ( -1.000000000000000000, 0.000000000000000000, 0.000000000000000000 ) ) ;
#1413 = VERTEX_POINT ( 'NONE', #1053 ) ;
#1414 = PRODUCT ( 'pattes_mobiles_bottom_rail_6', 'pattes_mobiles_bottom_rail_6', '', ( #1050 ) ) ;
#1415 = DIRECTION ( 'NONE',  ( -0.000000000000000000, -0.000000000000000000, 1.000000000000000000 ) ) ;
#1416 = ORIENTED_EDGE ( 'NONE', *, *, #33, .F. ) ;
#1417 = DIRECTION ( 'NONE',  ( 9.227252531791525393E-17, 1.000000000000000000, 0.000000000000000000 ) ) ;
#1418 = ORIENTED_EDGE ( 'NONE', *, *, #2182, .T. ) ;
#1419 = ORIENTED_EDGE ( 'NONE', *, *, #359, .F. ) ;
#1420 = DIRECTION ( 'NONE',  ( -2.168404344971009361E-16, -1.000000000000000000, 0.000000000000000000 ) ) ;
#1421 = CARTESIAN_POINT ( 'NONE',  ( -9.000000000000001776, -4.500000000000001776, 3.500000000000000000 ) ) ;
#1422 = CARTESIAN_POINT ( 'NONE',  ( 2.349999999999999645, -9.629649721936179265E-32, -3.000000000000000444 ) ) ;
#1423 = CARTESIAN_POINT ( 'NONE',  ( -12.35455173280956132, -1.650000000000001465, 3.500000000000000000 ) ) ;
#1424 = EDGE_CURVE ( 'NONE', #2195, #2148, #1881, .T. ) ;
#1425 = COORDINATED_UNIVERSAL_TIME_OFFSET ( 1, 0, .AHEAD. ) ;
#1426 = ORIENTED_EDGE ( 'NONE', *, *, #2009, .T. ) ;
#1427 = CYLINDRICAL_SURFACE ( 'NONE', #1396, 1.650000000000000133 ) ;
#1428 = EDGE_LOOP ( 'NONE', ( #1027, #948, #2021, #1972 ) ) ;
#1429 = CARTESIAN_POINT ( 'NONE',  ( 2.849999999999999645, -8.738645302295123870E-17, -3.500000000000000000 ) ) ;
#1430 = EDGE_LOOP ( 'NONE', ( #1445, #2129, #1912, #1274 ) ) ;
#1431 = CARTESIAN_POINT ( 'NONE',  ( -9.500000000000001776, -5.000000000000000888, -3.000000000000000444 ) ) ;
#1432 = EDGE_CURVE ( 'NONE', #72, #1073, #853, .T. ) ;
#1433 = ORIENTED_EDGE ( 'NONE', *, *, #2048, .F. ) ;
#1434 = ORIENTED_EDGE ( 'NONE', *, *, #456, .F. ) ;
#1435 = CIRCLE ( 'NONE', #993, 0.5000000000000000000 ) ;
#1436 = COORDINATED_UNIVERSAL_TIME_OFFSET ( 1, 0, .AHEAD. ) ;
#1437 = AXIS2_PLACEMENT_3D ( 'NONE', #1134, #792, #1858 ) ;
#1438 = EDGE_CURVE ( 'NONE', #1118, #2015, #175, .T. ) ;
#1439 = CIRCLE ( 'NONE', #1287, 0.5000000000000000000 ) ;
#1440 = CYLINDRICAL_SURFACE ( 'NONE', #1624, 0.5000000000000000000 ) ;
#1441 = CIRCLE ( 'NONE', #1180, 0.5000000000000004441 ) ;
#1442 = VERTEX_POINT ( 'NONE', #1233 ) ;
#1443 = LINE ( 'NONE', #2159, #1688 ) ;
#1444 = AXIS2_PLACEMENT_3D ( 'NONE', #1455, #20, #1245 ) ;
#1445 = ORIENTED_EDGE ( 'NONE', *, *, #362, .T. ) ;
#1446 = CARTESIAN_POINT ( 'NONE',  ( -14.00000000000000000, 2.499999999999999556, 3.000000000000000000 ) ) ;
#1447 = DIRECTION ( 'NONE',  ( 0.000000000000000000, 0.000000000000000000, -1.000000000000000000 ) ) ;
#1448 = FACE_OUTER_BOUND ( 'NONE', #1091, .T. ) ;
#1449 = EDGE_CURVE ( 'NONE', #1413, #1878, #2027, .T. ) ;
#1450 = ORIENTED_EDGE ( 'NONE', *, *, #1493, .T. ) ;
#1451 = CARTESIAN_POINT ( 'NONE',  ( -1.850000000000000089, -2.000000000000000000, 1.095445115010332149 ) ) ;
#1452 = ORIENTED_EDGE ( 'NONE', *, *, #937, .F. ) ;
#1453 = CARTESIAN_POINT ( 'NONE',  ( -9.500000000000001776, -4.500000000000001776, -3.000000000000000000 ) ) ;
#1454 = ORIENTED_EDGE ( 'NONE', *, *, #435, .F. ) ;
#1455 = CARTESIAN_POINT ( 'NONE',  ( -13.13397459621555896, -4.500000000000002665, 3.000000000000000444 ) ) ;
#1456 = DIRECTION ( 'NONE',  ( 0.000000000000000000, 0.000000000000000000, 1.000000000000000000 ) ) ;
#1457 = CARTESIAN_POINT ( 'NONE',  ( 5.500000000000000000, 2.499999999999999556, 3.000000000000000000 ) ) ;
#1458 = ORIENTED_EDGE ( 'NONE', *, *, #1967, .T. ) ;
#1459 = PERSON_AND_ORGANIZATION ( #216, #496 ) ;
#1460 = ORIENTED_EDGE ( 'NONE', *, *, #1119, .F. ) ;
#1461 = EDGE_CURVE ( 'NONE', #593, #2093, #1927, .T. ) ;
#1462 = LINE ( 'NONE', #941, #1250 ) ;
#1463 = ORIENTED_EDGE ( 'NONE', *, *, #513, .F. ) ;
#1464 = CARTESIAN_POINT ( 'NONE',  ( -13.50000000000000000, 1.333974596215560915, 3.000000000000000000 ) ) ;
#1465 = CARTESIAN_POINT ( 'NONE',  ( 1.850000000000000089, -2.000000000000000000, -3.500000000000000000 ) ) ;
#1466 = DIRECTION ( 'NONE',  ( -1.000000000000000000, 0.000000000000000000, 0.000000000000000000 ) ) ;
#1467 = DIRECTION ( 'NONE',  ( -1.000000000000000000, 0.000000000000000000, 3.469446951953614583E-15 ) ) ;
#1468 = CIRCLE ( 'NONE', #956, 0.4999999999999995559 ) ;
#1469 = CIRCLE ( 'NONE', #1949, 0.5000000000000000000 ) ;
#1470 = AXIS2_PLACEMENT_3D ( 'NONE', #366, #1613, #1088 ) ;
#1471 = AXIS2_PLACEMENT_3D ( 'NONE', #94, #758, #1456 ) ;
#1472 = ORIENTED_EDGE ( 'NONE', *, *, #1982, .T. ) ;
#1473 = VERTEX_POINT ( 'NONE', #1736 ) ;
#1474 = DIRECTION ( 'NONE',  ( 0.000000000000000000, 0.000000000000000000, 1.000000000000000000 ) ) ;
#1475 = VECTOR ( 'NONE', #441, 1000.000000000000000 ) ;
#1476 = VERTEX_POINT ( 'NONE', #1559 ) ;
#1477 = DIRECTION ( 'NONE',  ( 0.000000000000000000, -8.673617379884043361E-16, -1.000000000000000000 ) ) ;
#1478 = CARTESIAN_POINT ( 'NONE',  ( 5.500000000000000000, 0.4999999999999993339, -3.500000000000000000 ) ) ;
#1479 = EDGE_CURVE ( 'NONE', #1276, #1289, #2258, .T. ) ;
#1480 = ADVANCED_FACE ( 'NONE', ( #1211 ), #1931, .T. ) ;
#1481 = CIRCLE ( 'NONE', #822, 2.149999999999999911 ) ;
#1482 = DIRECTION ( 'NONE',  ( 0.000000000000000000, 0.000000000000000000, 1.000000000000000000 ) ) ;
#1483 = DIRECTION ( 'NONE',  ( -1.000000000000000000, 1.314184451497581013E-16, 0.000000000000000000 ) ) ;
#1484 = DIRECTION ( 'NONE',  ( 9.227252531791526626E-17, 1.000000000000000000, -0.000000000000000000 ) ) ;
#1485 = VECTOR ( 'NONE', #170, 1000.000000000000000 ) ;
#1486 = DIRECTION ( 'NONE',  ( 0.8660254037844385966, 0.5000000000000000000, 0.000000000000000000 ) ) ;
#1487 = EDGE_LOOP ( 'NONE', ( #2003, #2165, #396, #168 ) ) ;
#1488 = DIRECTION ( 'NONE',  ( 0.000000000000000000, 8.673617379884035472E-16, -1.000000000000000000 ) ) ;
#1489 = ORIENTED_EDGE ( 'NONE', *, *, #1336, .T. ) ;
#1490 = CARTESIAN_POINT ( 'NONE',  ( -1.850000000000000089, -2.000000000000000000, -1.095445115010332149 ) ) ;
#1491 = CARTESIAN_POINT ( 'NONE',  ( 6.000000000000000000, 0.4999999999999993339, -3.000000000000000444 ) ) ;
#1492 = DIRECTION ( 'NONE',  ( 0.000000000000000000, 0.000000000000000000, -1.000000000000000000 ) ) ;
#1493 = EDGE_CURVE ( 'NONE', #1189, #118, #240, .T. ) ;
#1494 = DIRECTION ( 'NONE',  ( -2.168404344971009361E-16, -1.000000000000000000, 0.000000000000000000 ) ) ;
#1495 = ADVANCED_FACE ( 'NONE', ( #1246 ), #1094, .T. ) ;
#1496 = CARTESIAN_POINT ( 'NONE',  ( 5.500000000000000000, 2.999999999999999556, 3.500000000000000000 ) ) ;
#1497 = ORIENTED_EDGE ( 'NONE', *, *, #1983, .F. ) ;
#1498 = FACE_OUTER_BOUND ( 'NONE', #1428, .T. ) ;
#1499 = CARTESIAN_POINT ( 'NONE',  ( 6.000000000000000000, 2.499999999999999556, -3.000000000000000444 ) ) ;
#1500 = ORIENTED_EDGE ( 'NONE', *, *, #1528, .T. ) ;
#1501 = VERTEX_POINT ( 'NONE', #179 ) ;
#1502 = EDGE_CURVE ( 'NONE', #99, #816, #1441, .T. ) ;
#1503 = CARTESIAN_POINT ( 'NONE',  ( 8.738645302295120172E-17, 0.5000000000000003331, 3.000000000000000000 ) ) ;
#1504 = DIRECTION ( 'NONE',  ( -0.5000000000000006661, 0.8660254037844382635, -0.000000000000000000 ) ) ;
#1505 = EDGE_CURVE ( 'NONE', #310, #1121, #124, .T. ) ;
#1506 = ADVANCED_FACE ( 'NONE', ( #545 ), #1951, .T. ) ;
#1507 = AXIS2_PLACEMENT_3D ( 'NONE', #1894, #323, #658 ) ;
#1508 = CYLINDRICAL_SURFACE ( 'NONE', #1836, 0.5000000000000004441 ) ;
#1509 = AXIS2_PLACEMENT_3D ( 'NONE', #825, #1031, #2079 ) ;
#1510 = CARTESIAN_POINT ( 'NONE',  ( -1.849999999999999867, -1.499999999999999556, 3.000000000000000000 ) ) ;
#1511 = LINE ( 'NONE', #1833, #1138 ) ;
#1512 = AXIS2_PLACEMENT_3D ( 'NONE', #398, #1056, #1919 ) ;
#1513 = EDGE_LOOP ( 'NONE', ( #1782, #255, #957, #1300 ) ) ;
#1514 = ORIENTED_EDGE ( 'NONE', *, *, #2143, .T. ) ;
#1515 = CIRCLE ( 'NONE', #1806, 0.5000000000000004441 ) ;
#1516 = CARTESIAN_POINT ( 'NONE',  ( -13.13397459621556074, -4.500000000000002665, 3.000000000000000000 ) ) ;
#1517 = ORIENTED_EDGE ( 'NONE', *, *, #1577, .T. ) ;
#1518 = VECTOR ( 'NONE', #1085, 1000.000000000000000 ) ;
#1519 = SPHERICAL_SURFACE ( 'NONE', #127, 0.5000000000000000000 ) ;
#1520 = DIRECTION ( 'NONE',  ( 0.000000000000000000, 0.000000000000000000, 1.000000000000000000 ) ) ;
#1521 = CARTESIAN_POINT ( 'NONE',  ( -2.849999999999999645, -0.5000000000000000000, 3.500000000000000000 ) ) ;
#1522 = DIRECTION ( 'NONE',  ( -1.000000000000000000, -0.000000000000000000, -0.000000000000000000 ) ) ;
#1523 = ORIENTED_EDGE ( 'NONE', *, *, #239, .T. ) ;
#1524 = EDGE_LOOP ( 'NONE', ( #511, #771, #1463 ) ) ;
#1525 = FACE_OUTER_BOUND ( 'NONE', #1602, .T. ) ;
#1526 = DIRECTION ( 'NONE',  ( 0.000000000000000000, 0.000000000000000000, -1.000000000000000000 ) ) ;
#1527 = VERTEX_POINT ( 'NONE', #713 ) ;
#1528 = EDGE_CURVE ( 'NONE', #553, #1413, #1400, .T. ) ;
#1529 = ORIENTED_EDGE ( 'NONE', *, *, #164, .T. ) ;
#1530 = DIRECTION ( 'NONE',  ( -0.000000000000000000, -0.000000000000000000, 1.000000000000000000 ) ) ;
#1531 = EDGE_CURVE ( 'NONE', #299, #1184, #426, .T. ) ;
#1532 = FACE_OUTER_BOUND ( 'NONE', #5, .T. ) ;
#1533 = DIRECTION ( 'NONE',  ( -2.168404344971008868E-16, -1.000000000000000000, -9.403954806578300064E-32 ) ) ;
#1534 = ORIENTED_EDGE ( 'NONE', *, *, #1006, .F. ) ;
#1535 = DIRECTION ( 'NONE',  ( -1.000000000000000000, 0.000000000000000000, 0.000000000000000000 ) ) ;
#1536 = DIRECTION ( 'NONE',  ( 1.000000000000000000, 0.000000000000000000, 0.000000000000000000 ) ) ;
#1537 = ORIENTED_EDGE ( 'NONE', *, *, #510, .T. ) ;
#1538 = ORIENTED_EDGE ( 'NONE', *, *, #1594, .F. ) ;
#1539 = DIRECTION ( 'NONE',  ( -0.000000000000000000, 0.000000000000000000, -1.000000000000000000 ) ) ;
#1540 = DIRECTION ( 'NONE',  ( 0.000000000000000000, 0.000000000000000000, -1.000000000000000000 ) ) ;
#1541 = AXIS2_PLACEMENT_3D ( 'NONE', #1225, #7, #880 ) ;
#1542 = ORIENTED_EDGE ( 'NONE', *, *, #902, .T. ) ;
#1543 = CARTESIAN_POINT ( 'NONE',  ( -13.50000000000000000, 2.499999999999999556, -3.000000000000000444 ) ) ;
#1544 = CYLINDRICAL_SURFACE ( 'NONE', #2, 0.5000000000000004441 ) ;
#1545 = AXIS2_PLACEMENT_3D ( 'NONE', #869, #2216, #992 ) ;
#1546 = EDGE_CURVE ( 'NONE', #1377, #1280, #352, .T. ) ;
#1547 = ADVANCED_FACE ( 'NONE', ( #1083 ), #1789, .F. ) ;
#1548 = VECTOR ( 'NONE', #2184, 1000.000000000000000 ) ;
#1549 = CARTESIAN_POINT ( 'NONE',  ( -9.000000000000001776, 0.4999999999999987232, -3.500000000000000000 ) ) ;
#1550 = ORIENTED_EDGE ( 'NONE', *, *, #1402, .F. ) ;
#1551 = EDGE_LOOP ( 'NONE', ( #97, #1312, #621 ) ) ;
#1552 = AXIS2_PLACEMENT_3D ( 'NONE', #634, #2000, #953 ) ;
#1553 = DIRECTION ( 'NONE',  ( -1.000000000000000000, 0.000000000000000000, 0.000000000000000000 ) ) ;
#1554 = AXIS2_PLACEMENT_3D ( 'NONE', #2115, #2122, #554 ) ;
#1555 = DIRECTION ( 'NONE',  ( 0.000000000000000000, 1.000000000000000000, 0.000000000000000000 ) ) ;
#1556 = CIRCLE ( 'NONE', #1367, 0.5000000000000004441 ) ;
#1557 = ORIENTED_EDGE ( 'NONE', *, *, #1608, .F. ) ;
#1558 = FACE_OUTER_BOUND ( 'NONE', #1513, .T. ) ;
#1559 = CARTESIAN_POINT ( 'NONE',  ( -2.849999999999999645, -8.738645302295114009E-17, 3.000000000000000000 ) ) ;
#1560 = DIRECTION ( 'NONE',  ( 2.168404344971008868E-16, -1.000000000000000000, 0.000000000000000000 ) ) ;
#1561 = CARTESIAN_POINT ( 'NONE',  ( 2.349999999999999645, -0.5000000000000001110, 3.500000000000000000 ) ) ;
#1562 = PLANE ( 'NONE',  #2103 ) ;
#1563 = EDGE_CURVE ( 'NONE', #659, #54, #201, .T. ) ;
#1564 = ORIENTED_EDGE ( 'NONE', *, *, #2187, .T. ) ;
#1565 = ORIENTED_EDGE ( 'NONE', *, *, #724, .F. ) ;
#1566 = CALENDAR_DATE ( 2025, 23, 5 ) ;
#1567 = ADVANCED_FACE ( 'NONE', ( #1939 ), #1049, .T. ) ;
#1568 = DIRECTION ( 'NONE',  ( 1.000000000000000000, 1.191190382581906851E-16, 0.000000000000000000 ) ) ;
#1569 = EDGE_LOOP ( 'NONE', ( #918, #1695, #462, #827 ) ) ;
#1570 = CARTESIAN_POINT ( 'NONE',  ( -8.500000000000000000, -1.074853372182299175E-15, -3.500000000000000000 ) ) ;
#1571 = ORIENTED_EDGE ( 'NONE', *, *, #2263, .F. ) ;
#1572 = DIRECTION ( 'NONE',  ( 0.000000000000000000, 0.000000000000000000, -1.000000000000000000 ) ) ;
#1573 = CARTESIAN_POINT ( 'NONE',  ( 0.000000000000000000, 2.499999999999999112, 1.650000000000000133 ) ) ;
#1574 = CARTESIAN_POINT ( 'NONE',  ( -13.50000000000000000, 2.499999999999999556, -3.000000000000000000 ) ) ;
#1575 = CARTESIAN_POINT ( 'NONE',  ( -9.500000000000001776, -4.500000000000001776, 3.000000000000000000 ) ) ;
#1576 = ORIENTED_EDGE ( 'NONE', *, *, #789, .T. ) ;
#1577 = EDGE_CURVE ( 'NONE', #184, #297, #636, .T. ) ;
#1578 = CYLINDRICAL_SURFACE ( 'NONE', #701, 0.5000000000000000000 ) ;
#1579 = DIRECTION ( 'NONE',  ( -0.000000000000000000, 1.000000000000000000, -0.000000000000000000 ) ) ;
#1580 = CARTESIAN_POINT ( 'NONE',  ( 1.987066559234553109, -1.981540719749395052, -0.3698386082410548004 ) ) ;
#1581 = VECTOR ( 'NONE', #1258, 1000.000000000000000 ) ;
#1582 = DIRECTION ( 'NONE',  ( 0.000000000000000000, 0.000000000000000000, -1.000000000000000000 ) ) ;
#1583 = CARTESIAN_POINT ( 'NONE',  ( 6.000000000000000000, 0.4999999999999993339, 3.500000000000000000 ) ) ;
#1584 = FACE_OUTER_BOUND ( 'NONE', #806, .T. ) ;
#1585 = AXIS2_PLACEMENT_3D ( 'NONE', #2144, #1783, #575 ) ;
#1586 = ORIENTED_EDGE ( 'NONE', *, *, #1957, .T. ) ;
#1587 = VERTEX_POINT ( 'NONE', #1740 ) ;
#1588 = DATE_AND_TIME ( #1566, #2073 ) ;
#1589 = AXIS2_PLACEMENT_3D ( 'NONE', #365, #885, #2163 ) ;
#1590 = FACE_OUTER_BOUND ( 'NONE', #1551, .T. ) ;
#1591 = AXIS2_PLACEMENT_3D ( 'NONE', #1228, #1751, #1781 ) ;
#1592 = CARTESIAN_POINT ( 'NONE',  ( 1.849999999999999645, 4.011548038196365420E-16, 3.500000000000000000 ) ) ;
#1593 = VECTOR ( 'NONE', #932, 1000.000000000000000 ) ;
#1594 = EDGE_CURVE ( 'NONE', #221, #942, #189, .T. ) ;
#1595 = DIRECTION ( 'NONE',  ( 0.000000000000000000, 0.000000000000000000, 1.000000000000000000 ) ) ;
#1596 = AXIS2_PLACEMENT_3D ( 'NONE', #108, #2242, #1700 ) ;
#1597 = CARTESIAN_POINT ( 'NONE',  ( -11.77720146361993514, -2.150000000000001688, -3.500000000000000000 ) ) ;
#1598 = DIRECTION ( 'NONE',  ( -1.000000000000000000, -1.747729060459023048E-16, 0.000000000000000000 ) ) ;
#1599 = DIRECTION ( 'NONE',  ( -0.000000000000000000, -0.000000000000000000, -1.000000000000000000 ) ) ;
#1600 = ORIENTED_EDGE ( 'NONE', *, *, #1335, .F. ) ;
#1601 = PERSON_AND_ORGANIZATION_ROLE ( 'creator' ) ;
#1602 = EDGE_LOOP ( 'NONE', ( #1529, #1209, #643, #1576 ) ) ;
#1603 = CARTESIAN_POINT ( 'NONE',  ( -1.850000000000000089, -2.000000000000000000, 1.095445115010332149 ) ) ;
#1604 = ADVANCED_FACE ( 'NONE', ( #1584 ), #11, .T. ) ;
#1605 = LINE ( 'NONE', #26, #846 ) ;
#1606 = ORIENTED_EDGE ( 'NONE', *, *, #1424, .T. ) ;
#1607 = CARTESIAN_POINT ( 'NONE',  ( -13.50000000000000000, 1.333974596215560915, 3.000000000000000000 ) ) ;
#1608 = EDGE_CURVE ( 'NONE', #786, #1276, #726, .T. ) ;
#1609 = LINE ( 'NONE', #1583, #1664 ) ;
#1610 = DIRECTION ( 'NONE',  ( -0.000000000000000000, 0.000000000000000000, 1.000000000000000000 ) ) ;
#1611 = ORIENTED_EDGE ( 'NONE', *, *, #1978, .F. ) ;
#1612 = CALENDAR_DATE ( 2025, 23, 5 ) ;
#1613 = DIRECTION ( 'NONE',  ( 0.000000000000000000, 8.673617379884034486E-16, 1.000000000000000000 ) ) ;
#1614 = DIRECTION ( 'NONE',  ( -1.000000000000000000, 1.747729060459022802E-16, -0.000000000000000000 ) ) ;
#1615 = ORIENTED_EDGE ( 'NONE', *, *, #276, .F. ) ;
#1616 = AXIS2_PLACEMENT_3D ( 'NONE', #1725, #1582, #1047 ) ;
#1617 = CARTESIAN_POINT ( 'NONE',  ( -13.13397459621556074, -4.500000000000002665, -3.000000000000000000 ) ) ;
#1618 = DIRECTION ( 'NONE',  ( -1.000000000000000000, 9.227252531791526626E-17, 0.000000000000000000 ) ) ;
#1619 = EDGE_LOOP ( 'NONE', ( #645, #12, #498 ) ) ;
#1620 = ORIENTED_EDGE ( 'NONE', *, *, #3, .F. ) ;
#1621 = ADVANCED_FACE ( 'NONE', ( #1448 ), #1331, .T. ) ;
#1622 = EDGE_CURVE ( 'NONE', #2205, #1854, #1685, .T. ) ;
#1623 = CIRCLE ( 'NONE', #488, 0.5000000000000000000 ) ;
#1624 = AXIS2_PLACEMENT_3D ( 'NONE', #2109, #1255, #1417 ) ;
#1625 = ORIENTED_EDGE ( 'NONE', *, *, #1319, .F. ) ;
#1626 = AXIS2_PLACEMENT_3D ( 'NONE', #568, #1599, #1412 ) ;
#1627 = DIRECTION ( 'NONE',  ( 1.000000000000000000, 0.000000000000000000, 0.000000000000000000 ) ) ;
#1628 = AXIS2_PLACEMENT_3D ( 'NONE', #6, #707, #1407 ) ;
#1629 = ORIENTED_EDGE ( 'NONE', *, *, #582, .T. ) ;
#1630 = DIRECTION ( 'NONE',  ( 1.000000000000000000, 1.747729060459023048E-16, 0.000000000000000000 ) ) ;
#1631 = CIRCLE ( 'NONE', #126, 0.5000000000000000000 ) ;
#1632 = ORIENTED_EDGE ( 'NONE', *, *, #623, .T. ) ;
#1633 = LOCAL_TIME ( 11, 12, 34.00000000000000000, #1436 ) ;
#1634 = DIRECTION ( 'NONE',  ( 0.000000000000000000, 1.000000000000000000, 0.000000000000000000 ) ) ;
#1635 = LINE ( 'NONE', #1465, #743 ) ;
#1636 = VERTEX_POINT ( 'NONE', #2045 ) ;
#1637 = DATE_TIME_ROLE ( 'classification_date' ) ;
#1638 = ORIENTED_EDGE ( 'NONE', *, *, #1432, .T. ) ;
#1639 = EDGE_CURVE ( 'NONE', #1640, #1878, #622, .T. ) ;
#1640 = VERTEX_POINT ( 'NONE', #794 ) ;
#1641 = VERTEX_POINT ( 'NONE', #1826 ) ;
#1642 = CARTESIAN_POINT ( 'NONE',  ( -11.92153903091734257, -2.400000000000002576, -3.000000000000000000 ) ) ;
#1643 = ORIENTED_EDGE ( 'NONE', *, *, #2110, .T. ) ;
#1644 = DIRECTION ( 'NONE',  ( 1.191190382581906605E-16, -1.000000000000000000, -0.000000000000000000 ) ) ;
#1645 = DIRECTION ( 'NONE',  ( -0.000000000000000000, 1.000000000000000000, -0.000000000000000000 ) ) ;
#1646 = DIRECTION ( 'NONE',  ( 0.000000000000000000, -1.000000000000000000, -0.000000000000000000 ) ) ;
#1647 = ORIENTED_EDGE ( 'NONE', *, *, #223, .F. ) ;
#1648 = ORIENTED_EDGE ( 'NONE', *, *, #2097, .T. ) ;
#1649 = EDGE_CURVE ( 'NONE', #548, #401, #1850, .T. ) ;
#1650 = ORIENTED_EDGE ( 'NONE', *, *, #164, .F. ) ;
#1651 = FACE_OUTER_BOUND ( 'NONE', #1703, .T. ) ;
#1652 = ORIENTED_EDGE ( 'NONE', *, *, #988, .F. ) ;
#1653 = PLANE ( 'NONE',  #1718 ) ;
#1654 = CARTESIAN_POINT ( 'NONE',  ( -2.000000000000027089, -1.976969600708558650, -9.699503733421092585E-14 ) ) ;
#1655 = CARTESIAN_POINT ( 'NONE',  ( -13.13397459621555896, -4.500000000000002665, -3.000000000000000000 ) ) ;
#1656 = CARTESIAN_POINT ( 'NONE',  ( 5.500000000000000000, 2.499999999999999556, 3.500000000000000000 ) ) ;
#1657 = CARTESIAN_POINT ( 'NONE',  ( 5.500000000000000000, 2.499999999999999556, -3.000000000000000000 ) ) ;
#1658 = AXIS2_PLACEMENT_3D ( 'NONE', #989, #282, #107 ) ;
#1659 = ORIENTED_EDGE ( 'NONE', *, *, #2263, .T. ) ;
#1660 = CIRCLE ( 'NONE', #2174, 0.5000000000000004441 ) ;
#1661 = VECTOR ( 'NONE', #1710, 1000.000000000000000 ) ;
#1662 = ADVANCED_FACE ( 'NONE', ( #1861 ), #1314, .T. ) ;
#1663 = LINE ( 'NONE', #460, #884 ) ;
#1664 = VECTOR ( 'NONE', #1447, 1000.000000000000000 ) ;
#1665 = DIRECTION ( 'NONE',  ( 0.000000000000000000, -1.000000000000000000, 0.000000000000000000 ) ) ;
#1666 = DIRECTION ( 'NONE',  ( -1.000000000000000000, 3.469446951953617344E-15, 0.000000000000000000 ) ) ;
#1667 = ORIENTED_EDGE ( 'NONE', *, *, #1128, .F. ) ;
#1668 = CIRCLE ( 'NONE', #461, 1.000000000000000000 ) ;
#1669 = DIRECTION ( 'NONE',  ( 0.000000000000000000, 0.000000000000000000, -1.000000000000000000 ) ) ;
#1670 = CARTESIAN_POINT ( 'NONE',  ( 6.000000000000000000, -6.379211070675434126E-16, -3.000000000000000444 ) ) ;
#1671 = DIRECTION ( 'NONE',  ( -1.000000000000000000, 0.000000000000000000, 0.000000000000000000 ) ) ;
#1672 = DIRECTION ( 'NONE',  ( -0.000000000000000000, -0.000000000000000000, 1.000000000000000000 ) ) ;
#1673 = ORIENTED_EDGE ( 'NONE', *, *, #1840, .F. ) ;
#1674 = ORIENTED_EDGE ( 'NONE', *, *, #375, .F. ) ;
#1675 = EDGE_CURVE ( 'NONE', #1766, #2148, #258, .T. ) ;
#1676 = CC_DESIGN_DATE_AND_TIME_ASSIGNMENT ( #1284, #1637, ( #169 ) ) ;
#1677 = CARTESIAN_POINT ( 'NONE',  ( 0.000000000000000000, -1.999999999999999556, 1.650000000000000133 ) ) ;
#1678 = FACE_OUTER_BOUND ( 'NONE', #985, .T. ) ;
#1679 = ORIENTED_EDGE ( 'NONE', *, *, #1505, .T. ) ;
#1680 = DIRECTION ( 'NONE',  ( -1.000000000000000000, 9.227252531791526626E-17, 0.000000000000000000 ) ) ;
#1681 = LINE ( 'NONE', #475, #270 ) ;
#1682 = LINE ( 'NONE', #871, #811 ) ;
#1683 = ORIENTED_EDGE ( 'NONE', *, *, #435, .T. ) ;
#1684 = ORIENTED_EDGE ( 'NONE', *, *, #1335, .T. ) ;
#1685 = LINE ( 'NONE', #2019, #2066 ) ;
#1686 = ORIENTED_EDGE ( 'NONE', *, *, #1449, .F. ) ;
#1687 = LINE ( 'NONE', #22, #1485 ) ;
#1688 = VECTOR ( 'NONE', #1614, 1000.000000000000000 ) ;
#1689 = AXIS2_PLACEMENT_3D ( 'NONE', #1960, #1773, #704 ) ;
#1690 = DIRECTION ( 'NONE',  ( -1.000000000000000000, 0.000000000000000000, 0.000000000000000000 ) ) ;
#1691 = CIRCLE ( 'NONE', #702, 0.9999999999999991118 ) ;
#1692 = FACE_OUTER_BOUND ( 'NONE', #999, .T. ) ;
#1693 = CARTESIAN_POINT ( 'NONE',  ( 1.849999999999999645, -1.084202172485505420E-16, -3.000000000000000444 ) ) ;
#1694 = AXIS2_PLACEMENT_3D ( 'NONE', #1764, #45, #213 ) ;
#1695 = ORIENTED_EDGE ( 'NONE', *, *, #823, .F. ) ;
#1696 = ORIENTED_EDGE ( 'NONE', *, *, #182, .F. ) ;
#1697 = AXIS2_PLACEMENT_3D ( 'NONE', #1411, #212, #1271 ) ;
#1698 = DIRECTION ( 'NONE',  ( -2.168404344971009115E-16, 1.000000000000000000, -9.403954806578308822E-32 ) ) ;
#1699 = AXIS2_PLACEMENT_3D ( 'NONE', #2046, #849, #1350 ) ;
#1700 = DIRECTION ( 'NONE',  ( 0.000000000000000000, 0.000000000000000000, -1.000000000000000000 ) ) ;
#1701 = ADVANCED_FACE ( 'NONE', ( #2188 ), #1299, .T. ) ;
#1702 = DIRECTION ( 'NONE',  ( 0.000000000000000000, 0.000000000000000000, -1.000000000000000000 ) ) ;
#1703 = EDGE_LOOP ( 'NONE', ( #980, #109, #1674 ) ) ;
#1704 = CARTESIAN_POINT ( 'NONE',  ( -13.50000000000000000, 2.499999999999999556, 3.000000000000000000 ) ) ;
#1705 = CARTESIAN_POINT ( 'NONE',  ( -14.00000000000000000, 0.000000000000000000, -3.000000000000000000 ) ) ;
#1706 = EDGE_LOOP ( 'NONE', ( #1586, #1426, #1969, #2111 ) ) ;
#1707 = FACE_OUTER_BOUND ( 'NONE', #85, .T. ) ;
#1708 = EDGE_CURVE ( 'NONE', #32, #1741, #1306, .T. ) ;
#1709 = DIRECTION ( 'NONE',  ( 1.000000000000000000, 0.000000000000000000, 0.000000000000000000 ) ) ;
#1710 = DIRECTION ( 'NONE',  ( -0.000000000000000000, -0.000000000000000000, 1.000000000000000000 ) ) ;
#1711 = DIRECTION ( 'NONE',  ( 1.000000000000000000, 0.000000000000000000, 0.000000000000000000 ) ) ;
#1712 = FACE_OUTER_BOUND ( 'NONE', #756, .T. ) ;
#1713 = ORIENTED_EDGE ( 'NONE', *, *, #1890, .T. ) ;
#1714 = CARTESIAN_POINT ( 'NONE',  ( 2.849999999999999645, -0.5000000000000000000, -3.500000000000000000 ) ) ;
#1715 = CIRCLE ( 'NONE', #76, 0.5000000000000000000 ) ;
#1716 = ORIENTED_EDGE ( 'NONE', *, *, #2156, .T. ) ;
#1717 = LINE ( 'NONE', #1352, #740 ) ;
#1718 = AXIS2_PLACEMENT_3D ( 'NONE', #810, #454, #119 ) ;
#1719 = DIRECTION ( 'NONE',  ( 0.000000000000000000, -1.000000000000000000, 0.000000000000000000 ) ) ;
#1720 = EDGE_CURVE ( 'NONE', #1759, #1906, #2196, .T. ) ;
#1721 = VECTOR ( 'NONE', #1935, 1000.000000000000000 ) ;
#1722 = DIRECTION ( 'NONE',  ( 0.000000000000000000, 0.000000000000000000, 1.000000000000000000 ) ) ;
#1723 = CARTESIAN_POINT ( 'NONE',  ( 5.500000000000000000, 0.000000000000000000, 3.500000000000000000 ) ) ;
#1724 = AXIS2_PLACEMENT_3D ( 'NONE', #1864, #1520, #1709 ) ;
#1725 = CARTESIAN_POINT ( 'NONE',  ( 0.000000000000000000, 0.000000000000000000, 3.500000000000000000 ) ) ;
#1726 = ADVANCED_FACE ( 'NONE', ( #481 ), #9, .T. ) ;
#1727 = CIRCLE ( 'NONE', #1589, 1.650000000000000133 ) ;
#1728 = CARTESIAN_POINT ( 'NONE',  ( -13.13397459621555896, -4.500000000000002665, -3.000000000000000000 ) ) ;
#1729 = CIRCLE ( 'NONE', #745, 0.5000000000000000000 ) ;
#1730 = PERSON_AND_ORGANIZATION ( #216, #496 ) ;
#1731 = AXIS2_PLACEMENT_3D ( 'NONE', #1763, #1103, #202 ) ;
#1732 = CARTESIAN_POINT ( 'NONE',  ( -13.13397459621555896, -4.500000000000002665, 3.000000000000000000 ) ) ;
#1733 = EDGE_LOOP ( 'NONE', ( #1550, #506, #1110, #1865 ) ) ;
#1734 = DIRECTION ( 'NONE',  ( 1.000000000000000000, -4.336808689942017736E-16, -0.000000000000000000 ) ) ;
#1735 = ORIENTED_EDGE ( 'NONE', *, *, #573, .T. ) ;
#1736 = CARTESIAN_POINT ( 'NONE',  ( 5.500000000000000000, 0.4999999999999993339, 3.500000000000000000 ) ) ;
#1737 = DIRECTION ( 'NONE',  ( -0.000000000000000000, 1.000000000000000000, -0.000000000000000000 ) ) ;
#1738 = LINE ( 'NONE', #177, #1946 ) ;
#1739 = CARTESIAN_POINT ( 'NONE',  ( -13.50000000000000000, 1.333974596215561359, -3.000000000000000000 ) ) ;
#1740 = CARTESIAN_POINT ( 'NONE',  ( -2.849999999999999645, -8.738645302295114009E-17, -3.000000000000000444 ) ) ;
#1741 = VERTEX_POINT ( 'NONE', #2175 ) ;
#1742 = ADVANCED_FACE ( 'NONE', ( #968 ), #802, .T. ) ;
#1743 = PERSON_AND_ORGANIZATION ( #216, #496 ) ;
#1744 = FACE_OUTER_BOUND ( 'NONE', #606, .T. ) ;
#1745 = VERTEX_POINT ( 'NONE', #1127 ) ;
#1746 = DIRECTION ( 'NONE',  ( -1.000000000000000000, 0.000000000000000000, 0.000000000000000000 ) ) ;
#1747 = ORIENTED_EDGE ( 'NONE', *, *, #289, .F. ) ;
#1748 = CARTESIAN_POINT ( 'NONE',  ( 2.020667218593133001E-16, -1.999999999999999556, -1.650000000000000133 ) ) ;
#1749 = CARTESIAN_POINT ( 'NONE',  ( -13.50000000000000000, 1.333974596215562247, 3.000000000000000000 ) ) ;
#1750 = DIRECTION ( 'NONE',  ( 1.000000000000000000, -9.227252531791526626E-17, 0.000000000000000000 ) ) ;
#1751 = DIRECTION ( 'NONE',  ( -0.000000000000000000, -0.000000000000000000, 1.000000000000000000 ) ) ;
#1752 = ORIENTED_EDGE ( 'NONE', *, *, #1336, .F. ) ;
#1753 =( NAMED_UNIT ( * ) SI_UNIT ( $, .STERADIAN. ) SOLID_ANGLE_UNIT ( ) );
#1754 = EDGE_CURVE ( 'NONE', #99, #565, #1220, .T. ) ;
#1755 = SPHERICAL_SURFACE ( 'NONE', #343, 0.5000000000000000000 ) ;
#1756 = LINE ( 'NONE', #1592, #2130 ) ;
#1757 = VERTEX_POINT ( 'NONE', #2037 ) ;
#1758 = DIRECTION ( 'NONE',  ( -1.000000000000000000, 0.000000000000000000, 0.000000000000000000 ) ) ;
#1759 = VERTEX_POINT ( 'NONE', #471 ) ;
#1760 = DIRECTION ( 'NONE',  ( 0.000000000000000000, 0.000000000000000000, -1.000000000000000000 ) ) ;
#1761 = DIRECTION ( 'NONE',  ( -1.000000000000000000, -0.000000000000000000, 0.000000000000000000 ) ) ;
#1762 = VECTOR ( 'NONE', #834, 1000.000000000000000 ) ;
#1763 = CARTESIAN_POINT ( 'NONE',  ( 2.849999999999999645, 0.4999999999999998890, 3.000000000000000000 ) ) ;
#1764 = CARTESIAN_POINT ( 'NONE',  ( -13.56698729810778126, 1.449999999999999512, 3.000000000000000444 ) ) ;
#1765 = AXIS2_PLACEMENT_3D ( 'NONE', #283, #1876, #2230 ) ;
#1766 = VERTEX_POINT ( 'NONE', #1158 ) ;
#1767 = PERSON_AND_ORGANIZATION ( #216, #496 ) ;
#1768 = AXIS2_PLACEMENT_3D ( 'NONE', #1521, #111, #983 ) ;
#1769 = DIRECTION ( 'NONE',  ( 1.000000000000000000, 0.000000000000000000, 0.000000000000000000 ) ) ;
#1770 = VECTOR ( 'NONE', #1610, 1000.000000000000000 ) ;
#1771 = EDGE_CURVE ( 'NONE', #1036, #786, #566, .T. ) ;
#1772 = CIRCLE ( 'NONE', #2069, 2.149999999999999911 ) ;
#1773 = DIRECTION ( 'NONE',  ( -2.168404344971009854E-16, -1.000000000000000000, -0.000000000000000000 ) ) ;
#1774 = EDGE_CURVE ( 'NONE', #1273, #1817, #1729, .T. ) ;
#1775 = APPROVAL_PERSON_ORGANIZATION ( #1922, #328, #353 ) ;
#1776 = VERTEX_POINT ( 'NONE', #1871 ) ;
#1777 = FACE_OUTER_BOUND ( 'NONE', #2068, .T. ) ;
#1778 = ORIENTED_EDGE ( 'NONE', *, *, #1784, .T. ) ;
#1779 = EDGE_LOOP ( 'NONE', ( #2181, #1268, #252, #1397 ) ) ;
#1780 = DIRECTION ( 'NONE',  ( 0.000000000000000000, -1.000000000000000000, 0.000000000000000000 ) ) ;
#1781 = DIRECTION ( 'NONE',  ( -1.000000000000000000, 0.000000000000000000, 0.000000000000000000 ) ) ;
#1782 = ORIENTED_EDGE ( 'NONE', *, *, #91, .T. ) ;
#1783 = DIRECTION ( 'NONE',  ( 0.000000000000000000, 0.000000000000000000, -1.000000000000000000 ) ) ;
#1784 = EDGE_CURVE ( 'NONE', #297, #927, #162, .T. ) ;
#1785 = CC_DESIGN_PERSON_AND_ORGANIZATION_ASSIGNMENT ( #2094, #698, ( #1809 ) ) ;
#1786 = DIRECTION ( 'NONE',  ( 0.000000000000000000, 0.000000000000000000, 1.000000000000000000 ) ) ;
#1787 = ORIENTED_EDGE ( 'NONE', *, *, #391, .F. ) ;
#1788 = FACE_OUTER_BOUND ( 'NONE', #1001, .T. ) ;
#1789 = PLANE ( 'NONE',  #1842 ) ;
#1790 = APPROVAL_STATUS ( 'not_yet_approved' ) ;
#1791 = FACE_OUTER_BOUND ( 'NONE', #455, .T. ) ;
#1792 = EDGE_LOOP ( 'NONE', ( #253, #935, #1862, #1659 ) ) ;
#1793 = CARTESIAN_POINT ( 'NONE',  ( -8.738645302295121404E-17, 0.5000000000000003331, 3.500000000000000000 ) ) ;
#1794 = ORIENTED_EDGE ( 'NONE', *, *, #375, .T. ) ;
#1795 = CYLINDRICAL_SURFACE ( 'NONE', #413, 0.5000000000000004441 ) ;
#1796 = ADVANCED_FACE ( 'NONE', ( #1712 ), #820, .T. ) ;
#1797 = AXIS2_PLACEMENT_3D ( 'NONE', #100, #2029, #1821 ) ;
#1798 = CARTESIAN_POINT ( 'NONE',  ( 5.500000000000000000, 2.499999999999999556, 3.000000000000000000 ) ) ;
#1799 = DIRECTION ( 'NONE',  ( -0.8660254037844382635, 0.5000000000000006661, 0.000000000000000000 ) ) ;
#1800 = CIRCLE ( 'NONE', #776, 0.5000000000000000000 ) ;
#1801 = ADVANCED_FACE ( 'NONE', ( #662 ), #1562, .F. ) ;
#1802 = AXIS2_PLACEMENT_3D ( 'NONE', #262, #88, #1488 ) ;
#1803 = AXIS2_PLACEMENT_3D ( 'NONE', #1345, #2049, #484 ) ;
#1804 = EDGE_LOOP ( 'NONE', ( #1113, #1679 ) ) ;
#1805 = AXIS2_PLACEMENT_3D ( 'NONE', #301, #1698, #133 ) ;
#1806 = AXIS2_PLACEMENT_3D ( 'NONE', #66, #1504, #1333 ) ;
#1807 = ORIENTED_EDGE ( 'NONE', *, *, #1983, .T. ) ;
#1808 = DIRECTION ( 'NONE',  ( -4.336808689942018229E-16, -1.000000000000000000, -4.336808689942023652E-16 ) ) ;
#1809 = PRODUCT_DEFINITION_FORMATION_WITH_SPECIFIED_SOURCE ( 'ANY', '', #1414, .NOT_KNOWN. ) ;
#1810 = ORIENTED_EDGE ( 'NONE', *, *, #442, .T. ) ;
#1811 = DIRECTION ( 'NONE',  ( 0.000000000000000000, 0.000000000000000000, -1.000000000000000000 ) ) ;
#1812 = DIRECTION ( 'NONE',  ( 0.000000000000000000, 0.000000000000000000, -1.000000000000000000 ) ) ;
#1813 = CARTESIAN_POINT ( 'NONE',  ( -2.000000000000027089, -1.976969600708558650, -9.699503733421092585E-14 ) ) ;
#1814 = EDGE_LOOP ( 'NONE', ( #1489, #2266, #1381 ) ) ;
#1815 = EDGE_CURVE ( 'NONE', #1882, #1587, #1259, .T. ) ;
#1816 = EDGE_CURVE ( 'NONE', #1084, #1121, #350, .T. ) ;
#1817 = VERTEX_POINT ( 'NONE', #829 ) ;
#1818 = DIRECTION ( 'NONE',  ( 1.000000000000000000, 0.000000000000000000, 0.000000000000000000 ) ) ;
#1819 = ORIENTED_EDGE ( 'NONE', *, *, #1389, .F. ) ;
#1820 = CARTESIAN_POINT ( 'NONE',  ( -9.500000000000001776, -4.500000000000001776, -3.000000000000000444 ) ) ;
#1821 = DIRECTION ( 'NONE',  ( 0.000000000000000000, 0.000000000000000000, -1.000000000000000000 ) ) ;
#1822 = FACE_OUTER_BOUND ( 'NONE', #1524, .T. ) ;
#1823 = DIRECTION ( 'NONE',  ( -9.227252531791526626E-17, -1.000000000000000000, 0.000000000000000000 ) ) ;
#1824 = DIRECTION ( 'NONE',  ( -0.000000000000000000, -0.000000000000000000, -1.000000000000000000 ) ) ;
#1825 = ORIENTED_EDGE ( 'NONE', *, *, #207, .T. ) ;
#1826 = CARTESIAN_POINT ( 'NONE',  ( 5.500000000000000000, -5.505346540445921616E-16, -3.000000000000000444 ) ) ;
#1827 = ORIENTED_EDGE ( 'NONE', *, *, #793, .F. ) ;
#1828 = ORIENTED_EDGE ( 'NONE', *, *, #775, .F. ) ;
#1829 = SPHERICAL_SURFACE ( 'NONE', #1802, 0.5000000000000000000 ) ;
#1830 = ORIENTED_EDGE ( 'NONE', *, *, #403, .F. ) ;
#1831 = FACE_OUTER_BOUND ( 'NONE', #1487, .T. ) ;
#1832 = DIRECTION ( 'NONE',  ( 2.168404344971008868E-16, -1.000000000000000000, -0.000000000000000000 ) ) ;
#1833 = CARTESIAN_POINT ( 'NONE',  ( -9.000000000000001776, -4.500000000000001776, -3.500000000000000000 ) ) ;
#1834 = ORIENTED_EDGE ( 'NONE', *, *, #1307, .F. ) ;
#1835 = CARTESIAN_POINT ( 'NONE',  ( -9.500000000000001776, -1.131630863452811299E-15, 3.500000000000000000 ) ) ;
#1836 = AXIS2_PLACEMENT_3D ( 'NONE', #2168, #808, #445 ) ;
#1837 = ADVANCED_FACE ( 'NONE', ( #1525 ), #1930, .F. ) ;
#1838 = VECTOR ( 'NONE', #1279, 1000.000000000000000 ) ;
#1839 = AXIS2_PLACEMENT_3D ( 'NONE', #448, #1143, #2162 ) ;
#1840 = EDGE_CURVE ( 'NONE', #1757, #1759, #1293, .T. ) ;
#1841 = LINE ( 'NONE', #246, #1142 ) ;
#1842 = AXIS2_PLACEMENT_3D ( 'NONE', #1395, #225, #1618 ) ;
#1843 = CIRCLE ( 'NONE', #1923, 0.5000000000000000000 ) ;
#1844 = CARTESIAN_POINT ( 'NONE',  ( -2.849999999999999645, 0.4999999999999997780, 3.500000000000000000 ) ) ;
#1845 = DIRECTION ( 'NONE',  ( 0.000000000000000000, -1.000000000000000000, 0.000000000000000000 ) ) ;
#1846 = ORIENTED_EDGE ( 'NONE', *, *, #2187, .F. ) ;
#1847 = ORIENTED_EDGE ( 'NONE', *, *, #362, .F. ) ;
#1848 = ORIENTED_EDGE ( 'NONE', *, *, #1970, .F. ) ;
#1849 = LOCAL_TIME ( 11, 12, 34.00000000000000000, #920 ) ;
#1850 = LINE ( 'NONE', #1677, #783 ) ;
#1851 = PLANE ( 'NONE',  #1658 ) ;
#1852 = ORIENTED_EDGE ( 'NONE', *, *, #938, .T. ) ;
#1853 = FACE_OUTER_BOUND ( 'NONE', #247, .T. ) ;
#1854 = VERTEX_POINT ( 'NONE', #845 ) ;
#1855 = EDGE_CURVE ( 'NONE', #1280, #1757, #2241, .T. ) ;
#1856 = EDGE_CURVE ( 'NONE', #840, #565, #2235, .T. ) ;
#1857 = CARTESIAN_POINT ( 'NONE',  ( -9.000000000000001776, -4.500000000000001776, 3.000000000000000000 ) ) ;
#1858 = DIRECTION ( 'NONE',  ( -1.000000000000000000, 0.000000000000000000, 0.000000000000000000 ) ) ;
#1859 = VERTEX_POINT ( 'NONE', #2252 ) ;
#1860 = EDGE_LOOP ( 'NONE', ( #149, #1936, #2052, #2222 ) ) ;
#1861 = FACE_OUTER_BOUND ( 'NONE', #760, .T. ) ;
#1862 = ORIENTED_EDGE ( 'NONE', *, *, #595, .T. ) ;
#1863 = FACE_OUTER_BOUND ( 'NONE', #409, .T. ) ;
#1864 = CARTESIAN_POINT ( 'NONE',  ( -13.50000000000000000, 2.499999999999999556, 0.000000000000000000 ) ) ;
#1865 = ORIENTED_EDGE ( 'NONE', *, *, #418, .F. ) ;
#1866 = DIRECTION ( 'NONE',  ( -1.000000000000000000, 0.000000000000000000, 0.000000000000000000 ) ) ;
#1867 = DIRECTION ( 'NONE',  ( -1.000000000000000000, 2.168404344971008868E-16, -1.734723475976807094E-15 ) ) ;
#1868 = ORIENTED_EDGE ( 'NONE', *, *, #106, .F. ) ;
#1869 = ADVANCED_FACE ( 'NONE', ( #360 ), #685, .T. ) ;
#1870 = EDGE_LOOP ( 'NONE', ( #972, #1043, #1565, #1419 ) ) ;
#1871 = CARTESIAN_POINT ( 'NONE',  ( -11.92153903091734257, -2.400000000000002576, -3.500000000000000000 ) ) ;
#1872 = EDGE_CURVE ( 'NONE', #1359, #1527, #272, .T. ) ;
#1873 = DIRECTION ( 'NONE',  ( 0.000000000000000000, 0.000000000000000000, -1.000000000000000000 ) ) ;
#1874 = AXIS2_PLACEMENT_3D ( 'NONE', #1749, #742, #1962 ) ;
#1875 = AXIS2_PLACEMENT_3D ( 'NONE', #1169, #1734, #320 ) ;
#1876 = DIRECTION ( 'NONE',  ( 0.5000000000000007772, 0.8660254037844382635, -0.000000000000000000 ) ) ;
#1877 = CIRCLE ( 'NONE', #305, 1.650000000000000133 ) ;
#1878 = VERTEX_POINT ( 'NONE', #316 ) ;
#1879 = CARTESIAN_POINT ( 'NONE',  ( -13.50000000000000000, 2.499999999999999556, 3.000000000000000000 ) ) ;
#1880 = DIRECTION ( 'NONE',  ( 0.000000000000000000, 1.000000000000000000, 0.000000000000000000 ) ) ;
#1881 = CIRCLE ( 'NONE', #1628, 0.5000000000000004441 ) ;
#1882 = VERTEX_POINT ( 'NONE', #1349 ) ;
#1883 = ORIENTED_EDGE ( 'NONE', *, *, #193, .F. ) ;
#1884 = AXIS2_PLACEMENT_3D ( 'NONE', #733, #916, #1950 ) ;
#1885 = DIRECTION ( 'NONE',  ( -0.5000000000000016653, 0.8660254037844378194, 0.000000000000000000 ) ) ;
#1886 = VERTEX_POINT ( 'NONE', #2055 ) ;
#1887 =( GEOMETRIC_REPRESENTATION_CONTEXT ( 3 ) GLOBAL_UNCERTAINTY_ASSIGNED_CONTEXT ( ( #867 ) ) GLOBAL_UNIT_ASSIGNED_CONTEXT ( ( #181, #2117, #1753 ) ) REPRESENTATION_CONTEXT ( 'NONE', 'WORKASPACE' ) );
#1888 = CARTESIAN_POINT ( 'NONE',  ( -1.850000000000000089, -1.499999999999999556, 3.000000000000000000 ) ) ;
#1889 = EDGE_CURVE ( 'NONE', #1121, #310, #1772, .T. ) ;
#1890 = EDGE_CURVE ( 'NONE', #184, #1886, #1631, .T. ) ;
#1891 = ORIENTED_EDGE ( 'NONE', *, *, #1855, .T. ) ;
#1892 = DIRECTION ( 'NONE',  ( -1.000000000000000000, 0.000000000000000000, 0.000000000000000000 ) ) ;
#1893 = DIRECTION ( 'NONE',  ( 0.000000000000000000, -1.000000000000000000, 0.000000000000000000 ) ) ;
#1894 = CARTESIAN_POINT ( 'NONE',  ( -13.50000000000000000, 2.499999999999999556, 3.000000000000000000 ) ) ;
#1895 = DIRECTION ( 'NONE',  ( 0.000000000000000000, -1.000000000000000000, 0.000000000000000000 ) ) ;
#1896 = FACE_OUTER_BOUND ( 'NONE', #2017, .T. ) ;
#1897 = ADVANCED_FACE ( 'NONE', ( #1048 ), #386, .T. ) ;
#1898 = CARTESIAN_POINT ( 'NONE',  ( 1.999999999998126166, -1.976969600709694852, 0.1851823527868939334 ) ) ;
#1899 = EDGE_CURVE ( 'NONE', #1476, #1854, #1843, .T. ) ;
#1900 = DIRECTION ( 'NONE',  ( 0.000000000000000000, 0.000000000000000000, -1.000000000000000000 ) ) ;
#1901 = DIRECTION ( 'NONE',  ( 0.000000000000000000, 0.000000000000000000, 1.000000000000000000 ) ) ;
#1902 = FACE_OUTER_BOUND ( 'NONE', #1385, .T. ) ;
#1903 = ORIENTED_EDGE ( 'NONE', *, *, #2143, .F. ) ;
#1904 = DIRECTION ( 'NONE',  ( 0.000000000000000000, 0.000000000000000000, -1.000000000000000000 ) ) ;
#1905 = VECTOR ( 'NONE', #1200, 1000.000000000000000 ) ;
#1906 = VERTEX_POINT ( 'NONE', #500 ) ;
#1907 = CARTESIAN_POINT ( 'NONE',  ( 1.898572556302272174, -2.000000000000019096, 0.9175925825118603774 ) ) ;
#1908 = VECTOR ( 'NONE', #1901, 1000.000000000000000 ) ;
#1909 = DIRECTION ( 'NONE',  ( 1.000000000000000000, -1.747729060459022802E-16, 0.000000000000000000 ) ) ;
#1910 = VECTOR ( 'NONE', #1388, 1000.000000000000000 ) ;
#1911 = EDGE_CURVE ( 'NONE', #424, #556, #51, .T. ) ;
#1912 = ORIENTED_EDGE ( 'NONE', *, *, #1438, .T. ) ;
#1913 = EDGE_CURVE ( 'NONE', #2169, #525, #308, .T. ) ;
#1914 = CARTESIAN_POINT ( 'NONE',  ( -2.849999999999999645, 0.4999999999999997780, 3.000000000000000000 ) ) ;
#1915 = CARTESIAN_POINT ( 'NONE',  ( 6.000000000000000000, 2.999999999999999556, -3.000000000000000444 ) ) ;
#1916 = CIRCLE ( 'NONE', #2025, 0.5000000000000000000 ) ;
#1917 = AXIS2_PLACEMENT_3D ( 'NONE', #1065, #2104, #1236 ) ;
#1918 = DIRECTION ( 'NONE',  ( -1.000000000000000000, 0.000000000000000000, 0.000000000000000000 ) ) ;
#1919 = DIRECTION ( 'NONE',  ( 0.000000000000000000, 0.000000000000000000, -1.000000000000000000 ) ) ;
#1920 = ORIENTED_EDGE ( 'NONE', *, *, #1546, .F. ) ;
#1921 = AXIS2_PLACEMENT_3D ( 'NONE', #872, #167, #862 ) ;
#1922 = PERSON_AND_ORGANIZATION ( #216, #496 ) ;
#1923 = AXIS2_PLACEMENT_3D ( 'NONE', #517, #2070, #1535 ) ;
#1924 = SPHERICAL_SURFACE ( 'NONE', #1955, 0.5000000000000000000 ) ;
#1925 = DIRECTION ( 'NONE',  ( 9.227252531791526626E-17, 1.000000000000000000, -0.000000000000000000 ) ) ;
#1926 = ORIENTED_EDGE ( 'NONE', *, *, #1999, .F. ) ;
#1927 = LINE ( 'NONE', #2090, #1112 ) ;
#1928 = DIRECTION ( 'NONE',  ( -1.000000000000000000, 0.000000000000000000, 0.000000000000000000 ) ) ;
#1929 = EDGE_CURVE ( 'NONE', #2015, #1189, #1609, .T. ) ;
#1930 = PLANE ( 'NONE',  #670 ) ;
#1931 = SPHERICAL_SURFACE ( 'NONE', #2176, 0.5000000000000000000 ) ;
#1932 = CARTESIAN_POINT ( 'NONE',  ( -1.849999999999999867, -0.5000000000000002220, -3.500000000000000000 ) ) ;
#1933 = ORIENTED_EDGE ( 'NONE', *, *, #1899, .T. ) ;
#1934 = CARTESIAN_POINT ( 'NONE',  ( -2.849999999999999645, 0.4999999999999997780, -3.500000000000000000 ) ) ;
#1935 = DIRECTION ( 'NONE',  ( 0.000000000000000000, 0.000000000000000000, -1.000000000000000000 ) ) ;
#1936 = ORIENTED_EDGE ( 'NONE', *, *, #1253, .T. ) ;
#1937 = DIRECTION ( 'NONE',  ( -2.168404344971008868E-16, 1.000000000000000000, 0.000000000000000000 ) ) ;
#1938 = EDGE_CURVE ( 'NONE', #1155, #1759, #709, .T. ) ;
#1939 = FACE_OUTER_BOUND ( 'NONE', #2225, .T. ) ;
#1940 = DIRECTION ( 'NONE',  ( 0.000000000000000000, 0.000000000000000000, -1.000000000000000000 ) ) ;
#1941 = ADVANCED_FACE ( 'NONE', ( #1788 ), #907, .T. ) ;
#1942 = DIRECTION ( 'NONE',  ( -0.000000000000000000, -0.000000000000000000, 1.000000000000000000 ) ) ;
#1943 = DIRECTION ( 'NONE',  ( -2.168404344971008868E-16, 1.000000000000000000, 0.000000000000000000 ) ) ;
#1944 = VERTEX_POINT ( 'NONE', #420 ) ;
#1945 = DIRECTION ( 'NONE',  ( -1.000000000000000000, 0.000000000000000000, 0.000000000000000000 ) ) ;
#1946 = VECTOR ( 'NONE', #1909, 1000.000000000000000 ) ;
#1947 = CARTESIAN_POINT ( 'NONE',  ( -2.000841448208148758E-32, -1.499999999999999778, 1.650000000000000133 ) ) ;
#1948 = CARTESIAN_POINT ( 'NONE',  ( -9.500000000000001776, -1.131630863452811299E-15, 3.000000000000000000 ) ) ;
#1949 = AXIS2_PLACEMENT_3D ( 'NONE', #1024, #2101, #859 ) ;
#1950 = DIRECTION ( 'NONE',  ( 1.000000000000000000, 0.000000000000000000, 0.000000000000000000 ) ) ;
#1951 = SPHERICAL_SURFACE ( 'NONE', #601, 0.5000000000000000000 ) ;
#1952 = CIRCLE ( 'NONE', #815, 0.5000000000000000000 ) ;
#1953 = ORIENTED_EDGE ( 'NONE', *, *, #1708, .T. ) ;
#1954 = APPROVAL_STATUS ( 'not_yet_approved' ) ;
#1955 = AXIS2_PLACEMENT_3D ( 'NONE', #538, #1555, #354 ) ;
#1956 = AXIS2_PLACEMENT_3D ( 'NONE', #2224, #1148, #979 ) ;
#1957 = EDGE_CURVE ( 'NONE', #1184, #1155, #2161, .T. ) ;
#1958 = EDGE_CURVE ( 'NONE', #1442, #1745, #725, .T. ) ;
#1959 = AXIS2_PLACEMENT_3D ( 'NONE', #1985, #1598, #544 ) ;
#1960 = CARTESIAN_POINT ( 'NONE',  ( -1.849999999999999867, -0.5000000000000002220, -3.000000000000000000 ) ) ;
#1961 = CIRCLE ( 'NONE', #2180, 0.5000000000000004441 ) ;
#1962 = DIRECTION ( 'NONE',  ( 1.000000000000000000, 2.602085213965208275E-15, 0.000000000000000000 ) ) ;
#1963 = ORIENTED_EDGE ( 'NONE', *, *, #2182, .F. ) ;
#1964 = DIRECTION ( 'NONE',  ( 0.000000000000000000, 0.000000000000000000, -1.000000000000000000 ) ) ;
#1965 = DIRECTION ( 'NONE',  ( 1.000000000000000000, -0.000000000000000000, -0.000000000000000000 ) ) ;
#1966 = CARTESIAN_POINT ( 'NONE',  ( -1.850000000000000089, -1.999999999999999556, 3.500000000000000000 ) ) ;
#1967 = EDGE_CURVE ( 'NONE', #2093, #1273, #2217, .T. ) ;
#1968 = FACE_OUTER_BOUND ( 'NONE', #671, .T. ) ;
#1969 = ORIENTED_EDGE ( 'NONE', *, *, #44, .T. ) ;
#1970 = EDGE_CURVE ( 'NONE', #1413, #593, #969, .T. ) ;
#1971 = DIRECTION ( 'NONE',  ( -1.000000000000000000, 0.000000000000000000, 0.000000000000000000 ) ) ;
#1972 = ORIENTED_EDGE ( 'NONE', *, *, #148, .F. ) ;
#1973 = CARTESIAN_POINT ( 'NONE',  ( 0.000000000000000000, 2.499999999999999556, 3.000000000000000000 ) ) ;
#1974 = DIRECTION ( 'NONE',  ( -0.000000000000000000, 0.000000000000000000, -1.000000000000000000 ) ) ;
#1975 = CARTESIAN_POINT ( 'NONE',  ( 2.020667218593132755E-16, -1.499999999999999778, -1.650000000000000133 ) ) ;
#1976 = APPROVAL_DATE_TIME ( #411, #865 ) ;
#1977 = ORIENTED_EDGE ( 'NONE', *, *, #115, .T. ) ;
#1978 = EDGE_CURVE ( 'NONE', #2169, #774, #188, .T. ) ;
#1979 = ORIENTED_EDGE ( 'NONE', *, *, #2197, .F. ) ;
#1980 = CARTESIAN_POINT ( 'NONE',  ( -1.850000000000000089, -1.499999999999999778, -3.000000000000000444 ) ) ;
#1981 = EDGE_LOOP ( 'NONE', ( #284, #287, #714, #2105 ) ) ;
#1982 = EDGE_CURVE ( 'NONE', #1636, #23, #757, .T. ) ;
#1983 = EDGE_CURVE ( 'NONE', #1859, #1086, #570, .T. ) ;
#1984 = CIRCLE ( 'NONE', #1797, 0.5000000000000000000 ) ;
#1985 = CARTESIAN_POINT ( 'NONE',  ( -6.000000000000000000, 0.4999999999999992784, -3.000000000000000444 ) ) ;
#1986 = CARTESIAN_POINT ( 'NONE',  ( -13.13397459621555896, -4.500000000000002665, -3.000000000000000000 ) ) ;
#1987 = CARTESIAN_POINT ( 'NONE',  ( -1.849999999999999867, -1.499999999999999556, -3.000000000000000000 ) ) ;
#1988 = AXIS2_PLACEMENT_3D ( 'NONE', #799, #630, #1326 ) ;
#1989 = CIRCLE ( 'NONE', #1470, 0.5000000000000000000 ) ;
#1990 = AXIS2_PLACEMENT_3D ( 'NONE', #1732, #67, #1104 ) ;
#1991 = AXIS2_PLACEMENT_3D ( 'NONE', #96, #818, #116 ) ;
#1992 = AXIS2_PLACEMENT_3D ( 'NONE', #1617, #1235, #372 ) ;
#1993 = ORIENTED_EDGE ( 'NONE', *, *, #2198, .T. ) ;
#1994 = FACE_OUTER_BOUND ( 'NONE', #1706, .T. ) ;
#1995 = TOROIDAL_SURFACE ( 'NONE', #1183, 1.000000000000000000, 0.5000000000000000000 ) ;
#1996 = DIRECTION ( 'NONE',  ( -1.000000000000000000, 0.000000000000000000, 0.000000000000000000 ) ) ;
#1997 = DIRECTION ( 'NONE',  ( 0.8660254037844385966, -0.5000000000000000000, 0.000000000000000000 ) ) ;
#1998 = CYLINDRICAL_SURFACE ( 'NONE', #231, 0.5000000000000000000 ) ;
#1999 = EDGE_CURVE ( 'NONE', #64, #1184, #856, .T. ) ;
#2000 = DIRECTION ( 'NONE',  ( 0.000000000000000000, 0.000000000000000000, -1.000000000000000000 ) ) ;
#2001 = ORIENTED_EDGE ( 'NONE', *, *, #1089, .F. ) ;
#2002 = CARTESIAN_POINT ( 'NONE',  ( -14.00000000000000000, 1.333974596215560915, 3.500000000000000000 ) ) ;
#2003 = ORIENTED_EDGE ( 'NONE', *, *, #1958, .T. ) ;
#2004 = CARTESIAN_POINT ( 'NONE',  ( -7.901923788646665336, 4.562177826491073063, -3.000000000000000000 ) ) ;
#2005 = CARTESIAN_POINT ( 'NONE',  ( -12.78756443470178183, -1.900000000000001910, -3.500000000000000000 ) ) ;
#2006 = CARTESIAN_POINT ( 'NONE',  ( -12.35455173280956132, -2.150000000000001688, 3.000000000000000444 ) ) ;
#2007 = VERTEX_POINT ( 'NONE', #383 ) ;
#2008 = ADVANCED_FACE ( 'NONE', ( #1281 ), #1093, .T. ) ;
#2009 = EDGE_CURVE ( 'NONE', #1155, #297, #224, .T. ) ;
#2010 = ORIENTED_EDGE ( 'NONE', *, *, #1253, .F. ) ;
#2011 = FACE_OUTER_BOUND ( 'NONE', #647, .T. ) ;
#2012 = CARTESIAN_POINT ( 'NONE',  ( -9.500000000000001776, -5.000000000000000888, 3.000000000000000000 ) ) ;
#2013 = DIRECTION ( 'NONE',  ( 2.168404344971008868E-16, -1.000000000000000000, -0.000000000000000000 ) ) ;
#2014 = CARTESIAN_POINT ( 'NONE',  ( -1.849999999999999645, -1.084202172485505174E-16, -3.500000000000000000 ) ) ;
#2015 = VERTEX_POINT ( 'NONE', #10 ) ;
#2016 = ORIENTED_EDGE ( 'NONE', *, *, #1362, .F. ) ;
#2017 = EDGE_LOOP ( 'NONE', ( #801, #195, #795, #1807, #1648, #1129, #2056 ) ) ;
#2018 = AXIS2_PLACEMENT_3D ( 'NONE', #1296, #813, #2221 ) ;
#2019 = CARTESIAN_POINT ( 'NONE',  ( -2.349999999999999645, -4.814824860968089633E-32, 3.000000000000000000 ) ) ;
#2020 = AXIS2_PLACEMENT_3D ( 'NONE', #767, #1474, #1818 ) ;
#2021 = ORIENTED_EDGE ( 'NONE', *, *, #1432, .F. ) ;
#2022 = AXIS2_PLACEMENT_3D ( 'NONE', #981, #342, #1690 ) ;
#2023 = ADVANCED_FACE ( 'NONE', ( #1082 ), #1064, .T. ) ;
#2024 = EDGE_CURVE ( 'NONE', #1473, #63, #457, .T. ) ;
#2025 = AXIS2_PLACEMENT_3D ( 'NONE', #1543, #673, #2231 ) ;
#2026 = PLANE ( 'NONE',  #198 ) ;
#2027 = CIRCLE ( 'NONE', #891, 0.5000000000000000000 ) ;
#2028 = ORIENTED_EDGE ( 'NONE', *, *, #1101, .F. ) ;
#2029 = DIRECTION ( 'NONE',  ( 1.000000000000000000, 0.000000000000000000, 0.000000000000000000 ) ) ;
#2030 = AXIS2_PLACEMENT_3D ( 'NONE', #1294, #1665, #768 ) ;
#2031 = DIRECTION ( 'NONE',  ( 0.000000000000000000, 0.000000000000000000, -1.000000000000000000 ) ) ;
#2032 = FACE_OUTER_BOUND ( 'NONE', #1733, .T. ) ;
#2033 = ORIENTED_EDGE ( 'NONE', *, *, #363, .F. ) ;
#2034 = ORIENTED_EDGE ( 'NONE', *, *, #1754, .F. ) ;
#2035 = ORIENTED_EDGE ( 'NONE', *, *, #574, .T. ) ;
#2036 = CIRCLE ( 'NONE', #640, 1.000000000000000000 ) ;
#2037 = CARTESIAN_POINT ( 'NONE',  ( 1.849999999999999867, -2.000000000000000000, -3.000000000000000444 ) ) ;
#2038 = EDGE_LOOP ( 'NONE', ( #1819, #2178, #1523, #998, #887 ) ) ;
#2039 = CARTESIAN_POINT ( 'NONE',  ( -12.35455173280956132, -1.650000000000001688, -3.000000000000000000 ) ) ;
#2040 = EDGE_CURVE ( 'NONE', #1854, #1882, #2134, .T. ) ;
#2041 = LINE ( 'NONE', #2064, #453 ) ;
#2042 = DIRECTION ( 'NONE',  ( 1.000000000000000000, 0.000000000000000000, 0.000000000000000000 ) ) ;
#2043 = ORIENTED_EDGE ( 'NONE', *, *, #660, .T. ) ;
#2044 = ORIENTED_EDGE ( 'NONE', *, *, #223, .T. ) ;
#2045 = CARTESIAN_POINT ( 'NONE',  ( -14.00000000000000000, 1.333974596215560915, 3.000000000000000000 ) ) ;
#2046 = CARTESIAN_POINT ( 'NONE',  ( -1.849999999999999645, 4.011548038196366406E-16, 3.000000000000000000 ) ) ;
#2047 = CARTESIAN_POINT ( 'NONE',  ( -13.50000000000000000, 1.333974596215560693, -3.000000000000000000 ) ) ;
#2048 = EDGE_CURVE ( 'NONE', #1165, #443, #1401, .T. ) ;
#2049 = DIRECTION ( 'NONE',  ( -1.000000000000000000, 0.000000000000000000, 0.000000000000000000 ) ) ;
#2050 = CARTESIAN_POINT ( 'NONE',  ( -12.21021416551215566, -1.900000000000001465, 3.000000000000000444 ) ) ;
#2051 = ORIENTED_EDGE ( 'NONE', *, *, #1479, .F. ) ;
#2052 = ORIENTED_EDGE ( 'NONE', *, *, #1622, .T. ) ;
#2053 = ORIENTED_EDGE ( 'NONE', *, *, #2198, .F. ) ;
#2054 = EDGE_CURVE ( 'NONE', #221, #1118, #1008, .T. ) ;
#2055 = CARTESIAN_POINT ( 'NONE',  ( 2.849999999999999645, 0.4999999999999997780, -3.500000000000000000 ) ) ;
#2056 = ORIENTED_EDGE ( 'NONE', *, *, #458, .F. ) ;
#2057 = DIRECTION ( 'NONE',  ( -1.747729060459023048E-16, 1.000000000000000000, 0.000000000000000000 ) ) ;
#2058 = CIRCLE ( 'NONE', #883, 0.5000000000000000000 ) ;
#2059 = AXIS2_PLACEMENT_3D ( 'NONE', #755, #1760, #1928 ) ;
#2060 = AXIS2_PLACEMENT_3D ( 'NONE', #1061, #1758, #1595 ) ;
#2061 = EDGE_LOOP ( 'NONE', ( #625, #288, #1348, #385 ) ) ;
#2062 = CYLINDRICAL_SURFACE ( 'NONE', #850, 0.5000000000000004441 ) ;
#2063 = VECTOR ( 'NONE', #1172, 1000.000000000000114 ) ;
#2064 = CARTESIAN_POINT ( 'NONE',  ( -13.13397459621556074, -5.000000000000001776, -3.500000000000000000 ) ) ;
#2065 = CARTESIAN_POINT ( 'NONE',  ( 2.849999999999999645, -8.738645302295127567E-17, 3.000000000000000000 ) ) ;
#2066 = VECTOR ( 'NONE', #1003, 1000.000000000000000 ) ;
#2067 = ORIENTED_EDGE ( 'NONE', *, *, #1929, .F. ) ;
#2068 = EDGE_LOOP ( 'NONE', ( #437, #1156, #303, #653 ) ) ;
#2069 = AXIS2_PLACEMENT_3D ( 'NONE', #1384, #1895, #509 ) ;
#2070 = DIRECTION ( 'NONE',  ( 0.000000000000000000, 0.000000000000000000, -1.000000000000000000 ) ) ;
#2071 = ADVANCED_FACE ( 'NONE', ( #2170, #1831 ), #778, .F. ) ;
#2072 = ORIENTED_EDGE ( 'NONE', *, *, #1072, .T. ) ;
#2073 = LOCAL_TIME ( 11, 12, 34.00000000000000000, #1425 ) ;
#2074 = CARTESIAN_POINT ( 'NONE',  ( 2.849999999999999645, -0.5000000000000000000, 3.000000000000000000 ) ) ;
#2075 = ADVANCED_FACE ( 'NONE', ( #1822 ), #248, .T. ) ;
#2076 = ORIENTED_EDGE ( 'NONE', *, *, #1675, .F. ) ;
#2077 = CARTESIAN_POINT ( 'NONE',  ( 0.000000000000000000, 2.499999999999999112, 0.000000000000000000 ) ) ;
#2078 = CARTESIAN_POINT ( 'NONE',  ( -12.35455173280956132, -2.150000000000002132, -3.000000000000000000 ) ) ;
#2079 = DIRECTION ( 'NONE',  ( -1.000000000000000000, 1.314184451497581013E-16, 0.000000000000000000 ) ) ;
#2080 = CARTESIAN_POINT ( 'NONE',  ( 1.849999999999999867, -1.500000000000000000, 3.500000000000000000 ) ) ;
#2081 = DIRECTION ( 'NONE',  ( 0.000000000000000000, 1.000000000000000000, 0.000000000000000000 ) ) ;
#2082 = ADVANCED_FACE ( 'NONE', ( #2183 ), #609, .T. ) ;
#2083 = CARTESIAN_POINT ( 'NONE',  ( -13.56698729810778126, 1.449999999999999956, -3.500000000000000000 ) ) ;
#2084 = CARTESIAN_POINT ( 'NONE',  ( 5.955951912909532532E-16, -5.000000000000000000, 0.000000000000000000 ) ) ;
#2085 = ADVANCED_FACE ( 'NONE', ( #1303 ), #431, .T. ) ;
#2086 = CC_DESIGN_PERSON_AND_ORGANIZATION_ASSIGNMENT ( #874, #687, ( #1809 ) ) ;
#2087 = DIRECTION ( 'NONE',  ( 0.000000000000000000, 1.000000000000000000, 8.673617379884034486E-16 ) ) ;
#2088 = CARTESIAN_POINT ( 'NONE',  ( 0.000000000000000000, 2.499999999999999112, 0.000000000000000000 ) ) ;
#2089 = ORIENTED_EDGE ( 'NONE', *, *, #503, .T. ) ;
#2090 = CARTESIAN_POINT ( 'NONE',  ( -13.56698729810777948, -4.250000000000001776, 3.500000000000000000 ) ) ;
#2091 = CARTESIAN_POINT ( 'NONE',  ( -8.500000000000000000, 0.4999999999999988343, 3.500000000000000000 ) ) ;
#2092 = CARTESIAN_POINT ( 'NONE',  ( 2.849999999999999645, 0.4999999999999997780, -3.000000000000000000 ) ) ;
#2093 = VERTEX_POINT ( 'NONE', #950 ) ;
#2094 = PERSON_AND_ORGANIZATION ( #216, #496 ) ;
#2095 = FACE_OUTER_BOUND ( 'NONE', #2061, .T. ) ;
#2096 = VECTOR ( 'NONE', #965, 1000.000000000000000 ) ;
#2097 = EDGE_CURVE ( 'NONE', #1086, #1377, #71, .T. ) ;
#2098 = FACE_OUTER_BOUND ( 'NONE', #1430, .T. ) ;
#2099 = CIRCLE ( 'NONE', #1437, 1.000000000000000888 ) ;
#2100 = AXIS2_PLACEMENT_3D ( 'NONE', #729, #1222, #1746 ) ;
#2101 = DIRECTION ( 'NONE',  ( -1.000000000000000000, -0.000000000000000000, -0.000000000000000000 ) ) ;
#2102 = VECTOR ( 'NONE', #1579, 1000.000000000000000 ) ;
#2103 = AXIS2_PLACEMENT_3D ( 'NONE', #1034, #351, #676 ) ;
#2104 = DIRECTION ( 'NONE',  ( -1.224646799147353207E-16, 1.130012527798280363E-32, 1.000000000000000000 ) ) ;
#2105 = ORIENTED_EDGE ( 'NONE', *, *, #2126, .T. ) ;
#2106 = AXIS2_PLACEMENT_3D ( 'NONE', #141, #696, #1394 ) ;
#2107 = CIRCLE ( 'NONE', #53, 0.5000000000000004441 ) ;
#2108 = CARTESIAN_POINT ( 'NONE',  ( -11.92153903091734257, -1.400000000000001021, -3.500000000000000000 ) ) ;
#2109 = CARTESIAN_POINT ( 'NONE',  ( -1.384087879768728871E-16, -1.499999999999999778, 3.000000000000000000 ) ) ;
#2110 = EDGE_CURVE ( 'NONE', #99, #1640, #2192, .T. ) ;
#2111 = ORIENTED_EDGE ( 'NONE', *, *, #1191, .T. ) ;
#2112 = CARTESIAN_POINT ( 'NONE',  ( 6.000000000000000000, -6.379211070675434126E-16, 3.000000000000000000 ) ) ;
#2113 = DIRECTION ( 'NONE',  ( 0.000000000000000000, 0.000000000000000000, -1.000000000000000000 ) ) ;
#2114 = EDGE_CURVE ( 'NONE', #1276, #556, #1515, .T. ) ;
#2115 = CARTESIAN_POINT ( 'NONE',  ( 1.850000000000000089, -1.500000000000000000, -3.000000000000000000 ) ) ;
#2116 = CARTESIAN_POINT ( 'NONE',  ( 6.000000000000000000, 0.4999999999999992784, -3.000000000000000444 ) ) ;
#2117 =( NAMED_UNIT ( * ) PLANE_ANGLE_UNIT ( ) SI_UNIT ( $, .RADIAN. ) );
#2118 = DIRECTION ( 'NONE',  ( -0.000000000000000000, 1.000000000000000000, 0.000000000000000000 ) ) ;
#2119 = ORIENTED_EDGE ( 'NONE', *, *, #974, .F. ) ;
#2120 = DIRECTION ( 'NONE',  ( 0.000000000000000000, 0.000000000000000000, 1.000000000000000000 ) ) ;
#2121 = CYLINDRICAL_SURFACE ( 'NONE', #197, 0.5000000000000004441 ) ;
#2122 = DIRECTION ( 'NONE',  ( -4.336808689942017736E-16, 1.000000000000000000, -0.000000000000000000 ) ) ;
#2123 = DIRECTION ( 'NONE',  ( 2.168404344971007142E-16, -1.000000000000000000, -0.000000000000000000 ) ) ;
#2124 = ORIENTED_EDGE ( 'NONE', *, *, #1938, .F. ) ;
#2125 = EDGE_CURVE ( 'NONE', #1501, #1377, #1481, .T. ) ;
#2126 = EDGE_CURVE ( 'NONE', #1276, #218, #1556, .T. ) ;
#2127 = APPROVAL_STATUS ( 'not_yet_approved' ) ;
#2128 = CARTESIAN_POINT ( 'NONE',  ( 0.000000000000000000, -1.999999999999999556, 0.000000000000000000 ) ) ;
#2129 = ORIENTED_EDGE ( 'NONE', *, *, #2253, .T. ) ;
#2130 = VECTOR ( 'NONE', #1943, 1000.000000000000000 ) ;
#2131 = CARTESIAN_POINT ( 'NONE',  ( 5.500000000000000000, 0.4999999999999994449, 3.000000000000000000 ) ) ;
#2132 = ORIENTED_EDGE ( 'NONE', *, *, #1720, .T. ) ;
#2133 = VECTOR ( 'NONE', #928, 1000.000000000000114 ) ;
#2134 = LINE ( 'NONE', #1262, #894 ) ;
#2135 = CARTESIAN_POINT ( 'NONE',  ( 1.850000000000000089, -1.500000000000000000, 3.000000000000000000 ) ) ;
#2136 = VECTOR ( 'NONE', #1530, 1000.000000000000000 ) ;
#2137 = EDGE_LOOP ( 'NONE', ( #87, #1868, #1324, #1130 ) ) ;
#2138 = ORIENTED_EDGE ( 'NONE', *, *, #886, .F. ) ;
#2139 = DATE_AND_TIME ( #1612, #1633 ) ;
#2140 = CIRCLE ( 'NONE', #1509, 1.650000000000000133 ) ;
#2141 = ADVANCED_FACE ( 'NONE', ( #1863 ), #805, .T. ) ;
#2142 = VECTOR ( 'NONE', #555, 1000.000000000000000 ) ;
#2143 = EDGE_CURVE ( 'NONE', #32, #1223, #1668, .T. ) ;
#2144 = CARTESIAN_POINT ( 'NONE',  ( 5.500000000000000000, 2.499999999999999556, -3.000000000000000444 ) ) ;
#2145 = CC_DESIGN_APPROVAL ( #865, ( #169 ) ) ;
#2146 = ORIENTED_EDGE ( 'NONE', *, *, #839, .F. ) ;
#2147 = DIRECTION ( 'NONE',  ( 0.000000000000000000, 0.000000000000000000, -1.000000000000000000 ) ) ;
#2148 = VERTEX_POINT ( 'NONE', #821 ) ;
#2149 = FACE_OUTER_BOUND ( 'NONE', #1080, .T. ) ;
#2150 = CARTESIAN_POINT ( 'NONE',  ( -14.00000000000000000, 2.999999999999999556, -3.000000000000000444 ) ) ;
#2151 = CARTESIAN_POINT ( 'NONE',  ( 2.350000000000000089, -1.499999999999999778, 3.000000000000000000 ) ) ;
#2152 = ORIENTED_EDGE ( 'NONE', *, *, #1072, .F. ) ;
#2153 = ADVANCED_FACE ( 'NONE', ( #1896 ), #672, .T. ) ;
#2154 = ORIENTED_EDGE ( 'NONE', *, *, #804, .T. ) ;
#2155 = CARTESIAN_POINT ( 'NONE',  ( -1.987007167428582965, -1.981559572128747559, 0.3704976903588266812 ) ) ;
#2156 = EDGE_CURVE ( 'NONE', #2195, #1317, #1961, .T. ) ;
#2157 = EDGE_CURVE ( 'NONE', #1741, #2007, #428, .T. ) ;
#2158 = EDGE_LOOP ( 'NONE', ( #1615, #1828, #1322, #271 ) ) ;
#2159 = CARTESIAN_POINT ( 'NONE',  ( 6.000000000000000000, -6.379211070675434126E-16, 3.000000000000000000 ) ) ;
#2160 = ORIENTED_EDGE ( 'NONE', *, *, #901, .F. ) ;
#2161 = LINE ( 'NONE', #57, #1366 ) ;
#2162 = DIRECTION ( 'NONE',  ( -1.000000000000000000, 2.168404344971009361E-16, 0.000000000000000000 ) ) ;
#2163 = DIRECTION ( 'NONE',  ( -1.000000000000000000, 1.314184451497581013E-16, 0.000000000000000000 ) ) ;
#2164 = EDGE_LOOP ( 'NONE', ( #1357, #1647, #1752, #40 ) ) ;
#2165 = ORIENTED_EDGE ( 'NONE', *, *, #191, .T. ) ;
#2166 = ORIENTED_EDGE ( 'NONE', *, *, #1102, .T. ) ;
#2167 = ADVANCED_FACE ( 'NONE', ( #2210 ), #1995, .T. ) ;
#2168 = CARTESIAN_POINT ( 'NONE',  ( 5.360356721618579476E-16, -4.500000000000000888, -3.000000000000000000 ) ) ;
#2169 = VERTEX_POINT ( 'NONE', #1364 ) ;
#2170 = FACE_BOUND ( 'NONE', #1804, .T. ) ;
#2171 = DIRECTION ( 'NONE',  ( -0.5000000000000007772, 0.8660254037844382635, -2.629050547790030129E-15 ) ) ;
#2172 = CARTESIAN_POINT ( 'NONE',  ( -9.000000000000001776, -4.500000000000001776, -3.000000000000000444 ) ) ;
#2173 = CIRCLE ( 'NONE', #415, 0.5000000000000000000 ) ;
#2174 = AXIS2_PLACEMENT_3D ( 'NONE', #217, #35, #738 ) ;
#2175 = CARTESIAN_POINT ( 'NONE',  ( -1.849999999999999867, -1.499999999999999556, 3.500000000000000000 ) ) ;
#2176 = AXIS2_PLACEMENT_3D ( 'NONE', #1215, #873, #734 ) ;
#2177 = AXIS2_PLACEMENT_3D ( 'NONE', #324, #1025, #1214 ) ;
#2178 = ORIENTED_EDGE ( 'NONE', *, *, #1278, .T. ) ;
#2179 = DIRECTION ( 'NONE',  ( 0.000000000000000000, 0.000000000000000000, -1.000000000000000000 ) ) ;
#2180 = AXIS2_PLACEMENT_3D ( 'NONE', #655, #837, #482 ) ;
#2181 = ORIENTED_EDGE ( 'NONE', *, *, #1119, .T. ) ;
#2182 = EDGE_CURVE ( 'NONE', #1073, #443, #243, .T. ) ;
#2183 = FACE_OUTER_BOUND ( 'NONE', #766, .T. ) ;
#2184 = DIRECTION ( 'NONE',  ( 1.000000000000000000, -0.000000000000000000, -0.000000000000000000 ) ) ;
#2185 = CARTESIAN_POINT ( 'NONE',  ( 2.849999999999999645, -0.5000000000000000000, 3.500000000000000000 ) ) ;
#2186 = ORIENTED_EDGE ( 'NONE', *, *, #459, .F. ) ;
#2187 = EDGE_CURVE ( 'NONE', #113, #1260, #2107, .T. ) ;
#2188 = FACE_OUTER_BOUND ( 'NONE', #399, .T. ) ;
#2189 = PRODUCT_DEFINITION_SHAPE ( 'NONE', 'NONE',  #49 ) ;
#2190 = ORIENTED_EDGE ( 'NONE', *, *, #1938, .T. ) ;
#2191 = LINE ( 'NONE', #1496, #1838 ) ;
#2192 = LINE ( 'NONE', #943, #13 ) ;
#2193 = CYLINDRICAL_SURFACE ( 'NONE', #1839, 0.5000000000000000000 ) ;
#2194 = DIRECTION ( 'NONE',  ( -9.227252531791526626E-17, -1.000000000000000000, 0.000000000000000000 ) ) ;
#2195 = VERTEX_POINT ( 'NONE', #635 ) ;
#2196 = LINE ( 'NONE', #281, #1004 ) ;
#2197 = EDGE_CURVE ( 'NONE', #1442, #774, #1009, .T. ) ;
#2198 = EDGE_CURVE ( 'NONE', #1036, #1359, #134, .T. ) ;
#2199 = ORIENTED_EDGE ( 'NONE', *, *, #955, .T. ) ;
#2200 = SPHERICAL_SURFACE ( 'NONE', #156, 0.5000000000000000000 ) ;
#2201 = ORIENTED_EDGE ( 'NONE', *, *, #182, .T. ) ;
#2202 = CARTESIAN_POINT ( 'NONE',  ( -8.500000000000000000, -1.074853372182299175E-15, 3.000000000000000000 ) ) ;
#2203 = DIRECTION ( 'NONE',  ( -0.5000000000000011102, -0.8660254037844379305, -0.000000000000000000 ) ) ;
#2204 = ORIENTED_EDGE ( 'NONE', *, *, #239, .F. ) ;
#2205 = VERTEX_POINT ( 'NONE', #1016 ) ;
#2206 = ORIENTED_EDGE ( 'NONE', *, *, #804, .F. ) ;
#2207 = TOROIDAL_SURFACE ( 'NONE', #1210, 2.149999999999999911, 0.5000000000000000000 ) ;
#2208 = DIRECTION ( 'NONE',  ( 1.747729060459022062E-16, 1.000000000000000000, 0.000000000000000000 ) ) ;
#2209 = VECTOR ( 'NONE', #1880, 1000.000000000000000 ) ;
#2210 = FACE_OUTER_BOUND ( 'NONE', #1351, .T. ) ;
#2211 = EDGE_CURVE ( 'NONE', #1473, #2015, #14, .T. ) ;
#2212 = AXIS2_PLACEMENT_3D ( 'NONE', #16, #718, #1627 ) ;
#2213 = CIRCLE ( 'NONE', #524, 0.5000000000000000000 ) ;
#2214 = ADVANCED_FACE ( 'NONE', ( #1707 ), #1192, .F. ) ;
#2215 = AXIS2_PLACEMENT_3D ( 'NONE', #1503, #434, #2208 ) ;
#2216 = DIRECTION ( 'NONE',  ( 0.8660254037844380415, 0.5000000000000012212, 0.000000000000000000 ) ) ;
#2217 = CIRCLE ( 'NONE', #1444, 0.5000000000000004441 ) ;
#2218 = B_SPLINE_CURVE_WITH_KNOTS ( 'NONE', 3,
 ( #912, #1234, #1580, #893, #358, #55 ),
 .UNSPECIFIED., .F., .F.,
 ( 4, 2, 4 ),
 ( 0.001099930547789658300, 0.001654779147594190661, 0.002209627747398722804 ),
 .UNSPECIFIED. ) ;
#2219 = AXIS2_PLACEMENT_3D ( 'NONE', #326, #2236, #1005 ) ;
#2220 = CARTESIAN_POINT ( 'NONE',  ( -1.850000000000000089, -1.499999999999999556, 3.500000000000000000 ) ) ;
#2221 = DIRECTION ( 'NONE',  ( -1.000000000000000000, 0.000000000000000000, 0.000000000000000000 ) ) ;
#2222 = ORIENTED_EDGE ( 'NONE', *, *, #2040, .T. ) ;
#2223 = ORIENTED_EDGE ( 'NONE', *, *, #1297, .T. ) ;
#2224 = CARTESIAN_POINT ( 'NONE',  ( -12.78756443470178183, -1.900000000000001910, 3.000000000000000444 ) ) ;
#2225 = EDGE_LOOP ( 'NONE', ( #1825, #1125, #1270 ) ) ;
#2226 = CARTESIAN_POINT ( 'NONE',  ( 5.500000000000000000, 0.4999999999999993339, -3.000000000000000000 ) ) ;
#2227 = EDGE_CURVE ( 'NONE', #927, #1886, #2036, .T. ) ;
#2228 = ADVANCED_FACE ( 'NONE', ( #1374 ), #1519, .T. ) ;
#2229 = CC_DESIGN_DATE_AND_TIME_ASSIGNMENT ( #1588, #2262, ( #49 ) ) ;
#2230 = DIRECTION ( 'NONE',  ( -0.8660254037844385966, 0.5000000000000000000, 0.000000000000000000 ) ) ;
#2231 = DIRECTION ( 'NONE',  ( 0.000000000000000000, 0.000000000000000000, 1.000000000000000000 ) ) ;
#2232 = DIRECTION ( 'NONE',  ( 0.000000000000000000, 0.000000000000000000, -1.000000000000000000 ) ) ;
#2233 = ORIENTED_EDGE ( 'NONE', *, *, #61, .T. ) ;
#2234 = ORIENTED_EDGE ( 'NONE', *, *, #2157, .T. ) ;
#2235 = LINE ( 'NONE', #1549, #784 ) ;
#2236 = DIRECTION ( 'NONE',  ( 9.227252531791526626E-17, 1.000000000000000000, -0.000000000000000000 ) ) ;
#2237 = DIRECTION ( 'NONE',  ( -0.000000000000000000, 1.000000000000000000, -0.000000000000000000 ) ) ;
#2238 = ORIENTED_EDGE ( 'NONE', *, *, #864, .F. ) ;
#2239 = CARTESIAN_POINT ( 'NONE',  ( -2.849999999999999645, 0.4999999999999998890, -3.000000000000000444 ) ) ;
#2240 = EDGE_LOOP ( 'NONE', ( #797, #293, #589, #1051 ) ) ;
#2241 = LINE ( 'NONE', #2271, #534 ) ;
#2242 = DIRECTION ( 'NONE',  ( -1.000000000000000000, -0.000000000000000000, -0.000000000000000000 ) ) ;
#2243 = VECTOR ( 'NONE', #159, 1000.000000000000114 ) ;
#2244 = AXIS2_PLACEMENT_3D ( 'NONE', #2047, #1539, #2245 ) ;
#2245 = DIRECTION ( 'NONE',  ( -1.000000000000000000, 0.000000000000000000, 0.000000000000000000 ) ) ;
#2246 = AXIS2_PLACEMENT_3D ( 'NONE', #1369, #841, #2248 ) ;
#2247 = EDGE_LOOP ( 'NONE', ( #1229, #691, #1301, #2053 ) ) ;
#2248 = DIRECTION ( 'NONE',  ( -1.000000000000000000, -2.168404344971008868E-16, 0.000000000000000000 ) ) ;
#2249 = DIRECTION ( 'NONE',  ( 0.000000000000000000, -0.000000000000000000, -1.000000000000000000 ) ) ;
#2250 = VECTOR ( 'NONE', #896, 1000.000000000000000 ) ;
#2251 = VECTOR ( 'NONE', #1965, 1000.000000000000000 ) ;
#2252 = CARTESIAN_POINT ( 'NONE',  ( -1.650000000000000355, -1.499999999999999556, 0.000000000000000000 ) ) ;
#2253 = EDGE_CURVE ( 'NONE', #190, #1118, #1687, .T. ) ;
#2254 = DIRECTION ( 'NONE',  ( -0.000000000000000000, -0.000000000000000000, 1.000000000000000000 ) ) ;
#2255 = CARTESIAN_POINT ( 'NONE',  ( -8.500000000000000000, -0.5000000000000013323, 3.000000000000000000 ) ) ;
#2256 = ORIENTED_EDGE ( 'NONE', *, *, #1424, .F. ) ;
#2257 = DIRECTION ( 'NONE',  ( -1.191190382581906851E-16, 1.000000000000000000, 0.000000000000000000 ) ) ;
#2258 = LINE ( 'NONE', #2269, #1330 ) ;
#2259 = DIRECTION ( 'NONE',  ( 0.000000000000000000, 0.000000000000000000, 1.000000000000000000 ) ) ;
#2260 = DIRECTION ( 'NONE',  ( 1.000000000000000000, 0.000000000000000000, 4.336808689942021680E-16 ) ) ;
#2261 = ORIENTED_EDGE ( 'NONE', *, *, #1720, .F. ) ;
#2262 = DATE_TIME_ROLE ( 'creation_date' ) ;
#2263 = EDGE_CURVE ( 'NONE', #2007, #909, #374, .T. ) ;
#2264 = EDGE_CURVE ( 'NONE', #118, #1886, #715, .T. ) ;
#2265 = B_SPLINE_CURVE_WITH_KNOTS ( 'NONE', 3,
 ( #1208, #1907, #1337, #473, #1898, #832 ),
 .UNSPECIFIED., .F., .F.,
 ( 4, 2, 4 ),
 ( -6.265259513591319584E-06, 0.0005468326441380334108, 0.001099930547789658300 ),
 .UNSPECIFIED. ) ;
#2266 = ORIENTED_EDGE ( 'NONE', *, *, #1307, .T. ) ;
#2267 = DIRECTION ( 'NONE',  ( -0.000000000000000000, -0.000000000000000000, 1.000000000000000000 ) ) ;
#2268 = ORIENTED_EDGE ( 'NONE', *, *, #973, .F. ) ;
#2269 = CARTESIAN_POINT ( 'NONE',  ( -14.00000000000000000, 1.199999999999998845, 3.000000000000000444 ) ) ;
#2270 = LINE ( 'NONE', #296, #1908 ) ;
#2271 = CARTESIAN_POINT ( 'NONE',  ( 2.350000000000000089, -2.000000000000000000, -3.000000000000000444 ) ) ;
#2272 = DIRECTION ( 'NONE',  ( -0.000000000000000000, 1.000000000000000000, -0.000000000000000000 ) ) ;
#2273 = EDGE_LOOP ( 'NONE', ( #1686, #628, #1460 ) ) ;
#2274 = DATE_AND_TIME ( #387, #1334 ) ;
#2275 = SPHERICAL_SURFACE ( 'NONE', #1145, 0.5000000000000000000 ) ;
#2276 = EDGE_CURVE ( 'NONE', #1260, #1766, #311, .T. ) ;
#2277 = VECTOR ( 'NONE', #1646, 1000.000000000000000 ) ;
ENDSEC;
END-ISO-10303-21;
