ISO-10303-21;
HEADER;
FILE_DESCRIPTION (( 'STEP AP203' ),
    '1' );
FILE_NAME ('pattes_mobiles_bottom_rail.STEP',
    '2025-05-23T08:39:46',
    ( '' ),
    ( '' ),
    'SwSTEP 2.0',
    'SolidWorks 2023',
    '' );
FILE_SCHEMA (( 'CONFIG_CONTROL_DESIGN' ));
ENDSEC;

DATA;
#1 = VERTEX_POINT ( 'NONE', #179 ) ;
#2 = ORIENTED_EDGE ( 'NONE', *, *, #19, .F. ) ;
#3 = LINE ( 'NONE', #548, #2189 ) ;
#4 = DIRECTION ( 'NONE',  ( 0.000000000000000000, 0.000000000000000000, -1.000000000000000000 ) ) ;
#5 = DIRECTION ( 'NONE',  ( 0.000000000000000000, 1.000000000000000000, -0.000000000000000000 ) ) ;
#6 = ORIENTED_EDGE ( 'NONE', *, *, #632, .T. ) ;
#7 = DIRECTION ( 'NONE',  ( 0.000000000000000000, 0.000000000000000000, -1.000000000000000000 ) ) ;
#8 = EDGE_CURVE ( 'NONE', #2142, #1795, #1397, .T. ) ;
#9 = LINE ( 'NONE', #70, #768 ) ;
#10 = CARTESIAN_POINT ( 'NONE',  ( 0.000000000000000000, 2.999999999999999556, 0.000000000000000000 ) ) ;
#11 = DIRECTION ( 'NONE',  ( -1.000000000000000000, 0.000000000000000000, 0.000000000000000000 ) ) ;
#12 = ORIENTED_EDGE ( 'NONE', *, *, #2218, .T. ) ;
#13 = DIRECTION ( 'NONE',  ( -0.000000000000000000, 0.000000000000000000, 1.000000000000000000 ) ) ;
#14 = ORIENTED_EDGE ( 'NONE', *, *, #630, .T. ) ;
#15 = DIRECTION ( 'NONE',  ( -1.000000000000000000, 9.227252531791526626E-17, 0.000000000000000000 ) ) ;
#16 = APPROVAL_DATE_TIME ( #720, #1082 ) ;
#17 = CIRCLE ( 'NONE', #988, 0.5000000000000000000 ) ;
#18 = VECTOR ( 'NONE', #774, 1000.000000000000000 ) ;
#19 = EDGE_CURVE ( 'NONE', #1573, #1871, #2237, .T. ) ;
#20 = ORIENTED_EDGE ( 'NONE', *, *, #368, .T. ) ;
#21 = CARTESIAN_POINT ( 'NONE',  ( -10.50000000000000000, -0.5000000000000011102, 3.000000000000000000 ) ) ;
#22 = CARTESIAN_POINT ( 'NONE',  ( -10.50000000000000000, -3.000000000000001332, 3.500000000000000000 ) ) ;
#23 = CARTESIAN_POINT ( 'NONE',  ( -1.849999999999999645, -1.084202172485505174E-16, -3.500000000000000000 ) ) ;
#24 = ORIENTED_EDGE ( 'NONE', *, *, #1518, .T. ) ;
#25 = CARTESIAN_POINT ( 'NONE',  ( -2.849999999999999645, 0.4999999999999997780, 3.000000000000000000 ) ) ;
#26 = ADVANCED_BREP_SHAPE_REPRESENTATION ( 'pattes_mobiles_bottom_rail', ( #1959, #884 ), #1244 ) ;
#27 = COORDINATED_UNIVERSAL_TIME_OFFSET ( 1, 0, .AHEAD. ) ;
#28 = DIRECTION ( 'NONE',  ( 0.000000000000000000, -1.000000000000000000, 0.000000000000000000 ) ) ;
#29 = CARTESIAN_POINT ( 'NONE',  ( -2.849999999999999645, -0.5000000000000000000, -3.000000000000000444 ) ) ;
#30 = ADVANCED_FACE ( 'NONE', ( #1229 ), #165, .T. ) ;
#31 = ORIENTED_EDGE ( 'NONE', *, *, #1620, .T. ) ;
#32 = CARTESIAN_POINT ( 'NONE',  ( -9.999999999999998224, -1.241483087853509917E-15, -3.000000000000000444 ) ) ;
#33 = CARTESIAN_POINT ( 'NONE',  ( 1.849999999999999867, -1.500000000000000000, 3.000000000000000000 ) ) ;
#34 = DIRECTION ( 'NONE',  ( 1.000000000000000000, -1.747729060459022802E-16, 0.000000000000000000 ) ) ;
#35 = EDGE_CURVE ( 'NONE', #288, #1875, #2060, .T. ) ;
#36 = CARTESIAN_POINT ( 'NONE',  ( -12.49888930010697052, -0.4000000000000004663, 3.000000000000000000 ) ) ;
#37 = ORIENTED_EDGE ( 'NONE', *, *, #1723, .T. ) ;
#38 = ORIENTED_EDGE ( 'NONE', *, *, #709, .F. ) ;
#39 = DIRECTION ( 'NONE',  ( -1.000000000000000000, -0.000000000000000000, 0.000000000000000000 ) ) ;
#40 = CIRCLE ( 'NONE', #559, 0.5000000000000000000 ) ;
#41 = DIRECTION ( 'NONE',  ( -1.191190382581906605E-16, 1.000000000000000000, 0.000000000000000000 ) ) ;
#42 = ORIENTED_EDGE ( 'NONE', *, *, #1036, .F. ) ;
#43 = DIRECTION ( 'NONE',  ( 2.478176394252581634E-16, 2.951979887175182987E-32, -1.000000000000000000 ) ) ;
#44 = VERTEX_POINT ( 'NONE', #664 ) ;
#45 = LINE ( 'NONE', #1292, #191 ) ;
#46 = CARTESIAN_POINT ( 'NONE',  ( -14.00000000000000000, 2.999999999999999556, -3.000000000000000444 ) ) ;
#47 = CYLINDRICAL_SURFACE ( 'NONE', #97, 0.5000000000000000000 ) ;
#48 = LINE ( 'NONE', #1979, #1194 ) ;
#49 = ADVANCED_FACE ( 'NONE', ( #1374 ), #2059, .T. ) ;
#50 = CARTESIAN_POINT ( 'NONE',  ( 0.000000000000000000, -1.499999999999999778, 0.000000000000000000 ) ) ;
#51 = AXIS2_PLACEMENT_3D ( 'NONE', #1014, #313, #2008 ) ;
#52 = AXIS2_PLACEMENT_3D ( 'NONE', #623, #1699, #824 ) ;
#53 = CARTESIAN_POINT ( 'NONE',  ( -8.738645302295121404E-17, 0.5000000000000003331, 3.000000000000000000 ) ) ;
#54 = AXIS2_PLACEMENT_3D ( 'NONE', #914, #403, #1104 ) ;
#55 = VERTEX_POINT ( 'NONE', #316 ) ;
#56 = CIRCLE ( 'NONE', #882, 1.650000000000000133 ) ;
#57 = VERTEX_POINT ( 'NONE', #1726 ) ;
#58 = SPHERICAL_SURFACE ( 'NONE', #138, 0.5000000000000000000 ) ;
#59 = DIRECTION ( 'NONE',  ( 1.000000000000000000, 1.191190382581906851E-16, -0.000000000000000000 ) ) ;
#60 = CARTESIAN_POINT ( 'NONE',  ( -9.500000000000000000, 0.4999999999999987232, 3.000000000000000000 ) ) ;
#61 = CARTESIAN_POINT ( 'NONE',  ( -9.999999999999998224, 0.4999999999999986122, -3.500000000000000000 ) ) ;
#62 = CARTESIAN_POINT ( 'NONE',  ( 1.850000000000000089, -2.000000000000000000, -3.500000000000000000 ) ) ;
#63 = EDGE_CURVE ( 'NONE', #991, #363, #2245, .T. ) ;
#64 = ORIENTED_EDGE ( 'NONE', *, *, #218, .F. ) ;
#65 = DIRECTION ( 'NONE',  ( -1.000000000000000000, -2.168404344971008868E-16, 0.000000000000000000 ) ) ;
#66 = EDGE_CURVE ( 'NONE', #1640, #1178, #1803, .T. ) ;
#67 = CARTESIAN_POINT ( 'NONE',  ( -1.850000000000000089, -1.999999999999999556, 3.000000000000000000 ) ) ;
#68 = ORIENTED_EDGE ( 'NONE', *, *, #1159, .F. ) ;
#69 = ORIENTED_EDGE ( 'NONE', *, *, #558, .T. ) ;
#70 = CARTESIAN_POINT ( 'NONE',  ( -9.999999999999998224, -2.500000000000001332, -3.500000000000000000 ) ) ;
#71 = ORIENTED_EDGE ( 'NONE', *, *, #1533, .T. ) ;
#72 = DIRECTION ( 'NONE',  ( -1.000000000000000000, 0.000000000000000000, 0.000000000000000000 ) ) ;
#73 = CARTESIAN_POINT ( 'NONE',  ( 5.500000000000000000, -6.379211070675434126E-16, -3.500000000000000000 ) ) ;
#74 = ORIENTED_EDGE ( 'NONE', *, *, #679, .F. ) ;
#75 = DIRECTION ( 'NONE',  ( -3.009265538105053218E-30, 1.000000000000000000, 8.673617379884035472E-16 ) ) ;
#76 = EDGE_CURVE ( 'NONE', #561, #356, #117, .T. ) ;
#77 = DIRECTION ( 'NONE',  ( 0.000000000000000000, 0.000000000000000000, -1.000000000000000000 ) ) ;
#78 = VECTOR ( 'NONE', #1494, 1000.000000000000000 ) ;
#79 = EDGE_LOOP ( 'NONE', ( #2065, #1438, #1302, #1734 ) ) ;
#80 = CIRCLE ( 'NONE', #975, 0.5000000000000000000 ) ;
#81 = EDGE_CURVE ( 'NONE', #1272, #374, #2022, .T. ) ;
#82 = VERTEX_POINT ( 'NONE', #1866 ) ;
#83 = DIRECTION ( 'NONE',  ( 0.000000000000000000, 0.000000000000000000, 1.000000000000000000 ) ) ;
#84 = FACE_OUTER_BOUND ( 'NONE', #505, .T. ) ;
#85 = FACE_OUTER_BOUND ( 'NONE', #1051, .T. ) ;
#86 = CARTESIAN_POINT ( 'NONE',  ( 5.500000000000000000, 2.999999999999999556, 3.000000000000000000 ) ) ;
#87 = ORIENTED_EDGE ( 'NONE', *, *, #1036, .T. ) ;
#88 = CARTESIAN_POINT ( 'NONE',  ( -10.50000000000000000, -2.500000000000001332, 3.000000000000000000 ) ) ;
#89 = CARTESIAN_POINT ( 'NONE',  ( -2.350000000000000089, -1.499999999999999556, -3.000000000000000444 ) ) ;
#90 = VECTOR ( 'NONE', #1886, 1000.000000000000000 ) ;
#91 = EDGE_CURVE ( 'NONE', #1604, #1968, #492, .T. ) ;
#92 = CALENDAR_DATE ( 2025, 23, 5 ) ;
#93 = EDGE_LOOP ( 'NONE', ( #2207, #456, #69, #1943 ) ) ;
#94 = EDGE_CURVE ( 'NONE', #288, #947, #2216, .T. ) ;
#95 = VECTOR ( 'NONE', #1435, 1000.000000000000000 ) ;
#96 = CARTESIAN_POINT ( 'NONE',  ( -12.93190200199918927, -1.150000000000001021, -3.000000000000000000 ) ) ;
#97 = AXIS2_PLACEMENT_3D ( 'NONE', #415, #938, #1326 ) ;
#98 = FACE_OUTER_BOUND ( 'NONE', #423, .T. ) ;
#99 = CARTESIAN_POINT ( 'NONE',  ( -14.00000000000000178, -3.000000000000003997, -3.000000000000000000 ) ) ;
#100 = CIRCLE ( 'NONE', #1511, 1.000000000000000000 ) ;
#101 = CYLINDRICAL_SURFACE ( 'NONE', #842, 0.5000000000000004441 ) ;
#102 = DIRECTION ( 'NONE',  ( -1.191190382581906851E-16, 1.000000000000000000, 0.000000000000000000 ) ) ;
#103 = EDGE_LOOP ( 'NONE', ( #262, #1672, #1843, #2121 ) ) ;
#104 = ORIENTED_EDGE ( 'NONE', *, *, #1655, .F. ) ;
#105 = EDGE_CURVE ( 'NONE', #713, #1162, #2069, .T. ) ;
#106 = CARTESIAN_POINT ( 'NONE',  ( 6.000000000000000000, 0.4999999999999993339, 3.000000000000000000 ) ) ;
#107 = FACE_OUTER_BOUND ( 'NONE', #913, .T. ) ;
#108 = VERTEX_POINT ( 'NONE', #502 ) ;
#109 = ADVANCED_FACE ( 'NONE', ( #2231 ), #1368, .F. ) ;
#110 = CARTESIAN_POINT ( 'NONE',  ( -14.00000000000000000, 0.000000000000000000, -3.000000000000000000 ) ) ;
#111 = CARTESIAN_POINT ( 'NONE',  ( -2.350000000000000089, -1.499999999999999556, 3.500000000000000000 ) ) ;
#112 = CARTESIAN_POINT ( 'NONE',  ( -12.35455173280956309, -1.150000000000001465, 3.000000000000000444 ) ) ;
#113 = DIRECTION ( 'NONE',  ( -1.000000000000000000, 0.000000000000000000, 0.000000000000000000 ) ) ;
#114 = ORIENTED_EDGE ( 'NONE', *, *, #709, .T. ) ;
#115 = APPLICATION_PROTOCOL_DEFINITION ( 'international standard', 'config_control_design', 1994, #1111 ) ;
#116 = ORIENTED_EDGE ( 'NONE', *, *, #1146, .F. ) ;
#117 = CIRCLE ( 'NONE', #672, 0.5000000000000000000 ) ;
#118 = AXIS2_PLACEMENT_3D ( 'NONE', #784, #1507, #962 ) ;
#119 = DIRECTION ( 'NONE',  ( 2.168404344971009361E-16, 1.000000000000000000, -0.000000000000000000 ) ) ;
#120 = DIRECTION ( 'NONE',  ( -1.000000000000000000, 0.000000000000000000, 0.000000000000000000 ) ) ;
#121 = EDGE_LOOP ( 'NONE', ( #144, #281, #701, #1504 ) ) ;
#122 = VERTEX_POINT ( 'NONE', #139 ) ;
#123 = EDGE_CURVE ( 'NONE', #1975, #1623, #1884, .T. ) ;
#124 = CARTESIAN_POINT ( 'NONE',  ( 0.000000000000000000, -1.499999999999999778, 0.000000000000000000 ) ) ;
#125 = DIRECTION ( 'NONE',  ( -2.168404344971009854E-16, -1.000000000000000000, -0.000000000000000000 ) ) ;
#126 = EDGE_CURVE ( 'NONE', #1325, #1219, #1947, .T. ) ;
#127 = ORIENTED_EDGE ( 'NONE', *, *, #738, .T. ) ;
#128 = CIRCLE ( 'NONE', #1714, 0.5000000000000000000 ) ;
#129 = AXIS2_PLACEMENT_3D ( 'NONE', #2084, #1760, #1583 ) ;
#130 = CARTESIAN_POINT ( 'NONE',  ( -2.849999999999999645, -0.5000000000000000000, 3.000000000000000000 ) ) ;
#131 = CIRCLE ( 'NONE', #1395, 1.650000000000000133 ) ;
#132 = DIRECTION ( 'NONE',  ( 0.000000000000000000, 0.000000000000000000, -1.000000000000000000 ) ) ;
#133 = CARTESIAN_POINT ( 'NONE',  ( 1.849999999999999645, -2.000000000000000000, -1.095445115010332815 ) ) ;
#134 = VERTEX_POINT ( 'NONE', #487 ) ;
#135 = ORIENTED_EDGE ( 'NONE', *, *, #1600, .T. ) ;
#136 = CIRCLE ( 'NONE', #1358, 0.5000000000000000000 ) ;
#137 = DIRECTION ( 'NONE',  ( 0.000000000000000000, 8.673617379884035472E-16, -1.000000000000000000 ) ) ;
#138 = AXIS2_PLACEMENT_3D ( 'NONE', #1303, #1784, #1465 ) ;
#139 = CARTESIAN_POINT ( 'NONE',  ( 2.849999999999999645, -8.738645302295127567E-17, 3.000000000000000000 ) ) ;
#140 = CARTESIAN_POINT ( 'NONE',  ( 2.849999999999999645, 0.4999999999999998890, 3.000000000000000000 ) ) ;
#141 = ORIENTED_EDGE ( 'NONE', *, *, #1329, .T. ) ;
#142 = EDGE_CURVE ( 'NONE', #1255, #713, #1528, .T. ) ;
#143 = DIRECTION ( 'NONE',  ( 0.000000000000000000, 1.000000000000000000, 0.000000000000000000 ) ) ;
#144 = ORIENTED_EDGE ( 'NONE', *, *, #999, .T. ) ;
#145 = LINE ( 'NONE', #638, #2042 ) ;
#146 = DIRECTION ( 'NONE',  ( 1.000000000000000000, -9.227252531791526626E-17, 0.000000000000000000 ) ) ;
#147 = ORIENTED_EDGE ( 'NONE', *, *, #1758, .T. ) ;
#148 = CARTESIAN_POINT ( 'NONE',  ( -13.13397459621556074, -3.000000000000001776, -3.500000000000000000 ) ) ;
#149 = ORIENTED_EDGE ( 'NONE', *, *, #525, .T. ) ;
#150 = CARTESIAN_POINT ( 'NONE',  ( -8.767949192431109040, 5.062177826491074839, -3.000000000000000000 ) ) ;
#151 = ORIENTED_EDGE ( 'NONE', *, *, #648, .T. ) ;
#152 = ADVANCED_FACE ( 'NONE', ( #2214 ), #299, .F. ) ;
#153 = ORIENTED_EDGE ( 'NONE', *, *, #1342, .F. ) ;
#154 = AXIS2_PLACEMENT_3D ( 'NONE', #1691, #1676, #1665 ) ;
#155 = CARTESIAN_POINT ( 'NONE',  ( 1.849999999999999645, -2.000000000000000000, 3.500000000000000000 ) ) ;
#156 = SPHERICAL_SURFACE ( 'NONE', #1669, 0.5000000000000000000 ) ;
#157 = VECTOR ( 'NONE', #1807, 1000.000000000000000 ) ;
#158 = ORIENTED_EDGE ( 'NONE', *, *, #606, .F. ) ;
#159 = FACE_OUTER_BOUND ( 'NONE', #1359, .T. ) ;
#160 = ORIENTED_EDGE ( 'NONE', *, *, #2250, .T. ) ;
#161 = CARTESIAN_POINT ( 'NONE',  ( -1.850000000000000089, -1.499999999999999556, 3.500000000000000000 ) ) ;
#162 = AXIS2_PLACEMENT_3D ( 'NONE', #775, #952, #2167 ) ;
#163 = ADVANCED_FACE ( 'NONE', ( #1011 ), #658, .F. ) ;
#164 = AXIS2_PLACEMENT_3D ( 'NONE', #2055, #1500, #1867 ) ;
#165 = CYLINDRICAL_SURFACE ( 'NONE', #1155, 0.5000000000000000000 ) ;
#166 = AXIS2_PLACEMENT_3D ( 'NONE', #161, #1570, #896 ) ;
#167 = ORIENTED_EDGE ( 'NONE', *, *, #1988, .F. ) ;
#168 = SPHERICAL_SURFACE ( 'NONE', #1095, 0.5000000000000000000 ) ;
#169 = EDGE_CURVE ( 'NONE', #1968, #2019, #912, .T. ) ;
#170 = CARTESIAN_POINT ( 'NONE',  ( 2.349999999999999645, -0.5000000000000001110, 3.000000000000000000 ) ) ;
#171 = AXIS2_PLACEMENT_3D ( 'NONE', #1330, #75, #2053 ) ;
#172 = VERTEX_POINT ( 'NONE', #1263 ) ;
#173 = CARTESIAN_POINT ( 'NONE',  ( 8.738645302295120172E-17, 0.5000000000000003331, 3.000000000000000000 ) ) ;
#174 = CIRCLE ( 'NONE', #1135, 0.5000000000000000000 ) ;
#175 = ADVANCED_FACE ( 'NONE', ( #1951 ), #529, .T. ) ;
#176 = EDGE_LOOP ( 'NONE', ( #2148, #2193, #1667, #934 ) ) ;
#177 = CARTESIAN_POINT ( 'NONE',  ( 1.849999999999999645, 4.011548038196365420E-16, 3.500000000000000000 ) ) ;
#178 = CIRCLE ( 'NONE', #2005, 0.5000000000000000000 ) ;
#179 = CARTESIAN_POINT ( 'NONE',  ( -2.849999999999999645, -8.738645302295114009E-17, 3.000000000000000000 ) ) ;
#180 = DIRECTION ( 'NONE',  ( 0.000000000000000000, 0.000000000000000000, -1.000000000000000000 ) ) ;
#181 = DIRECTION ( 'NONE',  ( 0.000000000000000000, 1.000000000000000000, 0.000000000000000000 ) ) ;
#182 = CARTESIAN_POINT ( 'NONE',  ( -10.50000000000000000, -0.5000000000000011102, 3.500000000000000000 ) ) ;
#183 = ORIENTED_EDGE ( 'NONE', *, *, #1110, .F. ) ;
#184 = CARTESIAN_POINT ( 'NONE',  ( -13.13397459621556074, -2.500000000000002220, 3.000000000000000000 ) ) ;
#185 = PERSON_AND_ORGANIZATION_ROLE ( 'design_supplier' ) ;
#186 = DIRECTION ( 'NONE',  ( -1.000000000000000000, 0.000000000000000000, 0.000000000000000000 ) ) ;
#187 = CARTESIAN_POINT ( 'NONE',  ( -13.50000000000000000, 2.499999999999999556, 3.000000000000000000 ) ) ;
#188 = ORIENTED_EDGE ( 'NONE', *, *, #1174, .F. ) ;
#189 = AXIS2_PLACEMENT_3D ( 'NONE', #737, #4, #1431 ) ;
#190 = FACE_OUTER_BOUND ( 'NONE', #971, .T. ) ;
#191 = VECTOR ( 'NONE', #1645, 1000.000000000000000 ) ;
#192 = DIRECTION ( 'NONE',  ( 9.227252531791525393E-17, 1.000000000000000000, 0.000000000000000000 ) ) ;
#193 = DATE_TIME_ROLE ( 'creation_date' ) ;
#194 = EDGE_CURVE ( 'NONE', #356, #122, #40, .T. ) ;
#195 = CARTESIAN_POINT ( 'NONE',  ( 0.000000000000000000, 2.999999999999999112, -2.149999999999999911 ) ) ;
#196 = CARTESIAN_POINT ( 'NONE',  ( 5.500000000000000000, 0.000000000000000000, 3.000000000000000000 ) ) ;
#197 = CIRCLE ( 'NONE', #980, 0.5000000000000000000 ) ;
#198 = VERTEX_POINT ( 'NONE', #96 ) ;
#199 = DIRECTION ( 'NONE',  ( 0.000000000000000000, -1.000000000000000000, 0.000000000000000000 ) ) ;
#200 = AXIS2_PLACEMENT_3D ( 'NONE', #25, #39, #764 ) ;
#201 = EDGE_LOOP ( 'NONE', ( #1488, #476, #1141 ) ) ;
#202 = CIRCLE ( 'NONE', #391, 0.5000000000000000000 ) ;
#203 = DIRECTION ( 'NONE',  ( -1.000000000000000000, 0.000000000000000000, 0.000000000000000000 ) ) ;
#204 = CIRCLE ( 'NONE', #2111, 0.5000000000000000000 ) ;
#205 = EDGE_CURVE ( 'NONE', #517, #1255, #2023, .T. ) ;
#206 = DIRECTION ( 'NONE',  ( 0.000000000000000000, 0.000000000000000000, -1.000000000000000000 ) ) ;
#207 = VECTOR ( 'NONE', #34, 1000.000000000000000 ) ;
#208 = CIRCLE ( 'NONE', #1964, 0.5000000000000000000 ) ;
#209 = ADVANCED_FACE ( 'NONE', ( #84 ), #460, .T. ) ;
#210 = EDGE_LOOP ( 'NONE', ( #2071, #2135, #499, #2168 ) ) ;
#211 = DIRECTION ( 'NONE',  ( -1.000000000000000000, 0.000000000000000000, 0.000000000000000000 ) ) ;
#212 = EDGE_LOOP ( 'NONE', ( #277, #1064, #661, #1428 ) ) ;
#213 = DIRECTION ( 'NONE',  ( -1.000000000000000000, -1.191190382581906851E-16, 0.000000000000000000 ) ) ;
#214 = DIRECTION ( 'NONE',  ( 0.000000000000000000, 0.000000000000000000, -1.000000000000000000 ) ) ;
#215 = DIRECTION ( 'NONE',  ( 1.000000000000000000, -9.227252531791526626E-17, 0.000000000000000000 ) ) ;
#216 = DIRECTION ( 'NONE',  ( 0.000000000000000000, 0.000000000000000000, -1.000000000000000000 ) ) ;
#217 = FACE_OUTER_BOUND ( 'NONE', #440, .T. ) ;
#218 = EDGE_CURVE ( 'NONE', #1673, #2090, #865, .T. ) ;
#219 = ORIENTED_EDGE ( 'NONE', *, *, #1764, .F. ) ;
#220 = CARTESIAN_POINT ( 'NONE',  ( -1.849999999999999867, -1.499999999999999556, -3.000000000000000000 ) ) ;
#221 = EDGE_LOOP ( 'NONE', ( #972, #2078, #753, #629, #723, #1997, #1804, #1053, #994, #255, #615, #1754, #1821, #716, #1559, #1757 ) ) ;
#222 = CYLINDRICAL_SURFACE ( 'NONE', #230, 0.5000000000000004441 ) ;
#223 = ADVANCED_FACE ( 'NONE', ( #792 ), #2130, .T. ) ;
#224 = CARTESIAN_POINT ( 'NONE',  ( -10.49999999999999822, -2.500000000000001332, -3.500000000000000000 ) ) ;
#225 = DIRECTION ( 'NONE',  ( 0.000000000000000000, 0.000000000000000000, -1.000000000000000000 ) ) ;
#226 = LINE ( 'NONE', #62, #567 ) ;
#227 = ORIENTED_EDGE ( 'NONE', *, *, #1753, .T. ) ;
#228 = CARTESIAN_POINT ( 'NONE',  ( -13.50000000000000000, 1.333974596215561359, -3.000000000000000000 ) ) ;
#229 = VECTOR ( 'NONE', #146, 1000.000000000000000 ) ;
#230 = AXIS2_PLACEMENT_3D ( 'NONE', #1103, #387, #235 ) ;
#231 = CYLINDRICAL_SURFACE ( 'NONE', #1921, 0.5000000000000001110 ) ;
#232 = APPROVAL ( #303, 'UNSPECIFIED' ) ;
#233 = VERTEX_POINT ( 'NONE', #1873 ) ;
#234 = DIRECTION ( 'NONE',  ( 1.000000000000000000, 0.000000000000000000, 0.000000000000000000 ) ) ;
#235 = DIRECTION ( 'NONE',  ( -1.000000000000000000, 0.000000000000000000, -2.478176394252578676E-16 ) ) ;
#236 = ADVANCED_FACE ( 'NONE', ( #107 ), #860, .F. ) ;
#237 = DIRECTION ( 'NONE',  ( -0.5000000000000004441, 0.8660254037844384856, 0.000000000000000000 ) ) ;
#238 = B_SPLINE_CURVE_WITH_KNOTS ( 'NONE', 3,
 ( #939, #1671, #800, #1837, #2192, #2013 ),
 .UNSPECIFIED., .F., .F.,
 ( 4, 2, 4 ),
 ( -6.265259513576563423E-06, 0.0005468326441380488064, 0.001099930547789674563 ),
 .UNSPECIFIED. ) ;
#239 = DIRECTION ( 'NONE',  ( 1.000000000000000000, 0.000000000000000000, 0.000000000000000000 ) ) ;
#240 = CARTESIAN_POINT ( 'NONE',  ( -13.56698729810778126, 1.449999999999999956, -3.500000000000000000 ) ) ;
#241 = VECTOR ( 'NONE', #1982, 1000.000000000000000 ) ;
#242 = EDGE_CURVE ( 'NONE', #274, #851, #1181, .T. ) ;
#243 = DIRECTION ( 'NONE',  ( 0.000000000000000000, 0.000000000000000000, -1.000000000000000000 ) ) ;
#244 = CIRCLE ( 'NONE', #200, 0.5000000000000000000 ) ;
#245 = VECTOR ( 'NONE', #862, 1000.000000000000000 ) ;
#246 = DIRECTION ( 'NONE',  ( -1.000000000000000000, 0.000000000000000000, 0.000000000000000000 ) ) ;
#247 = EDGE_LOOP ( 'NONE', ( #637, #1138, #2089 ) ) ;
#248 = CIRCLE ( 'NONE', #285, 0.5000000000000000000 ) ;
#249 = ORIENTED_EDGE ( 'NONE', *, *, #712, .F. ) ;
#250 = DIRECTION ( 'NONE',  ( -1.000000000000000000, 0.000000000000000000, -0.000000000000000000 ) ) ;
#251 = EDGE_LOOP ( 'NONE', ( #521, #1687 ) ) ;
#252 = CIRCLE ( 'NONE', #582, 0.5000000000000000000 ) ;
#253 = DIRECTION ( 'NONE',  ( -1.000000000000000000, 0.000000000000000000, 0.000000000000000000 ) ) ;
#254 = DIRECTION ( 'NONE',  ( -1.000000000000000000, 1.747729060459022802E-16, 0.000000000000000000 ) ) ;
#255 = ORIENTED_EDGE ( 'NONE', *, *, #382, .T. ) ;
#256 = ORIENTED_EDGE ( 'NONE', *, *, #762, .F. ) ;
#257 = EDGE_CURVE ( 'NONE', #198, #384, #998, .T. ) ;
#258 = DIRECTION ( 'NONE',  ( 0.000000000000000000, -1.000000000000000000, 0.000000000000000000 ) ) ;
#259 = ADVANCED_FACE ( 'NONE', ( #820 ), #2026, .T. ) ;
#260 = CYLINDRICAL_SURFACE ( 'NONE', #1055, 1.650000000000000133 ) ;
#261 = ORIENTED_EDGE ( 'NONE', *, *, #1508, .F. ) ;
#262 = ORIENTED_EDGE ( 'NONE', *, *, #194, .F. ) ;
#263 = LINE ( 'NONE', #1966, #207 ) ;
#264 = CARTESIAN_POINT ( 'NONE',  ( -2.149999999999999911, -1.499999999999999556, 0.000000000000000000 ) ) ;
#265 = EDGE_LOOP ( 'NONE', ( #12, #1550, #1833, #1517 ) ) ;
#266 = ORIENTED_EDGE ( 'NONE', *, *, #394, .T. ) ;
#267 = CARTESIAN_POINT ( 'NONE',  ( -13.50000000000000000, 1.333974596215561581, 0.000000000000000000 ) ) ;
#268 = DIRECTION ( 'NONE',  ( 2.168404344971007142E-16, -1.000000000000000000, -0.000000000000000000 ) ) ;
#269 = VECTOR ( 'NONE', #143, 1000.000000000000000 ) ;
#270 = EDGE_CURVE ( 'NONE', #671, #831, #2211, .T. ) ;
#271 = ORIENTED_EDGE ( 'NONE', *, *, #63, .F. ) ;
#272 = AXIS2_PLACEMENT_3D ( 'NONE', #1811, #2139, #1152 ) ;
#273 = EDGE_CURVE ( 'NONE', #1173, #377, #1516, .T. ) ;
#274 = VERTEX_POINT ( 'NONE', #2063 ) ;
#275 = CARTESIAN_POINT ( 'NONE',  ( 2.849999999999999645, -8.738645302295123870E-17, -3.500000000000000000 ) ) ;
#276 = DIRECTION ( 'NONE',  ( -1.000000000000000000, 0.000000000000000000, 0.000000000000000000 ) ) ;
#277 = ORIENTED_EDGE ( 'NONE', *, *, #1268, .F. ) ;
#278 = ORIENTED_EDGE ( 'NONE', *, *, #427, .F. ) ;
#279 = PLANE ( 'NONE',  #1858 ) ;
#280 = CYLINDRICAL_SURFACE ( 'NONE', #2108, 0.5000000000000000000 ) ;
#281 = ORIENTED_EDGE ( 'NONE', *, *, #563, .F. ) ;
#282 = AXIS2_PLACEMENT_3D ( 'NONE', #2117, #564, #192 ) ;
#283 = FACE_OUTER_BOUND ( 'NONE', #1857, .T. ) ;
#284 = ORIENTED_EDGE ( 'NONE', *, *, #525, .F. ) ;
#285 = AXIS2_PLACEMENT_3D ( 'NONE', #810, #1872, #132 ) ;
#286 = ADVANCED_FACE ( 'NONE', ( #639 ), #833, .T. ) ;
#287 = FACE_OUTER_BOUND ( 'NONE', #1317, .T. ) ;
#288 = VERTEX_POINT ( 'NONE', #507 ) ;
#289 = FACE_OUTER_BOUND ( 'NONE', #2161, .T. ) ;
#290 = CARTESIAN_POINT ( 'NONE',  ( 1.898726304405769172, -2.000000000000023093, -0.9170296347853293950 ) ) ;
#291 = ORIENTED_EDGE ( 'NONE', *, *, #496, .F. ) ;
#292 = DIRECTION ( 'NONE',  ( -1.000000000000000000, -0.000000000000000000, -0.000000000000000000 ) ) ;
#293 = ADVANCED_FACE ( 'NONE', ( #1349 ), #2039, .T. ) ;
#294 = VERTEX_POINT ( 'NONE', #849 ) ;
#295 = CARTESIAN_POINT ( 'NONE',  ( -10.00000000000000000, -0.5000000000000009992, 3.500000000000000000 ) ) ;
#296 = ADVANCED_FACE ( 'NONE', ( #333 ), #306, .T. ) ;
#297 = CARTESIAN_POINT ( 'NONE',  ( -13.36491470389140979, -0.9000000000000007994, -3.500000000000000000 ) ) ;
#298 = EDGE_LOOP ( 'NONE', ( #745, #1474, #915, #307 ) ) ;
#299 = PLANE ( 'NONE',  #2247 ) ;
#300 = CARTESIAN_POINT ( 'NONE',  ( 2.349999999999999645, 0.4999999999999998890, -3.500000000000000000 ) ) ;
#301 = CYLINDRICAL_SURFACE ( 'NONE', #51, 0.5000000000000004441 ) ;
#302 = ORIENTED_EDGE ( 'NONE', *, *, #766, .T. ) ;
#303 = APPROVAL_STATUS ( 'not_yet_approved' ) ;
#304 = VECTOR ( 'NONE', #2015, 1000.000000000000000 ) ;
#305 = SPHERICAL_SURFACE ( 'NONE', #398, 0.5000000000000000000 ) ;
#306 = CYLINDRICAL_SURFACE ( 'NONE', #1306, 0.5000000000000004441 ) ;
#307 = ORIENTED_EDGE ( 'NONE', *, *, #1840, .F. ) ;
#308 = DIRECTION ( 'NONE',  ( -1.000000000000000000, 1.747729060459022802E-16, 0.000000000000000000 ) ) ;
#309 = EDGE_CURVE ( 'NONE', #1160, #561, #602, .T. ) ;
#310 = CARTESIAN_POINT ( 'NONE',  ( 6.000000000000000000, 2.499999999999999556, -3.500000000000000000 ) ) ;
#311 = DIRECTION ( 'NONE',  ( -1.000000000000000000, -2.168404344971008868E-16, 0.000000000000000000 ) ) ;
#312 = EDGE_CURVE ( 'NONE', #605, #57, #1009, .T. ) ;
#313 = DIRECTION ( 'NONE',  ( 0.000000000000000000, 0.000000000000000000, -1.000000000000000000 ) ) ;
#314 = VERTEX_POINT ( 'NONE', #1861 ) ;
#315 = CARTESIAN_POINT ( 'NONE',  ( 0.000000000000000000, 2.499999999999999112, 0.000000000000000000 ) ) ;
#316 = CARTESIAN_POINT ( 'NONE',  ( -12.49888930010697052, -0.4000000000000004663, 3.500000000000000000 ) ) ;
#317 = AXIS2_PLACEMENT_3D ( 'NONE', #1813, #243, #380 ) ;
#318 = VERTEX_POINT ( 'NONE', #133 ) ;
#319 = DIRECTION ( 'NONE',  ( -1.000000000000000000, 9.227252531791526626E-17, -0.000000000000000000 ) ) ;
#320 = AXIS2_PLACEMENT_3D ( 'NONE', #961, #573, #1118 ) ;
#321 = DIRECTION ( 'NONE',  ( 1.000000000000000000, 0.000000000000000000, 0.000000000000000000 ) ) ;
#322 = AXIS2_PLACEMENT_3D ( 'NONE', #620, #390, #72 ) ;
#323 = CYLINDRICAL_SURFACE ( 'NONE', #1392, 0.5000000000000005551 ) ;
#324 = EDGE_CURVE ( 'NONE', #1640, #991, #1375, .T. ) ;
#325 = CIRCLE ( 'NONE', #957, 0.5000000000000004441 ) ;
#326 = ORIENTED_EDGE ( 'NONE', *, *, #35, .T. ) ;
#327 = CARTESIAN_POINT ( 'NONE',  ( 5.500000000000000000, 0.4999999999999993339, -3.000000000000000000 ) ) ;
#328 = DIRECTION ( 'NONE',  ( -1.000000000000000000, 0.000000000000000000, 0.000000000000000000 ) ) ;
#329 = EDGE_CURVE ( 'NONE', #1072, #233, #1705, .T. ) ;
#330 = VERTEX_POINT ( 'NONE', #1385 ) ;
#331 = VERTEX_POINT ( 'NONE', #2200 ) ;
#332 = DIRECTION ( 'NONE',  ( -0.000000000000000000, -0.000000000000000000, 1.000000000000000000 ) ) ;
#333 = FACE_OUTER_BOUND ( 'NONE', #2126, .T. ) ;
#334 = ORIENTED_EDGE ( 'NONE', *, *, #583, .F. ) ;
#335 = DIRECTION ( 'NONE',  ( 0.000000000000000000, 0.000000000000000000, -1.000000000000000000 ) ) ;
#336 = VERTEX_POINT ( 'NONE', #1337 ) ;
#337 = PRODUCT_DEFINITION_SHAPE ( 'NONE', 'NONE',  #1869 ) ;
#338 = DIRECTION ( 'NONE',  ( 1.000000000000000000, 0.000000000000000000, 4.336808689942021680E-16 ) ) ;
#339 = ADVANCED_FACE ( 'NONE', ( #287 ), #2172, .T. ) ;
#340 = CARTESIAN_POINT ( 'NONE',  ( -12.35455173280956487, -1.150000000000000799, -3.500000000000000000 ) ) ;
#341 = ORIENTED_EDGE ( 'NONE', *, *, #823, .T. ) ;
#342 = ORIENTED_EDGE ( 'NONE', *, *, #218, .T. ) ;
#343 = AXIS2_PLACEMENT_3D ( 'NONE', #1564, #462, #2249 ) ;
#344 = CARTESIAN_POINT ( 'NONE',  ( 1.849999999999999867, -2.000000000000000000, 3.000000000000000000 ) ) ;
#345 = DIRECTION ( 'NONE',  ( -0.5000000000000008882, -0.8660254037844381525, -0.000000000000000000 ) ) ;
#346 = AXIS2_PLACEMENT_3D ( 'NONE', #1106, #1799, #590 ) ;
#347 = ORIENTED_EDGE ( 'NONE', *, *, #444, .F. ) ;
#348 = DIRECTION ( 'NONE',  ( -4.336808689942017736E-16, 1.000000000000000000, -1.880790961315660013E-31 ) ) ;
#349 = ORIENTED_EDGE ( 'NONE', *, *, #2203, .F. ) ;
#350 = CARTESIAN_POINT ( 'NONE',  ( -2.849999999999999645, -0.5000000000000000000, -3.500000000000000000 ) ) ;
#351 = CIRCLE ( 'NONE', #1638, 0.5000000000000004441 ) ;
#352 = EDGE_CURVE ( 'NONE', #966, #2090, #1493, .T. ) ;
#353 = CIRCLE ( 'NONE', #1641, 0.4999999999999997780 ) ;
#354 = CARTESIAN_POINT ( 'NONE',  ( 0.000000000000000000, -1.499999999999999778, 0.000000000000000000 ) ) ;
#355 = EDGE_CURVE ( 'NONE', #1883, #330, #1771, .T. ) ;
#356 = VERTEX_POINT ( 'NONE', #170 ) ;
#357 = CYLINDRICAL_SURFACE ( 'NONE', #1957, 0.5000000000000001110 ) ;
#358 = CIRCLE ( 'NONE', #437, 0.5000000000000004441 ) ;
#359 = DIRECTION ( 'NONE',  ( -1.000000000000000000, 2.168404344971009361E-16, 0.000000000000000000 ) ) ;
#360 = AXIS2_PLACEMENT_3D ( 'NONE', #220, #556, #968 ) ;
#361 = COORDINATED_UNIVERSAL_TIME_OFFSET ( 1, 0, .AHEAD. ) ;
#362 = EDGE_CURVE ( 'NONE', #330, #2142, #1628, .T. ) ;
#363 = VERTEX_POINT ( 'NONE', #890 ) ;
#364 = CARTESIAN_POINT ( 'NONE',  ( -2.350000000000000089, -1.999999999999999556, 3.500000000000000000 ) ) ;
#365 = FACE_OUTER_BOUND ( 'NONE', #1220, .T. ) ;
#366 = CARTESIAN_POINT ( 'NONE',  ( 2.849999999999999645, -0.5000000000000000000, 3.000000000000000000 ) ) ;
#367 = ORIENTED_EDGE ( 'NONE', *, *, #1128, .F. ) ;
#368 = EDGE_CURVE ( 'NONE', #1072, #377, #1743, .T. ) ;
#369 = CARTESIAN_POINT ( 'NONE',  ( 6.000000000000000000, 2.499999999999999556, 3.500000000000000000 ) ) ;
#370 = ORIENTED_EDGE ( 'NONE', *, *, #1440, .T. ) ;
#371 = CARTESIAN_POINT ( 'NONE',  ( -14.00000000000000000, 1.199999999999999734, -3.500000000000000000 ) ) ;
#372 = DIRECTION ( 'NONE',  ( 1.000000000000000000, 0.000000000000000000, -0.000000000000000000 ) ) ;
#373 = DIRECTION ( 'NONE',  ( 0.000000000000000000, 0.000000000000000000, -1.000000000000000000 ) ) ;
#374 = VERTEX_POINT ( 'NONE', #519 ) ;
#375 = AXIS2_PLACEMENT_3D ( 'NONE', #10, #1062, #883 ) ;
#376 = SPHERICAL_SURFACE ( 'NONE', #651, 0.5000000000000000000 ) ;
#377 = VERTEX_POINT ( 'NONE', #2088 ) ;
#378 = AXIS2_PLACEMENT_3D ( 'NONE', #1222, #531, #725 ) ;
#379 = DESIGN_CONTEXT ( 'detailed design', #1768, 'design' ) ;
#380 = DIRECTION ( 'NONE',  ( -1.000000000000000000, 0.000000000000000000, 0.000000000000000000 ) ) ;
#381 = APPROVAL_ROLE ( '' ) ;
#382 = EDGE_CURVE ( 'NONE', #1838, #1386, #557, .T. ) ;
#383 = DIRECTION ( 'NONE',  ( -2.478176394252581634E-16, 0.000000000000000000, 1.000000000000000000 ) ) ;
#384 = VERTEX_POINT ( 'NONE', #1933 ) ;
#385 = AXIS2_PLACEMENT_3D ( 'NONE', #443, #1309, #1848 ) ;
#386 = DIRECTION ( 'NONE',  ( 0.5000000000000002220, 0.8660254037844385966, 0.000000000000000000 ) ) ;
#387 = DIRECTION ( 'NONE',  ( 2.478176394252581634E-16, 2.951979887175182987E-32, -1.000000000000000000 ) ) ;
#388 = CIRCLE ( 'NONE', #758, 1.000000000000000000 ) ;
#389 = DIRECTION ( 'NONE',  ( -0.000000000000000000, -0.000000000000000000, 1.000000000000000000 ) ) ;
#390 = DIRECTION ( 'NONE',  ( 9.227252531791526626E-17, 1.000000000000000000, -0.000000000000000000 ) ) ;
#391 = AXIS2_PLACEMENT_3D ( 'NONE', #1021, #5, #1923 ) ;
#392 = CIRCLE ( 'NONE', #1720, 0.5000000000000004441 ) ;
#393 = FACE_OUTER_BOUND ( 'NONE', #795, .T. ) ;
#394 = EDGE_CURVE ( 'NONE', #2162, #1, #2096, .T. ) ;
#395 = APPROVAL_DATE_TIME ( #1437, #891 ) ;
#396 = VECTOR ( 'NONE', #389, 1000.000000000000000 ) ;
#397 = DIRECTION ( 'NONE',  ( 0.000000000000000000, -0.000000000000000000, -1.000000000000000000 ) ) ;
#398 = AXIS2_PLACEMENT_3D ( 'NONE', #2248, #1728, #2061 ) ;
#399 = APPROVAL_PERSON_ORGANIZATION ( #733, #891, #1446 ) ;
#400 = EDGE_LOOP ( 'NONE', ( #151, #2219, #967, #2201 ) ) ;
#401 = CARTESIAN_POINT ( 'NONE',  ( 2.849999999999999645, -0.5000000000000000000, 3.500000000000000000 ) ) ;
#402 = CARTESIAN_POINT ( 'NONE',  ( -13.50000000000000000, 2.999999999999999556, -3.000000000000000444 ) ) ;
#403 = DIRECTION ( 'NONE',  ( -0.000000000000000000, -0.000000000000000000, 1.000000000000000000 ) ) ;
#404 = CYLINDRICAL_SURFACE ( 'NONE', #1093, 0.5000000000000000000 ) ;
#405 = CARTESIAN_POINT ( 'NONE',  ( 5.500000000000000000, -5.505346540445921616E-16, -3.000000000000000444 ) ) ;
#406 = VERTEX_POINT ( 'NONE', #2272 ) ;
#407 = EDGE_LOOP ( 'NONE', ( #1521, #695, #892 ) ) ;
#408 = CYLINDRICAL_SURFACE ( 'NONE', #282, 0.5000000000000000000 ) ;
#409 = DIRECTION ( 'NONE',  ( -1.000000000000000000, 0.000000000000000000, 0.000000000000000000 ) ) ;
#410 = VERTEX_POINT ( 'NONE', #694 ) ;
#411 = CYLINDRICAL_SURFACE ( 'NONE', #1653, 0.5000000000000000000 ) ;
#412 = ORIENTED_EDGE ( 'NONE', *, *, #1710, .F. ) ;
#413 = CARTESIAN_POINT ( 'NONE',  ( -14.00000000000000000, -3.000000000000001776, 3.000000000000000000 ) ) ;
#414 = LINE ( 'NONE', #1788, #763 ) ;
#415 = CARTESIAN_POINT ( 'NONE',  ( 1.849999999999999645, 4.011548038196365420E-16, 3.000000000000000000 ) ) ;
#416 = DIRECTION ( 'NONE',  ( 1.000000000000000000, 0.000000000000000000, 0.000000000000000000 ) ) ;
#417 = ORIENTED_EDGE ( 'NONE', *, *, #1371, .T. ) ;
#418 = CYLINDRICAL_SURFACE ( 'NONE', #317, 0.5000000000000000000 ) ;
#419 = VECTOR ( 'NONE', #1002, 1000.000000000000000 ) ;
#420 = LINE ( 'NONE', #1257, #645 ) ;
#421 = ORIENTED_EDGE ( 'NONE', *, *, #886, .F. ) ;
#422 = DIRECTION ( 'NONE',  ( 0.000000000000000000, 0.000000000000000000, -1.000000000000000000 ) ) ;
#423 = EDGE_LOOP ( 'NONE', ( #1914, #1512, #1401, #1826 ) ) ;
#424 = CIRCLE ( 'NONE', #162, 0.5000000000000004441 ) ;
#425 = CARTESIAN_POINT ( 'NONE',  ( 0.000000000000000000, -1.999999999999999556, 0.000000000000000000 ) ) ;
#426 = CARTESIAN_POINT ( 'NONE',  ( -13.36491470389140979, -0.9000000000000007994, 3.000000000000000444 ) ) ;
#427 = EDGE_CURVE ( 'NONE', #1189, #1173, #866, .T. ) ;
#428 = DIRECTION ( 'NONE',  ( -0.5000000000000008882, 0.8660254037844381525, 0.000000000000000000 ) ) ;
#429 = CIRCLE ( 'NONE', #1678, 0.5000000000000000000 ) ;
#430 = VERTEX_POINT ( 'NONE', #1775 ) ;
#431 = CARTESIAN_POINT ( 'NONE',  ( -9.499999999999998224, -1.249626278228201085E-15, -3.500000000000000000 ) ) ;
#432 = CIRCLE ( 'NONE', #950, 0.5000000000000000000 ) ;
#433 = AXIS2_PLACEMENT_3D ( 'NONE', #2091, #501, #2097 ) ;
#434 = CARTESIAN_POINT ( 'NONE',  ( -10.50000000000000000, -2.500000000000001332, 3.000000000000000000 ) ) ;
#435 = AXIS2_PLACEMENT_3D ( 'NONE', #1065, #511, #1214 ) ;
#436 = ORIENTED_EDGE ( 'NONE', *, *, #823, .F. ) ;
#437 = AXIS2_PLACEMENT_3D ( 'NONE', #951, #1622, #239 ) ;
#438 = ORIENTED_EDGE ( 'NONE', *, *, #2250, .F. ) ;
#439 = CYLINDRICAL_SURFACE ( 'NONE', #1433, 0.5000000000000000000 ) ;
#440 = EDGE_LOOP ( 'NONE', ( #793, #1300, #1514, #447 ) ) ;
#441 = SECURITY_CLASSIFICATION ( '', '', #741 ) ;
#442 = DIRECTION ( 'NONE',  ( 0.000000000000000000, 0.000000000000000000, -1.000000000000000000 ) ) ;
#443 = CARTESIAN_POINT ( 'NONE',  ( -13.36491470389140979, -0.9000000000000007994, 3.500000000000000000 ) ) ;
#444 = EDGE_CURVE ( 'NONE', #363, #728, #941, .T. ) ;
#445 = DIRECTION ( 'NONE',  ( 0.5000000000000008882, 0.8660254037844381525, 0.000000000000000000 ) ) ;
#446 = DIRECTION ( 'NONE',  ( -0.5000000000000004441, 0.8660254037844384856, -1.126735949052870309E-15 ) ) ;
#447 = ORIENTED_EDGE ( 'NONE', *, *, #1955, .F. ) ;
#448 = APPROVAL_ROLE ( '' ) ;
#449 = DIRECTION ( 'NONE',  ( 0.000000000000000000, 8.673617379884035472E-16, -1.000000000000000000 ) ) ;
#450 = CARTESIAN_POINT ( 'NONE',  ( -14.00000000000000000, 2.499999999999999556, 3.000000000000000000 ) ) ;
#451 = CARTESIAN_POINT ( 'NONE',  ( -13.50000000000000000, 2.499999999999999556, -3.000000000000000000 ) ) ;
#452 = ADVANCED_FACE ( 'NONE', ( #1233 ), #1739, .T. ) ;
#453 = DIRECTION ( 'NONE',  ( 0.5000000000000008882, 0.8660254037844381525, 0.000000000000000000 ) ) ;
#454 = DIRECTION ( 'NONE',  ( 1.000000000000000000, 1.191190382581906851E-16, 0.000000000000000000 ) ) ;
#455 = ADVANCED_FACE ( 'NONE', ( #365 ), #156, .T. ) ;
#456 = ORIENTED_EDGE ( 'NONE', *, *, #169, .T. ) ;
#457 = AXIS2_PLACEMENT_3D ( 'NONE', #949, #755, #1451 ) ;
#458 = CARTESIAN_POINT ( 'NONE',  ( 5.500000000000000000, 0.4999999999999994449, 3.000000000000000000 ) ) ;
#459 = ORIENTED_EDGE ( 'NONE', *, *, #1243, .F. ) ;
#460 = CYLINDRICAL_SURFACE ( 'NONE', #827, 0.5000000000000005551 ) ;
#461 = LINE ( 'NONE', #1515, #1752 ) ;
#462 = DIRECTION ( 'NONE',  ( 0.000000000000000000, 1.000000000000000000, 0.000000000000000000 ) ) ;
#463 = ORIENTED_EDGE ( 'NONE', *, *, #1489, .T. ) ;
#464 = CARTESIAN_POINT ( 'NONE',  ( -13.13397459621556074, -2.500000000000001776, 0.000000000000000000 ) ) ;
#465 = CIRCLE ( 'NONE', #1056, 0.5000000000000004441 ) ;
#466 = DIRECTION ( 'NONE',  ( -2.168404344971009854E-16, 1.000000000000000000, 0.000000000000000000 ) ) ;
#467 = EDGE_CURVE ( 'NONE', #979, #1345, #1948, .T. ) ;
#468 = DIRECTION ( 'NONE',  ( -1.000000000000000000, 0.000000000000000000, 0.000000000000000000 ) ) ;
#469 = ORIENTED_EDGE ( 'NONE', *, *, #1218, .T. ) ;
#470 = VECTOR ( 'NONE', #1689, 1000.000000000000000 ) ;
#471 = ADVANCED_FACE ( 'NONE', ( #1920 ), #1260, .T. ) ;
#472 = ORIENTED_EDGE ( 'NONE', *, *, #1880, .F. ) ;
#473 = VECTOR ( 'NONE', #215, 1000.000000000000000 ) ;
#474 = LINE ( 'NONE', #275, #1785 ) ;
#475 = DIRECTION ( 'NONE',  ( -0.000000000000000000, -0.000000000000000000, 1.000000000000000000 ) ) ;
#476 = ORIENTED_EDGE ( 'NONE', *, *, #596, .T. ) ;
#477 = ORIENTED_EDGE ( 'NONE', *, *, #2232, .F. ) ;
#478 = CARTESIAN_POINT ( 'NONE',  ( 6.000000000000000000, -6.379211070675434126E-16, 3.000000000000000000 ) ) ;
#479 = CARTESIAN_POINT ( 'NONE',  ( 2.020667218593133001E-16, -1.999999999999999556, -1.650000000000000133 ) ) ;
#480 = EDGE_LOOP ( 'NONE', ( #469, #491, #438, #135 ) ) ;
#481 = EDGE_CURVE ( 'NONE', #1975, #1325, #1940, .T. ) ;
#482 = EDGE_CURVE ( 'NONE', #605, #1623, #1448, .T. ) ;
#483 = DIRECTION ( 'NONE',  ( -2.168404344971008868E-16, 1.000000000000000000, 0.000000000000000000 ) ) ;
#484 = DIRECTION ( 'NONE',  ( 0.000000000000000000, 0.000000000000000000, 1.000000000000000000 ) ) ;
#485 = ORIENTED_EDGE ( 'NONE', *, *, #778, .F. ) ;
#486 = VERTEX_POINT ( 'NONE', #1576 ) ;
#487 = CARTESIAN_POINT ( 'NONE',  ( -1.850000000000000089, -2.000000000000000000, -1.095445115010332149 ) ) ;
#488 = CYLINDRICAL_SURFACE ( 'NONE', #1783, 0.5000000000000004441 ) ;
#489 = DIRECTION ( 'NONE',  ( -1.000000000000000000, -1.747729060459023048E-16, 0.000000000000000000 ) ) ;
#490 = CARTESIAN_POINT ( 'NONE',  ( 1.987066559234553109, -1.981540719749395052, -0.3698386082410548004 ) ) ;
#491 = ORIENTED_EDGE ( 'NONE', *, *, #1174, .T. ) ;
#492 = CIRCLE ( 'NONE', #1416, 0.5000000000000000000 ) ;
#493 = DIRECTION ( 'NONE',  ( -1.000000000000000000, 0.000000000000000000, 0.000000000000000000 ) ) ;
#494 = VECTOR ( 'NONE', #213, 1000.000000000000000 ) ;
#495 = CARTESIAN_POINT ( 'NONE',  ( -14.00000000000000000, 0.000000000000000000, 0.000000000000000000 ) ) ;
#496 = EDGE_CURVE ( 'NONE', #1139, #1832, #1400, .T. ) ;
#497 = DIRECTION ( 'NONE',  ( 0.000000000000000000, 1.000000000000000000, 0.000000000000000000 ) ) ;
#498 = CARTESIAN_POINT ( 'NONE',  ( -2.350000000000000089, -1.999999999999999556, -3.000000000000000444 ) ) ;
#499 = ORIENTED_EDGE ( 'NONE', *, *, #1305, .T. ) ;
#500 = EDGE_CURVE ( 'NONE', #172, #1037, #587, .T. ) ;
#501 = DIRECTION ( 'NONE',  ( 0.000000000000000000, -1.000000000000000000, 0.000000000000000000 ) ) ;
#502 = CARTESIAN_POINT ( 'NONE',  ( 1.849999999999999867, -0.5000000000000002220, -3.500000000000000000 ) ) ;
#503 = DIRECTION ( 'NONE',  ( 1.000000000000000000, -1.747729060459022802E-16, 0.000000000000000000 ) ) ;
#504 = TOROIDAL_SURFACE ( 'NONE', #726, 1.000000000000000000, 0.5000000000000000000 ) ;
#505 = EDGE_LOOP ( 'NONE', ( #1827, #1333, #1731, #1274 ) ) ;
#506 = CARTESIAN_POINT ( 'NONE',  ( -10.49999999999999822, -3.000000000000001332, -3.000000000000000000 ) ) ;
#507 = CARTESIAN_POINT ( 'NONE',  ( -1.849999999999999867, -0.5000000000000002220, 3.500000000000000000 ) ) ;
#508 = ORIENTED_EDGE ( 'NONE', *, *, #921, .F. ) ;
#509 = CC_DESIGN_PERSON_AND_ORGANIZATION_ASSIGNMENT ( #2236, #1680, ( #1869 ) ) ;
#510 = AXIS2_PLACEMENT_3D ( 'NONE', #1308, #1142, #1789 ) ;
#511 = DIRECTION ( 'NONE',  ( -8.673617379884026597E-16, 1.000000000000000000, -0.000000000000000000 ) ) ;
#512 = CIRCLE ( 'NONE', #2194, 0.5000000000000000000 ) ;
#513 = EDGE_CURVE ( 'NONE', #979, #1555, #45, .T. ) ;
#514 = DIRECTION ( 'NONE',  ( -0.5000000000000008882, 0.8660254037844381525, 0.000000000000000000 ) ) ;
#515 = EDGE_CURVE ( 'NONE', #1386, #2086, #1275, .T. ) ;
#516 = ORIENTED_EDGE ( 'NONE', *, *, #1792, .F. ) ;
#517 = VERTEX_POINT ( 'NONE', #1631 ) ;
#518 = LINE ( 'NONE', #2258, #1241 ) ;
#519 = CARTESIAN_POINT ( 'NONE',  ( -14.00000000000000000, 1.333974596215561581, -3.000000000000000000 ) ) ;
#520 = VERTEX_POINT ( 'NONE', #402 ) ;
#521 = ORIENTED_EDGE ( 'NONE', *, *, #1666, .T. ) ;
#522 = FACE_OUTER_BOUND ( 'NONE', #959, .T. ) ;
#523 = ORIENTED_EDGE ( 'NONE', *, *, #738, .F. ) ;
#524 = LINE ( 'NONE', #177, #1425 ) ;
#525 = EDGE_CURVE ( 'NONE', #979, #1034, #532, .T. ) ;
#526 = ADVANCED_FACE ( 'NONE', ( #772 ), #222, .T. ) ;
#527 = ORIENTED_EDGE ( 'NONE', *, *, #362, .T. ) ;
#528 = ORIENTED_EDGE ( 'NONE', *, *, #126, .F. ) ;
#529 = TOROIDAL_SURFACE ( 'NONE', #1192, 1.000000000000000000, 0.5000000000000000000 ) ;
#530 = DIRECTION ( 'NONE',  ( 0.5000000000000004441, 0.8660254037844384856, -3.755786496842901029E-16 ) ) ;
#531 = DIRECTION ( 'NONE',  ( 0.000000000000000000, 0.000000000000000000, 1.000000000000000000 ) ) ;
#532 = CIRCLE ( 'NONE', #457, 0.5000000000000004441 ) ;
#533 = ORIENTED_EDGE ( 'NONE', *, *, #1782, .F. ) ;
#534 = CARTESIAN_POINT ( 'NONE',  ( 2.849999999999999645, -8.738645302295127567E-17, -3.000000000000000444 ) ) ;
#535 = DIRECTION ( 'NONE',  ( 4.336808689942017736E-16, 0.000000000000000000, -1.000000000000000000 ) ) ;
#536 = PERSON_AND_ORGANIZATION_ROLE ( 'classification_officer' ) ;
#537 = EDGE_CURVE ( 'NONE', #314, #1189, #935, .T. ) ;
#538 = AXIS2_PLACEMENT_3D ( 'NONE', #1236, #1769, #1044 ) ;
#539 = SPHERICAL_SURFACE ( 'NONE', #916, 0.5000000000000000000 ) ;
#540 = DIRECTION ( 'NONE',  ( 0.000000000000000000, 0.000000000000000000, -1.000000000000000000 ) ) ;
#541 = DIRECTION ( 'NONE',  ( 0.000000000000000000, 0.000000000000000000, 1.000000000000000000 ) ) ;
#542 = VECTOR ( 'NONE', #2125, 1000.000000000000000 ) ;
#543 = AXIS2_PLACEMENT_3D ( 'NONE', #1471, #2153, #749 ) ;
#544 = CARTESIAN_POINT ( 'NONE',  ( -13.50000000000000000, 2.999999999999999556, 3.000000000000000000 ) ) ;
#545 = CIRCLE ( 'NONE', #1476, 0.5000000000000003331 ) ;
#546 = PRODUCT_RELATED_PRODUCT_CATEGORY ( 'detail', '', ( #1581 ) ) ;
#547 = EDGE_LOOP ( 'NONE', ( #1153, #261, #158, #2176 ) ) ;
#548 = CARTESIAN_POINT ( 'NONE',  ( 0.000000000000000000, 2.499999999999999556, 3.500000000000000000 ) ) ;
#549 = EDGE_CURVE ( 'NONE', #947, #728, #80, .T. ) ;
#550 = DIRECTION ( 'NONE',  ( -1.000000000000000000, 0.000000000000000000, 0.000000000000000000 ) ) ;
#551 = DIRECTION ( 'NONE',  ( -2.478176394252581634E-16, -2.951979887175182987E-32, 1.000000000000000000 ) ) ;
#552 = ORIENTED_EDGE ( 'NONE', *, *, #1145, .T. ) ;
#553 = CARTESIAN_POINT ( 'NONE',  ( -13.50000000000000000, 0.000000000000000000, -3.000000000000000000 ) ) ;
#554 = CYLINDRICAL_SURFACE ( 'NONE', #612, 0.5000000000000000000 ) ;
#555 = CARTESIAN_POINT ( 'NONE',  ( -13.36491470389140979, -0.9000000000000007994, -3.500000000000000000 ) ) ;
#556 = DIRECTION ( 'NONE',  ( 0.000000000000000000, 1.000000000000000000, 0.000000000000000000 ) ) ;
#557 = LINE ( 'NONE', #1410, #2066 ) ;
#558 = EDGE_CURVE ( 'NONE', #2019, #1322, #570, .T. ) ;
#559 = AXIS2_PLACEMENT_3D ( 'NONE', #366, #727, #1432 ) ;
#560 = DIRECTION ( 'NONE',  ( -0.000000000000000000, -0.000000000000000000, 1.000000000000000000 ) ) ;
#561 = VERTEX_POINT ( 'NONE', #923 ) ;
#562 = AXIS2_PLACEMENT_3D ( 'NONE', #1747, #1079, #1603 ) ;
#563 = EDGE_CURVE ( 'NONE', #82, #1744, #1619, .T. ) ;
#564 = DIRECTION ( 'NONE',  ( 1.000000000000000000, -9.227252531791526626E-17, 0.000000000000000000 ) ) ;
#565 = SHAPE_DEFINITION_REPRESENTATION ( #337, #26 ) ;
#566 = CARTESIAN_POINT ( 'NONE',  ( -10.00000000000000000, -3.000000000000001332, 3.500000000000000000 ) ) ;
#567 = VECTOR ( 'NONE', #1295, 1000.000000000000000 ) ;
#568 = CARTESIAN_POINT ( 'NONE',  ( -13.50000000000000000, 1.333974596215561581, 3.000000000000000000 ) ) ;
#569 = VERTEX_POINT ( 'NONE', #2136 ) ;
#570 = LINE ( 'NONE', #413, #494 ) ;
#571 = CIRCLE ( 'NONE', #2075, 1.650000000000000133 ) ;
#572 = DIRECTION ( 'NONE',  ( -1.000000000000000000, 0.000000000000000000, 0.000000000000000000 ) ) ;
#573 = DIRECTION ( 'NONE',  ( 0.000000000000000000, 1.000000000000000000, -0.000000000000000000 ) ) ;
#574 = VECTOR ( 'NONE', #1624, 1000.000000000000000 ) ;
#575 = CYLINDRICAL_SURFACE ( 'NONE', #1539, 0.5000000000000000000 ) ;
#576 = ORIENTED_EDGE ( 'NONE', *, *, #1590, .F. ) ;
#577 = ORIENTED_EDGE ( 'NONE', *, *, #257, .F. ) ;
#578 = AXIS2_PLACEMENT_3D ( 'NONE', #853, #682, #137 ) ;
#579 = FACE_OUTER_BOUND ( 'NONE', #1816, .T. ) ;
#580 = EDGE_CURVE ( 'NONE', #1139, #569, #1382, .T. ) ;
#581 = DIRECTION ( 'NONE',  ( -1.000000000000000000, -1.191190382581906605E-16, -2.478176394252581634E-16 ) ) ;
#582 = AXIS2_PLACEMENT_3D ( 'NONE', #1987, #1629, #736 ) ;
#583 = EDGE_CURVE ( 'NONE', #1922, #274, #1531, .T. ) ;
#584 = ORIENTED_EDGE ( 'NONE', *, *, #1098, .F. ) ;
#585 = LINE ( 'NONE', #1273, #2044 ) ;
#586 = VERTEX_POINT ( 'NONE', #970 ) ;
#587 = LINE ( 'NONE', #1796, #157 ) ;
#588 = FACE_OUTER_BOUND ( 'NONE', #940, .T. ) ;
#589 = CARTESIAN_POINT ( 'NONE',  ( 0.000000000000000000, 2.999999999999999556, 0.000000000000000000 ) ) ;
#590 = DIRECTION ( 'NONE',  ( -1.000000000000000000, 1.314184451497581013E-16, 0.000000000000000000 ) ) ;
#591 = ORIENTED_EDGE ( 'NONE', *, *, #81, .T. ) ;
#592 = ORIENTED_EDGE ( 'NONE', *, *, #2099, .F. ) ;
#593 = DIRECTION ( 'NONE',  ( -1.000000000000000000, 0.000000000000000000, 0.000000000000000000 ) ) ;
#594 = DIRECTION ( 'NONE',  ( -0.000000000000000000, 1.000000000000000000, -0.000000000000000000 ) ) ;
#595 = ORIENTED_EDGE ( 'NONE', *, *, #2170, .F. ) ;
#596 = EDGE_CURVE ( 'NONE', #2021, #314, #1805, .T. ) ;
#597 = ORIENTED_EDGE ( 'NONE', *, *, #362, .F. ) ;
#598 = CARTESIAN_POINT ( 'NONE',  ( -13.50000000000000000, 0.000000000000000000, 3.000000000000000000 ) ) ;
#599 = CYLINDRICAL_SURFACE ( 'NONE', #2188, 1.650000000000000133 ) ;
#600 = DIRECTION ( 'NONE',  ( 0.5000000000000008882, -0.8660254037844381525, -0.000000000000000000 ) ) ;
#601 = CARTESIAN_POINT ( 'NONE',  ( 2.849999999999999645, 0.4999999999999997780, 3.500000000000000000 ) ) ;
#602 = CIRCLE ( 'NONE', #2174, 1.000000000000000000 ) ;
#603 = DIRECTION ( 'NONE',  ( 0.000000000000000000, 0.000000000000000000, -1.000000000000000000 ) ) ;
#604 = ORIENTED_EDGE ( 'NONE', *, *, #811, .F. ) ;
#605 = VERTEX_POINT ( 'NONE', #405 ) ;
#606 = EDGE_CURVE ( 'NONE', #991, #377, #1121, .T. ) ;
#607 = FACE_OUTER_BOUND ( 'NONE', #2027, .T. ) ;
#608 = DIRECTION ( 'NONE',  ( 0.000000000000000000, -1.000000000000000000, 0.000000000000000000 ) ) ;
#609 = AXIS2_PLACEMENT_3D ( 'NONE', #2205, #1193, #468 ) ;
#610 = EDGE_LOOP ( 'NONE', ( #68, #1010, #1643, #1231 ) ) ;
#611 = CARTESIAN_POINT ( 'NONE',  ( 2.020667218593132755E-16, -1.499999999999999778, -1.650000000000000133 ) ) ;
#612 = AXIS2_PLACEMENT_3D ( 'NONE', #1654, #1096, #1486 ) ;
#613 = CARTESIAN_POINT ( 'NONE',  ( -10.49999999999999822, -2.500000000000001332, -3.000000000000000444 ) ) ;
#614 = AXIS2_PLACEMENT_3D ( 'NONE', #553, #199, #1989 ) ;
#615 = ORIENTED_EDGE ( 'NONE', *, *, #515, .T. ) ;
#616 = VECTOR ( 'NONE', #1185, 1000.000000000000000 ) ;
#617 = MECHANICAL_CONTEXT ( 'NONE', #1111, 'mechanical' ) ;
#618 = CC_DESIGN_APPROVAL ( #232, ( #1869 ) ) ;
#619 = EDGE_CURVE ( 'NONE', #134, #1072, #48, .T. ) ;
#620 = CARTESIAN_POINT ( 'NONE',  ( -4.613626265895763313E-17, -2.000000000000000000, 0.000000000000000000 ) ) ;
#621 = DIRECTION ( 'NONE',  ( -0.000000000000000000, 0.000000000000000000, -1.000000000000000000 ) ) ;
#622 = EDGE_CURVE ( 'NONE', #1838, #55, #789, .T. ) ;
#623 = CARTESIAN_POINT ( 'NONE',  ( 0.000000000000000000, 0.000000000000000000, 3.500000000000000000 ) ) ;
#624 = CARTESIAN_POINT ( 'NONE',  ( -13.50000000000000000, 1.333974596215561359, 3.000000000000000444 ) ) ;
#625 = CALENDAR_DATE ( 2025, 23, 5 ) ;
#626 = ORIENTED_EDGE ( 'NONE', *, *, #1230, .F. ) ;
#627 = CARTESIAN_POINT ( 'NONE',  ( 2.849999999999999645, -0.5000000000000000000, 3.500000000000000000 ) ) ;
#628 = ORIENTED_EDGE ( 'NONE', *, *, #8, .F. ) ;
#629 = ORIENTED_EDGE ( 'NONE', *, *, #1764, .T. ) ;
#630 = EDGE_CURVE ( 'NONE', #108, #1173, #226, .T. ) ;
#631 = FACE_OUTER_BOUND ( 'NONE', #221, .T. ) ;
#632 = EDGE_CURVE ( 'NONE', #1219, #1623, #2154, .T. ) ;
#633 = DIRECTION ( 'NONE',  ( 0.000000000000000000, 1.000000000000000000, -8.673617379884035472E-16 ) ) ;
#634 = VECTOR ( 'NONE', #1697, 1000.000000000000000 ) ;
#635 = EDGE_LOOP ( 'NONE', ( #945, #266, #1282, #1291 ) ) ;
#636 = DIRECTION ( 'NONE',  ( 0.000000000000000000, -1.000000000000000000, 0.000000000000000000 ) ) ;
#637 = ORIENTED_EDGE ( 'NONE', *, *, #1561, .T. ) ;
#638 = CARTESIAN_POINT ( 'NONE',  ( 2.349999999999999645, -9.629649721936179265E-32, -3.000000000000000444 ) ) ;
#639 = FACE_OUTER_BOUND ( 'NONE', #400, .T. ) ;
#640 = ORIENTED_EDGE ( 'NONE', *, *, #886, .T. ) ;
#641 = ORIENTED_EDGE ( 'NONE', *, *, #563, .T. ) ;
#642 = DIRECTION ( 'NONE',  ( -1.000000000000000000, 0.000000000000000000, 0.000000000000000000 ) ) ;
#643 = CARTESIAN_POINT ( 'NONE',  ( 6.000000000000000000, 2.499999999999999556, -3.000000000000000444 ) ) ;
#644 = EDGE_CURVE ( 'NONE', #331, #1272, #1119, .T. ) ;
#645 = VECTOR ( 'NONE', #1791, 1000.000000000000000 ) ;
#646 = VECTOR ( 'NONE', #1937, 1000.000000000000000 ) ;
#647 = DIRECTION ( 'NONE',  ( 0.000000000000000000, -8.673617379884034486E-16, -1.000000000000000000 ) ) ;
#648 = EDGE_CURVE ( 'NONE', #331, #1162, #424, .T. ) ;
#649 = ORIENTED_EDGE ( 'NONE', *, *, #1145, .F. ) ;
#650 = CIRCLE ( 'NONE', #1238, 0.5000000000000004441 ) ;
#651 = AXIS2_PLACEMENT_3D ( 'NONE', #1952, #739, #1277 ) ;
#652 = DIRECTION ( 'NONE',  ( -1.000000000000000000, 0.000000000000000000, 0.000000000000000000 ) ) ;
#653 = CIRCLE ( 'NONE', #693, 0.5000000000000000000 ) ;
#654 = AXIS2_PLACEMENT_3D ( 'NONE', #1090, #292, #1537 ) ;
#655 = DIRECTION ( 'NONE',  ( -0.000000000000000000, -0.000000000000000000, 1.000000000000000000 ) ) ;
#656 = DIRECTION ( 'NONE',  ( -1.000000000000000000, 0.000000000000000000, 0.000000000000000000 ) ) ;
#657 = EDGE_LOOP ( 'NONE', ( #485, #42, #342, #1900 ) ) ;
#658 = PLANE ( 'NONE',  #1601 ) ;
#659 = CARTESIAN_POINT ( 'NONE',  ( -1.850000000000000089, -2.000000000000000000, -1.095445115010332149 ) ) ;
#660 = FACE_OUTER_BOUND ( 'NONE', #879, .T. ) ;
#661 = ORIENTED_EDGE ( 'NONE', *, *, #2103, .F. ) ;
#662 = EDGE_CURVE ( 'NONE', #569, #2035, #1346, .T. ) ;
#663 = COORDINATED_UNIVERSAL_TIME_OFFSET ( 1, 0, .AHEAD. ) ;
#664 = CARTESIAN_POINT ( 'NONE',  ( -12.93190200199918927, -1.150000000000001021, 3.000000000000000444 ) ) ;
#665 = EDGE_CURVE ( 'NONE', #1296, #2164, #2180, .T. ) ;
#666 = CARTESIAN_POINT ( 'NONE',  ( -1.850000000000000089, -2.000000000000000000, 1.095445115010332149 ) ) ;
#667 = DIRECTION ( 'NONE',  ( 0.5000000000000008882, -0.8660254037844381525, 0.000000000000000000 ) ) ;
#668 = ORIENTED_EDGE ( 'NONE', *, *, #1508, .T. ) ;
#669 = FACE_OUTER_BOUND ( 'NONE', #1992, .T. ) ;
#670 = CARTESIAN_POINT ( 'NONE',  ( -2.000841448208148758E-32, -1.499999999999999778, 1.650000000000000133 ) ) ;
#671 = VERTEX_POINT ( 'NONE', #86 ) ;
#672 = AXIS2_PLACEMENT_3D ( 'NONE', #1391, #466, #311 ) ;
#673 = COORDINATED_UNIVERSAL_TIME_OFFSET ( 1, 0, .AHEAD. ) ;
#674 = CC_DESIGN_PERSON_AND_ORGANIZATION_ASSIGNMENT ( #1954, #185, ( #1901 ) ) ;
#675 = AXIS2_PLACEMENT_3D ( 'NONE', #1251, #1613, #1041 ) ;
#676 = CARTESIAN_POINT ( 'NONE',  ( -2.350000000000000089, -1.499999999999999556, -3.000000000000000444 ) ) ;
#677 = ORIENTED_EDGE ( 'NONE', *, *, #309, .T. ) ;
#678 = SPHERICAL_SURFACE ( 'NONE', #765, 0.5000000000000000000 ) ;
#679 = EDGE_CURVE ( 'NONE', #1037, #55, #1485, .T. ) ;
#680 = DIRECTION ( 'NONE',  ( 0.000000000000000000, 0.000000000000000000, -1.000000000000000000 ) ) ;
#681 = ORIENTED_EDGE ( 'NONE', *, *, #1737, .T. ) ;
#682 = DIRECTION ( 'NONE',  ( 1.000000000000000000, 0.000000000000000000, 0.000000000000000000 ) ) ;
#683 = ADVANCED_FACE ( 'NONE', ( #1132 ), #575, .T. ) ;
#684 = ORIENTED_EDGE ( 'NONE', *, *, #194, .T. ) ;
#685 = DIRECTION ( 'NONE',  ( -1.000000000000000000, 1.747729060459022802E-16, -0.000000000000000000 ) ) ;
#686 = CIRCLE ( 'NONE', #1269, 1.000000000000000888 ) ;
#687 = ORIENTED_EDGE ( 'NONE', *, *, #329, .T. ) ;
#688 = VECTOR ( 'NONE', #503, 1000.000000000000000 ) ;
#689 = AXIS2_PLACEMENT_3D ( 'NONE', #1913, #335, #1042 ) ;
#690 = CIRCLE ( 'NONE', #1584, 0.5000000000000000000 ) ;
#691 = ORIENTED_EDGE ( 'NONE', *, *, #1666, .F. ) ;
#692 = DIRECTION ( 'NONE',  ( 1.000000000000000000, 1.191190382581906851E-16, 0.000000000000000000 ) ) ;
#693 = AXIS2_PLACEMENT_3D ( 'NONE', #1704, #1524, #1847 ) ;
#694 = CARTESIAN_POINT ( 'NONE',  ( -14.00000000000000000, 2.499999999999999556, -3.000000000000000000 ) ) ;
#695 = ORIENTED_EDGE ( 'NONE', *, *, #482, .T. ) ;
#696 = EDGE_CURVE ( 'NONE', #517, #55, #1574, .T. ) ;
#697 = AXIS2_PLACEMENT_3D ( 'NONE', #1040, #180, #870 ) ;
#698 = ORIENTED_EDGE ( 'NONE', *, *, #2093, .F. ) ;
#699 = DIRECTION ( 'NONE',  ( -6.018531076210106436E-30, 1.000000000000000000, -8.673617379884035472E-16 ) ) ;
#700 = CIRCLE ( 'NONE', #654, 0.5000000000000000000 ) ;
#701 = ORIENTED_EDGE ( 'NONE', *, *, #2143, .F. ) ;
#702 = EDGE_CURVE ( 'NONE', #2142, #384, #351, .T. ) ;
#703 = CARTESIAN_POINT ( 'NONE',  ( 0.000000000000000000, 2.499999999999999112, 0.000000000000000000 ) ) ;
#704 = ORIENTED_EDGE ( 'NONE', *, *, #2218, .F. ) ;
#705 = CARTESIAN_POINT ( 'NONE',  ( -12.78756443470178361, -0.9000000000000010214, 3.000000000000000444 ) ) ;
#706 = CARTESIAN_POINT ( 'NONE',  ( -2.849999999999999645, -8.738645302295114009E-17, 3.500000000000000000 ) ) ;
#707 = ORIENTED_EDGE ( 'NONE', *, *, #924, .F. ) ;
#708 = CARTESIAN_POINT ( 'NONE',  ( -13.50000000000000000, 2.499999999999999556, 3.000000000000000000 ) ) ;
#709 = EDGE_CURVE ( 'NONE', #1922, #2035, #238, .T. ) ;
#710 = VERTEX_POINT ( 'NONE', #450 ) ;
#711 = CARTESIAN_POINT ( 'NONE',  ( 2.977975956454767252E-16, -2.500000000000000000, -3.500000000000000000 ) ) ;
#712 = EDGE_CURVE ( 'NONE', #1573, #1906, #197, .T. ) ;
#713 = VERTEX_POINT ( 'NONE', #1635 ) ;
#714 = VECTOR ( 'NONE', #1554, 1000.000000000000000 ) ;
#715 = CARTESIAN_POINT ( 'NONE',  ( -13.13397459621555896, -2.500000000000001776, -3.000000000000000000 ) ) ;
#716 = ORIENTED_EDGE ( 'NONE', *, *, #1215, .T. ) ;
#717 = DIRECTION ( 'NONE',  ( 1.000000000000000000, 0.000000000000000000, 0.000000000000000000 ) ) ;
#718 = ORIENTED_EDGE ( 'NONE', *, *, #205, .F. ) ;
#719 = CARTESIAN_POINT ( 'NONE',  ( -2.349999999999999645, -4.814824860968089633E-32, -3.000000000000000444 ) ) ;
#720 = DATE_AND_TIME ( #1286, #1097 ) ;
#721 = EDGE_CURVE ( 'NONE', #406, #1604, #1761, .T. ) ;
#722 = AXIS2_PLACEMENT_3D ( 'NONE', #840, #1711, #454 ) ;
#723 = ORIENTED_EDGE ( 'NONE', *, *, #19, .T. ) ;
#724 = CYLINDRICAL_SURFACE ( 'NONE', #955, 0.5000000000000004441 ) ;
#725 = DIRECTION ( 'NONE',  ( 1.000000000000000000, 0.000000000000000000, 0.000000000000000000 ) ) ;
#726 = AXIS2_PLACEMENT_3D ( 'NONE', #2195, #836, #1544 ) ;
#727 = DIRECTION ( 'NONE',  ( 0.000000000000000000, 0.000000000000000000, -1.000000000000000000 ) ) ;
#728 = VERTEX_POINT ( 'NONE', #67 ) ;
#729 = LINE ( 'NONE', #2152, #1468 ) ;
#730 = AXIS2_PLACEMENT_3D ( 'NONE', #937, #748, #1081 ) ;
#731 = CARTESIAN_POINT ( 'NONE',  ( -1.987066559234553553, -1.981540719749396384, -0.3698386082410542453 ) ) ;
#732 = CIRCLE ( 'NONE', #1828, 0.5000000000000000000 ) ;
#733 = PERSON_AND_ORGANIZATION ( #1249, #2150 ) ;
#734 = ADVANCED_FACE ( 'NONE', ( #1616, #920 ), #1487, .F. ) ;
#735 = ORIENTED_EDGE ( 'NONE', *, *, #702, .F. ) ;
#736 = DIRECTION ( 'NONE',  ( 0.000000000000000000, 0.000000000000000000, 1.000000000000000000 ) ) ;
#737 = CARTESIAN_POINT ( 'NONE',  ( -2.849999999999999645, -0.5000000000000000000, -3.000000000000000444 ) ) ;
#738 = EDGE_CURVE ( 'NONE', #406, #1383, #1577, .T. ) ;
#739 = DIRECTION ( 'NONE',  ( -6.018531076210106436E-30, 1.000000000000000000, -8.673617379884035472E-16 ) ) ;
#740 = CARTESIAN_POINT ( 'NONE',  ( 1.849999999999999645, -1.084202172485505420E-16, -3.000000000000000444 ) ) ;
#741 = SECURITY_CLASSIFICATION_LEVEL ( 'unclassified' ) ;
#742 = LINE ( 'NONE', #779, #946 ) ;
#743 = ADVANCED_FACE ( 'NONE', ( #1971 ), #260, .F. ) ;
#744 = FACE_OUTER_BOUND ( 'NONE', #1912, .T. ) ;
#745 = ORIENTED_EDGE ( 'NONE', *, *, #427, .T. ) ;
#746 = DIRECTION ( 'NONE',  ( -1.191190382581906605E-16, 1.000000000000000000, 0.000000000000000000 ) ) ;
#747 = ADVANCED_FACE ( 'NONE', ( #1949 ), #1802, .F. ) ;
#748 = DIRECTION ( 'NONE',  ( 1.000000000000000000, 0.000000000000000000, -0.000000000000000000 ) ) ;
#749 = DIRECTION ( 'NONE',  ( -1.000000000000000000, 0.000000000000000000, 0.000000000000000000 ) ) ;
#750 = CARTESIAN_POINT ( 'NONE',  ( 5.500000000000000000, 0.4999999999999993339, 3.000000000000000000 ) ) ;
#751 = CARTESIAN_POINT ( 'NONE',  ( -1.849999999999999867, -0.5000000000000002220, -3.500000000000000000 ) ) ;
#752 = CYLINDRICAL_SURFACE ( 'NONE', #1607, 0.5000000000000004441 ) ;
#753 = ORIENTED_EDGE ( 'NONE', *, *, #309, .F. ) ;
#754 = SPHERICAL_SURFACE ( 'NONE', #360, 0.5000000000000000000 ) ;
#755 = DIRECTION ( 'NONE',  ( 0.000000000000000000, 0.000000000000000000, -1.000000000000000000 ) ) ;
#756 = DIRECTION ( 'NONE',  ( 1.000000000000000000, 0.000000000000000000, 0.000000000000000000 ) ) ;
#757 = CYLINDRICAL_SURFACE ( 'NONE', #543, 0.5000000000000004441 ) ;
#758 = AXIS2_PLACEMENT_3D ( 'NONE', #1311, #2144, #593 ) ;
#759 = DIRECTION ( 'NONE',  ( 0.000000000000000000, 0.000000000000000000, -1.000000000000000000 ) ) ;
#760 = ORIENTED_EDGE ( 'NONE', *, *, #1020, .F. ) ;
#761 = ORIENTED_EDGE ( 'NONE', *, *, #857, .F. ) ;
#762 = EDGE_CURVE ( 'NONE', #331, #1795, #686, .T. ) ;
#763 = VECTOR ( 'NONE', #1615, 1000.000000000000000 ) ;
#764 = DIRECTION ( 'NONE',  ( 0.000000000000000000, 0.000000000000000000, -1.000000000000000000 ) ) ;
#765 = AXIS2_PLACEMENT_3D ( 'NONE', #2210, #1164, #497 ) ;
#766 = EDGE_CURVE ( 'NONE', #356, #314, #420, .T. ) ;
#767 = DIRECTION ( 'NONE',  ( 1.000000000000000000, 1.747729060459023048E-16, 0.000000000000000000 ) ) ;
#768 = VECTOR ( 'NONE', #43, 1000.000000000000000 ) ;
#769 = ORIENTED_EDGE ( 'NONE', *, *, #1489, .F. ) ;
#770 = ORIENTED_EDGE ( 'NONE', *, *, #1417, .T. ) ;
#771 = CARTESIAN_POINT ( 'NONE',  ( -13.13397459621556251, -2.500000000000002220, -3.500000000000000000 ) ) ;
#772 = FACE_OUTER_BOUND ( 'NONE', #1657, .T. ) ;
#773 = FACE_OUTER_BOUND ( 'NONE', #780, .T. ) ;
#774 = DIRECTION ( 'NONE',  ( -1.000000000000000000, -1.747729060459023048E-16, -0.000000000000000000 ) ) ;
#775 = CARTESIAN_POINT ( 'NONE',  ( -12.49888930010697052, -0.4000000000000002998, -3.000000000000000000 ) ) ;
#776 = ORIENTED_EDGE ( 'NONE', *, *, #596, .F. ) ;
#777 = DIRECTION ( 'NONE',  ( 9.227252531791526626E-17, 1.000000000000000000, -0.000000000000000000 ) ) ;
#778 = EDGE_CURVE ( 'NONE', #1832, #966, #429, .T. ) ;
#779 = CARTESIAN_POINT ( 'NONE',  ( -10.50000000000000000, -1.250749901711001911E-15, 3.500000000000000000 ) ) ;
#780 = EDGE_LOOP ( 'NONE', ( #1941, #684, #421, #677 ) ) ;
#781 = ORIENTED_EDGE ( 'NONE', *, *, #1305, .F. ) ;
#782 = CARTESIAN_POINT ( 'NONE',  ( -6.000000000000000000, 2.499999999999999556, -3.000000000000000444 ) ) ;
#783 = ORIENTED_EDGE ( 'NONE', *, *, #2000, .F. ) ;
#784 = CARTESIAN_POINT ( 'NONE',  ( -1.850000000000000089, -1.499999999999999778, -3.000000000000000444 ) ) ;
#785 = EDGE_LOOP ( 'NONE', ( #20, #821, #1567, #2173 ) ) ;
#786 = VERTEX_POINT ( 'NONE', #1781 ) ;
#787 = VECTOR ( 'NONE', #2082, 1000.000000000000000 ) ;
#788 = DIRECTION ( 'NONE',  ( 0.000000000000000000, 0.000000000000000000, -1.000000000000000000 ) ) ;
#789 = CIRCLE ( 'NONE', #385, 1.000000000000000888 ) ;
#790 = ADVANCED_FACE ( 'NONE', ( #943 ), #1639, .T. ) ;
#791 = DIRECTION ( 'NONE',  ( -1.000000000000000000, -1.191190382581906851E-16, 0.000000000000000000 ) ) ;
#792 = FACE_OUTER_BOUND ( 'NONE', #480, .T. ) ;
#793 = ORIENTED_EDGE ( 'NONE', *, *, #1159, .T. ) ;
#794 = ADVANCED_FACE ( 'NONE', ( #217 ), #231, .T. ) ;
#795 = EDGE_LOOP ( 'NONE', ( #326, #1390, #1420, #1565 ) ) ;
#796 = DIRECTION ( 'NONE',  ( 0.000000000000000000, 0.000000000000000000, -1.000000000000000000 ) ) ;
#797 = EDGE_CURVE ( 'NONE', #2086, #1345, #742, .T. ) ;
#798 = CIRCLE ( 'NONE', #2182, 0.5000000000000004441 ) ;
#799 = DIRECTION ( 'NONE',  ( 0.000000000000000000, 0.000000000000000000, 1.000000000000000000 ) ) ;
#800 = CARTESIAN_POINT ( 'NONE',  ( -1.936526353842854098, -1.993136670230768459, 0.7356052251366371753 ) ) ;
#801 = CARTESIAN_POINT ( 'NONE',  ( -13.50000000000000000, 1.333974596215561359, -3.500000000000000000 ) ) ;
#802 = VECTOR ( 'NONE', #1742, 1000.000000000000000 ) ;
#803 = AXIS2_PLACEMENT_3D ( 'NONE', #917, #1108, #65 ) ;
#804 = CYLINDRICAL_SURFACE ( 'NONE', #878, 0.5000000000000000000 ) ;
#805 = ORIENTED_EDGE ( 'NONE', *, *, #1038, .T. ) ;
#806 = TOROIDAL_SURFACE ( 'NONE', #1612, 2.149999999999999911, 0.5000000000000000000 ) ;
#807 = DIRECTION ( 'NONE',  ( 0.000000000000000000, 0.000000000000000000, 1.000000000000000000 ) ) ;
#808 = EDGE_CURVE ( 'NONE', #1272, #1686, #1447, .T. ) ;
#809 = APPROVAL_PERSON_ORGANIZATION ( #1608, #1082, #381 ) ;
#810 = CARTESIAN_POINT ( 'NONE',  ( -10.50000000000000000, -2.500000000000001332, 3.000000000000000000 ) ) ;
#811 = EDGE_CURVE ( 'NONE', #294, #710, #1099, .T. ) ;
#812 = DIRECTION ( 'NONE',  ( -1.000000000000000000, 9.227252531791526626E-17, -0.000000000000000000 ) ) ;
#813 = ORIENTED_EDGE ( 'NONE', *, *, #1505, .T. ) ;
#814 = DIRECTION ( 'NONE',  ( -1.000000000000000000, 0.000000000000000000, 0.000000000000000000 ) ) ;
#815 = CARTESIAN_POINT ( 'NONE',  ( -2.849999999999999645, -0.5000000000000000000, 3.500000000000000000 ) ) ;
#816 = ORIENTED_EDGE ( 'NONE', *, *, #1842, .F. ) ;
#817 = DIRECTION ( 'NONE',  ( -1.000000000000000000, -2.168404344971008868E-16, 0.000000000000000000 ) ) ;
#818 = ORIENTED_EDGE ( 'NONE', *, *, #1790, .F. ) ;
#819 = CARTESIAN_POINT ( 'NONE',  ( 0.000000000000000000, 2.499999999999999112, 0.000000000000000000 ) ) ;
#820 = FACE_OUTER_BOUND ( 'NONE', #1247, .T. ) ;
#821 = ORIENTED_EDGE ( 'NONE', *, *, #273, .F. ) ;
#822 = ORIENTED_EDGE ( 'NONE', *, *, #273, .T. ) ;
#823 = EDGE_CURVE ( 'NONE', #1871, #671, #2220, .T. ) ;
#824 = DIRECTION ( 'NONE',  ( -1.000000000000000000, 0.000000000000000000, -0.000000000000000000 ) ) ;
#825 = EDGE_CURVE ( 'NONE', #1555, #2086, #837, .T. ) ;
#826 = DIRECTION ( 'NONE',  ( 1.000000000000000000, 0.000000000000000000, 0.000000000000000000 ) ) ;
#827 = AXIS2_PLACEMENT_3D ( 'NONE', #112, #453, #1850 ) ;
#828 = EDGE_LOOP ( 'NONE', ( #1281, #1800, #1347 ) ) ;
#829 = AXIS2_PLACEMENT_3D ( 'NONE', #1662, #1472, #416 ) ;
#830 = DIRECTION ( 'NONE',  ( 0.000000000000000000, 0.000000000000000000, 1.000000000000000000 ) ) ;
#831 = VERTEX_POINT ( 'NONE', #930 ) ;
#832 = DIRECTION ( 'NONE',  ( 0.000000000000000000, 0.000000000000000000, -1.000000000000000000 ) ) ;
#833 = CYLINDRICAL_SURFACE ( 'NONE', #936, 0.5000000000000004441 ) ;
#834 = ORIENTED_EDGE ( 'NONE', *, *, #355, .F. ) ;
#835 = ORIENTED_EDGE ( 'NONE', *, *, #2115, .T. ) ;
#836 = DIRECTION ( 'NONE',  ( 0.000000000000000000, 0.000000000000000000, -1.000000000000000000 ) ) ;
#837 = CIRCLE ( 'NONE', #1853, 0.5000000000000000000 ) ;
#838 = ADVANCED_FACE ( 'NONE', ( #1626 ), #752, .T. ) ;
#839 = CIRCLE ( 'NONE', #1318, 0.5000000000000000000 ) ;
#840 = CARTESIAN_POINT ( 'NONE',  ( 3.573571147745719815E-16, -3.000000000000000000, 0.000000000000000000 ) ) ;
#841 = ADVANCED_FACE ( 'NONE', ( #2119 ), #804, .F. ) ;
#842 = AXIS2_PLACEMENT_3D ( 'NONE', #464, #1759, #717 ) ;
#843 = VECTOR ( 'NONE', #13, 1000.000000000000000 ) ;
#844 =( NAMED_UNIT ( * ) PLANE_ANGLE_UNIT ( ) SI_UNIT ( $, .RADIAN. ) );
#845 = DIRECTION ( 'NONE',  ( 0.000000000000000000, -1.000000000000000000, 0.000000000000000000 ) ) ;
#846 = CIRCLE ( 'NONE', #1027, 0.5000000000000004441 ) ;
#847 = AXIS2_PLACEMENT_3D ( 'NONE', #401, #1102, #234 ) ;
#848 = CARTESIAN_POINT ( 'NONE',  ( -13.13397459621556074, -3.000000000000001776, -3.000000000000000000 ) ) ;
#849 = CARTESIAN_POINT ( 'NONE',  ( -14.00000000000000000, 1.333974596215561581, 3.000000000000000000 ) ) ;
#850 = ORIENTED_EDGE ( 'NONE', *, *, #1840, .T. ) ;
#851 = VERTEX_POINT ( 'NONE', #1510 ) ;
#852 = CC_DESIGN_SECURITY_CLASSIFICATION ( #441, ( #1901 ) ) ;
#853 = CARTESIAN_POINT ( 'NONE',  ( 1.849999999999999867, -1.500000000000000000, -3.000000000000000000 ) ) ;
#854 = DIRECTION ( 'NONE',  ( 0.000000000000000000, 0.000000000000000000, -1.000000000000000000 ) ) ;
#855 = CARTESIAN_POINT ( 'NONE',  ( -13.13397459621556251, -2.500000000000001776, -3.000000000000000000 ) ) ;
#856 = EDGE_LOOP ( 'NONE', ( #160, #1535, #1543, #649 ) ) ;
#857 = EDGE_CURVE ( 'NONE', #710, #410, #1024, .T. ) ;
#858 = ORIENTED_EDGE ( 'NONE', *, *, #1944, .T. ) ;
#859 = FACE_OUTER_BOUND ( 'NONE', #407, .T. ) ;
#860 = CYLINDRICAL_SURFACE ( 'NONE', #1339, 0.5000000000000004441 ) ;
#861 = ORIENTED_EDGE ( 'NONE', *, *, #515, .F. ) ;
#862 = DIRECTION ( 'NONE',  ( 1.000000000000000000, -0.000000000000000000, -0.000000000000000000 ) ) ;
#863 = DIRECTION ( 'NONE',  ( 0.8660254037844385966, -0.5000000000000000000, 0.000000000000000000 ) ) ;
#864 = ORIENTED_EDGE ( 'NONE', *, *, #1610, .F. ) ;
#865 = CIRCLE ( 'NONE', #154, 0.5000000000000000000 ) ;
#866 = CIRCLE ( 'NONE', #675, 0.5000000000000000000 ) ;
#867 = EDGE_CURVE ( 'NONE', #1383, #486, #128, .T. ) ;
#868 = ORIENTED_EDGE ( 'NONE', *, *, #632, .F. ) ;
#869 = ORIENTED_EDGE ( 'NONE', *, *, #721, .T. ) ;
#870 = DIRECTION ( 'NONE',  ( -1.000000000000000000, 0.000000000000000000, 0.000000000000000000 ) ) ;
#871 = CARTESIAN_POINT ( 'NONE',  ( 6.000000000000000000, 2.999999999999999556, -3.000000000000000444 ) ) ;
#872 = ADVANCED_FACE ( 'NONE', ( #2233 ), #977, .T. ) ;
#873 = ORIENTED_EDGE ( 'NONE', *, *, #558, .F. ) ;
#874 = LINE ( 'NONE', #148, #90 ) ;
#875 = VECTOR ( 'NONE', #600, 1000.000000000000000 ) ;
#876 = ORIENTED_EDGE ( 'NONE', *, *, #91, .F. ) ;
#877 = CARTESIAN_POINT ( 'NONE',  ( -13.13397459621555896, -2.500000000000001332, 3.000000000000000444 ) ) ;
#878 = AXIS2_PLACEMENT_3D ( 'NONE', #815, #1534, #826 ) ;
#879 = EDGE_LOOP ( 'NONE', ( #472, #1983, #691, #64 ) ) ;
#880 = VECTOR ( 'NONE', #225, 1000.000000000000000 ) ;
#881 = CARTESIAN_POINT ( 'NONE',  ( -13.50000000000000000, 1.333974596215561581, 3.000000000000000000 ) ) ;
#882 = AXIS2_PLACEMENT_3D ( 'NONE', #819, #2012, #1336 ) ;
#883 = DIRECTION ( 'NONE',  ( 0.000000000000000000, 0.000000000000000000, -1.000000000000000000 ) ) ;
#884 = AXIS2_PLACEMENT_3D ( 'NONE', #1361, #2186, #2057 ) ;
#885 = ORIENTED_EDGE ( 'NONE', *, *, #1243, .T. ) ;
#886 = EDGE_CURVE ( 'NONE', #1160, #122, #2140, .T. ) ;
#887 = DIRECTION ( 'NONE',  ( 1.000000000000000000, -1.747729060459022802E-16, 0.000000000000000000 ) ) ;
#888 = CARTESIAN_POINT ( 'NONE',  ( 1.849999999999999867, -1.500000000000000000, -3.000000000000000444 ) ) ;
#889 = DIRECTION ( 'NONE',  ( -1.000000000000000000, 0.000000000000000000, 0.000000000000000000 ) ) ;
#890 = CARTESIAN_POINT ( 'NONE',  ( -2.350000000000000089, -1.499999999999999556, 3.000000000000000000 ) ) ;
#891 = APPROVAL ( #1415, 'UNSPECIFIED' ) ;
#892 = ORIENTED_EDGE ( 'NONE', *, *, #123, .F. ) ;
#893 = DIRECTION ( 'NONE',  ( 0.000000000000000000, 1.000000000000000000, 0.000000000000000000 ) ) ;
#894 = ORIENTED_EDGE ( 'NONE', *, *, #897, .T. ) ;
#895 = ADVANCED_FACE ( 'NONE', ( #660 ), #1022, .T. ) ;
#896 = DIRECTION ( 'NONE',  ( -1.000000000000000000, 0.000000000000000000, 0.000000000000000000 ) ) ;
#897 = EDGE_CURVE ( 'NONE', #851, #318, #1475, .T. ) ;
#898 = VECTOR ( 'NONE', #1199, 1000.000000000000000 ) ;
#899 = ORIENTED_EDGE ( 'NONE', *, *, #808, .F. ) ;
#900 = AXIS2_PLACEMENT_3D ( 'NONE', #1916, #1026, #1552 ) ;
#901 = CARTESIAN_POINT ( 'NONE',  ( -10.50000000000000000, -2.500000000000001332, 3.500000000000000000 ) ) ;
#902 = DIRECTION ( 'NONE',  ( 2.168404344971006649E-16, -1.000000000000000000, -0.000000000000000000 ) ) ;
#903 = ORIENTED_EDGE ( 'NONE', *, *, #2017, .T. ) ;
#904 = CYLINDRICAL_SURFACE ( 'NONE', #614, 0.5000000000000000000 ) ;
#905 = FACE_OUTER_BOUND ( 'NONE', #1025, .T. ) ;
#906 = EDGE_CURVE ( 'NONE', #82, #1968, #1994, .T. ) ;
#907 = PERSON_AND_ORGANIZATION_ROLE ( 'creator' ) ;
#908 = ORIENTED_EDGE ( 'NONE', *, *, #126, .T. ) ;
#909 = DIRECTION ( 'NONE',  ( -1.000000000000000000, 0.000000000000000000, 0.000000000000000000 ) ) ;
#910 = CARTESIAN_POINT ( 'NONE',  ( 5.500000000000000000, 0.4999999999999994449, -3.000000000000000444 ) ) ;
#911 = VECTOR ( 'NONE', #258, 1000.000000000000000 ) ;
#912 = LINE ( 'NONE', #22, #1046 ) ;
#913 = EDGE_LOOP ( 'NONE', ( #1234, #818, #1736, #958 ) ) ;
#914 = CARTESIAN_POINT ( 'NONE',  ( 2.849999999999999645, -0.5000000000000000000, -3.000000000000000444 ) ) ;
#915 = ORIENTED_EDGE ( 'NONE', *, *, #1218, .F. ) ;
#916 = AXIS2_PLACEMENT_3D ( 'NONE', #2073, #1240, #1931 ) ;
#917 = CARTESIAN_POINT ( 'NONE',  ( 1.849999999999999645, -0.5000000000000002220, -3.000000000000000444 ) ) ;
#918 = AXIS2_PLACEMENT_3D ( 'NONE', #568, #1834, #1449 ) ;
#919 = CC_DESIGN_PERSON_AND_ORGANIZATION_ASSIGNMENT ( #1770, #536, ( #441 ) ) ;
#920 = FACE_OUTER_BOUND ( 'NONE', #1490, .T. ) ;
#921 = EDGE_CURVE ( 'NONE', #1296, #1673, #1357, .T. ) ;
#922 = FACE_OUTER_BOUND ( 'NONE', #1695, .T. ) ;
#923 = CARTESIAN_POINT ( 'NONE',  ( 1.849999999999999867, -0.5000000000000002220, 3.500000000000000000 ) ) ;
#924 = EDGE_CURVE ( 'NONE', #1255, #1037, #798, .T. ) ;
#925 = DIRECTION ( 'NONE',  ( 0.000000000000000000, 0.000000000000000000, -1.000000000000000000 ) ) ;
#926 = CARTESIAN_POINT ( 'NONE',  ( -12.93190200199918927, -1.150000000000001021, -3.500000000000000000 ) ) ;
#927 = ORIENTED_EDGE ( 'NONE', *, *, #1060, .T. ) ;
#928 = CARTESIAN_POINT ( 'NONE',  ( 2.350000000000000089, -1.499999999999999778, -3.000000000000000444 ) ) ;
#929 = APPROVAL_STATUS ( 'not_yet_approved' ) ;
#930 = CARTESIAN_POINT ( 'NONE',  ( 5.500000000000000000, 2.999999999999999556, -3.000000000000000444 ) ) ;
#931 = ORIENTED_EDGE ( 'NONE', *, *, #1320, .F. ) ;
#932 = DIRECTION ( 'NONE',  ( -0.000000000000000000, -0.000000000000000000, 1.000000000000000000 ) ) ;
#933 = ADVANCED_FACE ( 'NONE', ( #2046 ), #1700, .T. ) ;
#934 = ORIENTED_EDGE ( 'NONE', *, *, #1753, .F. ) ;
#935 = LINE ( 'NONE', #1467, #1047 ) ;
#936 = AXIS2_PLACEMENT_3D ( 'NONE', #1716, #667, #1525 ) ;
#937 = CARTESIAN_POINT ( 'NONE',  ( 5.500000000000000000, 0.4999999999999993339, 3.000000000000000000 ) ) ;
#938 = DIRECTION ( 'NONE',  ( -2.168404344971008868E-16, 1.000000000000000000, 0.000000000000000000 ) ) ;
#939 = CARTESIAN_POINT ( 'NONE',  ( -1.850000000000000089, -2.000000000000000000, 1.095445115010332149 ) ) ;
#940 = EDGE_LOOP ( 'NONE', ( #1986, #527, #1852 ) ) ;
#941 = CIRCLE ( 'NONE', #378, 0.5000000000000000000 ) ;
#942 = FACE_OUTER_BOUND ( 'NONE', #2253, .T. ) ;
#943 = FACE_OUTER_BOUND ( 'NONE', #1364, .T. ) ;
#944 = AXIS2_PLACEMENT_3D ( 'NONE', #264, #621, #276 ) ;
#945 = ORIENTED_EDGE ( 'NONE', *, *, #1066, .T. ) ;
#946 = VECTOR ( 'NONE', #41, 1000.000000000000000 ) ;
#947 = VERTEX_POINT ( 'NONE', #1841 ) ;
#948 = LINE ( 'NONE', #1261, #2112 ) ;
#949 = CARTESIAN_POINT ( 'NONE',  ( -9.500000000000000000, -0.5000000000000008882, 3.000000000000000000 ) ) ;
#950 = AXIS2_PLACEMENT_3D ( 'NONE', #855, #1558, #2243 ) ;
#951 = CARTESIAN_POINT ( 'NONE',  ( 5.500000000000000000, 2.499999999999999556, 3.000000000000000000 ) ) ;
#952 = DIRECTION ( 'NONE',  ( -0.5000000000000004441, 0.8660254037844384856, -5.633679745264345628E-16 ) ) ;
#953 = ORIENTED_EDGE ( 'NONE', *, *, #1737, .F. ) ;
#954 = CARTESIAN_POINT ( 'NONE',  ( -8.738645302295121404E-17, 0.5000000000000003331, 3.500000000000000000 ) ) ;
#955 = AXIS2_PLACEMENT_3D ( 'NONE', #2087, #2113, #1399 ) ;
#956 = DIRECTION ( 'NONE',  ( 0.000000000000000000, 1.000000000000000000, 0.000000000000000000 ) ) ;
#957 = AXIS2_PLACEMENT_3D ( 'NONE', #458, #83, #2020 ) ;
#958 = ORIENTED_EDGE ( 'NONE', *, *, #1533, .F. ) ;
#959 = EDGE_LOOP ( 'NONE', ( #1252, #74, #707, #718 ) ) ;
#960 = DIRECTION ( 'NONE',  ( -0.000000000000000000, -0.000000000000000000, 1.000000000000000000 ) ) ;
#961 = CARTESIAN_POINT ( 'NONE',  ( -1.849999999999999867, -1.499999999999999556, 3.000000000000000000 ) ) ;
#962 = DIRECTION ( 'NONE',  ( 0.000000000000000000, 4.336808689942017736E-16, -1.000000000000000000 ) ) ;
#963 = CC_DESIGN_DATE_AND_TIME_ASSIGNMENT ( #2118, #193, ( #1869 ) ) ;
#964 = DIRECTION ( 'NONE',  ( 0.000000000000000000, 0.000000000000000000, -1.000000000000000000 ) ) ;
#965 = DIRECTION ( 'NONE',  ( 0.000000000000000000, -1.000000000000000000, 0.000000000000000000 ) ) ;
#966 = VERTEX_POINT ( 'NONE', #1324 ) ;
#967 = ORIENTED_EDGE ( 'NONE', *, *, #1561, .F. ) ;
#968 = DIRECTION ( 'NONE',  ( -8.673617379884035472E-16, 0.000000000000000000, 1.000000000000000000 ) ) ;
#969 = CARTESIAN_POINT ( 'NONE',  ( 5.500000000000000000, 2.499999999999999556, 3.000000000000000000 ) ) ;
#970 = CARTESIAN_POINT ( 'NONE',  ( -9.500000000000000000, 0.4999999999999986122, 3.500000000000000000 ) ) ;
#971 = EDGE_LOOP ( 'NONE', ( #591, #459, #1083, #899 ) ) ;
#972 = ORIENTED_EDGE ( 'NONE', *, *, #1782, .T. ) ;
#973 = AXIS2_PLACEMENT_3D ( 'NONE', #1379, #1557, #1354 ) ;
#974 = CARTESIAN_POINT ( 'NONE',  ( -13.13397459621556074, -3.000000000000001776, 3.000000000000000000 ) ) ;
#975 = AXIS2_PLACEMENT_3D ( 'NONE', #2151, #1976, #1786 ) ;
#976 = EDGE_CURVE ( 'NONE', #1189, #233, #1086, .T. ) ;
#977 = PLANE ( 'NONE',  #722 ) ;
#978 = ORIENTED_EDGE ( 'NONE', *, *, #1880, .T. ) ;
#979 = VERTEX_POINT ( 'NONE', #1887 ) ;
#980 = AXIS2_PLACEMENT_3D ( 'NONE', #750, #1455, #1967 ) ;
#981 = DIRECTION ( 'NONE',  ( -1.000000000000000000, 0.000000000000000000, 0.000000000000000000 ) ) ;
#982 = DIRECTION ( 'NONE',  ( -1.000000000000000000, 1.314184451497581013E-16, 0.000000000000000000 ) ) ;
#983 = VECTOR ( 'NONE', #685, 1000.000000000000000 ) ;
#984 = EDGE_LOOP ( 'NONE', ( #1004, #1572, #885, #2014 ) ) ;
#985 = CARTESIAN_POINT ( 'NONE',  ( 6.000000000000000000, -6.379211070675434126E-16, 3.500000000000000000 ) ) ;
#986 = FACE_OUTER_BOUND ( 'NONE', #2198, .T. ) ;
#987 = CIRCLE ( 'NONE', #1822, 0.5000000000000000000 ) ;
#988 = AXIS2_PLACEMENT_3D ( 'NONE', #60, #1621, #541 ) ;
#989 = CARTESIAN_POINT ( 'NONE',  ( 2.977975956454766266E-16, -2.500000000000000000, -3.000000000000000000 ) ) ;
#990 = VECTOR ( 'NONE', #1684, 1000.000000000000000 ) ;
#991 = VERTEX_POINT ( 'NONE', #89 ) ;
#992 = LOCAL_TIME ( 10, 39, 46.00000000000000000, #27 ) ;
#993 = CARTESIAN_POINT ( 'NONE',  ( -13.50000000000000000, 2.499999999999999556, -3.000000000000000444 ) ) ;
#994 = ORIENTED_EDGE ( 'NONE', *, *, #622, .F. ) ;
#995 = TOROIDAL_SURFACE ( 'NONE', #1930, 1.000000000000000000, 0.5000000000000000000 ) ;
#996 = ADVANCED_FACE ( 'NONE', ( #1877 ), #301, .T. ) ;
#997 = CARTESIAN_POINT ( 'NONE',  ( -2.349999999999999645, -0.5000000000000001110, 3.000000000000000000 ) ) ;
#998 = LINE ( 'NONE', #99, #714 ) ;
#999 = EDGE_CURVE ( 'NONE', #406, #1744, #465, .T. ) ;
#1000 = ORIENTED_EDGE ( 'NONE', *, *, #2103, .T. ) ;
#1001 = DIRECTION ( 'NONE',  ( 1.000000000000000000, 1.191190382581906851E-16, 0.000000000000000000 ) ) ;
#1002 = DIRECTION ( 'NONE',  ( -0.000000000000000000, -0.000000000000000000, 1.000000000000000000 ) ) ;
#1003 = DIRECTION ( 'NONE',  ( -0.000000000000000000, 1.000000000000000000, -0.000000000000000000 ) ) ;
#1004 = ORIENTED_EDGE ( 'NONE', *, *, #811, .T. ) ;
#1005 = DIRECTION ( 'NONE',  ( 0.000000000000000000, 0.000000000000000000, -1.000000000000000000 ) ) ;
#1006 = ORIENTED_EDGE ( 'NONE', *, *, #1356, .T. ) ;
#1007 = ADVANCED_FACE ( 'NONE', ( #2018 ), #280, .T. ) ;
#1008 = DIRECTION ( 'NONE',  ( 1.000000000000000000, 0.000000000000000000, 0.000000000000000000 ) ) ;
#1009 = LINE ( 'NONE', #1685, #634 ) ;
#1010 = ORIENTED_EDGE ( 'NONE', *, *, #1268, .T. ) ;
#1011 = FACE_OUTER_BOUND ( 'NONE', #1335, .T. ) ;
#1012 = FACE_OUTER_BOUND ( 'NONE', #1074, .T. ) ;
#1013 = CARTESIAN_POINT ( 'NONE',  ( -1.849999999999999867, -0.5000000000000002220, -3.000000000000000000 ) ) ;
#1014 = CARTESIAN_POINT ( 'NONE',  ( 5.500000000000000000, 0.4999999999999993339, 3.500000000000000000 ) ) ;
#1015 = VECTOR ( 'NONE', #812, 1000.000000000000000 ) ;
#1016 = ORIENTED_EDGE ( 'NONE', *, *, #169, .F. ) ;
#1017 = CARTESIAN_POINT ( 'NONE',  ( 0.000000000000000000, 2.499999999999999112, 1.650000000000000133 ) ) ;
#1018 = DIRECTION ( 'NONE',  ( -1.000000000000000000, 0.000000000000000000, 0.000000000000000000 ) ) ;
#1019 = EDGE_LOOP ( 'NONE', ( #1812, #781, #953, #2 ) ) ;
#1020 = EDGE_CURVE ( 'NONE', #57, #122, #2100, .T. ) ;
#1021 = CARTESIAN_POINT ( 'NONE',  ( -13.50000000000000000, 2.499999999999999556, 3.000000000000000000 ) ) ;
#1022 = TOROIDAL_SURFACE ( 'NONE', #164, 2.149999999999999911, 0.5000000000000000000 ) ;
#1023 = EDGE_CURVE ( 'NONE', #486, #1744, #1542, .T. ) ;
#1024 = LINE ( 'NONE', #2217, #1125 ) ;
#1025 = EDGE_LOOP ( 'NONE', ( #776, #698, #2256, #894, #1480, #1651, #2031 ) ) ;
#1026 = DIRECTION ( 'NONE',  ( -2.168404344971008868E-16, -1.000000000000000000, -9.403954806578300064E-32 ) ) ;
#1027 = AXIS2_PLACEMENT_3D ( 'NONE', #1068, #530, #1221 ) ;
#1028 = ORIENTED_EDGE ( 'NONE', *, *, #1320, .T. ) ;
#1029 = AXIS2_PLACEMENT_3D ( 'NONE', #1481, #422, #250 ) ;
#1030 = CARTESIAN_POINT ( 'NONE',  ( -9.500000000000000000, -0.5000000000000008882, 3.500000000000000000 ) ) ;
#1031 = DIRECTION ( 'NONE',  ( 0.000000000000000000, 0.000000000000000000, 1.000000000000000000 ) ) ;
#1032 = ORIENTED_EDGE ( 'NONE', *, *, #537, .T. ) ;
#1033 = CARTESIAN_POINT ( 'NONE',  ( -13.56698729810778126, 1.450000000000000178, 3.000000000000000444 ) ) ;
#1034 = VERTEX_POINT ( 'NONE', #1217 ) ;
#1035 = FACE_OUTER_BOUND ( 'NONE', #1112, .T. ) ;
#1036 = EDGE_CURVE ( 'NONE', #1673, #1832, #571, .T. ) ;
#1037 = VERTEX_POINT ( 'NONE', #1054 ) ;
#1038 = EDGE_CURVE ( 'NONE', #1604, #2142, #1598, .T. ) ;
#1039 = ORIENTED_EDGE ( 'NONE', *, *, #1266, .T. ) ;
#1040 = CARTESIAN_POINT ( 'NONE',  ( 5.500000000000000000, 2.499999999999999556, -3.000000000000000444 ) ) ;
#1041 = DIRECTION ( 'NONE',  ( 1.000000000000000000, 4.336808689942017736E-16, -8.673617379884035472E-16 ) ) ;
#1042 = DIRECTION ( 'NONE',  ( -1.000000000000000000, 0.000000000000000000, 0.000000000000000000 ) ) ;
#1043 = ORIENTED_EDGE ( 'NONE', *, *, #1452, .F. ) ;
#1044 = DIRECTION ( 'NONE',  ( -1.000000000000000000, 0.000000000000000000, 0.000000000000000000 ) ) ;
#1045 = EDGE_CURVE ( 'NONE', #233, #1173, #839, .T. ) ;
#1046 = VECTOR ( 'NONE', #551, 1000.000000000000000 ) ;
#1047 = VECTOR ( 'NONE', #1091, 1000.000000000000000 ) ;
#1048 = ADVANCED_FACE ( 'NONE', ( #1225 ), #1423, .F. ) ;
#1049 = DIRECTION ( 'NONE',  ( 9.227252531791526626E-17, 1.000000000000000000, -0.000000000000000000 ) ) ;
#1050 = DIRECTION ( 'NONE',  ( 0.000000000000000000, 1.000000000000000000, 0.000000000000000000 ) ) ;
#1051 = EDGE_LOOP ( 'NONE', ( #1464, #116, #284, #816 ) ) ;
#1052 = CARTESIAN_POINT ( 'NONE',  ( -13.13397459621555896, -2.500000000000001776, -3.000000000000000000 ) ) ;
#1053 = ORIENTED_EDGE ( 'NONE', *, *, #679, .T. ) ;
#1054 = CARTESIAN_POINT ( 'NONE',  ( -13.50000000000000000, 1.333974596215562025, 3.500000000000000000 ) ) ;
#1055 = AXIS2_PLACEMENT_3D ( 'NONE', #1109, #594, #1478 ) ;
#1056 = AXIS2_PLACEMENT_3D ( 'NONE', #1147, #268, #1675 ) ;
#1057 = AXIS2_PLACEMENT_3D ( 'NONE', #50, #777, #15 ) ;
#1058 = CIRCLE ( 'NONE', #2083, 0.5000000000000004441 ) ;
#1059 = SPHERICAL_SURFACE ( 'NONE', #1962, 0.5000000000000000000 ) ;
#1060 = EDGE_CURVE ( 'NONE', #2213, #1178, #1462, .T. ) ;
#1061 = VECTOR ( 'NONE', #1563, 1000.000000000000000 ) ;
#1062 = DIRECTION ( 'NONE',  ( 0.000000000000000000, -1.000000000000000000, 0.000000000000000000 ) ) ;
#1063 = VECTOR ( 'NONE', #332, 1000.000000000000000 ) ;
#1064 = ORIENTED_EDGE ( 'NONE', *, *, #394, .F. ) ;
#1065 = CARTESIAN_POINT ( 'NONE',  ( -13.50000000000000000, 1.333974596215562025, 3.000000000000000000 ) ) ;
#1066 = EDGE_CURVE ( 'NONE', #486, #2162, #2266, .T. ) ;
#1067 = DIRECTION ( 'NONE',  ( -0.5000000000000008882, -0.8660254037844381525, 0.000000000000000000 ) ) ;
#1068 = CARTESIAN_POINT ( 'NONE',  ( -12.49888930010697052, -1.400000000000001465, 3.000000000000000444 ) ) ;
#1069 = DIRECTION ( 'NONE',  ( 0.000000000000000000, 1.000000000000000000, 0.000000000000000000 ) ) ;
#1070 = CARTESIAN_POINT ( 'NONE',  ( -13.36491470389140979, -0.9000000000000007994, -3.000000000000000000 ) ) ;
#1071 = ADVANCED_FACE ( 'NONE', ( #1927 ), #1205, .T. ) ;
#1072 = VERTEX_POINT ( 'NONE', #1413 ) ;
#1073 = CARTESIAN_POINT ( 'NONE',  ( -10.00000000000000000, -2.500000000000001332, 3.000000000000000000 ) ) ;
#1074 = EDGE_LOOP ( 'NONE', ( #1595, #1706, #2269, #2234 ) ) ;
#1075 = EDGE_CURVE ( 'NONE', #336, #1322, #2184, .T. ) ;
#1076 = DIRECTION ( 'NONE',  ( 0.8660254037844362651, -0.5000000000000041078, 0.000000000000000000 ) ) ;
#1077 = AXIS2_PLACEMENT_3D ( 'NONE', #2105, #540, #550 ) ;
#1078 = FACE_OUTER_BOUND ( 'NONE', #1712, .T. ) ;
#1079 = DIRECTION ( 'NONE',  ( -0.000000000000000000, -0.000000000000000000, -1.000000000000000000 ) ) ;
#1080 = VERTEX_POINT ( 'NONE', #544 ) ;
#1081 = DIRECTION ( 'NONE',  ( 0.000000000000000000, 0.000000000000000000, -1.000000000000000000 ) ) ;
#1082 = APPROVAL ( #929, 'UNSPECIFIED' ) ;
#1083 = ORIENTED_EDGE ( 'NONE', *, *, #1360, .F. ) ;
#1084 = FACE_OUTER_BOUND ( 'NONE', #1450, .T. ) ;
#1085 = ADVANCED_FACE ( 'NONE', ( #1035 ), #1751, .T. ) ;
#1086 = CIRCLE ( 'NONE', #1891, 0.5000000000000000000 ) ;
#1087 = DIRECTION ( 'NONE',  ( 1.000000000000000000, 0.000000000000000000, -1.224646799147353207E-16 ) ) ;
#1088 = AXIS2_PLACEMENT_3D ( 'NONE', #1945, #1779, #216 ) ;
#1089 = VECTOR ( 'NONE', #1284, 1000.000000000000000 ) ;
#1090 = CARTESIAN_POINT ( 'NONE',  ( -2.849999999999999645, 0.4999999999999998890, -3.000000000000000444 ) ) ;
#1091 = DIRECTION ( 'NONE',  ( 0.000000000000000000, 0.000000000000000000, -1.000000000000000000 ) ) ;
#1092 = LINE ( 'NONE', #46, #1688 ) ;
#1093 = AXIS2_PLACEMENT_3D ( 'NONE', #2002, #1798, #1978 ) ;
#1094 = LINE ( 'NONE', #1130, #473 ) ;
#1095 = AXIS2_PLACEMENT_3D ( 'NONE', #881, #372, #1418 ) ;
#1096 = DIRECTION ( 'NONE',  ( -2.168404344971009361E-16, -1.000000000000000000, 0.000000000000000000 ) ) ;
#1097 = LOCAL_TIME ( 10, 39, 46.00000000000000000, #673 ) ;
#1098 = EDGE_CURVE ( 'NONE', #1501, #561, #524, .T. ) ;
#1099 = LINE ( 'NONE', #1815, #1953 ) ;
#1100 = ADVANCED_FACE ( 'NONE', ( #2277 ), #2255, .T. ) ;
#1101 = ORIENTED_EDGE ( 'NONE', *, *, #580, .T. ) ;
#1102 = DIRECTION ( 'NONE',  ( 0.000000000000000000, 0.000000000000000000, 1.000000000000000000 ) ) ;
#1103 = CARTESIAN_POINT ( 'NONE',  ( -10.49999999999999822, -2.500000000000001332, -2.602085213965210247E-15 ) ) ;
#1104 = DIRECTION ( 'NONE',  ( -1.000000000000000000, 0.000000000000000000, 0.000000000000000000 ) ) ;
#1105 = DIRECTION ( 'NONE',  ( 0.000000000000000000, -1.000000000000000000, 0.000000000000000000 ) ) ;
#1106 = CARTESIAN_POINT ( 'NONE',  ( 0.000000000000000000, -1.499999999999999778, 0.000000000000000000 ) ) ;
#1107 = ORIENTED_EDGE ( 'NONE', *, *, #665, .F. ) ;
#1108 = DIRECTION ( 'NONE',  ( -2.168404344971009115E-16, 1.000000000000000000, -9.403954806578308822E-32 ) ) ;
#1109 = CARTESIAN_POINT ( 'NONE',  ( 0.000000000000000000, -1.999999999999999556, 0.000000000000000000 ) ) ;
#1110 = EDGE_CURVE ( 'NONE', #330, #384, #2034, .T. ) ;
#1111 = APPLICATION_CONTEXT ( 'configuration controlled 3d designs of mechanical parts and assemblies' ) ;
#1112 = EDGE_LOOP ( 'NONE', ( #1701, #577, #704, #628 ) ) ;
#1113 = DIRECTION ( 'NONE',  ( 0.000000000000000000, -1.000000000000000000, 0.000000000000000000 ) ) ;
#1114 = EDGE_LOOP ( 'NONE', ( #1405, #2009, #931 ) ) ;
#1115 = CARTESIAN_POINT ( 'NONE',  ( -10.00000000000000000, -2.500000000000001332, 3.500000000000000000 ) ) ;
#1116 = EDGE_CURVE ( 'NONE', #336, #1386, #353, .T. ) ;
#1117 = AXIS2_PLACEMENT_3D ( 'NONE', #1938, #854, #120 ) ;
#1118 = DIRECTION ( 'NONE',  ( 0.000000000000000000, 0.000000000000000000, 1.000000000000000000 ) ) ;
#1119 = LINE ( 'NONE', #240, #1536 ) ;
#1120 = ORIENTED_EDGE ( 'NONE', *, *, #1527, .F. ) ;
#1121 = CIRCLE ( 'NONE', #118, 0.5000000000000000000 ) ;
#1122 = CARTESIAN_POINT ( 'NONE',  ( -12.93190200199918927, -0.6500000000000006883, -3.000000000000000000 ) ) ;
#1123 = DIRECTION ( 'NONE',  ( 1.191190382581906605E-16, -1.000000000000000000, -0.000000000000000000 ) ) ;
#1124 = ORIENTED_EDGE ( 'NONE', *, *, #1414, .T. ) ;
#1125 = VECTOR ( 'NONE', #1158, 1000.000000000000000 ) ;
#1126 = CARTESIAN_POINT ( 'NONE',  ( -12.49888930010697052, -1.400000000000000355, -3.000000000000000000 ) ) ;
#1127 = ORIENTED_EDGE ( 'NONE', *, *, #500, .F. ) ;
#1128 = EDGE_CURVE ( 'NONE', #2142, #1883, #432, .T. ) ;
#1129 = CARTESIAN_POINT ( 'NONE',  ( -2.349999999999999645, -0.5000000000000001110, -3.000000000000000444 ) ) ;
#1130 = CARTESIAN_POINT ( 'NONE',  ( -1.384087879768728871E-16, -1.499999999999999778, 3.500000000000000000 ) ) ;
#1131 = CIRCLE ( 'NONE', #803, 0.5000000000000000000 ) ;
#1132 = FACE_OUTER_BOUND ( 'NONE', #856, .T. ) ;
#1133 = ORIENTED_EDGE ( 'NONE', *, *, #142, .T. ) ;
#1134 = ORIENTED_EDGE ( 'NONE', *, *, #999, .F. ) ;
#1135 = AXIS2_PLACEMENT_3D ( 'NONE', #33, #1777, #1442 ) ;
#1136 = FACE_OUTER_BOUND ( 'NONE', #298, .T. ) ;
#1137 = CARTESIAN_POINT ( 'NONE',  ( 5.500000000000000000, 2.499999999999999556, 3.000000000000000000 ) ) ;
#1138 = ORIENTED_EDGE ( 'NONE', *, *, #1204, .T. ) ;
#1139 = VERTEX_POINT ( 'NONE', #670 ) ;
#1140 = DIRECTION ( 'NONE',  ( -1.000000000000000000, 0.000000000000000000, 0.000000000000000000 ) ) ;
#1141 = ORIENTED_EDGE ( 'NONE', *, *, #1417, .F. ) ;
#1142 = DIRECTION ( 'NONE',  ( 0.000000000000000000, 0.000000000000000000, -1.000000000000000000 ) ) ;
#1143 = DIRECTION ( 'NONE',  ( 0.8660254037844385966, -0.5000000000000000000, 0.000000000000000000 ) ) ;
#1144 = ORIENTED_EDGE ( 'NONE', *, *, #906, .T. ) ;
#1145 = EDGE_CURVE ( 'NONE', #1422, #605, #1381, .T. ) ;
#1146 = EDGE_CURVE ( 'NONE', #1034, #486, #2169, .T. ) ;
#1147 = CARTESIAN_POINT ( 'NONE',  ( -10.49999999999999822, -0.5000000000000011102, -3.000000000000000444 ) ) ;
#1148 = EDGE_LOOP ( 'NONE', ( #2104, #1526, #367, #1677 ) ) ;
#1149 = DATE_AND_TIME ( #625, #1210 ) ;
#1150 = EDGE_LOOP ( 'NONE', ( #1868, #71, #1167, #1133 ) ) ;
#1151 = FACE_OUTER_BOUND ( 'NONE', #1918, .T. ) ;
#1152 = DIRECTION ( 'NONE',  ( -1.000000000000000000, 0.000000000000000000, 0.000000000000000000 ) ) ;
#1153 = ORIENTED_EDGE ( 'NONE', *, *, #66, .T. ) ;
#1154 = DIRECTION ( 'NONE',  ( -0.000000000000000000, 1.000000000000000000, 0.000000000000000000 ) ) ;
#1155 = AXIS2_PLACEMENT_3D ( 'NONE', #676, #1207, #845 ) ;
#1156 = SPHERICAL_SURFACE ( 'NONE', #171, 0.5000000000000000000 ) ;
#1157 = VECTOR ( 'NONE', #1963, 1000.000000000000000 ) ;
#1158 = DIRECTION ( 'NONE',  ( 0.000000000000000000, 0.000000000000000000, -1.000000000000000000 ) ) ;
#1159 = EDGE_CURVE ( 'NONE', #1, #1289, #244, .T. ) ;
#1160 = VERTEX_POINT ( 'NONE', #601 ) ;
#1161 = ADVANCED_FACE ( 'NONE', ( #1256 ), #1969, .T. ) ;
#1162 = VERTEX_POINT ( 'NONE', #1122 ) ;
#1163 = AXIS2_PLACEMENT_3D ( 'NONE', #566, #581, #383 ) ;
#1164 = DIRECTION ( 'NONE',  ( 1.000000000000000000, -0.000000000000000000, 0.000000000000000000 ) ) ;
#1165 = CARTESIAN_POINT ( 'NONE',  ( -13.50000000000000000, 2.499999999999999556, 0.000000000000000000 ) ) ;
#1166 = AXIS2_PLACEMENT_3D ( 'NONE', #1907, #1393, #359 ) ;
#1167 = ORIENTED_EDGE ( 'NONE', *, *, #205, .T. ) ;
#1168 = CARTESIAN_POINT ( 'NONE',  ( 2.977975956454766266E-16, -2.500000000000000000, 3.000000000000000000 ) ) ;
#1169 = CIRCLE ( 'NONE', #2185, 0.5000000000000000000 ) ;
#1170 = CARTESIAN_POINT ( 'NONE',  ( -10.49999999999999822, -2.500000000000001332, -3.000000000000000000 ) ) ;
#1171 = CIRCLE ( 'NONE', #435, 0.5000000000000004441 ) ;
#1172 = CARTESIAN_POINT ( 'NONE',  ( 1.850000000000000089, -1.500000000000000000, -3.000000000000000444 ) ) ;
#1173 = VERTEX_POINT ( 'NONE', #1459 ) ;
#1174 = EDGE_CURVE ( 'NONE', #108, #2212, #388, .T. ) ;
#1175 = ORIENTED_EDGE ( 'NONE', *, *, #496, .T. ) ;
#1176 = ADVANCED_FACE ( 'NONE', ( #1084 ), #1297, .T. ) ;
#1177 = CARTESIAN_POINT ( 'NONE',  ( -12.49888930010697052, -1.400000000000000355, -3.500000000000000000 ) ) ;
#1178 = VERTEX_POINT ( 'NONE', #751 ) ;
#1179 = DIRECTION ( 'NONE',  ( 0.000000000000000000, 0.000000000000000000, 1.000000000000000000 ) ) ;
#1180 = LINE ( 'NONE', #300, #1818 ) ;
#1181 = B_SPLINE_CURVE_WITH_KNOTS ( 'NONE', 3,
 ( #1882, #2074, #2225, #1363, #1541, #1187 ),
 .UNSPECIFIED., .F., .F.,
 ( 4, 2, 4 ),
 ( -6.265259513591319584E-06, 0.0005468326441380334108, 0.001099930547789658300 ),
 .UNSPECIFIED. ) ;
#1182 = CARTESIAN_POINT ( 'NONE',  ( -12.78756443470178361, -0.9000000000000004663, -3.000000000000000000 ) ) ;
#1183 = DIRECTION ( 'NONE',  ( -0.8660254037844385966, -0.5000000000000000000, 0.000000000000000000 ) ) ;
#1184 = ADVANCED_FACE ( 'NONE', ( #905 ), #418, .T. ) ;
#1185 = DIRECTION ( 'NONE',  ( -0.000000000000000000, -0.000000000000000000, 1.000000000000000000 ) ) ;
#1186 = ADVANCED_FACE ( 'NONE', ( #1136 ), #1993, .T. ) ;
#1187 = CARTESIAN_POINT ( 'NONE',  ( 2.000000000000026645, -1.976969600708559094, -9.675065195979921960E-14 ) ) ;
#1188 = ORIENTED_EDGE ( 'NONE', *, *, #2077, .T. ) ;
#1189 = VERTEX_POINT ( 'NONE', #928 ) ;
#1190 = DIRECTION ( 'NONE',  ( 1.747729060459022802E-16, 1.000000000000000000, -0.000000000000000000 ) ) ;
#1191 = CARTESIAN_POINT ( 'NONE',  ( -9.499999999999998224, 0.4999999999999987232, -3.500000000000000000 ) ) ;
#1192 = AXIS2_PLACEMENT_3D ( 'NONE', #1070, #1765, #11 ) ;
#1193 = DIRECTION ( 'NONE',  ( 0.000000000000000000, 0.000000000000000000, -1.000000000000000000 ) ) ;
#1194 = VECTOR ( 'NONE', #759, 1000.000000000000000 ) ;
#1195 = DIRECTION ( 'NONE',  ( -1.000000000000000000, 0.000000000000000000, 0.000000000000000000 ) ) ;
#1196 = ADVANCED_FACE ( 'NONE', ( #579 ), #408, .T. ) ;
#1197 = AXIS2_PLACEMENT_3D ( 'NONE', #1497, #1280, #982 ) ;
#1198 = CARTESIAN_POINT ( 'NONE',  ( 5.500000000000000000, 2.499999999999999556, 3.500000000000000000 ) ) ;
#1199 = DIRECTION ( 'NONE',  ( -2.168404344971009361E-16, -1.000000000000000000, 0.000000000000000000 ) ) ;
#1200 = ORIENTED_EDGE ( 'NONE', *, *, #63, .T. ) ;
#1201 = ADVANCED_FACE ( 'NONE', ( #393 ), #554, .T. ) ;
#1202 = CARTESIAN_POINT ( 'NONE',  ( -13.50000000000000000, 2.499999999999999556, 3.000000000000000000 ) ) ;
#1203 = ORIENTED_EDGE ( 'NONE', *, *, #1060, .F. ) ;
#1204 = EDGE_CURVE ( 'NONE', #713, #374, #2036, .T. ) ;
#1205 = CYLINDRICAL_SURFACE ( 'NONE', #166, 0.5000000000000000000 ) ;
#1206 = ORIENTED_EDGE ( 'NONE', *, *, #2099, .T. ) ;
#1207 = DIRECTION ( 'NONE',  ( -1.000000000000000000, 9.227252531791526626E-17, 0.000000000000000000 ) ) ;
#1208 = AXIS2_PLACEMENT_3D ( 'NONE', #1030, #655, #981 ) ;
#1209 = ORIENTED_EDGE ( 'NONE', *, *, #1917, .T. ) ;
#1210 = LOCAL_TIME ( 10, 39, 46.00000000000000000, #1713 ) ;
#1211 = DIRECTION ( 'NONE',  ( -9.227252531791526626E-17, -1.000000000000000000, 0.000000000000000000 ) ) ;
#1212 = DIRECTION ( 'NONE',  ( 0.000000000000000000, 0.000000000000000000, -1.000000000000000000 ) ) ;
#1213 = ORIENTED_EDGE ( 'NONE', *, *, #1414, .F. ) ;
#1214 = DIRECTION ( 'NONE',  ( 1.000000000000000000, 8.673617379884027583E-16, 0.000000000000000000 ) ) ;
#1215 = EDGE_CURVE ( 'NONE', #586, #1289, #1436, .T. ) ;
#1216 = EDGE_LOOP ( 'NONE', ( #597, #1562, #735 ) ) ;
#1217 = CARTESIAN_POINT ( 'NONE',  ( -9.500000000000000000, -1.249626278228201282E-15, 3.000000000000000000 ) ) ;
#1218 = EDGE_CURVE ( 'NONE', #786, #108, #1131, .T. ) ;
#1219 = VERTEX_POINT ( 'NONE', #1267 ) ;
#1220 = EDGE_LOOP ( 'NONE', ( #2206, #2041, #2270 ) ) ;
#1221 = DIRECTION ( 'NONE',  ( -0.8660254037844385966, 0.5000000000000000000, 0.000000000000000000 ) ) ;
#1222 = CARTESIAN_POINT ( 'NONE',  ( -1.850000000000000089, -1.499999999999999778, 3.000000000000000000 ) ) ;
#1223 = ORIENTED_EDGE ( 'NONE', *, *, #1908, .T. ) ;
#1224 = DIRECTION ( 'NONE',  ( -0.8660254037844383745, -0.5000000000000003331, 0.000000000000000000 ) ) ;
#1225 = FACE_OUTER_BOUND ( 'NONE', #1150, .T. ) ;
#1226 = AXIS2_PLACEMENT_3D ( 'NONE', #495, #1195, #1890 ) ;
#1227 = ADVANCED_FACE ( 'NONE', ( #942 ), #1642, .T. ) ;
#1228 = VECTOR ( 'NONE', #1050, 1000.000000000000000 ) ;
#1229 = FACE_OUTER_BOUND ( 'NONE', #785, .T. ) ;
#1230 = EDGE_CURVE ( 'NONE', #2035, #134, #1270, .T. ) ;
#1231 = ORIENTED_EDGE ( 'NONE', *, *, #2160, .T. ) ;
#1232 = DIRECTION ( 'NONE',  ( 0.5000000000000008882, 0.8660254037844381525, 0.000000000000000000 ) ) ;
#1233 = FACE_OUTER_BOUND ( 'NONE', #1019, .T. ) ;
#1234 = ORIENTED_EDGE ( 'NONE', *, *, #1549, .F. ) ;
#1235 = DIRECTION ( 'NONE',  ( 2.168404344971009361E-16, 1.000000000000000000, 0.000000000000000000 ) ) ;
#1236 = CARTESIAN_POINT ( 'NONE',  ( -9.499999999999998224, -0.5000000000000008882, -3.000000000000000444 ) ) ;
#1237 = AXIS2_PLACEMENT_3D ( 'NONE', #1137, #1656, #1995 ) ;
#1238 = AXIS2_PLACEMENT_3D ( 'NONE', #88, #1367, #2043 ) ;
#1239 = CIRCLE ( 'NONE', #730, 0.5000000000000000000 ) ;
#1240 = DIRECTION ( 'NONE',  ( 0.000000000000000000, 1.000000000000000000, 0.000000000000000000 ) ) ;
#1241 = VECTOR ( 'NONE', #692, 1000.000000000000000 ) ;
#1242 = CARTESIAN_POINT ( 'NONE',  ( -1.849999999999999867, -1.499999999999999556, -3.000000000000000000 ) ) ;
#1243 = EDGE_CURVE ( 'NONE', #410, #374, #1663, .T. ) ;
#1244 =( GEOMETRIC_REPRESENTATION_CONTEXT ( 3 ) GLOBAL_UNCERTAINTY_ASSIGNED_CONTEXT ( ( #2011 ) ) GLOBAL_UNIT_ASSIGNED_CONTEXT ( ( #1856, #844, #1694 ) ) REPRESENTATION_CONTEXT ( 'NONE', 'WORKASPACE' ) );
#1245 = ORIENTED_EDGE ( 'NONE', *, *, #2077, .F. ) ;
#1246 = LINE ( 'NONE', #23, #542 ) ;
#1247 = EDGE_LOOP ( 'NONE', ( #1630, #1144, #876 ) ) ;
#1248 = DIRECTION ( 'NONE',  ( 0.5000000000000035527, 0.8660254037844367092, -0.000000000000000000 ) ) ;
#1249 = PERSON ( 'UNSPECIFIED', 'UNSPECIFIED', 'UNSPECIFIED', ('UNSPECIFIED'), ('UNSPECIFIED'), ('UNSPECIFIED') ) ;
#1250 = CARTESIAN_POINT ( 'NONE',  ( 0.000000000000000000, -1.499999999999999778, 0.000000000000000000 ) ) ;
#1251 = CARTESIAN_POINT ( 'NONE',  ( 1.850000000000000089, -1.500000000000000000, -3.000000000000000000 ) ) ;
#1252 = ORIENTED_EDGE ( 'NONE', *, *, #696, .T. ) ;
#1253 = ADVANCED_FACE ( 'NONE', ( #2181 ), #504, .T. ) ;
#1254 = LINE ( 'NONE', #2137, #2224 ) ;
#1255 = VERTEX_POINT ( 'NONE', #1353 ) ;
#1256 = FACE_OUTER_BOUND ( 'NONE', #2068, .T. ) ;
#1257 = CARTESIAN_POINT ( 'NONE',  ( 2.349999999999999645, -9.629649721936179265E-32, 3.000000000000000000 ) ) ;
#1258 = VECTOR ( 'NONE', #1592, 1000.000000000000000 ) ;
#1259 = ORIENTED_EDGE ( 'NONE', *, *, #897, .F. ) ;
#1260 = TOROIDAL_SURFACE ( 'NONE', #1077, 1.000000000000000000, 0.5000000000000000000 ) ;
#1261 = CARTESIAN_POINT ( 'NONE',  ( -14.00000000000000000, 1.333974596215561581, 3.500000000000000000 ) ) ;
#1262 = DIRECTION ( 'NONE',  ( -0.000000000000000000, -0.000000000000000000, 1.000000000000000000 ) ) ;
#1263 = CARTESIAN_POINT ( 'NONE',  ( -13.50000000000000000, 2.499999999999999556, 3.500000000000000000 ) ) ;
#1264 = DIRECTION ( 'NONE',  ( -1.000000000000000000, 5.421010862427517437E-15, 0.000000000000000000 ) ) ;
#1265 = ORIENTED_EDGE ( 'NONE', *, *, #580, .F. ) ;
#1266 = EDGE_CURVE ( 'NONE', #2019, #1555, #650, .T. ) ;
#1267 = CARTESIAN_POINT ( 'NONE',  ( 5.500000000000000000, 2.499999999999999556, -3.500000000000000000 ) ) ;
#1268 = EDGE_CURVE ( 'NONE', #1, #1875, #1169, .T. ) ;
#1269 = AXIS2_PLACEMENT_3D ( 'NONE', #555, #603, #409 ) ;
#1270 = B_SPLINE_CURVE_WITH_KNOTS ( 'NONE', 3,
 ( #1637, #1606, #731, #2028, #1674, #659 ),
 .UNSPECIFIED., .F., .F.,
 ( 4, 2, 4 ),
 ( 0.001099930547789674563, 0.001654779147594208875, 0.002209627747398743187 ),
 .UNSPECIFIED. ) ;
#1271 = CARTESIAN_POINT ( 'NONE',  ( 2.632990618166809235E-16, 2.499999999999999112, 2.149999999999999911 ) ) ;
#1272 = VERTEX_POINT ( 'NONE', #801 ) ;
#1273 = CARTESIAN_POINT ( 'NONE',  ( 2.349999999999999645, -0.5000000000000001110, 3.500000000000000000 ) ) ;
#1274 = ORIENTED_EDGE ( 'NONE', *, *, #1972, .F. ) ;
#1275 = LINE ( 'NONE', #1115, #1341 ) ;
#1276 = AXIS2_PLACEMENT_3D ( 'NONE', #2178, #1319, #2138 ) ;
#1277 = DIRECTION ( 'NONE',  ( -1.000000000000000000, 0.000000000000000000, 6.938893903907222067E-15 ) ) ;
#1278 = AXIS2_PLACEMENT_3D ( 'NONE', #354, #1211, #1902 ) ;
#1279 = FACE_OUTER_BOUND ( 'NONE', #2040, .T. ) ;
#1280 = DIRECTION ( 'NONE',  ( -9.227252531791526626E-17, -1.000000000000000000, 0.000000000000000000 ) ) ;
#1281 = ORIENTED_EDGE ( 'NONE', *, *, #1075, .T. ) ;
#1282 = ORIENTED_EDGE ( 'NONE', *, *, #1955, .T. ) ;
#1283 = CC_DESIGN_APPROVAL ( #891, ( #441 ) ) ;
#1284 = DIRECTION ( 'NONE',  ( 2.478176394252581634E-16, 4.331180901178793548E-32, -1.000000000000000000 ) ) ;
#1285 = ADVANCED_FACE ( 'NONE', ( #1519 ), #1156, .T. ) ;
#1286 = CALENDAR_DATE ( 2025, 23, 5 ) ;
#1287 = DIRECTION ( 'NONE',  ( -1.191190382581906605E-16, 1.000000000000000000, 0.000000000000000000 ) ) ;
#1288 = ADVANCED_FACE ( 'NONE', ( #289 ), #488, .T. ) ;
#1289 = VERTEX_POINT ( 'NONE', #2215 ) ;
#1290 = CYLINDRICAL_SURFACE ( 'NONE', #847, 0.5000000000000000000 ) ;
#1291 = ORIENTED_EDGE ( 'NONE', *, *, #1146, .T. ) ;
#1292 = CARTESIAN_POINT ( 'NONE',  ( -10.00000000000000000, -3.000000000000001332, 3.000000000000000000 ) ) ;
#1293 = LINE ( 'NONE', #1965, #95 ) ;
#1294 = FACE_OUTER_BOUND ( 'NONE', #176, .T. ) ;
#1295 = DIRECTION ( 'NONE',  ( 2.168404344971008868E-16, -1.000000000000000000, -0.000000000000000000 ) ) ;
#1296 = VERTEX_POINT ( 'NONE', #611 ) ;
#1297 = SPHERICAL_SURFACE ( 'NONE', #1545, 0.5000000000000000000 ) ;
#1298 = ADVANCED_FACE ( 'NONE', ( #1509 ), #1864, .T. ) ;
#1299 = CARTESIAN_POINT ( 'NONE',  ( 5.500000000000000000, -6.379211070675434126E-16, -3.000000000000000444 ) ) ;
#1300 = ORIENTED_EDGE ( 'NONE', *, *, #1215, .F. ) ;
#1301 = ADVANCED_FACE ( 'NONE', ( #631 ), #1323, .F. ) ;
#1302 = ORIENTED_EDGE ( 'NONE', *, *, #825, .F. ) ;
#1303 = CARTESIAN_POINT ( 'NONE',  ( 1.849999999999999867, -1.500000000000000000, 3.000000000000000000 ) ) ;
#1304 = ORIENTED_EDGE ( 'NONE', *, *, #1842, .T. ) ;
#1305 = EDGE_CURVE ( 'NONE', #430, #1906, #1499, .T. ) ;
#1306 = AXIS2_PLACEMENT_3D ( 'NONE', #1165, #1031, #321 ) ;
#1307 = FACE_OUTER_BOUND ( 'NONE', #2156, .T. ) ;
#1308 = CARTESIAN_POINT ( 'NONE',  ( -9.499999999999998224, -0.5000000000000008882, -3.000000000000000444 ) ) ;
#1309 = DIRECTION ( 'NONE',  ( -0.000000000000000000, -0.000000000000000000, 1.000000000000000000 ) ) ;
#1310 = ORIENTED_EDGE ( 'NONE', *, *, #2115, .F. ) ;
#1311 = CARTESIAN_POINT ( 'NONE',  ( 2.849999999999999645, -0.5000000000000000000, -3.500000000000000000 ) ) ;
#1312 = DIRECTION ( 'NONE',  ( -1.747729060459022802E-16, 1.000000000000000000, 0.000000000000000000 ) ) ;
#1313 = ORIENTED_EDGE ( 'NONE', *, *, #76, .F. ) ;
#1314 = AXIS2_PLACEMENT_3D ( 'NONE', #140, #1548, #1520 ) ;
#1315 = EDGE_LOOP ( 'NONE', ( #370, #1127, #1492, #604 ) ) ;
#1316 = DIRECTION ( 'NONE',  ( -0.000000000000000000, -0.000000000000000000, 1.000000000000000000 ) ) ;
#1317 = EDGE_LOOP ( 'NONE', ( #1934, #1000, #477, #927 ) ) ;
#1318 = AXIS2_PLACEMENT_3D ( 'NONE', #888, #338, #535 ) ;
#1319 = DIRECTION ( 'NONE',  ( 9.227252531791526626E-17, 1.000000000000000000, -0.000000000000000000 ) ) ;
#1320 = EDGE_CURVE ( 'NONE', #520, #410, #1926, .T. ) ;
#1321 = CARTESIAN_POINT ( 'NONE',  ( -13.13397459621555896, -2.500000000000001332, -3.000000000000000000 ) ) ;
#1322 = VERTEX_POINT ( 'NONE', #974 ) ;
#1323 = PLANE ( 'NONE',  #52 ) ;
#1324 = CARTESIAN_POINT ( 'NONE',  ( 2.632990618166809235E-16, 2.999999999999999112, 2.149999999999999911 ) ) ;
#1325 = VERTEX_POINT ( 'NONE', #643 ) ;
#1326 = DIRECTION ( 'NONE',  ( -1.000000000000000000, -2.168404344971008868E-16, 0.000000000000000000 ) ) ;
#1327 = DIRECTION ( 'NONE',  ( -0.5000000000000002220, 0.8660254037844387076, -0.000000000000000000 ) ) ;
#1328 = ORIENTED_EDGE ( 'NONE', *, *, #1440, .F. ) ;
#1329 = EDGE_CURVE ( 'NONE', #1623, #2212, #1180, .T. ) ;
#1330 = CARTESIAN_POINT ( 'NONE',  ( -13.13397459621555896, -2.500000000000001776, 3.000000000000000000 ) ) ;
#1331 = ADVANCED_FACE ( 'NONE', ( #1012 ), #279, .F. ) ;
#1332 = DIRECTION ( 'NONE',  ( 0.000000000000000000, -0.000000000000000000, -1.000000000000000000 ) ) ;
#1333 = ORIENTED_EDGE ( 'NONE', *, *, #382, .F. ) ;
#1334 = CARTESIAN_POINT ( 'NONE',  ( 2.849999999999999645, 0.4999999999999997780, -3.000000000000000000 ) ) ;
#1335 = EDGE_LOOP ( 'NONE', ( #1973, #552, #1411, #2222 ) ) ;
#1336 = DIRECTION ( 'NONE',  ( 0.000000000000000000, 0.000000000000000000, -1.000000000000000000 ) ) ;
#1337 = CARTESIAN_POINT ( 'NONE',  ( -13.56698729810777948, -2.250000000000000888, 3.000000000000000444 ) ) ;
#1338 = ORIENTED_EDGE ( 'NONE', *, *, #1204, .F. ) ;
#1339 = AXIS2_PLACEMENT_3D ( 'NONE', #297, #680, #656 ) ;
#1340 = DIRECTION ( 'NONE',  ( -1.000000000000000000, 1.314184451497581013E-16, 0.000000000000000000 ) ) ;
#1341 = VECTOR ( 'NONE', #59, 1000.000000000000000 ) ;
#1342 = EDGE_CURVE ( 'NONE', #2164, #1139, #131, .T. ) ;
#1343 = CARTESIAN_POINT ( 'NONE',  ( -9.499999999999998224, 0.4999999999999987232, -3.000000000000000000 ) ) ;
#1344 = ADVANCED_FACE ( 'NONE', ( #986 ), #101, .T. ) ;
#1345 = VERTEX_POINT ( 'NONE', #182 ) ;
#1346 = CIRCLE ( 'NONE', #944, 0.5000000000000000000 ) ;
#1347 = ORIENTED_EDGE ( 'NONE', *, *, #1116, .F. ) ;
#1348 = LINE ( 'NONE', #2037, #1430 ) ;
#1349 = FACE_OUTER_BOUND ( 'NONE', #1724, .T. ) ;
#1350 = AXIS2_PLACEMENT_3D ( 'NONE', #877, #2110, #2092 ) ;
#1351 = EDGE_LOOP ( 'NONE', ( #1398, #861, #595, #873 ) ) ;
#1352 = DIRECTION ( 'NONE',  ( 0.000000000000000000, 0.000000000000000000, 1.000000000000000000 ) ) ;
#1353 = CARTESIAN_POINT ( 'NONE',  ( -13.93301270189221874, 1.083974596215560915, 3.000000000000000444 ) ) ;
#1354 = DIRECTION ( 'NONE',  ( 0.000000000000000000, -4.336808689942017736E-16, -1.000000000000000000 ) ) ;
#1355 = AXIS2_PLACEMENT_3D ( 'NONE', #1483, #925, #1605 ) ;
#1356 = EDGE_CURVE ( 'NONE', #1686, #1219, #1750, .T. ) ;
#1357 = LINE ( 'NONE', #479, #1503 ) ;
#1358 = AXIS2_PLACEMENT_3D ( 'NONE', #969, #1836, #1809 ) ;
#1359 = EDGE_LOOP ( 'NONE', ( #2240, #1200, #1223, #24 ) ) ;
#1360 = EDGE_CURVE ( 'NONE', #1686, #410, #2109, .T. ) ;
#1361 = CARTESIAN_POINT ( 'NONE',  ( 0.000000000000000000, 0.000000000000000000, 0.000000000000000000 ) ) ;
#1362 = LINE ( 'NONE', #2050, #990 ) ;
#1363 = CARTESIAN_POINT ( 'NONE',  ( 1.987007167428582965, -1.981559572128748892, 0.3704976903588270143 ) ) ;
#1364 = EDGE_LOOP ( 'NONE', ( #1693, #868, #528, #1766 ) ) ;
#1365 = ORIENTED_EDGE ( 'NONE', *, *, #619, .T. ) ;
#1366 = CARTESIAN_POINT ( 'NONE',  ( 6.000000000000000000, -6.379211070675434126E-16, 3.500000000000000000 ) ) ;
#1367 = DIRECTION ( 'NONE',  ( -0.000000000000000000, 0.000000000000000000, 1.000000000000000000 ) ) ;
#1368 = PLANE ( 'NONE',  #1380 ) ;
#1369 = CARTESIAN_POINT ( 'NONE',  ( 1.999999999998139932, -1.976969600709690633, -0.1857685022376364126 ) ) ;
#1370 = ORIENTED_EDGE ( 'NONE', *, *, #867, .T. ) ;
#1371 = EDGE_CURVE ( 'NONE', #947, #363, #2260, .T. ) ;
#1372 = FACE_OUTER_BOUND ( 'NONE', #610, .T. ) ;
#1373 = ADVANCED_FACE ( 'NONE', ( #159 ), #2107, .F. ) ;
#1374 = FACE_OUTER_BOUND ( 'NONE', #984, .T. ) ;
#1375 = LINE ( 'NONE', #498, #898 ) ;
#1376 = EDGE_CURVE ( 'NONE', #1322, #1883, #874, .T. ) ;
#1377 = ORIENTED_EDGE ( 'NONE', *, *, #8, .T. ) ;
#1378 = DIRECTION ( 'NONE',  ( -1.000000000000000000, 0.000000000000000000, 0.000000000000000000 ) ) ;
#1379 = CARTESIAN_POINT ( 'NONE',  ( -13.50000000000000000, 1.333974596215561581, -3.000000000000000000 ) ) ;
#1380 = AXIS2_PLACEMENT_3D ( 'NONE', #2054, #1732, #489 ) ;
#1381 = LINE ( 'NONE', #2070, #688 ) ;
#1382 = CIRCLE ( 'NONE', #346, 1.650000000000000133 ) ;
#1383 = VERTEX_POINT ( 'NONE', #1191 ) ;
#1384 = FACE_OUTER_BOUND ( 'NONE', #1793, .T. ) ;
#1385 = CARTESIAN_POINT ( 'NONE',  ( -13.63397459621555896, -2.500000000000001776, -3.000000000000000000 ) ) ;
#1386 = VERTEX_POINT ( 'NONE', #1596 ) ;
#1387 = ORIENTED_EDGE ( 'NONE', *, *, #142, .F. ) ;
#1388 = ADVANCED_FACE ( 'NONE', ( #522 ), #323, .T. ) ;
#1389 = CARTESIAN_POINT ( 'NONE',  ( -2.349999999999999645, -4.814824860968089633E-32, 3.500000000000000000 ) ) ;
#1390 = ORIENTED_EDGE ( 'NONE', *, *, #1908, .F. ) ;
#1391 = CARTESIAN_POINT ( 'NONE',  ( 1.849999999999999867, -0.5000000000000002220, 3.000000000000000000 ) ) ;
#1392 = AXIS2_PLACEMENT_3D ( 'NONE', #1033, #1556, #1224 ) ;
#1393 = DIRECTION ( 'NONE',  ( 2.168404344971009361E-16, 1.000000000000000000, 0.000000000000000000 ) ) ;
#1394 = ORIENTED_EDGE ( 'NONE', *, *, #1075, .F. ) ;
#1395 = AXIS2_PLACEMENT_3D ( 'NONE', #124, #1839, #1340 ) ;
#1396 = AXIS2_PLACEMENT_3D ( 'NONE', #1052, #699, #2241 ) ;
#1397 = LINE ( 'NONE', #340, #1258 ) ;
#1398 = ORIENTED_EDGE ( 'NONE', *, *, #1854, .T. ) ;
#1399 = DIRECTION ( 'NONE',  ( 1.000000000000000000, 0.000000000000000000, 0.000000000000000000 ) ) ;
#1400 = LINE ( 'NONE', #2259, #1157 ) ;
#1401 = ORIENTED_EDGE ( 'NONE', *, *, #1932, .T. ) ;
#1402 = EDGE_CURVE ( 'NONE', #710, #172, #202, .T. ) ;
#1403 = ORIENTED_EDGE ( 'NONE', *, *, #976, .T. ) ;
#1404 = CARTESIAN_POINT ( 'NONE',  ( 1.850000000000000089, -1.500000000000000000, 3.000000000000000000 ) ) ;
#1405 = ORIENTED_EDGE ( 'NONE', *, *, #2235, .T. ) ;
#1406 = EDGE_CURVE ( 'NONE', #1975, #605, #1683, .T. ) ;
#1407 = DIRECTION ( 'NONE',  ( 0.000000000000000000, 0.000000000000000000, -1.000000000000000000 ) ) ;
#1408 = ADVANCED_FACE ( 'NONE', ( #2067 ), #357, .T. ) ;
#1409 = PLANE ( 'NONE',  #1585 ) ;
#1410 = CARTESIAN_POINT ( 'NONE',  ( -8.767949192431109040, 5.062177826491074839, 3.500000000000000000 ) ) ;
#1411 = ORIENTED_EDGE ( 'NONE', *, *, #312, .T. ) ;
#1412 = CARTESIAN_POINT ( 'NONE',  ( -13.50000000000000000, 2.499999999999999556, -3.000000000000000000 ) ) ;
#1413 = CARTESIAN_POINT ( 'NONE',  ( -1.850000000000000089, -1.999999999999999556, -3.000000000000000444 ) ) ;
#1414 = EDGE_CURVE ( 'NONE', #831, #1219, #987, .T. ) ;
#1415 = APPROVAL_STATUS ( 'not_yet_approved' ) ;
#1416 = AXIS2_PLACEMENT_3D ( 'NONE', #1170, #2242, #1532 ) ;
#1417 = EDGE_CURVE ( 'NONE', #1501, #314, #690, .T. ) ;
#1418 = DIRECTION ( 'NONE',  ( 0.000000000000000000, -1.000000000000000000, 8.673617379884035472E-16 ) ) ;
#1419 = DIRECTION ( 'NONE',  ( 1.000000000000000000, 0.000000000000000000, 0.000000000000000000 ) ) ;
#1420 = ORIENTED_EDGE ( 'NONE', *, *, #1371, .F. ) ;
#1421 = DIRECTION ( 'NONE',  ( 0.000000000000000000, 0.000000000000000000, 1.000000000000000000 ) ) ;
#1422 = VERTEX_POINT ( 'NONE', #534 ) ;
#1423 = PLANE ( 'NONE',  #1817 ) ;
#1424 = VECTOR ( 'NONE', #1123, 1000.000000000000000 ) ;
#1425 = VECTOR ( 'NONE', #1591, 1000.000000000000000 ) ;
#1426 = AXIS2_PLACEMENT_3D ( 'NONE', #1412, #893, #1421 ) ;
#1427 = ADVANCED_FACE ( 'NONE', ( #669 ), #1579, .T. ) ;
#1428 = ORIENTED_EDGE ( 'NONE', *, *, #1518, .F. ) ;
#1429 = DIRECTION ( 'NONE',  ( -1.000000000000000000, 9.227252531791526626E-17, 0.000000000000000000 ) ) ;
#1430 = VECTOR ( 'NONE', #319, 1000.000000000000000 ) ;
#1431 = DIRECTION ( 'NONE',  ( -1.000000000000000000, 0.000000000000000000, 0.000000000000000000 ) ) ;
#1432 = DIRECTION ( 'NONE',  ( -1.000000000000000000, 0.000000000000000000, 0.000000000000000000 ) ) ;
#1433 = AXIS2_PLACEMENT_3D ( 'NONE', #782, #1491, #2134 ) ;
#1434 = EDGE_LOOP ( 'NONE', ( #31, #858, #1773, #149 ) ) ;
#1435 = DIRECTION ( 'NONE',  ( 0.000000000000000000, 0.000000000000000000, -1.000000000000000000 ) ) ;
#1436 = LINE ( 'NONE', #954, #574 ) ;
#1437 = DATE_AND_TIME ( #1625, #2267 ) ;
#1438 = ORIENTED_EDGE ( 'NONE', *, *, #797, .F. ) ;
#1439 = FACE_OUTER_BOUND ( 'NONE', #1315, .T. ) ;
#1440 = EDGE_CURVE ( 'NONE', #294, #1037, #1171, .T. ) ;
#1441 = DIRECTION ( 'NONE',  ( 1.000000000000000000, -4.336808689942017736E-16, -0.000000000000000000 ) ) ;
#1442 = DIRECTION ( 'NONE',  ( 0.000000000000000000, 0.000000000000000000, -1.000000000000000000 ) ) ;
#1443 = ADVANCED_FACE ( 'NONE', ( #1905 ), #2274, .T. ) ;
#1444 = ORIENTED_EDGE ( 'NONE', *, *, #1560, .F. ) ;
#1445 = DIRECTION ( 'NONE',  ( 1.000000000000000000, 2.168404344971008868E-16, 0.000000000000000000 ) ) ;
#1446 = APPROVAL_ROLE ( '' ) ;
#1447 = LINE ( 'NONE', #2159, #241 ) ;
#1448 = CIRCLE ( 'NONE', #2131, 0.5000000000000000000 ) ;
#1449 = DIRECTION ( 'NONE',  ( 0.000000000000000000, -1.000000000000000000, 1.734723475976807094E-15 ) ) ;
#1450 = EDGE_LOOP ( 'NONE', ( #681, #37, #436 ) ) ;
#1451 = DIRECTION ( 'NONE',  ( -1.000000000000000000, 0.000000000000000000, 0.000000000000000000 ) ) ;
#1452 = EDGE_CURVE ( 'NONE', #172, #1080, #204, .T. ) ;
#1453 = DIRECTION ( 'NONE',  ( -0.000000000000000000, -0.000000000000000000, 1.000000000000000000 ) ) ;
#1454 = CARTESIAN_POINT ( 'NONE',  ( 6.000000000000000000, 0.4999999999999993339, 3.500000000000000000 ) ) ;
#1455 = DIRECTION ( 'NONE',  ( -0.000000000000000000, 1.000000000000000000, -0.000000000000000000 ) ) ;
#1456 = ORIENTED_EDGE ( 'NONE', *, *, #1342, .T. ) ;
#1457 = EDGE_LOOP ( 'NONE', ( #903, #1862, #2264, #147 ) ) ;
#1458 = EDGE_CURVE ( 'NONE', #710, #1080, #1646, .T. ) ;
#1459 = CARTESIAN_POINT ( 'NONE',  ( 1.850000000000000089, -1.500000000000000000, -3.500000000000000000 ) ) ;
#1460 = AXIS2_PLACEMENT_3D ( 'NONE', #613, #647, #633 ) ;
#1461 = DIRECTION ( 'NONE',  ( 0.000000000000000000, -1.000000000000000000, 0.000000000000000000 ) ) ;
#1462 = CIRCLE ( 'NONE', #1855, 1.000000000000000000 ) ;
#1463 = AXIS2_PLACEMENT_3D ( 'NONE', #1168, #1001, #2016 ) ;
#1464 = ORIENTED_EDGE ( 'NONE', *, *, #1023, .F. ) ;
#1465 = DIRECTION ( 'NONE',  ( 0.000000000000000000, 0.000000000000000000, -1.000000000000000000 ) ) ;
#1466 = ORIENTED_EDGE ( 'NONE', *, *, #924, .T. ) ;
#1467 = CARTESIAN_POINT ( 'NONE',  ( 2.350000000000000089, -1.499999999999999778, 3.500000000000000000 ) ) ;
#1468 = VECTOR ( 'NONE', #214, 1000.000000000000000 ) ;
#1469 = CARTESIAN_POINT ( 'NONE',  ( -13.36491470389140979, -0.9000000000000007994, -3.000000000000000000 ) ) ;
#1470 = AXIS2_PLACEMENT_3D ( 'NONE', #426, #1484, #253 ) ;
#1471 = CARTESIAN_POINT ( 'NONE',  ( -9.500000000000000000, -0.5000000000000008882, 3.500000000000000000 ) ) ;
#1472 = DIRECTION ( 'NONE',  ( -0.000000000000000000, 0.000000000000000000, 1.000000000000000000 ) ) ;
#1473 = CC_DESIGN_PERSON_AND_ORGANIZATION_ASSIGNMENT ( #2101, #907, ( #1901 ) ) ;
#1474 = ORIENTED_EDGE ( 'NONE', *, *, #630, .F. ) ;
#1475 = B_SPLINE_CURVE_WITH_KNOTS ( 'NONE', 3,
 ( #2030, #1369, #490, #2183, #290, #1851 ),
 .UNSPECIFIED., .F., .F.,
 ( 4, 2, 4 ),
 ( 0.001099930547789658300, 0.001654779147594190661, 0.002209627747398722804 ),
 .UNSPECIFIED. ) ;
#1476 = AXIS2_PLACEMENT_3D ( 'NONE', #1126, #386, #1820 ) ;
#1477 = CARTESIAN_POINT ( 'NONE',  ( 5.500000000000000000, 2.499999999999999556, 3.000000000000000000 ) ) ;
#1478 = DIRECTION ( 'NONE',  ( 0.000000000000000000, 0.000000000000000000, 1.000000000000000000 ) ) ;
#1479 = EDGE_CURVE ( 'NONE', #1325, #430, #1977, .T. ) ;
#1480 = ORIENTED_EDGE ( 'NONE', *, *, #1505, .F. ) ;
#1481 = CARTESIAN_POINT ( 'NONE',  ( 0.000000000000000000, 0.000000000000000000, -3.500000000000000000 ) ) ;
#1482 = ORIENTED_EDGE ( 'NONE', *, *, #270, .F. ) ;
#1483 = CARTESIAN_POINT ( 'NONE',  ( 2.849999999999999645, -0.5000000000000000000, 3.000000000000000000 ) ) ;
#1484 = DIRECTION ( 'NONE',  ( 0.000000000000000000, 0.000000000000000000, -1.000000000000000000 ) ) ;
#1485 = LINE ( 'NONE', #1650, #875 ) ;
#1486 = DIRECTION ( 'NONE',  ( 1.000000000000000000, -2.168404344971008868E-16, 0.000000000000000000 ) ) ;
#1487 = PLANE ( 'NONE',  #1780 ) ;
#1488 = ORIENTED_EDGE ( 'NONE', *, *, #1560, .T. ) ;
#1489 = EDGE_CURVE ( 'NONE', #831, #520, #1092, .T. ) ;
#1490 = EDGE_LOOP ( 'NONE', ( #463, #2273, #1658, #1636 ) ) ;
#1491 = DIRECTION ( 'NONE',  ( 1.000000000000000000, 0.000000000000000000, 0.000000000000000000 ) ) ;
#1492 = ORIENTED_EDGE ( 'NONE', *, *, #1402, .F. ) ;
#1493 = CIRCLE ( 'NONE', #375, 2.149999999999999911 ) ;
#1494 = DIRECTION ( 'NONE',  ( -0.5000000000000008882, 0.8660254037844381525, 0.000000000000000000 ) ) ;
#1495 = AXIS2_PLACEMENT_3D ( 'NONE', #196, #1069, #1911 ) ;
#1496 = PLANE ( 'NONE',  #1276 ) ;
#1497 = CARTESIAN_POINT ( 'NONE',  ( 0.000000000000000000, -1.499999999999999778, 0.000000000000000000 ) ) ;
#1498 = EDGE_LOOP ( 'NONE', ( #417, #1717, #1896 ) ) ;
#1499 = LINE ( 'NONE', #478, #470 ) ;
#1500 = DIRECTION ( 'NONE',  ( 0.000000000000000000, -1.000000000000000000, 0.000000000000000000 ) ) ;
#1501 = VERTEX_POINT ( 'NONE', #2116 ) ;
#1502 = CC_DESIGN_PERSON_AND_ORGANIZATION_ASSIGNMENT ( #1870, #1702, ( #1581 ) ) ;
#1503 = VECTOR ( 'NONE', #1003, 1000.000000000000000 ) ;
#1504 = ORIENTED_EDGE ( 'NONE', *, *, #721, .F. ) ;
#1505 = EDGE_CURVE ( 'NONE', #233, #318, #414, .T. ) ;
#1506 = CARTESIAN_POINT ( 'NONE',  ( -13.50000000000000000, 2.499999999999999556, -3.500000000000000000 ) ) ;
#1507 = DIRECTION ( 'NONE',  ( -4.336808689942018229E-16, -1.000000000000000000, -4.336808689942023652E-16 ) ) ;
#1508 = EDGE_CURVE ( 'NONE', #377, #1178, #1246, .T. ) ;
#1509 = FACE_OUTER_BOUND ( 'NONE', #1351, .T. ) ;
#1510 = CARTESIAN_POINT ( 'NONE',  ( 2.000000000000026645, -1.976969600708559094, -9.675065195979921960E-14 ) ) ;
#1511 = AXIS2_PLACEMENT_3D ( 'NONE', #1998, #932, #1140 ) ;
#1512 = ORIENTED_EDGE ( 'NONE', *, *, #2093, .T. ) ;
#1513 = DIRECTION ( 'NONE',  ( 1.000000000000000000, -0.000000000000000000, 0.000000000000000000 ) ) ;
#1514 = ORIENTED_EDGE ( 'NONE', *, *, #1620, .F. ) ;
#1515 = CARTESIAN_POINT ( 'NONE',  ( -6.000000000000000000, 2.999999999999999556, 3.000000000000000000 ) ) ;
#1516 = LINE ( 'NONE', #2239, #1015 ) ;
#1517 = ORIENTED_EDGE ( 'NONE', *, *, #762, .T. ) ;
#1518 = EDGE_CURVE ( 'NONE', #1875, #1640, #1293, .T. ) ;
#1519 = FACE_OUTER_BOUND ( 'NONE', #828, .T. ) ;
#1520 = DIRECTION ( 'NONE',  ( 0.000000000000000000, 0.000000000000000000, 1.000000000000000000 ) ) ;
#1521 = ORIENTED_EDGE ( 'NONE', *, *, #1406, .T. ) ;
#1522 = FACE_OUTER_BOUND ( 'NONE', #657, .T. ) ;
#1523 = EDGE_LOOP ( 'NONE', ( #1996, #1538, #167, #1482 ) ) ;
#1524 = DIRECTION ( 'NONE',  ( -1.224646799147353207E-16, 1.130012527798280363E-32, 1.000000000000000000 ) ) ;
#1525 = DIRECTION ( 'NONE',  ( 0.8660254037844385966, 0.5000000000000000000, 0.000000000000000000 ) ) ;
#1526 = ORIENTED_EDGE ( 'NONE', *, *, #2006, .F. ) ;
#1527 = EDGE_CURVE ( 'NONE', #384, #336, #1254, .T. ) ;
#1528 = LINE ( 'NONE', #2228, #304 ) ;
#1529 = VECTOR ( 'NONE', #1546, 1000.000000000000000 ) ;
#1530 = DIRECTION ( 'NONE',  ( -1.000000000000000000, 0.000000000000000000, 0.000000000000000000 ) ) ;
#1531 = CIRCLE ( 'NONE', #272, 2.149999999999999911 ) ;
#1532 = DIRECTION ( 'NONE',  ( 0.000000000000000000, 0.000000000000000000, -1.000000000000000000 ) ) ;
#1533 = EDGE_CURVE ( 'NONE', #1162, #517, #1633, .T. ) ;
#1534 = DIRECTION ( 'NONE',  ( 0.000000000000000000, 0.000000000000000000, 1.000000000000000000 ) ) ;
#1535 = ORIENTED_EDGE ( 'NONE', *, *, #1329, .F. ) ;
#1536 = VECTOR ( 'NONE', #428, 1000.000000000000000 ) ;
#1537 = DIRECTION ( 'NONE',  ( 0.000000000000000000, 0.000000000000000000, -1.000000000000000000 ) ) ;
#1538 = ORIENTED_EDGE ( 'NONE', *, *, #1479, .F. ) ;
#1539 = AXIS2_PLACEMENT_3D ( 'NONE', #1825, #254, #608 ) ;
#1540 = CARTESIAN_POINT ( 'NONE',  ( -13.50000000000000000, 2.999999999999999556, 3.499999999999999112 ) ) ;
#1541 = CARTESIAN_POINT ( 'NONE',  ( 1.999999999998126166, -1.976969600709694852, 0.1851823527868939334 ) ) ;
#1542 = CIRCLE ( 'NONE', #538, 0.5000000000000004441 ) ;
#1543 = ORIENTED_EDGE ( 'NONE', *, *, #482, .F. ) ;
#1544 = DIRECTION ( 'NONE',  ( -1.000000000000000000, 0.000000000000000000, 0.000000000000000000 ) ) ;
#1545 = AXIS2_PLACEMENT_3D ( 'NONE', #1477, #1981, #2128 ) ;
#1546 = DIRECTION ( 'NONE',  ( 0.5000000000000008882, -0.8660254037844381525, 0.000000000000000000 ) ) ;
#1547 = AXIS2_PLACEMENT_3D ( 'NONE', #1202, #1647, #756 ) ;
#1548 = DIRECTION ( 'NONE',  ( 1.000000000000000000, -0.000000000000000000, -0.000000000000000000 ) ) ;
#1549 = EDGE_CURVE ( 'NONE', #198, #1162, #1058, .T. ) ;
#1550 = ORIENTED_EDGE ( 'NONE', *, *, #1549, .T. ) ;
#1551 = APPROVAL_DATE_TIME ( #1149, #232 ) ;
#1552 = DIRECTION ( 'NONE',  ( -1.000000000000000000, 2.168404344971008868E-16, -1.734723475976807094E-15 ) ) ;
#1553 = LINE ( 'NONE', #2238, #1899 ) ;
#1554 = DIRECTION ( 'NONE',  ( -0.5000000000000008882, -0.8660254037844381525, 0.000000000000000000 ) ) ;
#1555 = VERTEX_POINT ( 'NONE', #1073 ) ;
#1556 = DIRECTION ( 'NONE',  ( -0.5000000000000008882, 0.8660254037844381525, 0.000000000000000000 ) ) ;
#1557 = DIRECTION ( 'NONE',  ( -0.000000000000000000, 1.000000000000000000, -4.336808689942017243E-16 ) ) ;
#1558 = DIRECTION ( 'NONE',  ( -1.000000000000000000, -3.469446951953614189E-15, -0.000000000000000000 ) ) ;
#1559 = ORIENTED_EDGE ( 'NONE', *, *, #2160, .F. ) ;
#1560 = EDGE_CURVE ( 'NONE', #1501, #2021, #174, .T. ) ;
#1561 = EDGE_CURVE ( 'NONE', #1272, #713, #392, .T. ) ;
#1562 = ORIENTED_EDGE ( 'NONE', *, *, #1110, .T. ) ;
#1563 = DIRECTION ( 'NONE',  ( -2.478176394252581634E-16, -4.331180901178793548E-32, 1.000000000000000000 ) ) ;
#1564 = CARTESIAN_POINT ( 'NONE',  ( -10.49999999999999822, -2.500000000000001332, -3.000000000000000000 ) ) ;
#1565 = ORIENTED_EDGE ( 'NONE', *, *, #94, .F. ) ;
#1566 = CARTESIAN_POINT ( 'NONE',  ( 5.500000000000000000, 2.499999999999999556, -3.000000000000000000 ) ) ;
#1567 = ORIENTED_EDGE ( 'NONE', *, *, #1045, .F. ) ;
#1568 = DIRECTION ( 'NONE',  ( -0.000000000000000000, 1.000000000000000000, -0.000000000000000000 ) ) ;
#1569 = AXIS2_PLACEMENT_3D ( 'NONE', #1013, #125, #2029 ) ;
#1570 = DIRECTION ( 'NONE',  ( 0.000000000000000000, 0.000000000000000000, -1.000000000000000000 ) ) ;
#1571 = VECTOR ( 'NONE', #746, 1000.000000000000000 ) ;
#1572 = ORIENTED_EDGE ( 'NONE', *, *, #857, .T. ) ;
#1573 = VERTEX_POINT ( 'NONE', #1808 ) ;
#1574 = CIRCLE ( 'NONE', #1814, 0.5000000000000003331 ) ;
#1575 = DIRECTION ( 'NONE',  ( -0.000000000000000000, -0.000000000000000000, -1.000000000000000000 ) ) ;
#1576 = CARTESIAN_POINT ( 'NONE',  ( -9.499999999999998224, -1.249626278228201085E-15, -3.000000000000000444 ) ) ;
#1577 = CIRCLE ( 'NONE', #2032, 1.000000000000000888 ) ;
#1578 = ORIENTED_EDGE ( 'NONE', *, *, #906, .F. ) ;
#1579 = SPHERICAL_SURFACE ( 'NONE', #578, 0.5000000000000000000 ) ;
#1580 = ADVANCED_FACE ( 'NONE', ( #588 ), #376, .T. ) ;
#1581 = PRODUCT ( 'pattes_mobiles_bottom_rail', 'pattes_mobiles_bottom_rail', '', ( #617 ) ) ;
#1582 = AXIS2_PLACEMENT_3D ( 'NONE', #228, #2157, #203 ) ;
#1583 = DIRECTION ( 'NONE',  ( -1.000000000000000000, 0.000000000000000000, 0.000000000000000000 ) ) ;
#1584 = AXIS2_PLACEMENT_3D ( 'NONE', #1404, #348, #1718 ) ;
#1585 = AXIS2_PLACEMENT_3D ( 'NONE', #364, #1910, #1429 ) ;
#1586 = AXIS2_PLACEMENT_3D ( 'NONE', #1889, #817, #1844 ) ;
#1587 = ORIENTED_EDGE ( 'NONE', *, *, #368, .F. ) ;
#1588 = CARTESIAN_POINT ( 'NONE',  ( -10.50000000000000000, -3.000000000000001332, 3.000000000000000000 ) ) ;
#1589 = DIRECTION ( 'NONE',  ( 0.000000000000000000, -8.673617379884035472E-16, -1.000000000000000000 ) ) ;
#1590 = EDGE_CURVE ( 'NONE', #728, #1922, #729, .T. ) ;
#1591 = DIRECTION ( 'NONE',  ( -2.168404344971008868E-16, 1.000000000000000000, 0.000000000000000000 ) ) ;
#1592 = DIRECTION ( 'NONE',  ( 0.5000000000000008882, 0.8660254037844381525, 0.000000000000000000 ) ) ;
#1593 = CARTESIAN_POINT ( 'NONE',  ( -2.000000000000027089, -1.976969600708558650, -9.699503733421092585E-14 ) ) ;
#1594 = DIRECTION ( 'NONE',  ( -4.336808689942017736E-16, -1.000000000000000000, -8.673617379884035472E-16 ) ) ;
#1595 = ORIENTED_EDGE ( 'NONE', *, *, #257, .T. ) ;
#1596 = CARTESIAN_POINT ( 'NONE',  ( -13.13397459621556074, -2.500000000000002220, 3.500000000000000000 ) ) ;
#1597 = ORIENTED_EDGE ( 'NONE', *, *, #1045, .T. ) ;
#1598 = LINE ( 'NONE', #711, #802 ) ;
#1599 = DATE_TIME_ROLE ( 'classification_date' ) ;
#1600 = EDGE_CURVE ( 'NONE', #1422, #786, #1860, .T. ) ;
#1601 = AXIS2_PLACEMENT_3D ( 'NONE', #1366, #1190, #308 ) ;
#1602 = LINE ( 'NONE', #155, #1063 ) ;
#1603 = DIRECTION ( 'NONE',  ( -1.000000000000000000, 0.000000000000000000, 0.000000000000000000 ) ) ;
#1604 = VERTEX_POINT ( 'NONE', #224 ) ;
#1605 = DIRECTION ( 'NONE',  ( -1.000000000000000000, 0.000000000000000000, 0.000000000000000000 ) ) ;
#1606 = CARTESIAN_POINT ( 'NONE',  ( -1.999999999998141709, -1.976969600709689745, -0.1857685022376360517 ) ) ;
#1607 = AXIS2_PLACEMENT_3D ( 'NONE', #2145, #1287, #791 ) ;
#1608 = PERSON_AND_ORGANIZATION ( #1249, #2150 ) ;
#1609 = AXIS2_PLACEMENT_3D ( 'NONE', #740, #1801, #1445 ) ;
#1610 = EDGE_CURVE ( 'NONE', #1573, #57, #1239, .T. ) ;
#1611 = FACE_OUTER_BOUND ( 'NONE', #121, .T. ) ;
#1612 = AXIS2_PLACEMENT_3D ( 'NONE', #1250, #1049, #1939 ) ;
#1613 = DIRECTION ( 'NONE',  ( -4.336808689942017736E-16, 1.000000000000000000, -0.000000000000000000 ) ) ;
#1614 = APPROVAL_PERSON_ORGANIZATION ( #1879, #232, #448 ) ;
#1615 = DIRECTION ( 'NONE',  ( -0.000000000000000000, -0.000000000000000000, 1.000000000000000000 ) ) ;
#1616 = FACE_BOUND ( 'NONE', #251, .T. ) ;
#1617 = ADVANCED_FACE ( 'NONE', ( #773 ), #2038, .T. ) ;
#1618 = FACE_OUTER_BOUND ( 'NONE', #103, .T. ) ;
#1619 = LINE ( 'NONE', #32, #1571 ) ;
#1620 = EDGE_CURVE ( 'NONE', #1034, #586, #17, .T. ) ;
#1621 = DIRECTION ( 'NONE',  ( -1.000000000000000000, 0.000000000000000000, 0.000000000000000000 ) ) ;
#1622 = DIRECTION ( 'NONE',  ( 0.000000000000000000, 0.000000000000000000, 1.000000000000000000 ) ) ;
#1623 = VERTEX_POINT ( 'NONE', #1935 ) ;
#1624 = DIRECTION ( 'NONE',  ( 1.000000000000000000, 1.747729060459023048E-16, 0.000000000000000000 ) ) ;
#1625 = CALENDAR_DATE ( 2025, 23, 5 ) ;
#1626 = FACE_OUTER_BOUND ( 'NONE', #79, .T. ) ;
#1627 = ORIENTED_EDGE ( 'NONE', *, *, #1023, .T. ) ;
#1628 = CIRCLE ( 'NONE', #2024, 0.5000000000000000000 ) ;
#1629 = DIRECTION ( 'NONE',  ( -1.000000000000000000, 0.000000000000000000, 0.000000000000000000 ) ) ;
#1630 = ORIENTED_EDGE ( 'NONE', *, *, #2143, .T. ) ;
#1631 = CARTESIAN_POINT ( 'NONE',  ( -12.93190200199918927, -0.6500000000000006883, 3.000000000000000444 ) ) ;
#1632 = ADVANCED_FACE ( 'NONE', ( #190 ), #904, .T. ) ;
#1633 = LINE ( 'NONE', #1767, #843 ) ;
#1634 = FACE_OUTER_BOUND ( 'NONE', #1498, .T. ) ;
#1635 = CARTESIAN_POINT ( 'NONE',  ( -13.93301270189221874, 1.083974596215560915, -3.000000000000000000 ) ) ;
#1636 = ORIENTED_EDGE ( 'NONE', *, *, #270, .T. ) ;
#1637 = CARTESIAN_POINT ( 'NONE',  ( -2.000000000000027089, -1.976969600708558650, -9.699503733421092585E-14 ) ) ;
#1638 = AXIS2_PLACEMENT_3D ( 'NONE', #1321, #2003, #1143 ) ;
#1639 = CYLINDRICAL_SURFACE ( 'NONE', #1778, 0.5000000000000000000 ) ;
#1640 = VERTEX_POINT ( 'NONE', #1129 ) ;
#1641 = AXIS2_PLACEMENT_3D ( 'NONE', #184, #1248, #1076 ) ;
#1642 = TOROIDAL_SURFACE ( 'NONE', #1057, 2.149999999999999911, 0.5000000000000000000 ) ;
#1643 = ORIENTED_EDGE ( 'NONE', *, *, #35, .F. ) ;
#1644 = DIRECTION ( 'NONE',  ( 0.000000000000000000, -0.000000000000000000, 1.000000000000000000 ) ) ;
#1645 = DIRECTION ( 'NONE',  ( 1.191190382581906605E-16, -1.000000000000000000, -0.000000000000000000 ) ) ;
#1646 = CIRCLE ( 'NONE', #1547, 0.5000000000000004441 ) ;
#1647 = DIRECTION ( 'NONE',  ( -0.000000000000000000, 0.000000000000000000, -1.000000000000000000 ) ) ;
#1648 = AXIS2_PLACEMENT_3D ( 'NONE', #1696, #1008, #449 ) ;
#1649 = LINE ( 'NONE', #61, #18 ) ;
#1650 = CARTESIAN_POINT ( 'NONE',  ( -9.547372055837106686, -5.512177826491075905, 3.500000000000000000 ) ) ;
#1651 = ORIENTED_EDGE ( 'NONE', *, *, #976, .F. ) ;
#1652 = ADVANCED_FACE ( 'NONE', ( #1307 ), #599, .F. ) ;
#1653 = AXIS2_PLACEMENT_3D ( 'NONE', #598, #1113, #2122 ) ;
#1654 = CARTESIAN_POINT ( 'NONE',  ( -1.849999999999999645, 4.011548038196366406E-16, 3.000000000000000000 ) ) ;
#1655 = EDGE_CURVE ( 'NONE', #1906, #1975, #1661, .T. ) ;
#1656 = DIRECTION ( 'NONE',  ( -1.000000000000000000, -0.000000000000000000, -0.000000000000000000 ) ) ;
#1657 = EDGE_LOOP ( 'NONE', ( #1578, #592, #1960, #1016 ) ) ;
#1658 = ORIENTED_EDGE ( 'NONE', *, *, #1792, .T. ) ;
#1659 = DIRECTION ( 'NONE',  ( 0.000000000000000000, -1.000000000000000000, 0.000000000000000000 ) ) ;
#1660 = CARTESIAN_POINT ( 'NONE',  ( -14.00000000000000000, 1.199999999999999734, 3.000000000000000444 ) ) ;
#1661 = LINE ( 'NONE', #1454, #880 ) ;
#1662 = CARTESIAN_POINT ( 'NONE',  ( 1.849999999999999867, -1.500000000000000000, 3.000000000000000000 ) ) ;
#1663 = LINE ( 'NONE', #110, #911 ) ;
#1664 = CARTESIAN_POINT ( 'NONE',  ( -10.49999999999999822, -3.000000000000001332, -3.500000000000000000 ) ) ;
#1665 = DIRECTION ( 'NONE',  ( 0.000000000000000000, 0.000000000000000000, 1.000000000000000000 ) ) ;
#1666 = EDGE_CURVE ( 'NONE', #2090, #966, #2263, .T. ) ;
#1667 = ORIENTED_EDGE ( 'NONE', *, *, #867, .F. ) ;
#1668 = CARTESIAN_POINT ( 'NONE',  ( 1.650000000000000355, -1.500000000000000000, 2.326828918379971858E-16 ) ) ;
#1669 = AXIS2_PLACEMENT_3D ( 'NONE', #187, #181, #1419 ) ;
#1670 = CARTESIAN_POINT ( 'NONE',  ( -9.999999999999998224, -0.5000000000000009992, -3.000000000000000444 ) ) ;
#1671 = CARTESIAN_POINT ( 'NONE',  ( -1.898572556302422720, -2.000000000000544009, 0.9175925825118941281 ) ) ;
#1672 = ORIENTED_EDGE ( 'NONE', *, *, #2124, .F. ) ;
#1673 = VERTEX_POINT ( 'NONE', #2190 ) ;
#1674 = CARTESIAN_POINT ( 'NONE',  ( -1.898726304406034293, -2.000000000000543565, -0.9170296347853940100 ) ) ;
#1675 = DIRECTION ( 'NONE',  ( -1.000000000000000000, -2.168404344971006896E-16, 0.000000000000000000 ) ) ;
#1676 = DIRECTION ( 'NONE',  ( -1.000000000000000000, -0.000000000000000000, -0.000000000000000000 ) ) ;
#1677 = ORIENTED_EDGE ( 'NONE', *, *, #1038, .F. ) ;
#1678 = AXIS2_PLACEMENT_3D ( 'NONE', #1271, #1087, #1956 ) ;
#1679 = ADVANCED_FACE ( 'NONE', ( #1294 ), #404, .T. ) ;
#1680 = PERSON_AND_ORGANIZATION_ROLE ( 'creator' ) ;
#1681 = ORIENTED_EDGE ( 'NONE', *, *, #1984, .F. ) ;
#1682 = ADVANCED_FACE ( 'NONE', ( #1634 ), #1990, .T. ) ;
#1683 = CIRCLE ( 'NONE', #689, 0.5000000000000004441 ) ;
#1684 = DIRECTION ( 'NONE',  ( -1.000000000000000000, -1.747729060459023048E-16, -0.000000000000000000 ) ) ;
#1685 = CARTESIAN_POINT ( 'NONE',  ( 5.500000000000000000, -5.505346540445921616E-16, 3.500000000000000000 ) ) ;
#1686 = VERTEX_POINT ( 'NONE', #1506 ) ;
#1687 = ORIENTED_EDGE ( 'NONE', *, *, #352, .T. ) ;
#1688 = VECTOR ( 'NONE', #572, 1000.000000000000000 ) ;
#1689 = DIRECTION ( 'NONE',  ( -0.000000000000000000, -1.000000000000000000, -0.000000000000000000 ) ) ;
#1690 = CIRCLE ( 'NONE', #697, 0.5000000000000004441 ) ;
#1691 = CARTESIAN_POINT ( 'NONE',  ( 0.000000000000000000, 2.499999999999999112, -2.149999999999999911 ) ) ;
#1692 = DIRECTION ( 'NONE',  ( 1.000000000000000000, 1.191190382581906851E-16, 0.000000000000000000 ) ) ;
#1693 = ORIENTED_EDGE ( 'NONE', *, *, #123, .T. ) ;
#1694 =( NAMED_UNIT ( * ) SI_UNIT ( $, .STERADIAN. ) SOLID_ANGLE_UNIT ( ) );
#1695 = EDGE_LOOP ( 'NONE', ( #1124, #2251, #1894, #769 ) ) ;
#1696 = CARTESIAN_POINT ( 'NONE',  ( 5.500000000000000000, 0.4999999999999993339, -3.000000000000000000 ) ) ;
#1697 = DIRECTION ( 'NONE',  ( -0.000000000000000000, -0.000000000000000000, 1.000000000000000000 ) ) ;
#1698 = ORIENTED_EDGE ( 'NONE', *, *, #665, .T. ) ;
#1699 = DIRECTION ( 'NONE',  ( 0.000000000000000000, 0.000000000000000000, -1.000000000000000000 ) ) ;
#1700 = CYLINDRICAL_SURFACE ( 'NONE', #609, 0.5000000000000004441 ) ;
#1701 = ORIENTED_EDGE ( 'NONE', *, *, #702, .T. ) ;
#1702 = PERSON_AND_ORGANIZATION_ROLE ( 'design_owner' ) ;
#1703 = EDGE_LOOP ( 'NONE', ( #1206, #641, #1304, #2064 ) ) ;
#1704 = CARTESIAN_POINT ( 'NONE',  ( 2.149999999999999911, -1.500000000000000000, 2.632990618166809235E-16 ) ) ;
#1705 = LINE ( 'NONE', #1729, #229 ) ;
#1706 = ORIENTED_EDGE ( 'NONE', *, *, #1527, .T. ) ;
#1707 = AXIS2_PLACEMENT_3D ( 'NONE', #327, #1568, #2202 ) ;
#1708 = ADVANCED_FACE ( 'NONE', ( #607 ), #1496, .F. ) ;
#1709 = CARTESIAN_POINT ( 'NONE',  ( -12.78756443470178361, -0.9000000000000010214, -3.500000000000000000 ) ) ;
#1710 = EDGE_CURVE ( 'NONE', #318, #134, #2146, .T. ) ;
#1711 = DIRECTION ( 'NONE',  ( 1.191190382581906851E-16, -1.000000000000000000, 0.000000000000000000 ) ) ;
#1712 = EDGE_LOOP ( 'NONE', ( #1776, #908, #1213 ) ) ;
#1713 = COORDINATED_UNIVERSAL_TIME_OFFSET ( 1, 0, .AHEAD. ) ;
#1714 = AXIS2_PLACEMENT_3D ( 'NONE', #1343, #1721, #2196 ) ;
#1715 = LINE ( 'NONE', #295, #1061 ) ;
#1716 = CARTESIAN_POINT ( 'NONE',  ( -9.547372055837106686, -5.512177826491075905, -3.000000000000000000 ) ) ;
#1717 = ORIENTED_EDGE ( 'NONE', *, *, #444, .T. ) ;
#1718 = DIRECTION ( 'NONE',  ( 1.000000000000000000, 4.336808689942017736E-16, 1.734723475976807094E-15 ) ) ;
#1719 = AXIS2_PLACEMENT_3D ( 'NONE', #1389, #1895, #1235 ) ;
#1720 = AXIS2_PLACEMENT_3D ( 'NONE', #1797, #237, #1942 ) ;
#1721 = DIRECTION ( 'NONE',  ( -1.000000000000000000, 0.000000000000000000, -0.000000000000000000 ) ) ;
#1722 = CIRCLE ( 'NONE', #1929, 0.5000000000000000000 ) ;
#1723 = EDGE_CURVE ( 'NONE', #430, #671, #358, .T. ) ;
#1724 = EDGE_LOOP ( 'NONE', ( #341, #516, #1043, #1681 ) ) ;
#1725 = CIRCLE ( 'NONE', #918, 0.5000000000000000000 ) ;
#1726 = CARTESIAN_POINT ( 'NONE',  ( 5.500000000000000000, -5.505346540445921616E-16, 3.000000000000000000 ) ) ;
#1727 = EDGE_LOOP ( 'NONE', ( #640, #760, #864, #219 ) ) ;
#1728 = DIRECTION ( 'NONE',  ( -0.000000000000000000, 1.000000000000000000, 0.000000000000000000 ) ) ;
#1729 = CARTESIAN_POINT ( 'NONE',  ( 2.350000000000000089, -2.000000000000000000, -3.000000000000000444 ) ) ;
#1730 = DIRECTION ( 'NONE',  ( 0.000000000000000000, 0.000000000000000000, -1.000000000000000000 ) ) ;
#1731 = ORIENTED_EDGE ( 'NONE', *, *, #2017, .F. ) ;
#1732 = DIRECTION ( 'NONE',  ( -1.747729060459023048E-16, 1.000000000000000000, 0.000000000000000000 ) ) ;
#1733 = DIRECTION ( 'NONE',  ( -0.000000000000000000, 1.000000000000000000, -0.000000000000000000 ) ) ;
#1734 = ORIENTED_EDGE ( 'NONE', *, *, #513, .F. ) ;
#1735 = ADVANCED_FACE ( 'NONE', ( #1279 ), #47, .T. ) ;
#1736 = ORIENTED_EDGE ( 'NONE', *, *, #1758, .F. ) ;
#1737 = EDGE_CURVE ( 'NONE', #1871, #430, #136, .T. ) ;
#1738 = ORIENTED_EDGE ( 'NONE', *, *, #1376, .F. ) ;
#1739 = CYLINDRICAL_SURFACE ( 'NONE', #1495, 0.5000000000000000000 ) ;
#1740 = EDGE_LOOP ( 'NONE', ( #1749, #2155, #1587 ) ) ;
#1741 = CLOSED_SHELL ( 'NONE', ( #895, #1580, #1227, #743, #1708, #109, #152, #734, #1373, #1958, #2244, #163, #1301, #2191, #1652, #49, #747, #872, #1048, #1331, #841, #2257, #339, #1201, #794, #1748, #1679, #1100, #1071, #1682, #1253, #1772, #2158, #2033, #1196, #838, #526, #1970, #30, #1184, #2102, #1810, #259, #1427, #1735, #1298, #1344, #1007, #1186, #2127, #1617, #1285, #1443, #223, #1408, #209, #236, #1085, #683, #996, #1161, #471, #175, #1885, #452, #1388, #1288, #286, #790, #933, #1176, #2049, #1829, #2048, #293, #2175, #1632, #2120, #455, #2062, #296, #2276 ) ) ;
#1742 = DIRECTION ( 'NONE',  ( -1.000000000000000000, -1.191190382581906851E-16, -0.000000000000000000 ) ) ;
#1743 = CIRCLE ( 'NONE', #1846, 0.5000000000000000000 ) ;
#1744 = VERTEX_POINT ( 'NONE', #1670 ) ;
#1745 = VECTOR ( 'NONE', #1991, 1000.000000000000000 ) ;
#1746 = CARTESIAN_POINT ( 'NONE',  ( -1.850000000000000089, -1.499999999999999556, -3.000000000000000444 ) ) ;
#1747 = CARTESIAN_POINT ( 'NONE',  ( -13.13397459621556074, -2.500000000000001776, -3.000000000000000000 ) ) ;
#1748 = ADVANCED_FACE ( 'NONE', ( #85 ), #757, .F. ) ;
#1749 = ORIENTED_EDGE ( 'NONE', *, *, #2000, .T. ) ;
#1750 = LINE ( 'NONE', #310, #245 ) ;
#1751 = CYLINDRICAL_SURFACE ( 'NONE', #1924, 0.5000000000000004441 ) ;
#1752 = VECTOR ( 'NONE', #2199, 1000.000000000000000 ) ;
#1753 = EDGE_CURVE ( 'NONE', #2213, #1383, #1649, .T. ) ;
#1754 = ORIENTED_EDGE ( 'NONE', *, *, #797, .T. ) ;
#1755 = LINE ( 'NONE', #705, #1823 ) ;
#1756 = DIRECTION ( 'NONE',  ( 1.000000000000000000, 0.000000000000000000, 0.000000000000000000 ) ) ;
#1757 = ORIENTED_EDGE ( 'NONE', *, *, #94, .T. ) ;
#1758 = EDGE_CURVE ( 'NONE', #517, #44, #2001, .T. ) ;
#1759 = DIRECTION ( 'NONE',  ( 0.000000000000000000, 0.000000000000000000, 1.000000000000000000 ) ) ;
#1760 = DIRECTION ( 'NONE',  ( -0.000000000000000000, -0.000000000000000000, -1.000000000000000000 ) ) ;
#1761 = LINE ( 'NONE', #1664, #1424 ) ;
#1762 = ORIENTED_EDGE ( 'NONE', *, *, #2124, .T. ) ;
#1763 = DIRECTION ( 'NONE',  ( 0.000000000000000000, 1.000000000000000000, 0.000000000000000000 ) ) ;
#1764 = EDGE_CURVE ( 'NONE', #1160, #1573, #263, .T. ) ;
#1765 = DIRECTION ( 'NONE',  ( 0.000000000000000000, 0.000000000000000000, -1.000000000000000000 ) ) ;
#1766 = ORIENTED_EDGE ( 'NONE', *, *, #481, .F. ) ;
#1767 = CARTESIAN_POINT ( 'NONE',  ( -12.93190200199918927, -0.6500000000000006883, 3.500000000000000000 ) ) ;
#1768 = APPLICATION_CONTEXT ( 'configuration controlled 3d designs of mechanical parts and assemblies' ) ;
#1769 = DIRECTION ( 'NONE',  ( -0.000000000000000000, -0.000000000000000000, 1.000000000000000000 ) ) ;
#1770 = PERSON_AND_ORGANIZATION ( #1249, #2150 ) ;
#1771 = CIRCLE ( 'NONE', #562, 0.5000000000000004441 ) ;
#1772 = ADVANCED_FACE ( 'NONE', ( #2166 ), #2147, .T. ) ;
#1773 = ORIENTED_EDGE ( 'NONE', *, *, #467, .F. ) ;
#1774 = CARTESIAN_POINT ( 'NONE',  ( -13.50000000000000000, 2.499999999999999556, -3.000000000000000000 ) ) ;
#1775 = CARTESIAN_POINT ( 'NONE',  ( 6.000000000000000000, 2.499999999999999556, 3.000000000000000000 ) ) ;
#1776 = ORIENTED_EDGE ( 'NONE', *, *, #1988, .T. ) ;
#1777 = DIRECTION ( 'NONE',  ( 1.000000000000000000, 0.000000000000000000, -0.000000000000000000 ) ) ;
#1778 = AXIS2_PLACEMENT_3D ( 'NONE', #1299, #1461, #206 ) ;
#1779 = DIRECTION ( 'NONE',  ( 1.000000000000000000, 0.000000000000000000, 0.000000000000000000 ) ) ;
#1780 = AXIS2_PLACEMENT_3D ( 'NONE', #1831, #28, #397 ) ;
#1781 = CARTESIAN_POINT ( 'NONE',  ( 2.349999999999999645, -0.5000000000000001110, -3.000000000000000444 ) ) ;
#1782 = EDGE_CURVE ( 'NONE', #947, #1501, #1094, .T. ) ;
#1783 = AXIS2_PLACEMENT_3D ( 'NONE', #267, #788, #1530 ) ;
#1784 = DIRECTION ( 'NONE',  ( 1.000000000000000000, 0.000000000000000000, 0.000000000000000000 ) ) ;
#1785 = VECTOR ( 'NONE', #832, 1000.000000000000000 ) ;
#1786 = DIRECTION ( 'NONE',  ( 0.000000000000000000, 0.000000000000000000, 1.000000000000000000 ) ) ;
#1787 = AXIS2_PLACEMENT_3D ( 'NONE', #315, #636, #796 ) ;
#1788 = CARTESIAN_POINT ( 'NONE',  ( 1.849999999999999645, -2.000000000000000000, 3.500000000000000000 ) ) ;
#1789 = DIRECTION ( 'NONE',  ( -1.000000000000000000, 0.000000000000000000, 0.000000000000000000 ) ) ;
#1790 = EDGE_CURVE ( 'NONE', #44, #198, #1824, .T. ) ;
#1791 = DIRECTION ( 'NONE',  ( 2.168404344971008868E-16, -1.000000000000000000, -0.000000000000000000 ) ) ;
#1792 = EDGE_CURVE ( 'NONE', #1080, #671, #461, .T. ) ;
#1793 = EDGE_LOOP ( 'NONE', ( #835, #1466, #1328 ) ) ;
#1794 = DIRECTION ( 'NONE',  ( 0.000000000000000000, 0.000000000000000000, -1.000000000000000000 ) ) ;
#1795 = VERTEX_POINT ( 'NONE', #1177 ) ;
#1796 = CARTESIAN_POINT ( 'NONE',  ( -13.50000000000000000, 1.199999999999999734, 3.500000000000000000 ) ) ;
#1797 = CARTESIAN_POINT ( 'NONE',  ( -13.50000000000000000, 1.333974596215561359, -3.000000000000000000 ) ) ;
#1798 = DIRECTION ( 'NONE',  ( -1.000000000000000000, -1.747729060459023048E-16, 0.000000000000000000 ) ) ;
#1799 = DIRECTION ( 'NONE',  ( -9.227252531791526626E-17, -1.000000000000000000, 0.000000000000000000 ) ) ;
#1800 = ORIENTED_EDGE ( 'NONE', *, *, #2170, .T. ) ;
#1801 = DIRECTION ( 'NONE',  ( 2.168404344971008868E-16, -1.000000000000000000, 0.000000000000000000 ) ) ;
#1802 = PLANE ( 'NONE',  #1163 ) ;
#1803 = CIRCLE ( 'NONE', #1569, 0.4999999999999997780 ) ;
#1804 = ORIENTED_EDGE ( 'NONE', *, *, #500, .T. ) ;
#1805 = CIRCLE ( 'NONE', #829, 0.4999999999999997780 ) ;
#1806 = PLANE ( 'NONE',  #1029 ) ;
#1807 = DIRECTION ( 'NONE',  ( 0.000000000000000000, -1.000000000000000000, -0.000000000000000000 ) ) ;
#1808 = CARTESIAN_POINT ( 'NONE',  ( 5.500000000000000000, 0.4999999999999993339, 3.500000000000000000 ) ) ;
#1809 = DIRECTION ( 'NONE',  ( 0.000000000000000000, 0.000000000000000000, 1.000000000000000000 ) ) ;
#1810 = ADVANCED_FACE ( 'NONE', ( #1151 ), #305, .T. ) ;
#1811 = CARTESIAN_POINT ( 'NONE',  ( -4.613626265895763313E-17, -2.000000000000000000, 0.000000000000000000 ) ) ;
#1812 = ORIENTED_EDGE ( 'NONE', *, *, #712, .T. ) ;
#1813 = CARTESIAN_POINT ( 'NONE',  ( 1.849999999999999867, -1.500000000000000000, 3.500000000000000000 ) ) ;
#1814 = AXIS2_PLACEMENT_3D ( 'NONE', #36, #1327, #2179 ) ;
#1815 = CARTESIAN_POINT ( 'NONE',  ( -14.00000000000000000, 2.999999999999999556, 3.000000000000000000 ) ) ;
#1816 = EDGE_LOOP ( 'NONE', ( #2226, #2227, #1444, #533 ) ) ;
#1817 = AXIS2_PLACEMENT_3D ( 'NONE', #371, #1915, #514 ) ;
#1818 = VECTOR ( 'NONE', #1849, 1000.000000000000000 ) ;
#1819 = EDGE_LOOP ( 'NONE', ( #1101, #1188, #1888, #87, #291 ) ) ;
#1820 = DIRECTION ( 'NONE',  ( -0.8660254037844388186, 0.4999999999999996669, 0.000000000000000000 ) ) ;
#1821 = ORIENTED_EDGE ( 'NONE', *, *, #1944, .F. ) ;
#1822 = AXIS2_PLACEMENT_3D ( 'NONE', #1566, #2079, #1730 ) ;
#1823 = VECTOR ( 'NONE', #1232, 1000.000000000000000 ) ;
#1824 = LINE ( 'NONE', #926, #1863 ) ;
#1825 = CARTESIAN_POINT ( 'NONE',  ( 6.000000000000000000, 0.4999999999999992784, -3.000000000000000444 ) ) ;
#1826 = ORIENTED_EDGE ( 'NONE', *, *, #1590, .T. ) ;
#1827 = ORIENTED_EDGE ( 'NONE', *, *, #1116, .T. ) ;
#1828 = AXIS2_PLACEMENT_3D ( 'NONE', #29, #960, #211 ) ;
#1829 = ADVANCED_FACE ( 'NONE', ( #1859 ), #678, .T. ) ;
#1830 = DIRECTION ( 'NONE',  ( 0.000000000000000000, 8.673617379884034486E-16, 1.000000000000000000 ) ) ;
#1831 = CARTESIAN_POINT ( 'NONE',  ( -6.000000000000000000, 2.999999999999999556, 3.500000000000000000 ) ) ;
#1832 = VERTEX_POINT ( 'NONE', #1017 ) ;
#1833 = ORIENTED_EDGE ( 'NONE', *, *, #648, .F. ) ;
#1834 = DIRECTION ( 'NONE',  ( 0.000000000000000000, 1.734723475976802361E-15, 1.000000000000000000 ) ) ;
#1835 = ORIENTED_EDGE ( 'NONE', *, *, #825, .T. ) ;
#1836 = DIRECTION ( 'NONE',  ( 0.000000000000000000, 1.000000000000000000, 0.000000000000000000 ) ) ;
#1837 = CARTESIAN_POINT ( 'NONE',  ( -1.987007167428582965, -1.981559572128747559, 0.3704976903588266812 ) ) ;
#1838 = VERTEX_POINT ( 'NONE', #1881 ) ;
#1839 = DIRECTION ( 'NONE',  ( -9.227252531791526626E-17, -1.000000000000000000, 0.000000000000000000 ) ) ;
#1840 = EDGE_CURVE ( 'NONE', #1189, #786, #145, .T. ) ;
#1841 = CARTESIAN_POINT ( 'NONE',  ( -1.849999999999999867, -1.499999999999999556, 3.500000000000000000 ) ) ;
#1842 = EDGE_CURVE ( 'NONE', #1744, #979, #1715, .T. ) ;
#1843 = ORIENTED_EDGE ( 'NONE', *, *, #1600, .F. ) ;
#1844 = DIRECTION ( 'NONE',  ( 2.168404344971008868E-16, -1.000000000000000000, 0.000000000000000000 ) ) ;
#1845 = ORIENTED_EDGE ( 'NONE', *, *, #1917, .F. ) ;
#1846 = AXIS2_PLACEMENT_3D ( 'NONE', #1242, #1441, #1594 ) ;
#1847 = DIRECTION ( 'NONE',  ( 1.000000000000000000, 0.000000000000000000, 1.224646799147353454E-16 ) ) ;
#1848 = DIRECTION ( 'NONE',  ( -1.000000000000000000, 4.445228907190564235E-15, 0.000000000000000000 ) ) ;
#1849 = DIRECTION ( 'NONE',  ( -1.000000000000000000, 1.747729060459022802E-16, -0.000000000000000000 ) ) ;
#1850 = DIRECTION ( 'NONE',  ( -0.8660254037844383745, 0.5000000000000003331, 0.000000000000000000 ) ) ;
#1851 = CARTESIAN_POINT ( 'NONE',  ( 1.849999999999999645, -2.000000000000000000, -1.095445115010332815 ) ) ;
#1852 = ORIENTED_EDGE ( 'NONE', *, *, #1128, .T. ) ;
#1853 = AXIS2_PLACEMENT_3D ( 'NONE', #434, #965, #77 ) ;
#1854 = EDGE_CURVE ( 'NONE', #2019, #2086, #248, .T. ) ;
#1855 = AXIS2_PLACEMENT_3D ( 'NONE', #350, #7, #328 ) ;
#1856 =( LENGTH_UNIT ( ) NAMED_UNIT ( * ) SI_UNIT ( .MILLI., .METRE. ) );
#1857 = EDGE_LOOP ( 'NONE', ( #1032, #850, #1762, #302 ) ) ;
#1858 = AXIS2_PLACEMENT_3D ( 'NONE', #1709, #2007, #445 ) ;
#1859 = FACE_OUTER_BOUND ( 'NONE', #247, .T. ) ;
#1860 = CIRCLE ( 'NONE', #54, 0.5000000000000000000 ) ;
#1861 = CARTESIAN_POINT ( 'NONE',  ( 2.350000000000000089, -1.499999999999999778, 3.000000000000000000 ) ) ;
#1862 = ORIENTED_EDGE ( 'NONE', *, *, #622, .T. ) ;
#1863 = VECTOR ( 'NONE', #2223, 1000.000000000000000 ) ;
#1864 = CYLINDRICAL_SURFACE ( 'NONE', #1463, 0.5000000000000000000 ) ;
#1865 = TOROIDAL_SURFACE ( 'NONE', #1787, 2.149999999999999911, 0.5000000000000000000 ) ;
#1866 = CARTESIAN_POINT ( 'NONE',  ( -9.999999999999998224, -2.500000000000001332, -3.000000000000000444 ) ) ;
#1867 = DIRECTION ( 'NONE',  ( 0.000000000000000000, 0.000000000000000000, -1.000000000000000000 ) ) ;
#1868 = ORIENTED_EDGE ( 'NONE', *, *, #105, .T. ) ;
#1869 = PRODUCT_DEFINITION ( 'UNKNOWN', '', #1901, #379 ) ;
#1870 = PERSON_AND_ORGANIZATION ( #1249, #2150 ) ;
#1871 = VERTEX_POINT ( 'NONE', #1198 ) ;
#1872 = DIRECTION ( 'NONE',  ( -1.000000000000000000, -0.000000000000000000, 0.000000000000000000 ) ) ;
#1873 = CARTESIAN_POINT ( 'NONE',  ( 1.849999999999999867, -2.000000000000000000, -3.000000000000000444 ) ) ;
#1874 = ORIENTED_EDGE ( 'NONE', *, *, #242, .F. ) ;
#1875 = VERTEX_POINT ( 'NONE', #997 ) ;
#1876 = CARTESIAN_POINT ( 'NONE',  ( 5.500000000000000000, 2.499999999999999556, -3.000000000000000444 ) ) ;
#1877 = FACE_OUTER_BOUND ( 'NONE', #2081, .T. ) ;
#1878 = ORIENTED_EDGE ( 'NONE', *, *, #1406, .F. ) ;
#1879 = PERSON_AND_ORGANIZATION ( #1249, #2150 ) ;
#1880 = EDGE_CURVE ( 'NONE', #1832, #1673, #56, .T. ) ;
#1881 = CARTESIAN_POINT ( 'NONE',  ( -12.49888930010697052, -1.400000000000001243, 3.500000000000000000 ) ) ;
#1882 = CARTESIAN_POINT ( 'NONE',  ( 1.849999999999999645, -2.000000000000000000, 1.095445115010332815 ) ) ;
#1883 = VERTEX_POINT ( 'NONE', #848 ) ;
#1884 = CIRCLE ( 'NONE', #1707, 0.5000000000000000000 ) ;
#1885 = ADVANCED_FACE ( 'NONE', ( #859 ), #2025, .T. ) ;
#1886 = DIRECTION ( 'NONE',  ( 0.000000000000000000, 0.000000000000000000, -1.000000000000000000 ) ) ;
#1887 = CARTESIAN_POINT ( 'NONE',  ( -10.00000000000000000, -0.5000000000000009992, 3.000000000000000000 ) ) ;
#1888 = ORIENTED_EDGE ( 'NONE', *, *, #921, .T. ) ;
#1889 = CARTESIAN_POINT ( 'NONE',  ( 2.349999999999999645, -9.629649721936179265E-32, 3.500000000000000000 ) ) ;
#1890 = DIRECTION ( 'NONE',  ( 0.000000000000000000, 0.000000000000000000, 1.000000000000000000 ) ) ;
#1891 = AXIS2_PLACEMENT_3D ( 'NONE', #1172, #1332, #113 ) ;
#1892 = LINE ( 'NONE', #1540, #616 ) ;
#1893 = DIRECTION ( 'NONE',  ( -1.000000000000000000, 0.000000000000000000, 0.000000000000000000 ) ) ;
#1894 = ORIENTED_EDGE ( 'NONE', *, *, #2235, .F. ) ;
#1895 = DIRECTION ( 'NONE',  ( 1.000000000000000000, -2.168404344971009361E-16, 0.000000000000000000 ) ) ;
#1896 = ORIENTED_EDGE ( 'NONE', *, *, #549, .F. ) ;
#1897 = EDGE_CURVE ( 'NONE', #520, #1080, #1892, .T. ) ;
#1898 = CARTESIAN_POINT ( 'NONE',  ( 6.000000000000000000, -6.379211070675434126E-16, 3.000000000000000000 ) ) ;
#1899 = VECTOR ( 'NONE', #119, 1000.000000000000000 ) ;
#1900 = ORIENTED_EDGE ( 'NONE', *, *, #352, .F. ) ;
#1901 = PRODUCT_DEFINITION_FORMATION_WITH_SPECIFIED_SOURCE ( 'ANY', '', #1581, .NOT_KNOWN. ) ;
#1902 = DIRECTION ( 'NONE',  ( -1.000000000000000000, 1.314184451497581013E-16, 0.000000000000000000 ) ) ;
#1903 = CARTESIAN_POINT ( 'NONE',  ( 0.000000000000000000, 2.499999999999999556, 3.000000000000000000 ) ) ;
#1904 = ORIENTED_EDGE ( 'NONE', *, *, #808, .T. ) ;
#1905 = FACE_OUTER_BOUND ( 'NONE', #1216, .T. ) ;
#1906 = VERTEX_POINT ( 'NONE', #106 ) ;
#1907 = CARTESIAN_POINT ( 'NONE',  ( -1.849999999999999645, -1.084202172485505174E-16, -3.000000000000000444 ) ) ;
#1908 = EDGE_CURVE ( 'NONE', #363, #1875, #1553, .T. ) ;
#1909 = ORIENTED_EDGE ( 'NONE', *, *, #1854, .F. ) ;
#1910 = DIRECTION ( 'NONE',  ( 9.227252531791526626E-17, 1.000000000000000000, -0.000000000000000000 ) ) ;
#1911 = DIRECTION ( 'NONE',  ( 0.000000000000000000, 0.000000000000000000, 1.000000000000000000 ) ) ;
#1912 = EDGE_LOOP ( 'NONE', ( #6, #141, #188, #14, #822, #668, #1203, #227, #523, #869, #805, #1377, #256, #2187, #1904, #1006 ) ) ;
#1913 = CARTESIAN_POINT ( 'NONE',  ( 5.500000000000000000, 0.4999999999999993339, -3.000000000000000444 ) ) ;
#1914 = ORIENTED_EDGE ( 'NONE', *, *, #583, .T. ) ;
#1915 = DIRECTION ( 'NONE',  ( 0.8660254037844381525, 0.5000000000000008882, 0.000000000000000000 ) ) ;
#1916 = CARTESIAN_POINT ( 'NONE',  ( -1.849999999999999645, -0.5000000000000002220, 3.000000000000000000 ) ) ;
#1917 = EDGE_CURVE ( 'NONE', #2164, #851, #653, .T. ) ;
#1918 = EDGE_LOOP ( 'NONE', ( #1039, #1835, #1909 ) ) ;
#1919 = FACE_OUTER_BOUND ( 'NONE', #2246, .T. ) ;
#1920 = FACE_OUTER_BOUND ( 'NONE', #1457, .T. ) ;
#1921 = AXIS2_PLACEMENT_3D ( 'NONE', #53, #767, #1312 ) ;
#1922 = VERTEX_POINT ( 'NONE', #666 ) ;
#1923 = DIRECTION ( 'NONE',  ( 0.000000000000000000, 0.000000000000000000, 1.000000000000000000 ) ) ;
#1924 = AXIS2_PLACEMENT_3D ( 'NONE', #150, #1067, #863 ) ;
#1925 = ORIENTED_EDGE ( 'NONE', *, *, #1710, .T. ) ;
#1926 = CIRCLE ( 'NONE', #2080, 0.5000000000000000000 ) ;
#1927 = FACE_OUTER_BOUND ( 'NONE', #2106, .T. ) ;
#1928 = AXIS2_PLACEMENT_3D ( 'NONE', #589, #1105, #442 ) ;
#1929 = AXIS2_PLACEMENT_3D ( 'NONE', #1746, #1575, #889 ) ;
#1930 = AXIS2_PLACEMENT_3D ( 'NONE', #130, #1005, #652 ) ;
#1931 = DIRECTION ( 'NONE',  ( 0.000000000000000000, 0.000000000000000000, -1.000000000000000000 ) ) ;
#1932 = EDGE_CURVE ( 'NONE', #2021, #728, #1348, .T. ) ;
#1933 = CARTESIAN_POINT ( 'NONE',  ( -13.56698729810777948, -2.250000000000000888, -3.000000000000000000 ) ) ;
#1934 = ORIENTED_EDGE ( 'NONE', *, *, #66, .F. ) ;
#1935 = CARTESIAN_POINT ( 'NONE',  ( 5.500000000000000000, 0.4999999999999993339, -3.500000000000000000 ) ) ;
#1936 = EDGE_CURVE ( 'NONE', #122, #1422, #474, .T. ) ;
#1937 = DIRECTION ( 'NONE',  ( 1.000000000000000000, 1.747729060459023048E-16, 0.000000000000000000 ) ) ;
#1938 = CARTESIAN_POINT ( 'NONE',  ( 2.849999999999999645, -0.5000000000000000000, -3.000000000000000444 ) ) ;
#1939 = DIRECTION ( 'NONE',  ( -1.000000000000000000, 9.227252531791526626E-17, 0.000000000000000000 ) ) ;
#1940 = LINE ( 'NONE', #871, #1228 ) ;
#1941 = ORIENTED_EDGE ( 'NONE', *, *, #76, .T. ) ;
#1942 = DIRECTION ( 'NONE',  ( -0.8660254037844385966, -0.5000000000000000000, 0.000000000000000000 ) ) ;
#1943 = ORIENTED_EDGE ( 'NONE', *, *, #1376, .T. ) ;
#1944 = EDGE_CURVE ( 'NONE', #586, #1345, #2085, .T. ) ;
#1945 = CARTESIAN_POINT ( 'NONE',  ( 5.500000000000000000, 0.4999999999999993339, 3.000000000000000000 ) ) ;
#1946 = CALENDAR_DATE ( 2025, 23, 5 ) ;
#1947 = CIRCLE ( 'NONE', #2098, 0.5000000000000000000 ) ;
#1948 = CIRCLE ( 'NONE', #2252, 0.5000000000000004441 ) ;
#1949 = FACE_OUTER_BOUND ( 'NONE', #1703, .T. ) ;
#1950 = CARTESIAN_POINT ( 'NONE',  ( -2.849999999999999645, 0.4999999999999998890, -3.500000000000000000 ) ) ;
#1951 = FACE_OUTER_BOUND ( 'NONE', #265, .T. ) ;
#1952 = CARTESIAN_POINT ( 'NONE',  ( -13.13397459621555896, -2.500000000000001776, -3.000000000000000000 ) ) ;
#1953 = VECTOR ( 'NONE', #956, 1000.000000000000000 ) ;
#1954 = PERSON_AND_ORGANIZATION ( #1249, #2150 ) ;
#1955 = EDGE_CURVE ( 'NONE', #1, #1034, #1362, .T. ) ;
#1956 = DIRECTION ( 'NONE',  ( -1.224646799147353454E-16, 0.000000000000000000, -1.000000000000000000 ) ) ;
#1957 = AXIS2_PLACEMENT_3D ( 'NONE', #173, #887, #2254 ) ;
#1958 = ADVANCED_FACE ( 'NONE', ( #98 ), #1409, .F. ) ;
#1959 = MANIFOLD_SOLID_BREP ( 'Congé2', #1741 ) ;
#1960 = ORIENTED_EDGE ( 'NONE', *, *, #1266, .F. ) ;
#1961 = FACE_OUTER_BOUND ( 'NONE', #201, .T. ) ;
#1962 = AXIS2_PLACEMENT_3D ( 'NONE', #1774, #1763, #186 ) ;
#1963 = DIRECTION ( 'NONE',  ( -0.000000000000000000, 1.000000000000000000, -0.000000000000000000 ) ) ;
#1964 = AXIS2_PLACEMENT_3D ( 'NONE', #1334, #1513, #807 ) ;
#1965 = CARTESIAN_POINT ( 'NONE',  ( -2.349999999999999645, -0.5000000000000001110, -3.500000000000000000 ) ) ;
#1966 = CARTESIAN_POINT ( 'NONE',  ( 8.738645302295120172E-17, 0.5000000000000003331, 3.500000000000000000 ) ) ;
#1967 = DIRECTION ( 'NONE',  ( 0.000000000000000000, 0.000000000000000000, -1.000000000000000000 ) ) ;
#1968 = VERTEX_POINT ( 'NONE', #506 ) ;
#1969 = SPHERICAL_SURFACE ( 'NONE', #1088, 0.5000000000000000000 ) ;
#1970 = ADVANCED_FACE ( 'NONE', ( #1611 ), #724, .T. ) ;
#1971 = FACE_OUTER_BOUND ( 'NONE', #1819, .T. ) ;
#1972 = EDGE_CURVE ( 'NONE', #336, #44, #1755, .T. ) ;
#1973 = ORIENTED_EDGE ( 'NONE', *, *, #1936, .T. ) ;
#1974 = FACE_OUTER_BOUND ( 'NONE', #1740, .T. ) ;
#1975 = VERTEX_POINT ( 'NONE', #2095 ) ;
#1976 = DIRECTION ( 'NONE',  ( 1.000000000000000000, -0.000000000000000000, -0.000000000000000000 ) ) ;
#1977 = LINE ( 'NONE', #369, #396 ) ;
#1978 = DIRECTION ( 'NONE',  ( 0.000000000000000000, -1.000000000000000000, 0.000000000000000000 ) ) ;
#1979 = CARTESIAN_POINT ( 'NONE',  ( -1.850000000000000089, -1.999999999999999556, 3.500000000000000000 ) ) ;
#1980 = ORIENTED_EDGE ( 'NONE', *, *, #1458, .T. ) ;
#1981 = DIRECTION ( 'NONE',  ( -0.000000000000000000, 1.000000000000000000, 0.000000000000000000 ) ) ;
#1982 = DIRECTION ( 'NONE',  ( -0.000000000000000000, 1.000000000000000000, -0.000000000000000000 ) ) ;
#1983 = ORIENTED_EDGE ( 'NONE', *, *, #778, .T. ) ;
#1984 = EDGE_CURVE ( 'NONE', #1871, #172, #3, .T. ) ;
#1985 = VECTOR ( 'NONE', #1212, 1000.000000000000000 ) ;
#1986 = ORIENTED_EDGE ( 'NONE', *, *, #355, .T. ) ;
#1987 = CARTESIAN_POINT ( 'NONE',  ( -13.13397459621556074, -2.500000000000001776, 3.000000000000000000 ) ) ;
#1988 = EDGE_CURVE ( 'NONE', #831, #1325, #1690, .T. ) ;
#1989 = DIRECTION ( 'NONE',  ( 0.000000000000000000, 0.000000000000000000, -1.000000000000000000 ) ) ;
#1990 = SPHERICAL_SURFACE ( 'NONE', #320, 0.5000000000000000000 ) ;
#1991 = DIRECTION ( 'NONE',  ( 0.000000000000000000, -1.000000000000000000, -0.000000000000000000 ) ) ;
#1992 = EDGE_LOOP ( 'NONE', ( #1403, #1597, #278 ) ) ;
#1993 = CYLINDRICAL_SURFACE ( 'NONE', #1609, 0.5000000000000000000 ) ;
#1994 = CIRCLE ( 'NONE', #1460, 0.5000000000000000000 ) ;
#1995 = DIRECTION ( 'NONE',  ( 0.000000000000000000, 0.000000000000000000, -1.000000000000000000 ) ) ;
#1996 = ORIENTED_EDGE ( 'NONE', *, *, #1723, .F. ) ;
#1997 = ORIENTED_EDGE ( 'NONE', *, *, #1984, .T. ) ;
#1998 = CARTESIAN_POINT ( 'NONE',  ( -2.849999999999999645, -0.5000000000000000000, 3.500000000000000000 ) ) ;
#1999 = ORIENTED_EDGE ( 'NONE', *, *, #619, .F. ) ;
#2000 = EDGE_CURVE ( 'NONE', #1072, #991, #1722, .T. ) ;
#2001 = CIRCLE ( 'NONE', #1470, 0.5000000000000004441 ) ;
#2002 = CARTESIAN_POINT ( 'NONE',  ( -6.000000000000000000, 0.4999999999999992784, -3.000000000000000444 ) ) ;
#2003 = DIRECTION ( 'NONE',  ( 0.5000000000000006661, 0.8660254037844382635, -4.971761550690777756E-15 ) ) ;
#2004 = ORIENTED_EDGE ( 'NONE', *, *, #1897, .F. ) ;
#2005 = AXIS2_PLACEMENT_3D ( 'NONE', #2177, #1659, #1794 ) ;
#2006 = EDGE_CURVE ( 'NONE', #1883, #1968, #518, .T. ) ;
#2007 = DIRECTION ( 'NONE',  ( 0.8660254037844381525, -0.5000000000000008882, 0.000000000000000000 ) ) ;
#2008 = DIRECTION ( 'NONE',  ( -1.000000000000000000, 0.000000000000000000, 0.000000000000000000 ) ) ;
#2009 = ORIENTED_EDGE ( 'NONE', *, *, #1360, .T. ) ;
#2010 = APPLICATION_PROTOCOL_DEFINITION ( 'international standard', 'config_control_design', 1994, #1768 ) ;
#2011 = UNCERTAINTY_MEASURE_WITH_UNIT (LENGTH_MEASURE( 1.000000000000000082E-05 ), #1856, 'distance_accuracy_value', 'NONE');
#2012 = DIRECTION ( 'NONE',  ( -0.000000000000000000, 1.000000000000000000, -0.000000000000000000 ) ) ;
#2013 = CARTESIAN_POINT ( 'NONE',  ( -2.000000000000027089, -1.976969600708558650, -9.699503733421092585E-14 ) ) ;
#2014 = ORIENTED_EDGE ( 'NONE', *, *, #2203, .T. ) ;
#2015 = DIRECTION ( 'NONE',  ( 0.000000000000000000, -0.000000000000000000, -1.000000000000000000 ) ) ;
#2016 = DIRECTION ( 'NONE',  ( -1.191190382581906851E-16, 1.000000000000000000, 0.000000000000000000 ) ) ;
#2017 = EDGE_CURVE ( 'NONE', #44, #1838, #846, .T. ) ;
#2018 = FACE_OUTER_BOUND ( 'NONE', #1148, .T. ) ;
#2019 = VERTEX_POINT ( 'NONE', #1588 ) ;
#2020 = DIRECTION ( 'NONE',  ( 1.000000000000000000, 0.000000000000000000, 0.000000000000000000 ) ) ;
#2021 = VERTEX_POINT ( 'NONE', #344 ) ;
#2022 = CIRCLE ( 'NONE', #973, 0.5000000000000000000 ) ;
#2023 = LINE ( 'NONE', #1660, #78 ) ;
#2024 = AXIS2_PLACEMENT_3D ( 'NONE', #715, #2123, #1589 ) ;
#2025 = SPHERICAL_SURFACE ( 'NONE', #1648, 0.5000000000000000000 ) ;
#2026 = SPHERICAL_SURFACE ( 'NONE', #343, 0.5000000000000000000 ) ;
#2027 = EDGE_LOOP ( 'NONE', ( #687, #813, #1925, #1365 ) ) ;
#2028 = CARTESIAN_POINT ( 'NONE',  ( -1.936658796125914517, -1.993111508171500734, -0.7348759765988961412 ) ) ;
#2029 = DIRECTION ( 'NONE',  ( -1.000000000000000000, 2.168404344971009854E-16, -8.673617379884039416E-16 ) ) ;
#2030 = CARTESIAN_POINT ( 'NONE',  ( 2.000000000000026645, -1.976969600708559094, -9.675065195979921960E-14 ) ) ;
#2031 = ORIENTED_EDGE ( 'NONE', *, *, #537, .F. ) ;
#2032 = AXIS2_PLACEMENT_3D ( 'NONE', #2171, #2132, #246 ) ;
#2033 = ADVANCED_FACE ( 'NONE', ( #1919 ), #806, .T. ) ;
#2034 = CIRCLE ( 'NONE', #129, 0.5000000000000004441 ) ;
#2035 = VERTEX_POINT ( 'NONE', #1593 ) ;
#2036 = CIRCLE ( 'NONE', #1582, 0.5000000000000004441 ) ;
#2037 = CARTESIAN_POINT ( 'NONE',  ( -2.350000000000000089, -1.999999999999999556, 3.000000000000000000 ) ) ;
#2038 = TOROIDAL_SURFACE ( 'NONE', #1355, 1.000000000000000000, 0.5000000000000000000 ) ;
#2039 = CYLINDRICAL_SURFACE ( 'NONE', #2208, 0.5000000000000000000 ) ;
#2040 = EDGE_LOOP ( 'NONE', ( #770, #2197, #1313, #584 ) ) ;
#2041 = ORIENTED_EDGE ( 'NONE', *, *, #1452, .T. ) ;
#2042 = VECTOR ( 'NONE', #483, 1000.000000000000000 ) ;
#2043 = DIRECTION ( 'NONE',  ( 1.000000000000000000, 0.000000000000000000, 0.000000000000000000 ) ) ;
#2044 = VECTOR ( 'NONE', #1316, 1000.000000000000000 ) ;
#2045 = CARTESIAN_POINT ( 'NONE',  ( -1.849999999999999645, 4.011548038196366406E-16, 3.500000000000000000 ) ) ;
#2046 = FACE_OUTER_BOUND ( 'NONE', #1523, .T. ) ;
#2047 = ORIENTED_EDGE ( 'NONE', *, *, #662, .F. ) ;
#2048 = ADVANCED_FACE ( 'NONE', ( #1078 ), #539, .T. ) ;
#2049 = ADVANCED_FACE ( 'NONE', ( #1384 ), #168, .T. ) ;
#2050 = CARTESIAN_POINT ( 'NONE',  ( -6.000000000000000000, -6.379211070675434126E-16, 3.000000000000000000 ) ) ;
#2051 = CARTESIAN_POINT ( 'NONE',  ( 5.500000000000000000, 2.999999999999999556, 3.500000000000000000 ) ) ;
#2052 = EDGE_LOOP ( 'NONE', ( #1370, #1627, #1134, #127 ) ) ;
#2053 = DIRECTION ( 'NONE',  ( 1.000000000000000000, 0.000000000000000000, 3.469446951953611033E-15 ) ) ;
#2054 = CARTESIAN_POINT ( 'NONE',  ( -6.000000000000000000, -6.379211070675434126E-16, 3.500000000000000000 ) ) ;
#2055 = CARTESIAN_POINT ( 'NONE',  ( 0.000000000000000000, 2.499999999999999112, 0.000000000000000000 ) ) ;
#2056 = ORIENTED_EDGE ( 'NONE', *, *, #1230, .T. ) ;
#2057 = DIRECTION ( 'NONE',  ( 1.000000000000000000, 0.000000000000000000, 0.000000000000000000 ) ) ;
#2058 = CC_DESIGN_DATE_AND_TIME_ASSIGNMENT ( #2129, #1599, ( #441 ) ) ;
#2059 = PLANE ( 'NONE',  #1226 ) ;
#2060 = CIRCLE ( 'NONE', #900, 0.5000000000000000000 ) ;
#2061 = DIRECTION ( 'NONE',  ( 0.000000000000000000, 0.000000000000000000, -1.000000000000000000 ) ) ;
#2062 = ADVANCED_FACE ( 'NONE', ( #2271 ), #1059, .T. ) ;
#2063 = CARTESIAN_POINT ( 'NONE',  ( 1.849999999999999645, -2.000000000000000000, 1.095445115010332815 ) ) ;
#2064 = ORIENTED_EDGE ( 'NONE', *, *, #513, .T. ) ;
#2065 = ORIENTED_EDGE ( 'NONE', *, *, #467, .T. ) ;
#2066 = VECTOR ( 'NONE', #345, 1000.000000000000000 ) ;
#2067 = FACE_OUTER_BOUND ( 'NONE', #1727, .T. ) ;
#2068 = EDGE_LOOP ( 'NONE', ( #2141, #2275, #249 ) ) ;
#2069 = LINE ( 'NONE', #1182, #1529 ) ;
#2070 = CARTESIAN_POINT ( 'NONE',  ( 6.000000000000000000, -6.379211070675434126E-16, -3.000000000000000444 ) ) ;
#2071 = ORIENTED_EDGE ( 'NONE', *, *, #481, .T. ) ;
#2072 = ORIENTED_EDGE ( 'NONE', *, *, #2261, .F. ) ;
#2073 = CARTESIAN_POINT ( 'NONE',  ( 5.500000000000000000, 2.499999999999999556, -3.000000000000000000 ) ) ;
#2074 = CARTESIAN_POINT ( 'NONE',  ( 1.898572556302272174, -2.000000000000019096, 0.9175925825118603774 ) ) ;
#2075 = AXIS2_PLACEMENT_3D ( 'NONE', #703, #1733, #1407 ) ;
#2076 = ORIENTED_EDGE ( 'NONE', *, *, #312, .F. ) ;
#2077 = EDGE_CURVE ( 'NONE', #569, #1296, #2265, .T. ) ;
#2078 = ORIENTED_EDGE ( 'NONE', *, *, #1098, .T. ) ;
#2079 = DIRECTION ( 'NONE',  ( -1.000000000000000000, -0.000000000000000000, -0.000000000000000000 ) ) ;
#2080 = AXIS2_PLACEMENT_3D ( 'NONE', #451, #1830, #2229 ) ;
#2081 = EDGE_LOOP ( 'NONE', ( #2072, #2076, #1878, #104 ) ) ;
#2082 = DIRECTION ( 'NONE',  ( -2.168404344971009361E-16, -1.000000000000000000, 0.000000000000000000 ) ) ;
#2083 = AXIS2_PLACEMENT_3D ( 'NONE', #1469, #560, #1264 ) ;
#2084 = CARTESIAN_POINT ( 'NONE',  ( -13.13397459621556074, -2.500000000000001776, -3.000000000000000000 ) ) ;
#2085 = CIRCLE ( 'NONE', #1208, 0.9999999999999991118 ) ;
#2086 = VERTEX_POINT ( 'NONE', #901 ) ;
#2087 = CARTESIAN_POINT ( 'NONE',  ( -10.49999999999999822, -3.000000000000001332, -3.000000000000000444 ) ) ;
#2088 = CARTESIAN_POINT ( 'NONE',  ( -1.849999999999999867, -1.499999999999999556, -3.500000000000000000 ) ) ;
#2089 = ORIENTED_EDGE ( 'NONE', *, *, #81, .F. ) ;
#2090 = VERTEX_POINT ( 'NONE', #195 ) ;
#2091 = CARTESIAN_POINT ( 'NONE',  ( -1.849999999999999867, -1.499999999999999556, 3.000000000000000000 ) ) ;
#2092 = DIRECTION ( 'NONE',  ( 0.000000000000000000, -1.000000000000000000, -8.673617379884035472E-16 ) ) ;
#2093 = EDGE_CURVE ( 'NONE', #274, #2021, #1602, .T. ) ;
#2094 = CARTESIAN_POINT ( 'NONE',  ( 5.500000000000000000, 0.000000000000000000, 3.500000000000000000 ) ) ;
#2095 = CARTESIAN_POINT ( 'NONE',  ( 6.000000000000000000, 0.4999999999999993339, -3.000000000000000444 ) ) ;
#2096 = LINE ( 'NONE', #706, #2209 ) ;
#2097 = DIRECTION ( 'NONE',  ( 0.000000000000000000, 0.000000000000000000, -1.000000000000000000 ) ) ;
#2098 = AXIS2_PLACEMENT_3D ( 'NONE', #1876, #1154, #1179 ) ;
#2099 = EDGE_CURVE ( 'NONE', #1555, #82, #9, .T. ) ;
#2100 = LINE ( 'NONE', #1898, #983 ) ;
#2101 = PERSON_AND_ORGANIZATION ( #1249, #2150 ) ;
#2102 = ADVANCED_FACE ( 'NONE', ( #1961 ), #58, .T. ) ;
#2103 = EDGE_CURVE ( 'NONE', #1640, #2162, #732, .T. ) ;
#2104 = ORIENTED_EDGE ( 'NONE', *, *, #91, .T. ) ;
#2105 = CARTESIAN_POINT ( 'NONE',  ( -13.36491470389140979, -0.9000000000000007994, 3.000000000000000444 ) ) ;
#2106 = EDGE_LOOP ( 'NONE', ( #347, #271, #783, #1999, #626, #38, #576 ) ) ;
#2107 = PLANE ( 'NONE',  #1719 ) ;
#2108 = AXIS2_PLACEMENT_3D ( 'NONE', #989, #1692, #102 ) ;
#2109 = CIRCLE ( 'NONE', #1426, 0.5000000000000000000 ) ;
#2110 = DIRECTION ( 'NONE',  ( -5.007715329123850947E-16, -8.673617379884010820E-16, 1.000000000000000000 ) ) ;
#2111 = AXIS2_PLACEMENT_3D ( 'NONE', #708, #1378, #2262 ) ;
#2112 = VECTOR ( 'NONE', #1644, 1000.000000000000000 ) ;
#2113 = DIRECTION ( 'NONE',  ( 1.191190382581906605E-16, -1.000000000000000000, 0.000000000000000000 ) ) ;
#2114 = DIRECTION ( 'NONE',  ( -1.000000000000000000, -2.168404344971006896E-16, 0.000000000000000000 ) ) ;
#2115 = EDGE_CURVE ( 'NONE', #294, #1255, #1725, .T. ) ;
#2116 = CARTESIAN_POINT ( 'NONE',  ( 1.849999999999999867, -1.500000000000000000, 3.500000000000000000 ) ) ;
#2117 = CARTESIAN_POINT ( 'NONE',  ( -1.384087879768728871E-16, -1.499999999999999778, 3.000000000000000000 ) ) ;
#2118 = DATE_AND_TIME ( #92, #2268 ) ;
#2119 = FACE_OUTER_BOUND ( 'NONE', #212, .T. ) ;
#2120 = ADVANCED_FACE ( 'NONE', ( #922 ), #439, .T. ) ;
#2121 = ORIENTED_EDGE ( 'NONE', *, *, #1936, .F. ) ;
#2122 = DIRECTION ( 'NONE',  ( 0.000000000000000000, 0.000000000000000000, -1.000000000000000000 ) ) ;
#2123 = DIRECTION ( 'NONE',  ( 6.018531076210112041E-30, -1.000000000000000000, 8.673617379884035472E-16 ) ) ;
#2124 = EDGE_CURVE ( 'NONE', #786, #356, #585, .T. ) ;
#2125 = DIRECTION ( 'NONE',  ( 2.168404344971009361E-16, 1.000000000000000000, -0.000000000000000000 ) ) ;
#2126 = EDGE_LOOP ( 'NONE', ( #1980, #2004, #1028, #761 ) ) ;
#2127 = ADVANCED_FACE ( 'NONE', ( #1618 ), #1290, .F. ) ;
#2128 = DIRECTION ( 'NONE',  ( 0.000000000000000000, 0.000000000000000000, -1.000000000000000000 ) ) ;
#2129 = DATE_AND_TIME ( #1946, #992 ) ;
#2130 = TOROIDAL_SURFACE ( 'NONE', #1117, 1.000000000000000000, 0.5000000000000000000 ) ;
#2131 = AXIS2_PLACEMENT_3D ( 'NONE', #910, #1756, #373 ) ;
#2132 = DIRECTION ( 'NONE',  ( 0.000000000000000000, 0.000000000000000000, -1.000000000000000000 ) ) ;
#2133 = ORIENTED_EDGE ( 'NONE', *, *, #662, .T. ) ;
#2134 = DIRECTION ( 'NONE',  ( 0.000000000000000000, 0.000000000000000000, -1.000000000000000000 ) ) ;
#2135 = ORIENTED_EDGE ( 'NONE', *, *, #1479, .T. ) ;
#2136 = CARTESIAN_POINT ( 'NONE',  ( -1.650000000000000355, -1.499999999999999556, 0.000000000000000000 ) ) ;
#2137 = CARTESIAN_POINT ( 'NONE',  ( -13.56698729810777948, -2.250000000000001332, 3.500000000000000000 ) ) ;
#2138 = DIRECTION ( 'NONE',  ( -1.000000000000000000, 9.227252531791526626E-17, 0.000000000000000000 ) ) ;
#2139 = DIRECTION ( 'NONE',  ( 9.227252531791526626E-17, 1.000000000000000000, -0.000000000000000000 ) ) ;
#2140 = CIRCLE ( 'NONE', #1314, 0.5000000000000000000 ) ;
#2141 = ORIENTED_EDGE ( 'NONE', *, *, #1610, .T. ) ;
#2142 = VERTEX_POINT ( 'NONE', #771 ) ;
#2143 = EDGE_CURVE ( 'NONE', #1604, #82, #178, .T. ) ;
#2144 = DIRECTION ( 'NONE',  ( 0.000000000000000000, 0.000000000000000000, -1.000000000000000000 ) ) ;
#2145 = CARTESIAN_POINT ( 'NONE',  ( -10.50000000000000000, -1.250749901711001911E-15, 3.000000000000000000 ) ) ;
#2146 = CIRCLE ( 'NONE', #322, 2.149999999999999911 ) ;
#2147 = TOROIDAL_SURFACE ( 'NONE', #510, 1.000000000000000000, 0.5000000000000000000 ) ;
#2148 = ORIENTED_EDGE ( 'NONE', *, *, #2232, .T. ) ;
#2149 = CARTESIAN_POINT ( 'NONE',  ( -2.849999999999999645, -8.738645302295114009E-17, -3.000000000000000444 ) ) ;
#2150 = ORGANIZATION ( 'UNSPECIFIED', 'UNSPECIFIED', '' ) ;
#2151 = CARTESIAN_POINT ( 'NONE',  ( -1.850000000000000089, -1.499999999999999556, 3.000000000000000000 ) ) ;
#2152 = CARTESIAN_POINT ( 'NONE',  ( -1.850000000000000089, -1.999999999999999556, 3.500000000000000000 ) ) ;
#2153 = DIRECTION ( 'NONE',  ( 2.478176394252581634E-16, 4.331180901178793548E-32, -1.000000000000000000 ) ) ;
#2154 = LINE ( 'NONE', #73, #1745 ) ;
#2155 = ORIENTED_EDGE ( 'NONE', *, *, #606, .T. ) ;
#2156 = EDGE_LOOP ( 'NONE', ( #508, #1698, #1456, #1175, #978 ) ) ;
#2157 = DIRECTION ( 'NONE',  ( -0.000000000000000000, 0.000000000000000000, -1.000000000000000000 ) ) ;
#2158 = ADVANCED_FACE ( 'NONE', ( #1974 ), #754, .T. ) ;
#2159 = CARTESIAN_POINT ( 'NONE',  ( -13.50000000000000000, 0.000000000000000000, -3.500000000000000000 ) ) ;
#2160 = EDGE_CURVE ( 'NONE', #288, #1289, #100, .T. ) ;
#2161 = EDGE_LOOP ( 'NONE', ( #1338, #1387, #1310, #349 ) ) ;
#2162 = VERTEX_POINT ( 'NONE', #2149 ) ;
#2163 = CARTESIAN_POINT ( 'NONE',  ( 2.849999999999999645, 0.4999999999999997780, -3.500000000000000000 ) ) ;
#2164 = VERTEX_POINT ( 'NONE', #1668 ) ;
#2165 = DIRECTION ( 'NONE',  ( -0.000000000000000000, 1.000000000000000000, -0.000000000000000000 ) ) ;
#2166 = FACE_OUTER_BOUND ( 'NONE', #2052, .T. ) ;
#2167 = DIRECTION ( 'NONE',  ( 0.8660254037844385966, 0.5000000000000000000, 8.673617379884027583E-16 ) ) ;
#2168 = ORIENTED_EDGE ( 'NONE', *, *, #1655, .T. ) ;
#2169 = LINE ( 'NONE', #431, #1089 ) ;
#2170 = EDGE_CURVE ( 'NONE', #1322, #1386, #252, .T. ) ;
#2171 = CARTESIAN_POINT ( 'NONE',  ( -9.499999999999998224, -0.5000000000000008882, -3.500000000000000000 ) ) ;
#2172 = TOROIDAL_SURFACE ( 'NONE', #189, 1.000000000000000000, 0.5000000000000000000 ) ;
#2173 = ORIENTED_EDGE ( 'NONE', *, *, #329, .F. ) ;
#2174 = AXIS2_PLACEMENT_3D ( 'NONE', #627, #475, #1018 ) ;
#2175 = ADVANCED_FACE ( 'NONE', ( #1439 ), #411, .T. ) ;
#2176 = ORIENTED_EDGE ( 'NONE', *, *, #324, .F. ) ;
#2177 = CARTESIAN_POINT ( 'NONE',  ( -10.49999999999999822, -2.500000000000001332, -3.000000000000000000 ) ) ;
#2178 = CARTESIAN_POINT ( 'NONE',  ( -2.350000000000000089, -1.999999999999999556, 3.500000000000000000 ) ) ;
#2179 = DIRECTION ( 'NONE',  ( 0.8660254037844388186, 0.4999999999999998890, 0.000000000000000000 ) ) ;
#2180 = CIRCLE ( 'NONE', #1197, 1.650000000000000133 ) ;
#2181 = FACE_OUTER_BOUND ( 'NONE', #1434, .T. ) ;
#2182 = AXIS2_PLACEMENT_3D ( 'NONE', #624, #446, #1183 ) ;
#2183 = CARTESIAN_POINT ( 'NONE',  ( 1.936658796125914295, -1.993111508171500290, -0.7348759765988966963 ) ) ;
#2184 = CIRCLE ( 'NONE', #1350, 0.5000000000000000000 ) ;
#2185 = AXIS2_PLACEMENT_3D ( 'NONE', #2204, #964, #814 ) ;
#2186 = DIRECTION ( 'NONE',  ( 0.000000000000000000, 0.000000000000000000, 1.000000000000000000 ) ) ;
#2187 = ORIENTED_EDGE ( 'NONE', *, *, #644, .T. ) ;
#2188 = AXIS2_PLACEMENT_3D ( 'NONE', #425, #2165, #799 ) ;
#2189 = VECTOR ( 'NONE', #909, 1000.000000000000000 ) ;
#2190 = CARTESIAN_POINT ( 'NONE',  ( 2.020667218593133001E-16, 2.499999999999999112, -1.650000000000000133 ) ) ;
#2191 = ADVANCED_FACE ( 'NONE', ( #744 ), #1806, .T. ) ;
#2192 = CARTESIAN_POINT ( 'NONE',  ( -1.999999999998126610, -1.976969600709695296, 0.1851823527868928787 ) ) ;
#2193 = ORIENTED_EDGE ( 'NONE', *, *, #1066, .F. ) ;
#2194 = AXIS2_PLACEMENT_3D ( 'NONE', #993, #493, #830 ) ;
#2195 = CARTESIAN_POINT ( 'NONE',  ( -9.500000000000000000, -0.5000000000000008882, 3.000000000000000000 ) ) ;
#2196 = DIRECTION ( 'NONE',  ( 0.000000000000000000, 0.000000000000000000, 1.000000000000000000 ) ) ;
#2197 = ORIENTED_EDGE ( 'NONE', *, *, #766, .F. ) ;
#2198 = EDGE_LOOP ( 'NONE', ( #834, #1738, #1394, #1120, #183 ) ) ;
#2199 = DIRECTION ( 'NONE',  ( 1.000000000000000000, -0.000000000000000000, -0.000000000000000000 ) ) ;
#2200 = CARTESIAN_POINT ( 'NONE',  ( -12.49888930010697052, -0.4000000000000006328, -3.500000000000000000 ) ) ;
#2201 = ORIENTED_EDGE ( 'NONE', *, *, #644, .F. ) ;
#2202 = DIRECTION ( 'NONE',  ( 0.000000000000000000, 0.000000000000000000, -1.000000000000000000 ) ) ;
#2203 = EDGE_CURVE ( 'NONE', #374, #294, #948, .T. ) ;
#2204 = CARTESIAN_POINT ( 'NONE',  ( -2.849999999999999645, -0.5000000000000000000, 3.000000000000000000 ) ) ;
#2205 = CARTESIAN_POINT ( 'NONE',  ( 5.500000000000000000, 2.499999999999999556, 3.500000000000000000 ) ) ;
#2206 = ORIENTED_EDGE ( 'NONE', *, *, #1402, .T. ) ;
#2207 = ORIENTED_EDGE ( 'NONE', *, *, #2006, .T. ) ;
#2208 = AXIS2_PLACEMENT_3D ( 'NONE', #1903, #1893, #484 ) ;
#2209 = VECTOR ( 'NONE', #1262, 1000.000000000000000 ) ;
#2210 = CARTESIAN_POINT ( 'NONE',  ( -13.50000000000000000, 1.333974596215561581, -3.000000000000000000 ) ) ;
#2211 = LINE ( 'NONE', #2051, #1985 ) ;
#2212 = VERTEX_POINT ( 'NONE', #2163 ) ;
#2213 = VERTEX_POINT ( 'NONE', #1950 ) ;
#2214 = FACE_OUTER_BOUND ( 'NONE', #210, .T. ) ;
#2215 = CARTESIAN_POINT ( 'NONE',  ( -2.849999999999999645, 0.4999999999999997780, 3.500000000000000000 ) ) ;
#2216 = LINE ( 'NONE', #2045, #787 ) ;
#2217 = CARTESIAN_POINT ( 'NONE',  ( -14.00000000000000000, 2.499999999999999556, -3.500000000000000000 ) ) ;
#2218 = EDGE_CURVE ( 'NONE', #1795, #198, #545, .T. ) ;
#2219 = ORIENTED_EDGE ( 'NONE', *, *, #105, .F. ) ;
#2220 = CIRCLE ( 'NONE', #1237, 0.5000000000000000000 ) ;
#2221 = PLANE ( 'NONE',  #1586 ) ;
#2222 = ORIENTED_EDGE ( 'NONE', *, *, #1020, .T. ) ;
#2223 = DIRECTION ( 'NONE',  ( -0.000000000000000000, -0.000000000000000000, -1.000000000000000000 ) ) ;
#2224 = VECTOR ( 'NONE', #1453, 1000.000000000000000 ) ;
#2225 = CARTESIAN_POINT ( 'NONE',  ( 1.936526353842852988, -1.993136670230769347, 0.7356052251366370642 ) ) ;
#2226 = ORIENTED_EDGE ( 'NONE', *, *, #549, .T. ) ;
#2227 = ORIENTED_EDGE ( 'NONE', *, *, #1932, .F. ) ;
#2228 = CARTESIAN_POINT ( 'NONE',  ( -13.93301270189221874, 1.083974596215560915, -3.500000000000000000 ) ) ;
#2229 = DIRECTION ( 'NONE',  ( 0.000000000000000000, 1.000000000000000000, -8.673617379884035472E-16 ) ) ;
#2230 = CC_DESIGN_APPROVAL ( #1082, ( #1901 ) ) ;
#2231 = FACE_OUTER_BOUND ( 'NONE', #635, .T. ) ;
#2232 = EDGE_CURVE ( 'NONE', #2213, #2162, #700, .T. ) ;
#2233 = FACE_OUTER_BOUND ( 'NONE', #93, .T. ) ;
#2234 = ORIENTED_EDGE ( 'NONE', *, *, #1790, .T. ) ;
#2235 = EDGE_CURVE ( 'NONE', #520, #1686, #512, .T. ) ;
#2236 = PERSON_AND_ORGANIZATION ( #1249, #2150 ) ;
#2237 = LINE ( 'NONE', #2094, #269 ) ;
#2238 = CARTESIAN_POINT ( 'NONE',  ( -2.349999999999999645, -4.814824860968089633E-32, 3.000000000000000000 ) ) ;
#2239 = CARTESIAN_POINT ( 'NONE',  ( -2.350000000000000089, -1.499999999999999556, -3.500000000000000000 ) ) ;
#2240 = ORIENTED_EDGE ( 'NONE', *, *, #324, .T. ) ;
#2241 = DIRECTION ( 'NONE',  ( -1.000000000000000000, 0.000000000000000000, 6.938893903907222067E-15 ) ) ;
#2242 = DIRECTION ( 'NONE',  ( -1.000000000000000000, -0.000000000000000000, -0.000000000000000000 ) ) ;
#2243 = DIRECTION ( 'NONE',  ( 3.469446951953614189E-15, -1.000000000000000000, 0.000000000000000000 ) ) ;
#2244 = ADVANCED_FACE ( 'NONE', ( #283 ), #2221, .F. ) ;
#2245 = LINE ( 'NONE', #111, #419 ) ;
#2246 = EDGE_LOOP ( 'NONE', ( #1845, #1107, #1245, #2133, #2056, #412, #1259 ) ) ;
#2247 = AXIS2_PLACEMENT_3D ( 'NONE', #985, #642, #1352 ) ;
#2248 = CARTESIAN_POINT ( 'NONE',  ( -10.50000000000000000, -2.500000000000001332, 3.000000000000000000 ) ) ;
#2249 = DIRECTION ( 'NONE',  ( 0.000000000000000000, 0.000000000000000000, -1.000000000000000000 ) ) ;
#2250 = EDGE_CURVE ( 'NONE', #1422, #2212, #208, .T. ) ;
#2251 = ORIENTED_EDGE ( 'NONE', *, *, #1356, .F. ) ;
#2252 = AXIS2_PLACEMENT_3D ( 'NONE', #21, #902, #2114 ) ;
#2253 = EDGE_LOOP ( 'NONE', ( #153, #1209, #1874, #334, #114, #2047, #1265 ) ) ;
#2254 = DIRECTION ( 'NONE',  ( 1.747729060459022062E-16, 1.000000000000000000, 0.000000000000000000 ) ) ;
#2255 = CYLINDRICAL_SURFACE ( 'NONE', #1166, 0.5000000000000000000 ) ;
#2256 = ORIENTED_EDGE ( 'NONE', *, *, #242, .T. ) ;
#2257 = ADVANCED_FACE ( 'NONE', ( #1372 ), #995, .T. ) ;
#2258 = CARTESIAN_POINT ( 'NONE',  ( 3.573571147745719815E-16, -3.000000000000000000, -3.000000000000000000 ) ) ;
#2259 = CARTESIAN_POINT ( 'NONE',  ( 0.000000000000000000, -1.999999999999999556, 1.650000000000000133 ) ) ;
#2260 = CIRCLE ( 'NONE', #433, 0.5000000000000000000 ) ;
#2261 = EDGE_CURVE ( 'NONE', #57, #1906, #325, .T. ) ;
#2262 = DIRECTION ( 'NONE',  ( 0.000000000000000000, 0.000000000000000000, 1.000000000000000000 ) ) ;
#2263 = CIRCLE ( 'NONE', #1928, 2.149999999999999911 ) ;
#2264 = ORIENTED_EDGE ( 'NONE', *, *, #696, .F. ) ;
#2265 = CIRCLE ( 'NONE', #1278, 1.650000000000000133 ) ;
#2266 = LINE ( 'NONE', #719, #646 ) ;
#2267 = LOCAL_TIME ( 10, 39, 46.00000000000000000, #361 ) ;
#2268 = LOCAL_TIME ( 10, 39, 46.00000000000000000, #663 ) ;
#2269 = ORIENTED_EDGE ( 'NONE', *, *, #1972, .T. ) ;
#2270 = ORIENTED_EDGE ( 'NONE', *, *, #1458, .F. ) ;
#2271 = FACE_OUTER_BOUND ( 'NONE', #1114, .T. ) ;
#2272 = CARTESIAN_POINT ( 'NONE',  ( -10.49999999999999822, -0.5000000000000011102, -3.500000000000000000 ) ) ;
#2273 = ORIENTED_EDGE ( 'NONE', *, *, #1897, .T. ) ;
#2274 = SPHERICAL_SURFACE ( 'NONE', #1396, 0.5000000000000000000 ) ;
#2275 = ORIENTED_EDGE ( 'NONE', *, *, #2261, .T. ) ;
#2276 = ADVANCED_FACE ( 'NONE', ( #1522 ), #1865, .T. ) ;
#2277 = FACE_OUTER_BOUND ( 'NONE', #547, .T. ) ;
ENDSEC;
END-ISO-10303-21;
