ISO-10303-21;
HEADER;
FILE_DESCRIPTION (( 'STEP AP203' ),
    '1' );
FILE_NAME ('piece_up_serrage_patte_rail_mobile.STEP',
    '2025-05-23T08:39:11',
    ( '' ),
    ( '' ),
    'SwSTEP 2.0',
    'SolidWorks 2023',
    '' );
FILE_SCHEMA (( 'CONFIG_CONTROL_DESIGN' ));
ENDSEC;

DATA;
#1 = DIRECTION ( 'NONE',  ( -1.000000000000000000, -2.168404344971008868E-16, 0.000000000000000000 ) ) ;
#2 = DIRECTION ( 'NONE',  ( 2.168404344971009361E-16, 1.000000000000000000, -0.000000000000000000 ) ) ;
#3 = LINE ( 'NONE', #603, #1286 ) ;
#4 = ORIENTED_EDGE ( 'NONE', *, *, #648, .F. ) ;
#5 = ADVANCED_FACE ( 'NONE', ( #838 ), #981, .T. ) ;
#6 = DIRECTION ( 'NONE',  ( -2.168404344971009854E-16, -1.000000000000000000, -0.000000000000000000 ) ) ;
#7 = CARTESIAN_POINT ( 'NONE',  ( 2.221360993978700016, -1.838723215495882579, -0.8674013323555177513 ) ) ;
#8 = FACE_OUTER_BOUND ( 'NONE', #1287, .T. ) ;
#9 = CARTESIAN_POINT ( 'NONE',  ( -5.500000000000000000, 0.4999999999999994449, -3.500000000000000000 ) ) ;
#10 = ORIENTED_EDGE ( 'NONE', *, *, #96, .F. ) ;
#11 = DIRECTION ( 'NONE',  ( 1.000000000000000000, 0.000000000000000000, 0.000000000000000000 ) ) ;
#12 = DIRECTION ( 'NONE',  ( -0.000000000000000000, 1.000000000000000000, -0.000000000000000000 ) ) ;
#13 = ADVANCED_FACE ( 'NONE', ( #725 ), #385, .F. ) ;
#14 = AXIS2_PLACEMENT_3D ( 'NONE', #1022, #411, #660 ) ;
#15 = CYLINDRICAL_SURFACE ( 'NONE', #478, 0.5000000000000004441 ) ;
#16 = AXIS2_PLACEMENT_3D ( 'NONE', #1345, #240, #356 ) ;
#17 = DIRECTION ( 'NONE',  ( 0.000000000000000000, 0.000000000000000000, -1.000000000000000000 ) ) ;
#18 = ORIENTED_EDGE ( 'NONE', *, *, #1559, .F. ) ;
#19 = AXIS2_PLACEMENT_3D ( 'NONE', #46, #326, #812 ) ;
#20 = EDGE_CURVE ( 'NONE', #1410, #553, #1373, .T. ) ;
#21 = CARTESIAN_POINT ( 'NONE',  ( 2.350000000000000089, -1.499999999999999778, -3.499999999999999556 ) ) ;
#22 = CARTESIAN_POINT ( 'NONE',  ( 0.000000000000000000, 3.499999999999999112, 4.000000000000000000 ) ) ;
#23 = DIRECTION ( 'NONE',  ( -1.000000000000000000, 0.000000000000000000, 0.000000000000000000 ) ) ;
#24 = LINE ( 'NONE', #530, #720 ) ;
#25 = EDGE_LOOP ( 'NONE', ( #1521, #103, #272, #831 ) ) ;
#26 = DATE_AND_TIME ( #1155, #1547 ) ;
#27 = DIRECTION ( 'NONE',  ( 0.000000000000000000, 0.000000000000000000, 1.000000000000000000 ) ) ;
#28 = CIRCLE ( 'NONE', #417, 1.000000000000000000 ) ;
#29 = ORGANIZATION ( 'UNSPECIFIED', 'UNSPECIFIED', '' ) ;
#30 = DIRECTION ( 'NONE',  ( 0.000000000000000000, 0.000000000000000000, -1.000000000000000000 ) ) ;
#31 = CARTESIAN_POINT ( 'NONE',  ( -1.850000000000000089, -1.499999999999999556, -3.499999999999999556 ) ) ;
#32 = ORIENTED_EDGE ( 'NONE', *, *, #402, .T. ) ;
#33 = CARTESIAN_POINT ( 'NONE',  ( 2.849999999999999645, -0.5000000000000001110, -3.499999999999999556 ) ) ;
#34 = APPROVAL_DATE_TIME ( #929, #193 ) ;
#35 = PRODUCT_DEFINITION_SHAPE ( 'NONE', 'NONE',  #1396 ) ;
#36 = DIRECTION ( 'NONE',  ( -1.000000000000000000, 2.168404344971009854E-16, 0.000000000000000000 ) ) ;
#37 = ORIENTED_EDGE ( 'NONE', *, *, #604, .T. ) ;
#38 = DIRECTION ( 'NONE',  ( 0.000000000000000000, 0.000000000000000000, 1.000000000000000000 ) ) ;
#39 = CARTESIAN_POINT ( 'NONE',  ( -5.500000000000000000, 0.000000000000000000, 4.000000000000000000 ) ) ;
#40 = VERTEX_POINT ( 'NONE', #1016 ) ;
#41 = VECTOR ( 'NONE', #506, 1000.000000000000000 ) ;
#42 = EDGE_CURVE ( 'NONE', #422, #1210, #375, .T. ) ;
#43 = AXIS2_PLACEMENT_3D ( 'NONE', #681, #691, #590 ) ;
#44 = PERSON_AND_ORGANIZATION ( #525, #29 ) ;
#45 = EDGE_CURVE ( 'NONE', #970, #115, #69, .T. ) ;
#46 = CARTESIAN_POINT ( 'NONE',  ( 1.850000000000000089, -1.500000000000000000, -3.499999999999999556 ) ) ;
#47 = AXIS2_PLACEMENT_3D ( 'NONE', #358, #481, #337 ) ;
#48 = EDGE_CURVE ( 'NONE', #486, #1410, #705, .T. ) ;
#49 = DIRECTION ( 'NONE',  ( 0.000000000000000000, 0.000000000000000000, -1.000000000000000000 ) ) ;
#50 = LINE ( 'NONE', #1311, #1059 ) ;
#51 = VERTEX_POINT ( 'NONE', #815 ) ;
#52 = DATE_TIME_ROLE ( 'classification_date' ) ;
#53 = ADVANCED_FACE ( 'NONE', ( #689 ), #179, .F. ) ;
#54 = CARTESIAN_POINT ( 'NONE',  ( 2.849999999999999645, -0.5000000000000001110, 4.000000000000000000 ) ) ;
#55 = ADVANCED_FACE ( 'NONE', ( #1497 ), #1369, .T. ) ;
#56 = ORIENTED_EDGE ( 'NONE', *, *, #1111, .T. ) ;
#57 = CARTESIAN_POINT ( 'NONE',  ( -2.350000000000000089, -1.499999999999999556, -3.499999999999999556 ) ) ;
#58 = LINE ( 'NONE', #940, #1137 ) ;
#59 = AXIS2_PLACEMENT_3D ( 'NONE', #1537, #445, #932 ) ;
#60 = ORIENTED_EDGE ( 'NONE', *, *, #321, .T. ) ;
#61 = DESIGN_CONTEXT ( 'detailed design', #1174, 'design' ) ;
#62 = PLANE ( 'NONE',  #231 ) ;
#63 = SECURITY_CLASSIFICATION_LEVEL ( 'unclassified' ) ;
#64 = DIRECTION ( 'NONE',  ( -1.000000000000000000, 9.637352644315595243E-17, 0.000000000000000000 ) ) ;
#65 = ADVANCED_FACE ( 'NONE', ( #1473 ), #1613, .T. ) ;
#66 = DIRECTION ( 'NONE',  ( -1.000000000000000000, 0.000000000000000000, 0.000000000000000000 ) ) ;
#67 = EDGE_CURVE ( 'NONE', #758, #1423, #131, .T. ) ;
#68 = DIRECTION ( 'NONE',  ( 2.168404344971008868E-16, -1.000000000000000000, -0.000000000000000000 ) ) ;
#69 = CIRCLE ( 'NONE', #452, 0.5000000000000000000 ) ;
#70 = CARTESIAN_POINT ( 'NONE',  ( -2.350000000000000089, -1.999999999999999556, 4.000000000000000000 ) ) ;
#71 = AXIS2_PLACEMENT_3D ( 'NONE', #261, #515, #507 ) ;
#72 = AXIS2_PLACEMENT_3D ( 'NONE', #467, #1188, #38 ) ;
#73 = DIRECTION ( 'NONE',  ( 0.000000000000000000, -1.000000000000000000, 0.000000000000000000 ) ) ;
#74 = CIRCLE ( 'NONE', #514, 2.250000000000000000 ) ;
#75 = ORIENTED_EDGE ( 'NONE', *, *, #998, .F. ) ;
#76 = DIRECTION ( 'NONE',  ( 1.000000000000000000, -0.000000000000000000, 0.000000000000000000 ) ) ;
#77 = VERTEX_POINT ( 'NONE', #522 ) ;
#78 = EDGE_LOOP ( 'NONE', ( #1420, #727, #602 ) ) ;
#79 = ORIENTED_EDGE ( 'NONE', *, *, #67, .T. ) ;
#80 = FACE_OUTER_BOUND ( 'NONE', #769, .T. ) ;
#81 = CYLINDRICAL_SURFACE ( 'NONE', #1099, 2.250000000000000000 ) ;
#82 = CARTESIAN_POINT ( 'NONE',  ( -2.849999999999999645, -0.5000000000000001110, 3.500000000000000000 ) ) ;
#83 = CARTESIAN_POINT ( 'NONE',  ( 2.250000000000000000, -1.500000000000000000, 3.061616997868383141E-16 ) ) ;
#84 = ORIENTED_EDGE ( 'NONE', *, *, #1070, .F. ) ;
#85 = CARTESIAN_POINT ( 'NONE',  ( -2.350000000000000089, -1.499999999999999556, 4.000000000000000000 ) ) ;
#86 = VECTOR ( 'NONE', #17, 1000.000000000000000 ) ;
#87 = EDGE_LOOP ( 'NONE', ( #1483, #716, #683, #227 ) ) ;
#88 = ORIENTED_EDGE ( 'NONE', *, *, #1377, .F. ) ;
#89 = EDGE_CURVE ( 'NONE', #51, #721, #609, .T. ) ;
#90 = DIRECTION ( 'NONE',  ( -2.168404344971008868E-16, 1.000000000000000000, 0.000000000000000000 ) ) ;
#91 = SPHERICAL_SURFACE ( 'NONE', #1125, 0.5000000000000000000 ) ;
#92 = DIRECTION ( 'NONE',  ( -2.168404344971009361E-16, -1.000000000000000000, 0.000000000000000000 ) ) ;
#93 = EDGE_LOOP ( 'NONE', ( #1484, #581, #1226, #1574, #653 ) ) ;
#94 = CARTESIAN_POINT ( 'NONE',  ( -2.350000000000000089, -1.999999999999999556, 3.500000000000000000 ) ) ;
#95 = CARTESIAN_POINT ( 'NONE',  ( -1.850000000000000089, -2.000000000000000000, 2.034698994937580441 ) ) ;
#96 = EDGE_CURVE ( 'NONE', #109, #1295, #1218, .T. ) ;
#97 = ORIENTED_EDGE ( 'NONE', *, *, #1069, .F. ) ;
#98 = CIRCLE ( 'NONE', #477, 0.5000000000000004441 ) ;
#99 = VECTOR ( 'NONE', #1119, 1000.000000000000000 ) ;
#100 = DIRECTION ( 'NONE',  ( 0.000000000000000000, 0.000000000000000000, -1.000000000000000000 ) ) ;
#101 = DIRECTION ( 'NONE',  ( -1.000000000000000000, 0.000000000000000000, 0.000000000000000000 ) ) ;
#102 = AXIS2_PLACEMENT_3D ( 'NONE', #1220, #1344, #744 ) ;
#103 = ORIENTED_EDGE ( 'NONE', *, *, #299, .T. ) ;
#104 = DIRECTION ( 'NONE',  ( 0.000000000000000000, 0.000000000000000000, 1.000000000000000000 ) ) ;
#105 = VECTOR ( 'NONE', #110, 1000.000000000000000 ) ;
#106 = DIRECTION ( 'NONE',  ( 0.000000000000000000, 0.000000000000000000, -1.000000000000000000 ) ) ;
#107 = DIRECTION ( 'NONE',  ( 0.000000000000000000, 0.000000000000000000, 1.000000000000000000 ) ) ;
#108 = ORIENTED_EDGE ( 'NONE', *, *, #488, .F. ) ;
#109 = VERTEX_POINT ( 'NONE', #1120 ) ;
#110 = DIRECTION ( 'NONE',  ( -0.000000000000000000, -0.000000000000000000, 1.000000000000000000 ) ) ;
#111 = ORIENTED_EDGE ( 'NONE', *, *, #745, .F. ) ;
#112 = DIRECTION ( 'NONE',  ( 1.000000000000000000, 0.000000000000000000, 0.000000000000000000 ) ) ;
#113 = FACE_OUTER_BOUND ( 'NONE', #956, .T. ) ;
#114 = ORIENTED_EDGE ( 'NONE', *, *, #387, .T. ) ;
#115 = VERTEX_POINT ( 'NONE', #365 ) ;
#116 = AXIS2_PLACEMENT_3D ( 'NONE', #1158, #1379, #893 ) ;
#117 = ORIENTED_EDGE ( 'NONE', *, *, #688, .T. ) ;
#118 = CARTESIAN_POINT ( 'NONE',  ( -2.350000000000000089, -1.999999999999999556, -3.499999999999999556 ) ) ;
#119 = CARTESIAN_POINT ( 'NONE',  ( 1.849999999999999867, -1.500000000000000000, 3.500000000000000000 ) ) ;
#120 = EDGE_CURVE ( 'NONE', #1162, #1121, #174, .T. ) ;
#121 = DIRECTION ( 'NONE',  ( 1.000000000000000000, 0.000000000000000000, 0.000000000000000000 ) ) ;
#122 = DIRECTION ( 'NONE',  ( -0.000000000000000000, 1.000000000000000000, -0.000000000000000000 ) ) ;
#123 = FACE_OUTER_BOUND ( 'NONE', #1584, .T. ) ;
#124 = ORIENTED_EDGE ( 'NONE', *, *, #220, .T. ) ;
#125 = ORIENTED_EDGE ( 'NONE', *, *, #1517, .T. ) ;
#126 = EDGE_CURVE ( 'NONE', #115, #860, #1602, .T. ) ;
#127 = CIRCLE ( 'NONE', #708, 2.250000000000000000 ) ;
#128 = SPHERICAL_SURFACE ( 'NONE', #1047, 0.5000000000000000000 ) ;
#129 = CIRCLE ( 'NONE', #178, 0.5000000000000000000 ) ;
#130 = DIRECTION ( 'NONE',  ( 0.000000000000000000, 0.000000000000000000, -1.000000000000000000 ) ) ;
#131 = LINE ( 'NONE', #1593, #780 ) ;
#132 = FACE_OUTER_BOUND ( 'NONE', #93, .T. ) ;
#133 = ADVANCED_FACE ( 'NONE', ( #1224 ), #499, .T. ) ;
#134 = CARTESIAN_POINT ( 'NONE',  ( 2.349999999999999645, -9.629649721936179265E-32, 3.500000000000000000 ) ) ;
#135 = DIRECTION ( 'NONE',  ( 0.000000000000000000, 0.000000000000000000, -1.000000000000000000 ) ) ;
#136 = DIRECTION ( 'NONE',  ( 0.000000000000000000, 0.000000000000000000, 1.000000000000000000 ) ) ;
#137 = ORIENTED_EDGE ( 'NONE', *, *, #181, .F. ) ;
#138 = ADVANCED_FACE ( 'NONE', ( #989 ), #225, .T. ) ;
#139 = CARTESIAN_POINT ( 'NONE',  ( -2.849999999999999645, 0.4999999999999998890, -3.499999999999999556 ) ) ;
#140 = VECTOR ( 'NONE', #652, 1000.000000000000000 ) ;
#141 = ADVANCED_FACE ( 'NONE', ( #1457 ), #1166, .T. ) ;
#142 = DIRECTION ( 'NONE',  ( -0.000000000000000000, -0.000000000000000000, 1.000000000000000000 ) ) ;
#143 = CARTESIAN_POINT ( 'NONE',  ( 2.299999999999999822, -1.717944947177034054, -0.1780159740764709064 ) ) ;
#144 = CARTESIAN_POINT ( 'NONE',  ( 2.849999999999999645, -0.5000000000000001110, 3.500000000000000000 ) ) ;
#145 = ORIENTED_EDGE ( 'NONE', *, *, #1304, .F. ) ;
#146 = DIRECTION ( 'NONE',  ( -4.336808689942017736E-16, 1.000000000000000000, -0.000000000000000000 ) ) ;
#147 = MANIFOLD_SOLID_BREP ( 'Congé1', #201 ) ;
#148 = DIRECTION ( 'NONE',  ( 0.000000000000000000, 0.000000000000000000, -1.000000000000000000 ) ) ;
#149 = AXIS2_PLACEMENT_3D ( 'NONE', #931, #76, #49 ) ;
#150 = CARTESIAN_POINT ( 'NONE',  ( -1.849999999999999867, -0.5000000000000003331, 4.000000000000000000 ) ) ;
#151 = VECTOR ( 'NONE', #1333, 1000.000000000000000 ) ;
#152 = ORIENTED_EDGE ( 'NONE', *, *, #177, .T. ) ;
#153 = CIRCLE ( 'NONE', #537, 0.5000000000000000000 ) ;
#154 = PERSON_AND_ORGANIZATION ( #525, #29 ) ;
#155 = VECTOR ( 'NONE', #1001, 1000.000000000000000 ) ;
#156 = DIRECTION ( 'NONE',  ( 0.000000000000000000, 0.000000000000000000, -1.000000000000000000 ) ) ;
#157 = B_SPLINE_CURVE_WITH_KNOTS ( 'NONE', 3,
 ( #1191, #512, #370, #974, #1359, #226, #1342, #1097 ),
 .UNSPECIFIED., .F., .F.,
 ( 4, 2, 2, 4 ),
 ( -5.199139336321261261E-06, 0.001058686223201776161, 0.001590628904470824589, 0.002122571585739873017 ),
 .UNSPECIFIED. ) ;
#158 = ADVANCED_FACE ( 'NONE', ( #1087 ), #81, .F. ) ;
#159 = CARTESIAN_POINT ( 'NONE',  ( -2.849999999999999645, -8.738645302295105381E-17, -3.499999999999999556 ) ) ;
#160 = CARTESIAN_POINT ( 'NONE',  ( 6.000000000000000000, 3.499999999999999112, 4.000000000000000000 ) ) ;
#161 = ORIENTED_EDGE ( 'NONE', *, *, #48, .T. ) ;
#162 = VERTEX_POINT ( 'NONE', #338 ) ;
#163 = DIRECTION ( 'NONE',  ( 0.000000000000000000, 0.000000000000000000, 1.000000000000000000 ) ) ;
#164 = AXIS2_PLACEMENT_3D ( 'NONE', #580, #1173, #814 ) ;
#165 = ADVANCED_FACE ( 'NONE', ( #1575 ), #91, .T. ) ;
#166 = APPROVAL_PERSON_ORGANIZATION ( #1043, #193, #1524 ) ;
#167 = DIRECTION ( 'NONE',  ( 1.000000000000000000, 1.747729060459023048E-16, 0.000000000000000000 ) ) ;
#168 = CARTESIAN_POINT ( 'NONE',  ( 5.500000000000000000, -5.505346540445921616E-16, 3.500000000000000000 ) ) ;
#169 = EDGE_CURVE ( 'NONE', #881, #1095, #826, .T. ) ;
#170 = VERTEX_POINT ( 'NONE', #1323 ) ;
#171 = CARTESIAN_POINT ( 'NONE',  ( 5.500000000000000000, 3.499999999999999112, 4.000000000000000000 ) ) ;
#172 = CARTESIAN_POINT ( 'NONE',  ( -4.613626265895763313E-17, -2.000000000000000000, 0.000000000000000000 ) ) ;
#173 = DIRECTION ( 'NONE',  ( -1.000000000000000000, -1.747729060459023048E-16, -0.000000000000000000 ) ) ;
#174 = CIRCLE ( 'NONE', #1454, 0.5000000000000000000 ) ;
#175 = ORIENTED_EDGE ( 'NONE', *, *, #419, .F. ) ;
#176 = CIRCLE ( 'NONE', #1193, 0.5000000000000004441 ) ;
#177 = EDGE_CURVE ( 'NONE', #1423, #310, #839, .T. ) ;
#178 = AXIS2_PLACEMENT_3D ( 'NONE', #1289, #803, #1170 ) ;
#179 = PLANE ( 'NONE',  #558 ) ;
#180 = VERTEX_POINT ( 'NONE', #1563 ) ;
#181 = EDGE_CURVE ( 'NONE', #40, #1620, #98, .T. ) ;
#182 =( NAMED_UNIT ( * ) SI_UNIT ( $, .STERADIAN. ) SOLID_ANGLE_UNIT ( ) );
#183 = CARTESIAN_POINT ( 'NONE',  ( -2.350000000000000089, -1.499999999999999556, -4.000000000000000000 ) ) ;
#184 = AXIS2_PLACEMENT_3D ( 'NONE', #1078, #516, #1007 ) ;
#185 = ORIENTED_EDGE ( 'NONE', *, *, #766, .F. ) ;
#186 = CARTESIAN_POINT ( 'NONE',  ( 2.849999999999999645, -8.738645302295118939E-17, 3.500000000000000000 ) ) ;
#187 = CARTESIAN_POINT ( 'NONE',  ( -6.000000000000000000, 0.4999999999999993339, -4.000000000000000000 ) ) ;
#188 = EDGE_LOOP ( 'NONE', ( #152, #934, #461, #79 ) ) ;
#189 = ORIENTED_EDGE ( 'NONE', *, *, #1336, .F. ) ;
#190 = APPROVAL_ROLE ( '' ) ;
#191 = ADVANCED_FACE ( 'NONE', ( #1085 ), #1573, .T. ) ;
#192 = DIRECTION ( 'NONE',  ( -1.000000000000000000, 1.747729060459022802E-16, -0.000000000000000000 ) ) ;
#193 = APPROVAL ( #787, 'UNSPECIFIED' ) ;
#194 = FACE_OUTER_BOUND ( 'NONE', #242, .T. ) ;
#195 = APPROVAL_PERSON_ORGANIZATION ( #423, #647, #448 ) ;
#196 = VERTEX_POINT ( 'NONE', #223 ) ;
#197 = CYLINDRICAL_SURFACE ( 'NONE', #184, 2.250000000000000000 ) ;
#198 = LINE ( 'NONE', #1422, #1557 ) ;
#199 = ADVANCED_FACE ( 'NONE', ( #1330 ), #214, .F. ) ;
#200 = LINE ( 'NONE', #1055, #637 ) ;
#201 = CLOSED_SHELL ( 'NONE', ( #65, #905, #158, #1275, #1098, #260, #53, #247, #464, #527, #789, #199, #1212, #1307, #1248, #443, #416, #165, #13, #1152, #842, #284, #1618, #753, #830, #664, #650, #554, #531, #1471, #574, #876, #617, #1550, #546, #455, #138, #55, #556, #867, #280, #191, #567, #395, #1041, #1177, #340, #576, #5, #1395, #271, #133, #399, #776, #586, #301, #141 ) ) ;
#202 = VERTEX_POINT ( 'NONE', #972 ) ;
#203 = ORIENTED_EDGE ( 'NONE', *, *, #45, .F. ) ;
#204 = LINE ( 'NONE', #1127, #273 ) ;
#205 = VECTOR ( 'NONE', #1478, 1000.000000000000000 ) ;
#206 = ORIENTED_EDGE ( 'NONE', *, *, #211, .F. ) ;
#207 = DIRECTION ( 'NONE',  ( 1.000000000000000000, 0.000000000000000000, 0.000000000000000000 ) ) ;
#208 = AXIS2_PLACEMENT_3D ( 'NONE', #1508, #12, #156 ) ;
#209 = ORIENTED_EDGE ( 'NONE', *, *, #1304, .T. ) ;
#210 = FACE_OUTER_BOUND ( 'NONE', #739, .T. ) ;
#211 = EDGE_CURVE ( 'NONE', #51, #253, #1376, .T. ) ;
#212 = VERTEX_POINT ( 'NONE', #21 ) ;
#213 = CARTESIAN_POINT ( 'NONE',  ( -1.850000000000000089, -1.499999999999999556, 3.500000000000000000 ) ) ;
#214 = PLANE ( 'NONE',  #1021 ) ;
#215 = DIRECTION ( 'NONE',  ( 9.227252531791526626E-17, 1.000000000000000000, -0.000000000000000000 ) ) ;
#216 = EDGE_LOOP ( 'NONE', ( #463, #953, #712 ) ) ;
#217 = LINE ( 'NONE', #85, #614 ) ;
#218 = EDGE_CURVE ( 'NONE', #468, #715, #680, .T. ) ;
#219 = DIRECTION ( 'NONE',  ( 0.000000000000000000, 0.000000000000000000, -1.000000000000000000 ) ) ;
#220 = EDGE_CURVE ( 'NONE', #970, #1346, #533, .T. ) ;
#221 = ORIENTED_EDGE ( 'NONE', *, *, #1336, .T. ) ;
#222 = ORIENTED_EDGE ( 'NONE', *, *, #811, .T. ) ;
#223 = CARTESIAN_POINT ( 'NONE',  ( 1.849999999999999645, -2.000000000000000000, -2.034698994937580885 ) ) ;
#224 = ORIENTED_EDGE ( 'NONE', *, *, #645, .T. ) ;
#225 = SPHERICAL_SURFACE ( 'NONE', #909, 0.5000000000000000000 ) ;
#226 = CARTESIAN_POINT ( 'NONE',  ( 2.289602485496843975, -1.740984439458995725, 0.3541678691218409503 ) ) ;
#227 = ORIENTED_EDGE ( 'NONE', *, *, #1533, .T. ) ;
#228 = DIRECTION ( 'NONE',  ( 1.000000000000000000, 1.747729060459023048E-16, 0.000000000000000000 ) ) ;
#229 = DIRECTION ( 'NONE',  ( -0.000000000000000000, -0.000000000000000000, 1.000000000000000000 ) ) ;
#230 = ORIENTED_EDGE ( 'NONE', *, *, #1447, .F. ) ;
#231 = AXIS2_PLACEMENT_3D ( 'NONE', #1058, #1442, #334 ) ;
#232 = EDGE_CURVE ( 'NONE', #1566, #1546, #767, .T. ) ;
#233 = AXIS2_PLACEMENT_3D ( 'NONE', #372, #1592, #1215 ) ;
#234 = DIRECTION ( 'NONE',  ( 1.000000000000000000, -0.000000000000000000, -0.000000000000000000 ) ) ;
#235 = CARTESIAN_POINT ( 'NONE',  ( -1.849999999999999645, 4.011548038196366406E-16, 3.500000000000000000 ) ) ;
#236 = AXIS2_PLACEMENT_3D ( 'NONE', #311, #66, #1536 ) ;
#237 = ORIENTED_EDGE ( 'NONE', *, *, #1426, .F. ) ;
#238 = CARTESIAN_POINT ( 'NONE',  ( -5.500000000000000000, -5.505346540445921616E-16, -3.499999999999999556 ) ) ;
#239 = AXIS2_PLACEMENT_3D ( 'NONE', #897, #403, #27 ) ;
#240 = DIRECTION ( 'NONE',  ( -2.168404344971008621E-16, 1.000000000000000000, -9.403954806578290211E-32 ) ) ;
#241 = ADVANCED_BREP_SHAPE_REPRESENTATION ( 'piece_up_serrage_patte_rail_mobile', ( #147, #749 ), #1419 ) ;
#242 = EDGE_LOOP ( 'NONE', ( #1603, #409, #988, #1429 ) ) ;
#243 = ORIENTED_EDGE ( 'NONE', *, *, #1102, .F. ) ;
#244 = ORIENTED_EDGE ( 'NONE', *, *, #1065, .F. ) ;
#245 = DIRECTION ( 'NONE',  ( 1.000000000000000000, 0.000000000000000000, -0.000000000000000000 ) ) ;
#246 = DIRECTION ( 'NONE',  ( 0.000000000000000000, 0.000000000000000000, -1.000000000000000000 ) ) ;
#247 = ADVANCED_FACE ( 'NONE', ( #1176 ), #62, .F. ) ;
#248 = AXIS2_PLACEMENT_3D ( 'NONE', #1190, #1562, #880 ) ;
#249 = LINE ( 'NONE', #379, #1459 ) ;
#250 = DIRECTION ( 'NONE',  ( 0.000000000000000000, 0.000000000000000000, -1.000000000000000000 ) ) ;
#251 = CARTESIAN_POINT ( 'NONE',  ( -5.500000000000000000, 0.4999999999999994449, 3.500000000000000000 ) ) ;
#252 = DIRECTION ( 'NONE',  ( -4.336808689942017736E-16, 1.000000000000000000, -1.880790961315660013E-31 ) ) ;
#253 = VERTEX_POINT ( 'NONE', #83 ) ;
#254 = ORIENTED_EDGE ( 'NONE', *, *, #943, .F. ) ;
#255 = AXIS2_PLACEMENT_3D ( 'NONE', #1285, #773, #398 ) ;
#256 = VERTEX_POINT ( 'NONE', #331 ) ;
#257 = APPROVAL_PERSON_ORGANIZATION ( #306, #1501, #190 ) ;
#258 = CARTESIAN_POINT ( 'NONE',  ( 6.000000000000000000, -6.379211070675434126E-16, 3.500000000000000000 ) ) ;
#259 = CARTESIAN_POINT ( 'NONE',  ( -5.500000000000000000, 3.999999999999999112, 4.000000000000000000 ) ) ;
#260 = ADVANCED_FACE ( 'NONE', ( #1315, #1192 ), #1179, .F. ) ;
#261 = CARTESIAN_POINT ( 'NONE',  ( 6.000000000000000000, 0.4999999999999993339, -3.499999999999999556 ) ) ;
#262 = CARTESIAN_POINT ( 'NONE',  ( -5.500000000000000000, -5.505346540445921616E-16, 3.500000000000000000 ) ) ;
#263 = EDGE_LOOP ( 'NONE', ( #503, #1460, #1205, #1474 ) ) ;
#264 = VECTOR ( 'NONE', #1581, 1000.000000000000000 ) ;
#265 = AXIS2_PLACEMENT_3D ( 'NONE', #278, #672, #1139 ) ;
#266 = CARTESIAN_POINT ( 'NONE',  ( -2.849999999999999645, -0.5000000000000001110, -3.499999999999999556 ) ) ;
#267 = AXIS2_PLACEMENT_3D ( 'NONE', #1101, #1204, #1590 ) ;
#268 = AXIS2_PLACEMENT_3D ( 'NONE', #1156, #146, #550 ) ;
#269 = FACE_OUTER_BOUND ( 'NONE', #1020, .T. ) ;
#270 = DIRECTION ( 'NONE',  ( 1.000000000000000000, 2.168404344971008868E-16, 0.000000000000000000 ) ) ;
#271 = ADVANCED_FACE ( 'NONE', ( #1385 ), #1253, .F. ) ;
#272 = ORIENTED_EDGE ( 'NONE', *, *, #847, .F. ) ;
#273 = VECTOR ( 'NONE', #1247, 1000.000000000000000 ) ;
#274 = DIRECTION ( 'NONE',  ( 1.000000000000000000, -1.747729060459022802E-16, 0.000000000000000000 ) ) ;
#275 = ORIENTED_EDGE ( 'NONE', *, *, #964, .T. ) ;
#276 = DIRECTION ( 'NONE',  ( 1.000000000000000000, 0.000000000000000000, 0.000000000000000000 ) ) ;
#277 = DIRECTION ( 'NONE',  ( 0.000000000000000000, 0.000000000000000000, -1.000000000000000000 ) ) ;
#278 = CARTESIAN_POINT ( 'NONE',  ( -2.849999999999999645, -0.5000000000000001110, 3.500000000000000000 ) ) ;
#279 = CARTESIAN_POINT ( 'NONE',  ( -1.384087879768728871E-16, -1.499999999999999778, 3.500000000000000000 ) ) ;
#280 = ADVANCED_FACE ( 'NONE', ( #113 ), #1006, .T. ) ;
#281 = EDGE_CURVE ( 'NONE', #162, #1505, #968, .T. ) ;
#282 = EDGE_LOOP ( 'NONE', ( #1266, #368, #10 ) ) ;
#283 = DIRECTION ( 'NONE',  ( -1.000000000000000000, -0.000000000000000000, -0.000000000000000000 ) ) ;
#284 = ADVANCED_FACE ( 'NONE', ( #871 ), #1368, .T. ) ;
#285 = CARTESIAN_POINT ( 'NONE',  ( 1.849999999999999867, -2.000000000000000000, -3.499999999999999556 ) ) ;
#286 = DIRECTION ( 'NONE',  ( -1.000000000000000000, 0.000000000000000000, 0.000000000000000000 ) ) ;
#287 = EDGE_LOOP ( 'NONE', ( #349, #1015, #469, #1337 ) ) ;
#288 = CARTESIAN_POINT ( 'NONE',  ( 6.000000000000000000, -6.379211070675434126E-16, -3.499999999999999556 ) ) ;
#289 = EDGE_CURVE ( 'NONE', #115, #1566, #781, .T. ) ;
#290 = DIRECTION ( 'NONE',  ( 0.000000000000000000, 0.000000000000000000, -1.000000000000000000 ) ) ;
#291 = AXIS2_PLACEMENT_3D ( 'NONE', #1107, #1229, #1585 ) ;
#292 = DIRECTION ( 'NONE',  ( -1.000000000000000000, 0.000000000000000000, 0.000000000000000000 ) ) ;
#293 = CIRCLE ( 'NONE', #511, 2.750000000000000000 ) ;
#294 = CARTESIAN_POINT ( 'NONE',  ( -2.299999999999995381, -1.717944947177044046, 0.1780240874690090513 ) ) ;
#295 = AXIS2_PLACEMENT_3D ( 'NONE', #1150, #425, #1514 ) ;
#296 = ORIENTED_EDGE ( 'NONE', *, *, #1172, .T. ) ;
#297 = CIRCLE ( 'NONE', #1619, 0.5000000000000000000 ) ;
#298 = EDGE_LOOP ( 'NONE', ( #384, #161, #189 ) ) ;
#299 = EDGE_CURVE ( 'NONE', #1210, #1621, #344, .T. ) ;
#300 = DIRECTION ( 'NONE',  ( 9.227252531791526626E-17, 1.000000000000000000, -0.000000000000000000 ) ) ;
#301 = ADVANCED_FACE ( 'NONE', ( #978 ), #620, .T. ) ;
#302 = CARTESIAN_POINT ( 'NONE',  ( 2.289744020302806771, -1.740703140605340593, -0.3522045541485843700 ) ) ;
#303 = PRODUCT ( 'piece_up_serrage_patte_rail_mobile', 'piece_up_serrage_patte_rail_mobile', '', ( #324 ) ) ;
#304 = DIRECTION ( 'NONE',  ( 1.000000000000000000, 0.000000000000000000, -0.000000000000000000 ) ) ;
#305 = ORIENTED_EDGE ( 'NONE', *, *, #1231, .T. ) ;
#306 = PERSON_AND_ORGANIZATION ( #525, #29 ) ;
#307 = CIRCLE ( 'NONE', #625, 0.5000000000000000000 ) ;
#308 = DIRECTION ( 'NONE',  ( 0.000000000000000000, 0.000000000000000000, -1.000000000000000000 ) ) ;
#309 = EDGE_CURVE ( 'NONE', #468, #1162, #754, .T. ) ;
#310 = VERTEX_POINT ( 'NONE', #1126 ) ;
#311 = CARTESIAN_POINT ( 'NONE',  ( 0.000000000000000000, 3.499999999999999112, 3.500000000000000000 ) ) ;
#312 = FACE_OUTER_BOUND ( 'NONE', #394, .T. ) ;
#313 = COORDINATED_UNIVERSAL_TIME_OFFSET ( 1, 0, .AHEAD. ) ;
#314 = DIRECTION ( 'NONE',  ( -1.000000000000000000, 0.000000000000000000, 0.000000000000000000 ) ) ;
#315 = ORIENTED_EDGE ( 'NONE', *, *, #738, .T. ) ;
#316 = DIRECTION ( 'NONE',  ( -1.000000000000000000, 9.227252531791526626E-17, 0.000000000000000000 ) ) ;
#317 = LINE ( 'NONE', #187, #1545 ) ;
#318 = VECTOR ( 'NONE', #68, 1000.000000000000000 ) ;
#319 = VERTEX_POINT ( 'NONE', #95 ) ;
#320 = TOROIDAL_SURFACE ( 'NONE', #426, 1.000000000000000000, 0.5000000000000000000 ) ;
#321 = EDGE_CURVE ( 'NONE', #578, #881, #1352, .T. ) ;
#322 = AXIS2_PLACEMENT_3D ( 'NONE', #119, #1124, #112 ) ;
#323 = AXIS2_PLACEMENT_3D ( 'NONE', #1037, #891, #1245 ) ;
#324 = MECHANICAL_CONTEXT ( 'NONE', #1614, 'mechanical' ) ;
#325 = AXIS2_PLACEMENT_3D ( 'NONE', #615, #1108, #1612 ) ;
#326 = DIRECTION ( 'NONE',  ( 0.000000000000000000, -0.000000000000000000, -1.000000000000000000 ) ) ;
#327 = DIRECTION ( 'NONE',  ( -1.000000000000000000, 9.227252531791526626E-17, 0.000000000000000000 ) ) ;
#328 = LINE ( 'NONE', #1067, #1160 ) ;
#329 = LINE ( 'NONE', #1093, #763 ) ;
#330 = DIRECTION ( 'NONE',  ( -0.000000000000000000, -0.000000000000000000, 1.000000000000000000 ) ) ;
#331 = CARTESIAN_POINT ( 'NONE',  ( 1.849999999999999645, -2.000000000000000000, 2.034698994937580885 ) ) ;
#332 = CYLINDRICAL_SURFACE ( 'NONE', #888, 0.5000000000000000000 ) ;
#333 = AXIS2_PLACEMENT_3D ( 'NONE', #545, #765, #136 ) ;
#334 = DIRECTION ( 'NONE',  ( -1.000000000000000000, -1.747729060459023048E-16, 0.000000000000000000 ) ) ;
#335 = ORIENTED_EDGE ( 'NONE', *, *, #1002, .T. ) ;
#336 = VERTEX_POINT ( 'NONE', #1616 ) ;
#337 = DIRECTION ( 'NONE',  ( 1.000000000000000000, 0.000000000000000000, 1.224646799147353454E-16 ) ) ;
#338 = CARTESIAN_POINT ( 'NONE',  ( -1.849999999999999867, -1.499999999999999556, 4.000000000000000000 ) ) ;
#339 = CARTESIAN_POINT ( 'NONE',  ( 1.849999999999999645, -2.000000000000000000, 4.000000000000000000 ) ) ;
#340 = ADVANCED_FACE ( 'NONE', ( #608 ), #320, .T. ) ;
#341 = ORIENTED_EDGE ( 'NONE', *, *, #1406, .T. ) ;
#342 = DIRECTION ( 'NONE',  ( 9.227252531791526626E-17, 1.000000000000000000, -0.000000000000000000 ) ) ;
#343 = ORIENTED_EDGE ( 'NONE', *, *, #998, .T. ) ;
#344 = CIRCLE ( 'NONE', #535, 1.000000000000000000 ) ;
#345 = ORIENTED_EDGE ( 'NONE', *, *, #949, .F. ) ;
#346 = ORIENTED_EDGE ( 'NONE', *, *, #923, .F. ) ;
#347 = DIRECTION ( 'NONE',  ( 1.000000000000000000, 0.000000000000000000, 0.000000000000000000 ) ) ;
#348 = CIRCLE ( 'NONE', #19, 0.5000000000000000000 ) ;
#349 = ORIENTED_EDGE ( 'NONE', *, *, #768, .F. ) ;
#350 = CARTESIAN_POINT ( 'NONE',  ( -1.849999999999999867, -1.499999999999999556, -3.500000000000000000 ) ) ;
#351 = ORIENTED_EDGE ( 'NONE', *, *, #584, .T. ) ;
#352 = EDGE_CURVE ( 'NONE', #1341, #715, #1112, .T. ) ;
#353 = CARTESIAN_POINT ( 'NONE',  ( -5.500000000000000000, 0.4999999999999994449, -3.500000000000000000 ) ) ;
#354 = CC_DESIGN_PERSON_AND_ORGANIZATION_ASSIGNMENT ( #1296, #690, ( #1340 ) ) ;
#355 = EDGE_CURVE ( 'NONE', #505, #1343, #1564, .T. ) ;
#356 = DIRECTION ( 'NONE',  ( -1.000000000000000000, -2.168404344971008868E-16, 0.000000000000000000 ) ) ;
#357 = EDGE_LOOP ( 'NONE', ( #60, #1122, #564, #629 ) ) ;
#358 = CARTESIAN_POINT ( 'NONE',  ( 2.750000000000000000, -1.500000000000000000, 3.367778697655221012E-16 ) ) ;
#359 = CARTESIAN_POINT ( 'NONE',  ( 6.000000000000000000, -6.379211070675434126E-16, 4.000000000000000000 ) ) ;
#360 = CARTESIAN_POINT ( 'NONE',  ( -6.000000000000000000, 3.999999999999999112, 3.500000000000000000 ) ) ;
#361 = DIRECTION ( 'NONE',  ( 1.000000000000000000, 0.000000000000000000, -0.000000000000000000 ) ) ;
#362 = ORIENTED_EDGE ( 'NONE', *, *, #1257, .F. ) ;
#363 = CARTESIAN_POINT ( 'NONE',  ( 5.500000000000000000, 0.4999999999999994449, 3.500000000000000000 ) ) ;
#364 = CARTESIAN_POINT ( 'NONE',  ( -2.144982202898919610, -1.906917353955623451, -1.206052280876050542 ) ) ;
#365 = CARTESIAN_POINT ( 'NONE',  ( 2.349999999999999645, -0.5000000000000002220, -3.499999999999999556 ) ) ;
#366 = CC_DESIGN_APPROVAL ( #1501, ( #928 ) ) ;
#367 = EDGE_CURVE ( 'NONE', #924, #721, #127, .T. ) ;
#368 = ORIENTED_EDGE ( 'NONE', *, *, #460, .T. ) ;
#369 = CARTESIAN_POINT ( 'NONE',  ( -5.500000000000000000, 0.4999999999999994449, 3.500000000000000000 ) ) ;
#370 = CARTESIAN_POINT ( 'NONE',  ( 2.106990153847006386, -1.940839710526648165, 1.374508598144033478 ) ) ;
#371 = DIRECTION ( 'NONE',  ( 1.000000000000000000, 0.000000000000000000, 0.000000000000000000 ) ) ;
#372 = CARTESIAN_POINT ( 'NONE',  ( -5.500000000000000000, 0.4999999999999994449, 4.000000000000000000 ) ) ;
#373 = ORIENTED_EDGE ( 'NONE', *, *, #232, .T. ) ;
#374 = EDGE_CURVE ( 'NONE', #910, #1346, #401, .T. ) ;
#375 = CIRCLE ( 'NONE', #731, 0.5000000000000004441 ) ;
#376 = VECTOR ( 'NONE', #777, 1000.000000000000000 ) ;
#377 = EDGE_LOOP ( 'NONE', ( #510, #600, #958, #1280 ) ) ;
#378 = CARTESIAN_POINT ( 'NONE',  ( 6.000000000000000000, -6.379211070675434126E-16, 4.000000000000000000 ) ) ;
#379 = CARTESIAN_POINT ( 'NONE',  ( 2.349999999999999645, -9.629649721936179265E-32, -3.499999999999999556 ) ) ;
#380 = AXIS2_PLACEMENT_3D ( 'NONE', #1433, #300, #948 ) ;
#381 = CARTESIAN_POINT ( 'NONE',  ( 1.849999999999999645, 4.011548038196365420E-16, 3.500000000000000000 ) ) ;
#382 = DIRECTION ( 'NONE',  ( 0.000000000000000000, 0.000000000000000000, -1.000000000000000000 ) ) ;
#383 = ORIENTED_EDGE ( 'NONE', *, *, #1598, .T. ) ;
#384 = ORIENTED_EDGE ( 'NONE', *, *, #668, .T. ) ;
#385 = CYLINDRICAL_SURFACE ( 'NONE', #886, 0.5000000000000000000 ) ;
#386 = CARTESIAN_POINT ( 'NONE',  ( -1.850000000000000089, -1.499999999999999778, 3.500000000000000000 ) ) ;
#387 = EDGE_CURVE ( 'NONE', #468, #807, #1321, .T. ) ;
#388 = CARTESIAN_POINT ( 'NONE',  ( 6.000000000000000000, -6.379211070675434126E-16, 3.500000000000000000 ) ) ;
#389 = CARTESIAN_POINT ( 'NONE',  ( -2.250078936773306282, -1.802094168714316380, -0.6993240912564473444 ) ) ;
#390 = CARTESIAN_POINT ( 'NONE',  ( -5.500000000000000000, 3.499999999999999112, -3.500000000000000000 ) ) ;
#391 = DIRECTION ( 'NONE',  ( -2.168404344971009361E-16, -1.000000000000000000, 0.000000000000000000 ) ) ;
#392 = ORIENTED_EDGE ( 'NONE', *, *, #491, .T. ) ;
#393 = VECTOR ( 'NONE', #1281, 1000.000000000000000 ) ;
#394 = EDGE_LOOP ( 'NONE', ( #341, #1604, #97 ) ) ;
#395 = ADVANCED_FACE ( 'NONE', ( #1610 ), #521, .T. ) ;
#396 = CARTESIAN_POINT ( 'NONE',  ( -5.500000000000000000, 0.000000000000000000, 3.500000000000000000 ) ) ;
#397 = DIRECTION ( 'NONE',  ( -1.000000000000000000, 0.000000000000000000, 0.000000000000000000 ) ) ;
#398 = DIRECTION ( 'NONE',  ( 0.000000000000000000, 0.000000000000000000, -1.000000000000000000 ) ) ;
#399 = ADVANCED_FACE ( 'NONE', ( #1386 ), #15, .T. ) ;
#400 = AXIS2_PLACEMENT_3D ( 'NONE', #472, #961, #836 ) ;
#401 = CIRCLE ( 'NONE', #1297, 0.5000000000000004441 ) ;
#402 = EDGE_CURVE ( 'NONE', #715, #807, #682, .T. ) ;
#403 = DIRECTION ( 'NONE',  ( -0.000000000000000000, -1.000000000000000000, -0.000000000000000000 ) ) ;
#404 = AXIS2_PLACEMENT_3D ( 'NONE', #1291, #1567, #569 ) ;
#405 = EDGE_CURVE ( 'NONE', #77, #196, #993, .T. ) ;
#406 = CIRCLE ( 'NONE', #430, 1.000000000000000000 ) ;
#407 = CARTESIAN_POINT ( 'NONE',  ( 5.500000000000000000, 3.999999999999999112, 4.000000000000000000 ) ) ;
#408 = DIRECTION ( 'NONE',  ( -1.000000000000000000, 0.000000000000000000, 0.000000000000000000 ) ) ;
#409 = ORIENTED_EDGE ( 'NONE', *, *, #811, .F. ) ;
#410 = EDGE_CURVE ( 'NONE', #980, #212, #784, .T. ) ;
#411 = DIRECTION ( 'NONE',  ( -9.227252531791526626E-17, -1.000000000000000000, 0.000000000000000000 ) ) ;
#412 = VERTEX_POINT ( 'NONE', #892 ) ;
#413 = DIRECTION ( 'NONE',  ( -1.000000000000000000, -2.168404344971008868E-16, 0.000000000000000000 ) ) ;
#414 = CARTESIAN_POINT ( 'NONE',  ( 2.299999999999999822, -1.717944947177033832, 7.565689650029185628E-17 ) ) ;
#415 = CARTESIAN_POINT ( 'NONE',  ( -1.921334634461637325, -2.000000000000011102, 1.873238627024776726 ) ) ;
#416 = ADVANCED_FACE ( 'NONE', ( #269 ), #611, .T. ) ;
#417 = AXIS2_PLACEMENT_3D ( 'NONE', #1520, #540, #1264 ) ;
#418 = DIRECTION ( 'NONE',  ( 2.168404344971008868E-16, -1.000000000000000000, 0.000000000000000000 ) ) ;
#419 = EDGE_CURVE ( 'NONE', #1371, #1423, #1455, .T. ) ;
#420 = DIRECTION ( 'NONE',  ( 1.000000000000000000, -2.168404344971009361E-16, 0.000000000000000000 ) ) ;
#421 = CARTESIAN_POINT ( 'NONE',  ( -1.850000000000000089, -2.000000000000000000, 2.034698994937580441 ) ) ;
#422 = VERTEX_POINT ( 'NONE', #159 ) ;
#423 = PERSON_AND_ORGANIZATION ( #525, #29 ) ;
#424 = CC_DESIGN_DATE_AND_TIME_ASSIGNMENT ( #1412, #566, ( #1396 ) ) ;
#425 = DIRECTION ( 'NONE',  ( -0.000000000000000000, -0.000000000000000000, 1.000000000000000000 ) ) ;
#426 = AXIS2_PLACEMENT_3D ( 'NONE', #1104, #219, #1491 ) ;
#427 = CARTESIAN_POINT ( 'NONE',  ( 0.000000000000000000, 4.000000000000000000, -2.750000000000000000 ) ) ;
#428 = CIRCLE ( 'NONE', #832, 0.5000000000000004441 ) ;
#429 = CARTESIAN_POINT ( 'NONE',  ( -2.144659980808270472, -1.907207860719813297, 1.207492024487830218 ) ) ;
#430 = AXIS2_PLACEMENT_3D ( 'NONE', #54, #330, #1541 ) ;
#431 = ORIENTED_EDGE ( 'NONE', *, *, #96, .T. ) ;
#432 = CIRCLE ( 'NONE', #1531, 2.250000000000000000 ) ;
#433 = DIRECTION ( 'NONE',  ( 1.000000000000000000, 0.000000000000000000, -0.000000000000000000 ) ) ;
#434 = ORIENTED_EDGE ( 'NONE', *, *, #402, .F. ) ;
#435 = DIRECTION ( 'NONE',  ( 0.000000000000000000, 0.000000000000000000, 1.000000000000000000 ) ) ;
#436 = CARTESIAN_POINT ( 'NONE',  ( -2.750000000000000000, -1.499999999999999556, 0.000000000000000000 ) ) ;
#437 = DIRECTION ( 'NONE',  ( 0.000000000000000000, 1.000000000000000000, 0.000000000000000000 ) ) ;
#438 = SPHERICAL_SURFACE ( 'NONE', #1208, 0.5000000000000000000 ) ;
#439 = VERTEX_POINT ( 'NONE', #285 ) ;
#440 = DATE_AND_TIME ( #779, #903 ) ;
#441 = DIRECTION ( 'NONE',  ( -1.000000000000000000, 9.227252531791526626E-17, -0.000000000000000000 ) ) ;
#442 = CC_DESIGN_APPROVAL ( #193, ( #1396 ) ) ;
#443 = ADVANCED_FACE ( 'NONE', ( #1284 ), #1263, .T. ) ;
#444 = FACE_OUTER_BOUND ( 'NONE', #377, .T. ) ;
#445 = DIRECTION ( 'NONE',  ( -1.000000000000000000, -1.747729060459023048E-16, 0.000000000000000000 ) ) ;
#446 = EDGE_LOOP ( 'NONE', ( #775, #1456, #1057, #75 ) ) ;
#447 = ORIENTED_EDGE ( 'NONE', *, *, #1261, .T. ) ;
#448 = APPROVAL_ROLE ( '' ) ;
#449 = CARTESIAN_POINT ( 'NONE',  ( 2.849999999999999645, -8.738645302295118939E-17, -3.499999999999999556 ) ) ;
#450 = CARTESIAN_POINT ( 'NONE',  ( -2.849999999999999645, -8.738645302295105381E-17, 3.500000000000000000 ) ) ;
#451 = DIRECTION ( 'NONE',  ( 0.000000000000000000, 1.000000000000000000, -0.000000000000000000 ) ) ;
#452 = AXIS2_PLACEMENT_3D ( 'NONE', #33, #809, #1428 ) ;
#453 = AXIS2_PLACEMENT_3D ( 'NONE', #539, #1033, #1515 ) ;
#454 = AXIS2_PLACEMENT_3D ( 'NONE', #363, #850, #496 ) ;
#455 = ADVANCED_FACE ( 'NONE', ( #1163 ), #898, .T. ) ;
#456 = CIRCLE ( 'NONE', #1355, 2.750000000000000000 ) ;
#457 = CARTESIAN_POINT ( 'NONE',  ( 0.000000000000000000, -1.499999999999999778, 0.000000000000000000 ) ) ;
#458 = AXIS2_PLACEMENT_3D ( 'NONE', #954, #1084, #1498 ) ;
#459 = DIRECTION ( 'NONE',  ( -1.000000000000000000, 1.577021341797097314E-16, 0.000000000000000000 ) ) ;
#460 = EDGE_CURVE ( 'NONE', #1341, #1295, #1221, .T. ) ;
#461 = ORIENTED_EDGE ( 'NONE', *, *, #599, .T. ) ;
#462 = CIRCLE ( 'NONE', #1540, 0.5000000000000000000 ) ;
#463 = ORIENTED_EDGE ( 'NONE', *, *, #1325, .F. ) ;
#464 = ADVANCED_FACE ( 'NONE', ( #884 ), #1509, .F. ) ;
#465 = CARTESIAN_POINT ( 'NONE',  ( -5.500000000000000000, 0.4999999999999994449, 4.000000000000000000 ) ) ;
#466 = FACE_OUTER_BOUND ( 'NONE', #1244, .T. ) ;
#467 = CARTESIAN_POINT ( 'NONE',  ( 5.500000000000000000, 0.000000000000000000, 3.500000000000000000 ) ) ;
#468 = VERTEX_POINT ( 'NONE', #764 ) ;
#469 = ORIENTED_EDGE ( 'NONE', *, *, #751, .T. ) ;
#470 = VERTEX_POINT ( 'NONE', #427 ) ;
#471 = CARTESIAN_POINT ( 'NONE',  ( 0.000000000000000000, 0.000000000000000000, -4.000000000000000000 ) ) ;
#472 = CARTESIAN_POINT ( 'NONE',  ( 8.738645302295121404E-17, 0.5000000000000004441, 3.500000000000000000 ) ) ;
#473 = EDGE_CURVE ( 'NONE', #1121, #874, #176, .T. ) ;
#474 = LINE ( 'NONE', #339, #105 ) ;
#475 = ORIENTED_EDGE ( 'NONE', *, *, #374, .F. ) ;
#476 = CARTESIAN_POINT ( 'NONE',  ( 6.000000000000000000, 0.4999999999999994449, 4.000000000000000000 ) ) ;
#477 = AXIS2_PLACEMENT_3D ( 'NONE', #1439, #817, #703 ) ;
#478 = AXIS2_PLACEMENT_3D ( 'NONE', #1153, #1029, #1408 ) ;
#479 = ORIENTED_EDGE ( 'NONE', *, *, #1600, .F. ) ;
#480 = ORIENTED_EDGE ( 'NONE', *, *, #1523, .T. ) ;
#481 = DIRECTION ( 'NONE',  ( -1.224646799147353207E-16, 1.130012527798280363E-32, 1.000000000000000000 ) ) ;
#482 = VECTOR ( 'NONE', #1027, 1000.000000000000000 ) ;
#483 = DIRECTION ( 'NONE',  ( 1.747729060459022802E-16, 1.000000000000000000, -0.000000000000000000 ) ) ;
#484 = AXIS2_PLACEMENT_3D ( 'NONE', #1502, #290, #1274 ) ;
#485 = LINE ( 'NONE', #118, #1225 ) ;
#486 = VERTEX_POINT ( 'NONE', #1157 ) ;
#487 = FACE_OUTER_BOUND ( 'NONE', #1293, .T. ) ;
#488 = EDGE_CURVE ( 'NONE', #1095, #40, #1254, .T. ) ;
#489 = CARTESIAN_POINT ( 'NONE',  ( -5.500000000000000000, -5.505346540445921616E-16, 4.000000000000000000 ) ) ;
#490 = DIRECTION ( 'NONE',  ( 0.000000000000000000, 1.000000000000000000, 0.000000000000000000 ) ) ;
#491 = EDGE_CURVE ( 'NONE', #196, #1343, #293, .T. ) ;
#492 = ORIENTED_EDGE ( 'NONE', *, *, #1611, .F. ) ;
#493 = ORIENTED_EDGE ( 'NONE', *, *, #745, .T. ) ;
#494 = DIRECTION ( 'NONE',  ( 0.000000000000000000, -1.000000000000000000, 0.000000000000000000 ) ) ;
#495 = EDGE_LOOP ( 'NONE', ( #362, #206, #692, #275, #518, #1487, #1482 ) ) ;
#496 = DIRECTION ( 'NONE',  ( 0.000000000000000000, 0.000000000000000000, -1.000000000000000000 ) ) ;
#497 = EDGE_CURVE ( 'NONE', #180, #319, #200, .T. ) ;
#498 = CARTESIAN_POINT ( 'NONE',  ( 0.000000000000000000, 3.499999999999999556, 0.000000000000000000 ) ) ;
#499 = CYLINDRICAL_SURFACE ( 'NONE', #583, 0.5000000000000004441 ) ;
#500 = EDGE_LOOP ( 'NONE', ( #862, #479, #1560, #1198 ) ) ;
#501 = DATE_AND_TIME ( #632, #1475 ) ;
#502 = VERTEX_POINT ( 'NONE', #707 ) ;
#503 = ORIENTED_EDGE ( 'NONE', *, *, #419, .T. ) ;
#504 = PLANE ( 'NONE',  #1405 ) ;
#505 = VERTEX_POINT ( 'NONE', #579 ) ;
#506 = DIRECTION ( 'NONE',  ( -0.000000000000000000, -1.000000000000000000, -0.000000000000000000 ) ) ;
#507 = DIRECTION ( 'NONE',  ( 0.000000000000000000, -1.000000000000000000, 0.000000000000000000 ) ) ;
#508 = ORIENTED_EDGE ( 'NONE', *, *, #309, .F. ) ;
#509 = AXIS2_PLACEMENT_3D ( 'NONE', #1476, #245, #1626 ) ;
#510 = ORIENTED_EDGE ( 'NONE', *, *, #497, .T. ) ;
#511 = AXIS2_PLACEMENT_3D ( 'NONE', #172, #1181, #459 ) ;
#512 = CARTESIAN_POINT ( 'NONE',  ( 1.993314069511144648, -2.000000000000011546, 1.710318803394090148 ) ) ;
#513 = CARTESIAN_POINT ( 'NONE',  ( 2.755455298081544285E-16, 3.499999999999999556, -2.250000000000000000 ) ) ;
#514 = AXIS2_PLACEMENT_3D ( 'NONE', #457, #1440, #1565 ) ;
#515 = DIRECTION ( 'NONE',  ( -1.000000000000000000, 1.747729060459022802E-16, 0.000000000000000000 ) ) ;
#516 = DIRECTION ( 'NONE',  ( -0.000000000000000000, 1.000000000000000000, -0.000000000000000000 ) ) ;
#517 = ORIENTED_EDGE ( 'NONE', *, *, #538, .F. ) ;
#518 = ORIENTED_EDGE ( 'NONE', *, *, #355, .T. ) ;
#519 = EDGE_CURVE ( 'NONE', #162, #758, #804, .T. ) ;
#520 = PLANE ( 'NONE',  #1130 ) ;
#521 = CYLINDRICAL_SURFACE ( 'NONE', #1489, 0.5000000000000004441 ) ;
#522 = CARTESIAN_POINT ( 'NONE',  ( 2.299999999999999822, -1.717944947177033832, 7.565689650029185628E-17 ) ) ;
#523 = DIRECTION ( 'NONE',  ( -1.000000000000000000, 0.000000000000000000, -0.000000000000000000 ) ) ;
#524 = ORIENTED_EDGE ( 'NONE', *, *, #1374, .T. ) ;
#525 = PERSON ( 'UNSPECIFIED', 'UNSPECIFIED', 'UNSPECIFIED', ('UNSPECIFIED'), ('UNSPECIFIED'), ('UNSPECIFIED') ) ;
#526 = DIRECTION ( 'NONE',  ( -1.000000000000000000, 1.747729060459022802E-16, -0.000000000000000000 ) ) ;
#527 = ADVANCED_FACE ( 'NONE', ( #444 ), #957, .F. ) ;
#528 = CARTESIAN_POINT ( 'NONE',  ( -5.500000000000000000, 0.4999999999999994449, 3.500000000000000000 ) ) ;
#529 = DIRECTION ( 'NONE',  ( 0.000000000000000000, 0.000000000000000000, 1.000000000000000000 ) ) ;
#530 = CARTESIAN_POINT ( 'NONE',  ( -6.000000000000000000, 3.999999999999999112, -3.499999999999999556 ) ) ;
#531 = ADVANCED_FACE ( 'NONE', ( #821 ), #693, .T. ) ;
#532 = ORIENTED_EDGE ( 'NONE', *, *, #289, .F. ) ;
#533 = LINE ( 'NONE', #288, #1582 ) ;
#534 = VERTEX_POINT ( 'NONE', #805 ) ;
#535 = AXIS2_PLACEMENT_3D ( 'NONE', #723, #106, #843 ) ;
#536 = DIRECTION ( 'NONE',  ( 0.000000000000000000, 0.000000000000000000, 1.000000000000000000 ) ) ;
#537 = AXIS2_PLACEMENT_3D ( 'NONE', #671, #543, #1519 ) ;
#538 = EDGE_CURVE ( 'NONE', #502, #40, #861, .T. ) ;
#539 = CARTESIAN_POINT ( 'NONE',  ( -1.849999999999999645, -0.5000000000000003331, 3.500000000000000000 ) ) ;
#540 = DIRECTION ( 'NONE',  ( -0.000000000000000000, -0.000000000000000000, 1.000000000000000000 ) ) ;
#541 = EDGE_LOOP ( 'NONE', ( #792, #887, #137, #108 ) ) ;
#542 = AXIS2_PLACEMENT_3D ( 'NONE', #386, #1365, #1494 ) ;
#543 = DIRECTION ( 'NONE',  ( 1.000000000000000000, 0.000000000000000000, -1.224646799147353207E-16 ) ) ;
#544 = DIRECTION ( 'NONE',  ( -0.000000000000000000, -0.000000000000000000, -1.000000000000000000 ) ) ;
#545 = CARTESIAN_POINT ( 'NONE',  ( 5.500000000000000000, 3.499999999999999112, -3.499999999999999556 ) ) ;
#546 = ADVANCED_FACE ( 'NONE', ( #1424 ), #585, .T. ) ;
#547 = CC_DESIGN_DATE_AND_TIME_ASSIGNMENT ( #26, #52, ( #1340 ) ) ;
#548 = CIRCLE ( 'NONE', #746, 0.5000000000000000000 ) ;
#549 = COORDINATED_UNIVERSAL_TIME_OFFSET ( 1, 0, .AHEAD. ) ;
#550 = DIRECTION ( 'NONE',  ( 1.000000000000000000, 4.336808689942017736E-16, 0.000000000000000000 ) ) ;
#551 = CARTESIAN_POINT ( 'NONE',  ( -5.500000000000000000, 0.4999999999999994449, -3.499999999999999556 ) ) ;
#552 = DIRECTION ( 'NONE',  ( 1.000000000000000000, -4.336808689942017736E-16, 0.000000000000000000 ) ) ;
#553 = VERTEX_POINT ( 'NONE', #186 ) ;
#554 = ADVANCED_FACE ( 'NONE', ( #1049 ), #829, .T. ) ;
#555 = VERTEX_POINT ( 'NONE', #450 ) ;
#556 = ADVANCED_FACE ( 'NONE', ( #1551 ), #332, .T. ) ;
#557 = COORDINATED_UNIVERSAL_TIME_OFFSET ( 1, 0, .AHEAD. ) ;
#558 = AXIS2_PLACEMENT_3D ( 'NONE', #945, #730, #1480 ) ;
#559 = AXIS2_PLACEMENT_3D ( 'NONE', #381, #1223, #1 ) ;
#560 = SPHERICAL_SURFACE ( 'NONE', #1403, 0.5000000000000000000 ) ;
#561 = CIRCLE ( 'NONE', #267, 0.5000000000000004441 ) ;
#562 = DIRECTION ( 'NONE',  ( -0.000000000000000000, -0.000000000000000000, 1.000000000000000000 ) ) ;
#563 = AXIS2_PLACEMENT_3D ( 'NONE', #1449, #207, #1486 ) ;
#564 = ORIENTED_EDGE ( 'NONE', *, *, #473, .F. ) ;
#565 = CARTESIAN_POINT ( 'NONE',  ( 5.500000000000000000, 0.4999999999999994449, 3.500000000000000000 ) ) ;
#566 = DATE_TIME_ROLE ( 'creation_date' ) ;
#567 = ADVANCED_FACE ( 'NONE', ( #813 ), #1310, .T. ) ;
#568 = DIRECTION ( 'NONE',  ( 0.000000000000000000, -1.000000000000000000, -0.000000000000000000 ) ) ;
#569 = DIRECTION ( 'NONE',  ( -1.000000000000000000, 2.168404344971009361E-16, 0.000000000000000000 ) ) ;
#570 = DIRECTION ( 'NONE',  ( 8.673617379884035472E-16, 0.000000000000000000, 1.000000000000000000 ) ) ;
#571 = ORIENTED_EDGE ( 'NONE', *, *, #799, .F. ) ;
#572 = ORIENTED_EDGE ( 'NONE', *, *, #1598, .F. ) ;
#573 = APPROVAL_STATUS ( 'not_yet_approved' ) ;
#574 = ADVANCED_FACE ( 'NONE', ( #194 ), #700, .T. ) ;
#575 = FACE_OUTER_BOUND ( 'NONE', #1290, .T. ) ;
#576 = ADVANCED_FACE ( 'NONE', ( #1326 ), #560, .T. ) ;
#577 = DIRECTION ( 'NONE',  ( 0.000000000000000000, -1.000000000000000000, 0.000000000000000000 ) ) ;
#578 = VERTEX_POINT ( 'NONE', #1074 ) ;
#579 = CARTESIAN_POINT ( 'NONE',  ( -2.299999999999999822, -1.717944947177033610, 1.240348190940150286E-13 ) ) ;
#580 = CARTESIAN_POINT ( 'NONE',  ( 0.000000000000000000, -1.499999999999999778, 0.000000000000000000 ) ) ;
#581 = ORIENTED_EDGE ( 'NONE', *, *, #211, .T. ) ;
#582 = CARTESIAN_POINT ( 'NONE',  ( -5.500000000000000000, 3.999999999999999112, -3.499999999999999556 ) ) ;
#583 = AXIS2_PLACEMENT_3D ( 'NONE', #627, #100, #962 ) ;
#584 = EDGE_CURVE ( 'NONE', #1518, #1621, #950, .T. ) ;
#585 = TOROIDAL_SURFACE ( 'NONE', #1402, 2.750000000000000000, 0.5000000000000000000 ) ;
#586 = ADVANCED_FACE ( 'NONE', ( #210 ), #984, .T. ) ;
#587 = VECTOR ( 'NONE', #743, 1000.000000000000000 ) ;
#588 = VERTEX_POINT ( 'NONE', #1214 ) ;
#589 = PLANE ( 'NONE',  #1390 ) ;
#590 = DIRECTION ( 'NONE',  ( -1.000000000000000000, 0.000000000000000000, 0.000000000000000000 ) ) ;
#591 = ORIENTED_EDGE ( 'NONE', *, *, #847, .T. ) ;
#592 = DIRECTION ( 'NONE',  ( -1.000000000000000000, 0.000000000000000000, 0.000000000000000000 ) ) ;
#593 = ORIENTED_EDGE ( 'NONE', *, *, #949, .T. ) ;
#594 = EDGE_CURVE ( 'NONE', #1418, #1346, #561, .T. ) ;
#595 = EDGE_LOOP ( 'NONE', ( #1388, #124, #1451, #674 ) ) ;
#596 = ORIENTED_EDGE ( 'NONE', *, *, #177, .F. ) ;
#597 = FACE_OUTER_BOUND ( 'NONE', #733, .T. ) ;
#598 = LINE ( 'NONE', #1348, #737 ) ;
#599 = EDGE_CURVE ( 'NONE', #1356, #758, #217, .T. ) ;
#600 = ORIENTED_EDGE ( 'NONE', *, *, #1070, .T. ) ;
#601 = CYLINDRICAL_SURFACE ( 'NONE', #102, 0.5000000000000000000 ) ;
#602 = ORIENTED_EDGE ( 'NONE', *, *, #655, .F. ) ;
#603 = CARTESIAN_POINT ( 'NONE',  ( 2.849999999999999645, -8.738645302295114009E-17, -4.000000000000000000 ) ) ;
#604 = EDGE_CURVE ( 'NONE', #212, #115, #249, .T. ) ;
#605 = ORIENTED_EDGE ( 'NONE', *, *, #1415, .F. ) ;
#606 = DIRECTION ( 'NONE',  ( -2.168404344971009361E-16, -1.000000000000000000, 0.000000000000000000 ) ) ;
#607 = LINE ( 'NONE', #94, #1530 ) ;
#608 = FACE_OUTER_BOUND ( 'NONE', #1238, .T. ) ;
#609 = LINE ( 'NONE', #872, #636 ) ;
#610 = AXIS2_PLACEMENT_3D ( 'NONE', #853, #1133, #382 ) ;
#611 = TOROIDAL_SURFACE ( 'NONE', #265, 1.000000000000000000, 0.5000000000000000000 ) ;
#612 = ORIENTED_EDGE ( 'NONE', *, *, #374, .T. ) ;
#613 = ORIENTED_EDGE ( 'NONE', *, *, #1523, .F. ) ;
#614 = VECTOR ( 'NONE', #1488, 1000.000000000000000 ) ;
#615 = CARTESIAN_POINT ( 'NONE',  ( 5.500000000000000000, 3.499999999999999112, 3.500000000000000000 ) ) ;
#616 = CARTESIAN_POINT ( 'NONE',  ( 2.849999999999999645, -0.5000000000000001110, 4.000000000000000000 ) ) ;
#617 = ADVANCED_FACE ( 'NONE', ( #870 ), #601, .T. ) ;
#618 = ORIENTED_EDGE ( 'NONE', *, *, #584, .F. ) ;
#619 = CARTESIAN_POINT ( 'NONE',  ( -2.349999999999999645, 9.629649721936179265E-32, -3.499999999999999556 ) ) ;
#620 = CYLINDRICAL_SURFACE ( 'NONE', #71, 0.5000000000000000000 ) ;
#621 = EDGE_LOOP ( 'NONE', ( #1362, #1469, #1092, #1068 ) ) ;
#622 = CARTESIAN_POINT ( 'NONE',  ( 1.849999999999999645, -2.000000000000000000, 4.000000000000000000 ) ) ;
#623 = ORIENTED_EDGE ( 'NONE', *, *, #699, .F. ) ;
#624 = CARTESIAN_POINT ( 'NONE',  ( -2.849999999999999645, 0.4999999999999998890, 4.000000000000000000 ) ) ;
#625 = AXIS2_PLACEMENT_3D ( 'NONE', #1409, #304, #791 ) ;
#626 = DIRECTION ( 'NONE',  ( 0.000000000000000000, 0.000000000000000000, -1.000000000000000000 ) ) ;
#627 = CARTESIAN_POINT ( 'NONE',  ( 5.500000000000000000, 0.4999999999999994449, 4.000000000000000000 ) ) ;
#628 = ORIENTED_EDGE ( 'NONE', *, *, #181, .T. ) ;
#629 = ORIENTED_EDGE ( 'NONE', *, *, #1517, .F. ) ;
#630 = FACE_OUTER_BOUND ( 'NONE', #825, .T. ) ;
#631 = LINE ( 'NONE', #476, #1490 ) ;
#632 = CALENDAR_DATE ( 2025, 23, 5 ) ;
#633 = CARTESIAN_POINT ( 'NONE',  ( -2.299999999999999822, -1.717944947177033610, 1.240348190940150286E-13 ) ) ;
#634 = DIRECTION ( 'NONE',  ( 0.000000000000000000, 0.000000000000000000, -1.000000000000000000 ) ) ;
#635 = DIRECTION ( 'NONE',  ( 1.000000000000000000, -0.000000000000000000, -0.000000000000000000 ) ) ;
#636 = VECTOR ( 'NONE', #1105, 1000.000000000000000 ) ;
#637 = VECTOR ( 'NONE', #1416, 1000.000000000000000 ) ;
#638 = VERTEX_POINT ( 'NONE', #1360 ) ;
#639 = EDGE_CURVE ( 'NONE', #588, #1418, #631, .T. ) ;
#640 = CIRCLE ( 'NONE', #322, 0.4999999999999997780 ) ;
#641 = TOROIDAL_SURFACE ( 'NONE', #484, 1.000000000000000000, 0.5000000000000000000 ) ;
#642 = CARTESIAN_POINT ( 'NONE',  ( -1.849999999999999867, -1.499999999999999556, 3.500000000000000000 ) ) ;
#643 = CARTESIAN_POINT ( 'NONE',  ( -2.098033423757629912, -1.938345081515252977, -1.373306113225571501 ) ) ;
#644 = AXIS2_PLACEMENT_3D ( 'NONE', #235, #606, #736 ) ;
#645 = EDGE_CURVE ( 'NONE', #980, #1259, #640, .T. ) ;
#646 = ORIENTED_EDGE ( 'NONE', *, *, #1406, .F. ) ;
#647 = APPROVAL ( #573, 'UNSPECIFIED' ) ;
#648 = EDGE_CURVE ( 'NONE', #1259, #180, #607, .T. ) ;
#649 = CARTESIAN_POINT ( 'NONE',  ( -1.849999999999999867, -0.5000000000000003331, -3.500000000000000000 ) ) ;
#650 = ADVANCED_FACE ( 'NONE', ( #487 ), #1495, .T. ) ;
#651 = CARTESIAN_POINT ( 'NONE',  ( 2.097356123832580188, -1.938679711891153179, -1.375448937026779728 ) ) ;
#652 = DIRECTION ( 'NONE',  ( 0.000000000000000000, -1.000000000000000000, 0.000000000000000000 ) ) ;
#653 = ORIENTED_EDGE ( 'NONE', *, *, #367, .T. ) ;
#654 = ORIENTED_EDGE ( 'NONE', *, *, #1542, .T. ) ;
#655 = EDGE_CURVE ( 'NONE', #881, #1522, #1147, .T. ) ;
#656 = CARTESIAN_POINT ( 'NONE',  ( 0.000000000000000000, 3.499999999999999556, -2.750000000000000000 ) ) ;
#657 = CARTESIAN_POINT ( 'NONE',  ( 2.350000000000000089, -1.499999999999999778, 4.000000000000000000 ) ) ;
#658 = LINE ( 'NONE', #1144, #86 ) ;
#659 = VERTEX_POINT ( 'NONE', #624 ) ;
#660 = DIRECTION ( 'NONE',  ( -1.000000000000000000, 9.637352644315595243E-17, 0.000000000000000000 ) ) ;
#661 = ORIENTED_EDGE ( 'NONE', *, *, #126, .F. ) ;
#662 = AXIS2_PLACEMENT_3D ( 'NONE', #666, #397, #529 ) ;
#663 = LINE ( 'NONE', #22, #1327 ) ;
#664 = ADVANCED_FACE ( 'NONE', ( #1578 ), #1599, .T. ) ;
#665 = CIRCLE ( 'NONE', #866, 0.5000000000000000000 ) ;
#666 = CARTESIAN_POINT ( 'NONE',  ( -5.500000000000000000, 0.4999999999999994449, 3.500000000000000000 ) ) ;
#667 = CYLINDRICAL_SURFACE ( 'NONE', #675, 0.5000000000000000000 ) ;
#668 = EDGE_CURVE ( 'NONE', #588, #486, #1222, .T. ) ;
#669 = ORIENTED_EDGE ( 'NONE', *, *, #1028, .T. ) ;
#670 = PERSON_AND_ORGANIZATION_ROLE ( 'design_owner' ) ;
#671 = CARTESIAN_POINT ( 'NONE',  ( 3.367778697655221012E-16, 3.499999999999999556, 2.750000000000000000 ) ) ;
#672 = DIRECTION ( 'NONE',  ( 0.000000000000000000, 0.000000000000000000, -1.000000000000000000 ) ) ;
#673 = DIRECTION ( 'NONE',  ( -0.000000000000000000, -0.000000000000000000, 1.000000000000000000 ) ) ;
#674 = ORIENTED_EDGE ( 'NONE', *, *, #20, .T. ) ;
#675 = AXIS2_PLACEMENT_3D ( 'NONE', #1154, #1270, #270 ) ;
#676 = CYLINDRICAL_SURFACE ( 'NONE', #1513, 0.5000000000000000000 ) ;
#677 = DIRECTION ( 'NONE',  ( -1.747729060459023048E-16, 1.000000000000000000, 0.000000000000000000 ) ) ;
#678 = CARTESIAN_POINT ( 'NONE',  ( 6.000000000000000000, 0.4999999999999994449, -3.499999999999999556 ) ) ;
#679 = ORIENTED_EDGE ( 'NONE', *, *, #923, .T. ) ;
#680 = CIRCLE ( 'NONE', #936, 0.5000000000000000000 ) ;
#681 = CARTESIAN_POINT ( 'NONE',  ( -5.500000000000000000, 3.499999999999999112, 4.000000000000000000 ) ) ;
#682 = CIRCLE ( 'NONE', #997, 0.5000000000000004441 ) ;
#683 = ORIENTED_EDGE ( 'NONE', *, *, #1623, .T. ) ;
#684 = CARTESIAN_POINT ( 'NONE',  ( -1.849999999999999867, -1.499999999999999556, 3.500000000000000000 ) ) ;
#685 = DIRECTION ( 'NONE',  ( 1.000000000000000000, -1.747729060459022802E-16, 0.000000000000000000 ) ) ;
#686 = AXIS2_PLACEMENT_3D ( 'NONE', #396, #883, #1375 ) ;
#687 = ORIENTED_EDGE ( 'NONE', *, *, #120, .F. ) ;
#688 = EDGE_CURVE ( 'NONE', #1249, #439, #1351, .T. ) ;
#689 = FACE_OUTER_BOUND ( 'NONE', #1219, .T. ) ;
#690 = PERSON_AND_ORGANIZATION_ROLE ( 'classification_officer' ) ;
#691 = DIRECTION ( 'NONE',  ( 0.000000000000000000, 0.000000000000000000, -1.000000000000000000 ) ) ;
#692 = ORIENTED_EDGE ( 'NONE', *, *, #919, .F. ) ;
#693 = CYLINDRICAL_SURFACE ( 'NONE', #1073, 0.5000000000000000000 ) ;
#694 = CARTESIAN_POINT ( 'NONE',  ( 6.000000000000000000, 3.499999999999999112, -3.499999999999999556 ) ) ;
#695 = ORIENTED_EDGE ( 'NONE', *, *, #751, .F. ) ;
#696 = ORIENTED_EDGE ( 'NONE', *, *, #1149, .T. ) ;
#697 = APPROVAL_DATE_TIME ( #440, #1501 ) ;
#698 = CARTESIAN_POINT ( 'NONE',  ( 0.000000000000000000, -1.499999999999999778, 0.000000000000000000 ) ) ;
#699 = EDGE_CURVE ( 'NONE', #336, #924, #1615, .T. ) ;
#700 = CYLINDRICAL_SURFACE ( 'NONE', #236, 0.5000000000000000000 ) ;
#701 = EDGE_LOOP ( 'NONE', ( #1357, #185, #1042, #596 ) ) ;
#702 = DIRECTION ( 'NONE',  ( -1.000000000000000000, 9.227252531791526626E-17, 0.000000000000000000 ) ) ;
#703 = DIRECTION ( 'NONE',  ( -1.000000000000000000, 0.000000000000000000, 0.000000000000000000 ) ) ;
#704 = CARTESIAN_POINT ( 'NONE',  ( -5.500000000000000000, 3.999999999999999112, 3.500000000000000000 ) ) ;
#705 = CIRCLE ( 'NONE', #1294, 0.5000000000000000000 ) ;
#706 = EDGE_CURVE ( 'NONE', #715, #422, #1004, .T. ) ;
#707 = CARTESIAN_POINT ( 'NONE',  ( 5.500000000000000000, 3.499999999999999112, -4.000000000000000000 ) ) ;
#708 = AXIS2_PLACEMENT_3D ( 'NONE', #498, #985, #994 ) ;
#709 = CIRCLE ( 'NONE', #806, 0.5000000000000000000 ) ;
#710 = ORIENTED_EDGE ( 'NONE', *, *, #1168, .T. ) ;
#711 = DIRECTION ( 'NONE',  ( 0.000000000000000000, 0.000000000000000000, 1.000000000000000000 ) ) ;
#712 = ORIENTED_EDGE ( 'NONE', *, *, #645, .F. ) ;
#713 = DIRECTION ( 'NONE',  ( 1.000000000000000000, 0.000000000000000000, 0.000000000000000000 ) ) ;
#714 = DIRECTION ( 'NONE',  ( -4.336808689942017736E-16, -1.000000000000000000, 0.000000000000000000 ) ) ;
#715 = VERTEX_POINT ( 'NONE', #238 ) ;
#716 = ORIENTED_EDGE ( 'NONE', *, *, #639, .T. ) ;
#717 = PLANE ( 'NONE',  #1625 ) ;
#718 = CARTESIAN_POINT ( 'NONE',  ( -2.349999999999999645, -0.5000000000000002220, -4.000000000000000000 ) ) ;
#719 = FACE_OUTER_BOUND ( 'NONE', #263, .T. ) ;
#720 = VECTOR ( 'NONE', #885, 1000.000000000000000 ) ;
#721 = VERTEX_POINT ( 'NONE', #513 ) ;
#722 = DIRECTION ( 'NONE',  ( -0.000000000000000000, 1.000000000000000000, 0.000000000000000000 ) ) ;
#723 = CARTESIAN_POINT ( 'NONE',  ( -2.849999999999999645, -0.5000000000000001110, -4.000000000000000000 ) ) ;
#724 = EDGE_CURVE ( 'NONE', #170, #588, #728, .T. ) ;
#725 = FACE_OUTER_BOUND ( 'NONE', #701, .T. ) ;
#726 = DIRECTION ( 'NONE',  ( -0.000000000000000000, -0.000000000000000000, 1.000000000000000000 ) ) ;
#727 = ORIENTED_EDGE ( 'NONE', *, *, #912, .T. ) ;
#728 = LINE ( 'NONE', #388, #41 ) ;
#729 = CARTESIAN_POINT ( 'NONE',  ( -1.919982519244848529, -1.996159487334286053, -1.871616983968119374 ) ) ;
#730 = DIRECTION ( 'NONE',  ( 1.000000000000000000, 0.000000000000000000, 0.000000000000000000 ) ) ;
#731 = AXIS2_PLACEMENT_3D ( 'NONE', #139, #276, #770 ) ;
#732 = ORIENTED_EDGE ( 'NONE', *, *, #768, .T. ) ;
#733 = EDGE_LOOP ( 'NONE', ( #373, #1000, #351, #1048, #1303, #1054, #1189, #343, #335, #1060 ) ) ;
#734 = EDGE_CURVE ( 'NONE', #1295, #659, #877, .T. ) ;
#735 = CIRCLE ( 'NONE', #1197, 0.5000000000000000000 ) ;
#736 = DIRECTION ( 'NONE',  ( 1.000000000000000000, -2.168404344971008868E-16, 0.000000000000000000 ) ) ;
#737 = VECTOR ( 'NONE', #1458, 1000.000000000000000 ) ;
#738 = EDGE_CURVE ( 'NONE', #1341, #109, #428, .T. ) ;
#739 = EDGE_LOOP ( 'NONE', ( #920, #1624, #475 ) ) ;
#740 = DIRECTION ( 'NONE',  ( 0.000000000000000000, 0.000000000000000000, -1.000000000000000000 ) ) ;
#741 = DIRECTION ( 'NONE',  ( 0.000000000000000000, 1.000000000000000000, 0.000000000000000000 ) ) ;
#742 = EDGE_LOOP ( 'NONE', ( #145, #1414, #1427 ) ) ;
#743 = DIRECTION ( 'NONE',  ( 0.000000000000000000, 0.000000000000000000, -1.000000000000000000 ) ) ;
#744 = DIRECTION ( 'NONE',  ( 0.000000000000000000, 0.000000000000000000, 1.000000000000000000 ) ) ;
#745 = EDGE_CURVE ( 'NONE', #860, #980, #1397, .T. ) ;
#746 = AXIS2_PLACEMENT_3D ( 'NONE', #1164, #1140, #552 ) ;
#747 = DIRECTION ( 'NONE',  ( -0.000000000000000000, 0.000000000000000000, -1.000000000000000000 ) ) ;
#748 = DIRECTION ( 'NONE',  ( 0.000000000000000000, -0.000000000000000000, -1.000000000000000000 ) ) ;
#749 = AXIS2_PLACEMENT_3D ( 'NONE', #1555, #435, #1548 ) ;
#750 = ORIENTED_EDGE ( 'NONE', *, *, #1377, .T. ) ;
#751 = EDGE_CURVE ( 'NONE', #721, #470, #1381, .T. ) ;
#752 = FACE_OUTER_BOUND ( 'NONE', #927, .T. ) ;
#753 = ADVANCED_FACE ( 'NONE', ( #1627 ), #864, .T. ) ;
#754 = LINE ( 'NONE', #1496, #99 ) ;
#755 = DIRECTION ( 'NONE',  ( 0.000000000000000000, 0.000000000000000000, -1.000000000000000000 ) ) ;
#756 = VECTOR ( 'NONE', #229, 1000.000000000000000 ) ;
#757 = AXIS2_PLACEMENT_3D ( 'NONE', #616, #1063, #1601 ) ;
#758 = VERTEX_POINT ( 'NONE', #771 ) ;
#759 = EDGE_CURVE ( 'NONE', #310, #422, #999, .T. ) ;
#760 = AXIS2_PLACEMENT_3D ( 'NONE', #977, #1091, #104 ) ;
#761 = CIRCLE ( 'NONE', #323, 1.000000000000000000 ) ;
#762 = FACE_OUTER_BOUND ( 'NONE', #621, .T. ) ;
#763 = VECTOR ( 'NONE', #391, 1000.000000000000000 ) ;
#764 = CARTESIAN_POINT ( 'NONE',  ( -5.500000000000000000, 0.4999999999999994449, -4.000000000000000000 ) ) ;
#765 = DIRECTION ( 'NONE',  ( 0.000000000000000000, -1.000000000000000000, -0.000000000000000000 ) ) ;
#766 = EDGE_CURVE ( 'NONE', #422, #555, #1136, .T. ) ;
#767 = LINE ( 'NONE', #1258, #318 ) ;
#768 = EDGE_CURVE ( 'NONE', #924, #202, #153, .T. ) ;
#769 = EDGE_LOOP ( 'NONE', ( #392, #1100, #117, #669 ) ) ;
#770 = DIRECTION ( 'NONE',  ( 0.000000000000000000, 0.000000000000000000, -1.000000000000000000 ) ) ;
#771 = CARTESIAN_POINT ( 'NONE',  ( -2.350000000000000089, -1.499999999999999556, 3.500000000000000000 ) ) ;
#772 = CARTESIAN_POINT ( 'NONE',  ( 2.144673907152464309, -1.907197363704898674, -1.207437894955063484 ) ) ;
#773 = DIRECTION ( 'NONE',  ( 0.000000000000000000, -1.000000000000000000, 0.000000000000000000 ) ) ;
#774 = CC_DESIGN_APPROVAL ( #647, ( #1340 ) ) ;
#775 = ORIENTED_EDGE ( 'NONE', *, *, #1426, .T. ) ;
#776 = ADVANCED_FACE ( 'NONE', ( #762 ), #641, .T. ) ;
#777 = DIRECTION ( 'NONE',  ( 0.000000000000000000, 0.000000000000000000, -1.000000000000000000 ) ) ;
#778 = CARTESIAN_POINT ( 'NONE',  ( -2.349999999999999645, -0.5000000000000002220, 3.500000000000000000 ) ) ;
#779 = CALENDAR_DATE ( 2025, 23, 5 ) ;
#780 = VECTOR ( 'NONE', #2, 1000.000000000000000 ) ;
#781 = CIRCLE ( 'NONE', #16, 0.5000000000000000000 ) ;
#782 = EDGE_CURVE ( 'NONE', #721, #924, #914, .T. ) ;
#783 = VECTOR ( 'NONE', #73, 1000.000000000000000 ) ;
#784 = LINE ( 'NONE', #657, #376 ) ;
#785 = CARTESIAN_POINT ( 'NONE',  ( -2.299999999999999822, -1.717944947177033610, 1.240348190940150286E-13 ) ) ;
#786 = EDGE_LOOP ( 'NONE', ( #1203, #1464, #1568, #710 ) ) ;
#787 = APPROVAL_STATUS ( 'not_yet_approved' ) ;
#788 = LINE ( 'NONE', #183, #1076 ) ;
#789 = ADVANCED_FACE ( 'NONE', ( #1252 ), #520, .F. ) ;
#790 = CARTESIAN_POINT ( 'NONE',  ( 1.849999999999999645, -2.000000000000000000, -2.034698994937580885 ) ) ;
#791 = DIRECTION ( 'NONE',  ( 0.000000000000000000, 0.000000000000000000, -1.000000000000000000 ) ) ;
#792 = ORIENTED_EDGE ( 'NONE', *, *, #1035, .T. ) ;
#793 = AXIS2_PLACEMENT_3D ( 'NONE', #31, #1255, #408 ) ;
#794 =( NAMED_UNIT ( * ) PLANE_ANGLE_UNIT ( ) SI_UNIT ( $, .RADIAN. ) );
#795 = CARTESIAN_POINT ( 'NONE',  ( -6.000000000000000000, -6.379211070675434126E-16, -3.499999999999999556 ) ) ;
#796 = ORIENTED_EDGE ( 'NONE', *, *, #1542, .F. ) ;
#797 = DIRECTION ( 'NONE',  ( 1.000000000000000000, 0.000000000000000000, 0.000000000000000000 ) ) ;
#798 = CARTESIAN_POINT ( 'NONE',  ( -6.000000000000000000, -6.379211070675434126E-16, 3.500000000000000000 ) ) ;
#799 = EDGE_CURVE ( 'NONE', #170, #975, #1026, .T. ) ;
#800 = CC_DESIGN_PERSON_AND_ORGANIZATION_ASSIGNMENT ( #44, #670, ( #303 ) ) ;
#801 = EDGE_LOOP ( 'NONE', ( #1256, #37, #991, #493 ) ) ;
#802 = PERSON_AND_ORGANIZATION_ROLE ( 'design_supplier' ) ;
#803 = DIRECTION ( 'NONE',  ( 0.000000000000000000, 1.000000000000000000, -0.000000000000000000 ) ) ;
#804 = CIRCLE ( 'NONE', #1431, 0.5000000000000000000 ) ;
#805 = CARTESIAN_POINT ( 'NONE',  ( -2.250000000000000000, -1.499999999999999556, 0.000000000000000000 ) ) ;
#806 = AXIS2_PLACEMENT_3D ( 'NONE', #436, #818, #1413 ) ;
#807 = VERTEX_POINT ( 'NONE', #1268 ) ;
#808 = EDGE_CURVE ( 'NONE', #212, #1546, #1492, .T. ) ;
#809 = DIRECTION ( 'NONE',  ( -0.000000000000000000, -0.000000000000000000, 1.000000000000000000 ) ) ;
#810 = ORIENTED_EDGE ( 'NONE', *, *, #1261, .F. ) ;
#811 = EDGE_CURVE ( 'NONE', #975, #1522, #663, .T. ) ;
#812 = DIRECTION ( 'NONE',  ( -1.000000000000000000, 0.000000000000000000, 0.000000000000000000 ) ) ;
#813 = FACE_OUTER_BOUND ( 'NONE', #917, .T. ) ;
#814 = DIRECTION ( 'NONE',  ( -1.000000000000000000, 9.637352644315595243E-17, 0.000000000000000000 ) ) ;
#815 = CARTESIAN_POINT ( 'NONE',  ( 2.755455298081544285E-16, -1.499999999999999778, -2.250000000000000000 ) ) ;
#816 = CARTESIAN_POINT ( 'NONE',  ( -2.849999999999999645, 0.4999999999999998890, -4.000000000000000000 ) ) ;
#817 = DIRECTION ( 'NONE',  ( 0.000000000000000000, 0.000000000000000000, -1.000000000000000000 ) ) ;
#818 = DIRECTION ( 'NONE',  ( -0.000000000000000000, 0.000000000000000000, -1.000000000000000000 ) ) ;
#819 = CC_DESIGN_PERSON_AND_ORGANIZATION_ASSIGNMENT ( #154, #802, ( #928 ) ) ;
#820 = LOCAL_TIME ( 10, 39, 11.00000000000000000, #557 ) ;
#821 = FACE_OUTER_BOUND ( 'NONE', #1400, .T. ) ;
#822 = EDGE_CURVE ( 'NONE', #1566, #1236, #761, .T. ) ;
#823 = ORIENTED_EDGE ( 'NONE', *, *, #919, .T. ) ;
#824 = DIRECTION ( 'NONE',  ( -1.000000000000000000, 0.000000000000000000, -0.000000000000000000 ) ) ;
#825 = EDGE_LOOP ( 'NONE', ( #679, #605, #517, #1579 ) ) ;
#826 = LINE ( 'NONE', #360, #1320 ) ;
#827 = DIRECTION ( 'NONE',  ( -0.000000000000000000, -0.000000000000000000, -1.000000000000000000 ) ) ;
#828 = ORIENTED_EDGE ( 'NONE', *, *, #460, .F. ) ;
#829 = CYLINDRICAL_SURFACE ( 'NONE', #404, 0.5000000000000000000 ) ;
#830 = ADVANCED_FACE ( 'NONE', ( #1525 ), #128, .T. ) ;
#831 = ORIENTED_EDGE ( 'NONE', *, *, #759, .T. ) ;
#832 = AXIS2_PLACEMENT_3D ( 'NONE', #528, #1142, #904 ) ;
#833 = AXIS2_PLACEMENT_3D ( 'NONE', #649, #6, #36 ) ;
#834 = ORIENTED_EDGE ( 'NONE', *, *, #1094, .F. ) ;
#835 = CARTESIAN_POINT ( 'NONE',  ( -1.850000000000000089, -2.000000000000000000, -2.034698994937580441 ) ) ;
#836 = DIRECTION ( 'NONE',  ( 1.747729060459022802E-16, 1.000000000000000000, 0.000000000000000000 ) ) ;
#837 = VECTOR ( 'NONE', #1572, 1000.000000000000000 ) ;
#838 = FACE_OUTER_BOUND ( 'NONE', #1570, .T. ) ;
#839 = LINE ( 'NONE', #718, #264 ) ;
#840 = DIRECTION ( 'NONE',  ( 0.000000000000000000, 0.000000000000000000, -1.000000000000000000 ) ) ;
#841 = DIRECTION ( 'NONE',  ( 0.000000000000000000, -8.673617379884035472E-16, -1.000000000000000000 ) ) ;
#842 = ADVANCED_FACE ( 'NONE', ( #752 ), #1010, .T. ) ;
#843 = DIRECTION ( 'NONE',  ( -1.000000000000000000, 0.000000000000000000, 0.000000000000000000 ) ) ;
#844 = ORIENTED_EDGE ( 'NONE', *, *, #281, .T. ) ;
#845 = CARTESIAN_POINT ( 'NONE',  ( 1.849999999999999867, -2.000000000000000000, 3.500000000000000000 ) ) ;
#846 = DIRECTION ( 'NONE',  ( -1.000000000000000000, 1.747729060459022802E-16, 0.000000000000000000 ) ) ;
#847 = EDGE_CURVE ( 'NONE', #310, #1621, #1382, .T. ) ;
#848 = ORIENTED_EDGE ( 'NONE', *, *, #1347, .F. ) ;
#849 = CARTESIAN_POINT ( 'NONE',  ( 2.849999999999999645, 0.4999999999999998890, 3.500000000000000000 ) ) ;
#850 = DIRECTION ( 'NONE',  ( 0.000000000000000000, -1.000000000000000000, 0.000000000000000000 ) ) ;
#851 = CC_DESIGN_SECURITY_CLASSIFICATION ( #1340, ( #928 ) ) ;
#852 = CARTESIAN_POINT ( 'NONE',  ( -1.984081143902765465, -1.982798132475057873, -1.706822424221420720 ) ) ;
#853 = CARTESIAN_POINT ( 'NONE',  ( 0.000000000000000000, 3.499999999999999556, 0.000000000000000000 ) ) ;
#854 = EDGE_CURVE ( 'NONE', #1121, #807, #1556, .T. ) ;
#855 = CARTESIAN_POINT ( 'NONE',  ( -1.850000000000000089, -1.999999999999999556, 4.000000000000000000 ) ) ;
#856 = ORIENTED_EDGE ( 'NONE', *, *, #1069, .T. ) ;
#857 = CARTESIAN_POINT ( 'NONE',  ( 5.500000000000000000, 0.4999999999999994449, -3.500000000000000000 ) ) ;
#858 = CARTESIAN_POINT ( 'NONE',  ( -2.014173415693270464, -1.973248176992786318, -1.623753020141979420 ) ) ;
#859 = CARTESIAN_POINT ( 'NONE',  ( -5.500000000000000000, 3.499999999999999112, -3.500000000000000000 ) ) ;
#860 = VERTEX_POINT ( 'NONE', #937 ) ;
#861 = CIRCLE ( 'NONE', #149, 0.5000000000000000000 ) ;
#862 = ORIENTED_EDGE ( 'NONE', *, *, #48, .F. ) ;
#863 = EDGE_CURVE ( 'NONE', #1546, #1518, #788, .T. ) ;
#864 = TOROIDAL_SURFACE ( 'NONE', #1075, 1.000000000000000000, 0.5000000000000000000 ) ;
#865 = ORIENTED_EDGE ( 'NONE', *, *, #1432, .F. ) ;
#866 = AXIS2_PLACEMENT_3D ( 'NONE', #1468, #361, #246 ) ;
#867 = ADVANCED_FACE ( 'NONE', ( #466 ), #676, .T. ) ;
#868 = EDGE_LOOP ( 'NONE', ( #844, #969, #254, #1372, #447, #222, #1535, #1528, #1437, #305 ) ) ;
#869 = CARTESIAN_POINT ( 'NONE',  ( 5.500000000000000000, 3.499999999999999112, 3.500000000000000000 ) ) ;
#870 = FACE_OUTER_BOUND ( 'NONE', #987, .T. ) ;
#871 = FACE_OUTER_BOUND ( 'NONE', #1082, .T. ) ;
#872 = CARTESIAN_POINT ( 'NONE',  ( 2.755455298081544285E-16, -2.000000000000000000, -2.250000000000000000 ) ) ;
#873 = ORIENTED_EDGE ( 'NONE', *, *, #668, .F. ) ;
#874 = VERTEX_POINT ( 'NONE', #582 ) ;
#875 = LINE ( 'NONE', #259, #155 ) ;
#876 = ADVANCED_FACE ( 'NONE', ( #1283 ), #1298, .T. ) ;
#877 = LINE ( 'NONE', #1367, #1025 ) ;
#878 = AXIS2_PLACEMENT_3D ( 'NONE', #279, #1019, #1511 ) ;
#879 = CARTESIAN_POINT ( 'NONE',  ( -5.500000000000000000, 3.499999999999999112, 3.500000000000000000 ) ) ;
#880 = DIRECTION ( 'NONE',  ( 0.000000000000000000, 0.000000000000000000, -1.000000000000000000 ) ) ;
#881 = VERTEX_POINT ( 'NONE', #704 ) ;
#882 = ORIENTED_EDGE ( 'NONE', *, *, #734, .F. ) ;
#883 = DIRECTION ( 'NONE',  ( 0.000000000000000000, -1.000000000000000000, 0.000000000000000000 ) ) ;
#884 = FACE_OUTER_BOUND ( 'NONE', #188, .T. ) ;
#885 = DIRECTION ( 'NONE',  ( -1.000000000000000000, 0.000000000000000000, 0.000000000000000000 ) ) ;
#886 = AXIS2_PLACEMENT_3D ( 'NONE', #889, #1364, #11 ) ;
#887 = ORIENTED_EDGE ( 'NONE', *, *, #1533, .F. ) ;
#888 = AXIS2_PLACEMENT_3D ( 'NONE', #57, #327, #1435 ) ;
#889 = CARTESIAN_POINT ( 'NONE',  ( -2.849999999999999645, -0.5000000000000001110, 4.000000000000000000 ) ) ;
#890 = CIRCLE ( 'NONE', #1106, 0.5000000000000000000 ) ;
#891 = DIRECTION ( 'NONE',  ( 0.000000000000000000, 0.000000000000000000, -1.000000000000000000 ) ) ;
#892 = CARTESIAN_POINT ( 'NONE',  ( 1.849999999999999867, -0.5000000000000003331, 4.000000000000000000 ) ) ;
#893 = DIRECTION ( 'NONE',  ( 4.336808689942013792E-16, 0.000000000000000000, -1.000000000000000000 ) ) ;
#894 = EDGE_CURVE ( 'NONE', #970, #1236, #1461, .T. ) ;
#895 = EDGE_LOOP ( 'NONE', ( #1538, #56, #571 ) ) ;
#896 = AXIS2_PLACEMENT_3D ( 'NONE', #70, #971, #702 ) ;
#897 = CARTESIAN_POINT ( 'NONE',  ( 5.500000000000000000, 3.499999999999999112, 3.500000000000000000 ) ) ;
#898 = SPHERICAL_SURFACE ( 'NONE', #911, 0.5000000000000000000 ) ;
#899 = CARTESIAN_POINT ( 'NONE',  ( -1.986120552758436686, -1.984867628527715588, 1.707404281176582383 ) ) ;
#900 = EDGE_LOOP ( 'NONE', ( #1159, #823, #1180, #1141, #623 ) ) ;
#901 = CIRCLE ( 'NONE', #1443, 0.5000000000000000000 ) ;
#902 = DIRECTION ( 'NONE',  ( -1.000000000000000000, -0.000000000000000000, -0.000000000000000000 ) ) ;
#903 = LOCAL_TIME ( 10, 39, 11.00000000000000000, #313 ) ;
#904 = DIRECTION ( 'NONE',  ( 1.000000000000000000, 0.000000000000000000, 0.000000000000000000 ) ) ;
#905 = ADVANCED_FACE ( 'NONE', ( #575 ), #1434, .T. ) ;
#906 = CARTESIAN_POINT ( 'NONE',  ( -5.500000000000000000, 3.499999999999999112, -3.499999999999999556 ) ) ;
#907 = CARTESIAN_POINT ( 'NONE',  ( -2.221353948963344038, -1.838731443346004690, 0.8674401893935008712 ) ) ;
#908 = ORIENTED_EDGE ( 'NONE', *, *, #1507, .T. ) ;
#909 = AXIS2_PLACEMENT_3D ( 'NONE', #1096, #1448, #713 ) ;
#910 = VERTEX_POINT ( 'NONE', #1079 ) ;
#911 = AXIS2_PLACEMENT_3D ( 'NONE', #1503, #1269, #148 ) ;
#912 = EDGE_CURVE ( 'NONE', #578, #1522, #129, .T. ) ;
#913 = CARTESIAN_POINT ( 'NONE',  ( -2.849999999999999645, -8.738645302295104148E-17, 4.000000000000000000 ) ) ;
#914 = CIRCLE ( 'NONE', #208, 2.250000000000000000 ) ;
#915 = CARTESIAN_POINT ( 'NONE',  ( -2.349999999999999645, -4.814824860968089633E-32, 4.000000000000000000 ) ) ;
#916 = CARTESIAN_POINT ( 'NONE',  ( -2.289743092647316125, -1.740705239875620869, 0.3522204296821901393 ) ) ;
#917 = EDGE_LOOP ( 'NONE', ( #1452, #810, #873, #1300 ) ) ;
#918 = CARTESIAN_POINT ( 'NONE',  ( 2.849999999999999645, 0.4999999999999998890, -3.500000000000000000 ) ) ;
#919 = EDGE_CURVE ( 'NONE', #534, #51, #74, .T. ) ;
#920 = ORIENTED_EDGE ( 'NONE', *, *, #1279, .T. ) ;
#921 = DIRECTION ( 'NONE',  ( 0.000000000000000000, 0.000000000000000000, -1.000000000000000000 ) ) ;
#922 = DIRECTION ( 'NONE',  ( -0.000000000000000000, 1.000000000000000000, -0.000000000000000000 ) ) ;
#923 = EDGE_CURVE ( 'NONE', #1162, #874, #890, .T. ) ;
#924 = VERTEX_POINT ( 'NONE', #1046 ) ;
#925 = CIRCLE ( 'NONE', #793, 0.5000000000000000000 ) ;
#926 = DIRECTION ( 'NONE',  ( 0.000000000000000000, 0.000000000000000000, -1.000000000000000000 ) ) ;
#927 = EDGE_LOOP ( 'NONE', ( #431, #230, #1383, #572 ) ) ;
#928 = PRODUCT_DEFINITION_FORMATION_WITH_SPECIFIED_SOURCE ( 'ANY', '', #303, .NOT_KNOWN. ) ;
#929 = DATE_AND_TIME ( #1051, #1089 ) ;
#930 = LINE ( 'NONE', #1308, #1299 ) ;
#931 = CARTESIAN_POINT ( 'NONE',  ( 5.500000000000000000, 3.499999999999999112, -3.500000000000000000 ) ) ;
#932 = DIRECTION ( 'NONE',  ( 0.000000000000000000, -1.000000000000000000, 0.000000000000000000 ) ) ;
#933 = EDGE_LOOP ( 'NONE', ( #591, #618, #865, #244 ) ) ;
#934 = ORIENTED_EDGE ( 'NONE', *, *, #1065, .T. ) ;
#935 = COORDINATED_UNIVERSAL_TIME_OFFSET ( 1, 0, .AHEAD. ) ;
#936 = AXIS2_PLACEMENT_3D ( 'NONE', #9, #902, #1394 ) ;
#937 = CARTESIAN_POINT ( 'NONE',  ( 2.349999999999999645, -0.5000000000000002220, 3.500000000000000000 ) ) ;
#938 = AXIS2_PLACEMENT_3D ( 'NONE', #1195, #1171, #316 ) ;
#939 = DIRECTION ( 'NONE',  ( 0.000000000000000000, 0.000000000000000000, -1.000000000000000000 ) ) ;
#940 = CARTESIAN_POINT ( 'NONE',  ( -6.000000000000000000, 0.4999999999999994449, 4.000000000000000000 ) ) ;
#941 = CIRCLE ( 'NONE', #1148, 0.5000000000000000000 ) ;
#942 = AXIS2_PLACEMENT_3D ( 'NONE', #849, #1576, #1597 ) ;
#943 = EDGE_CURVE ( 'NONE', #638, #412, #406, .T. ) ;
#944 = CC_DESIGN_PERSON_AND_ORGANIZATION_ASSIGNMENT ( #1288, #1061, ( #1396 ) ) ;
#945 = CARTESIAN_POINT ( 'NONE',  ( -6.000000000000000000, -6.379211070675434126E-16, 4.000000000000000000 ) ) ;
#946 = ORIENTED_EDGE ( 'NONE', *, *, #1553, .F. ) ;
#947 = CALENDAR_DATE ( 2025, 23, 5 ) ;
#948 = DIRECTION ( 'NONE',  ( -1.000000000000000000, 9.227252531791526626E-17, 0.000000000000000000 ) ) ;
#949 = EDGE_CURVE ( 'NONE', #412, #860, #735, .T. ) ;
#950 = LINE ( 'NONE', #1441, #1588 ) ;
#951 = CIRCLE ( 'NONE', #248, 0.5000000000000000000 ) ;
#952 = ORIENTED_EDGE ( 'NONE', *, *, #1118, .F. ) ;
#953 = ORIENTED_EDGE ( 'NONE', *, *, #1083, .T. ) ;
#954 = CARTESIAN_POINT ( 'NONE',  ( 1.849999999999999867, -1.500000000000000000, -3.500000000000000000 ) ) ;
#955 = DIRECTION ( 'NONE',  ( 1.000000000000000000, -0.000000000000000000, -0.000000000000000000 ) ) ;
#956 = EDGE_LOOP ( 'NONE', ( #1187, #111, #345, #1128 ) ) ;
#957 = PLANE ( 'NONE',  #938 ) ;
#958 = ORIENTED_EDGE ( 'NONE', *, *, #1052, .T. ) ;
#959 = ORIENTED_EDGE ( 'NONE', *, *, #1257, .T. ) ;
#960 = DIRECTION ( 'NONE',  ( 0.000000000000000000, 0.000000000000000000, -1.000000000000000000 ) ) ;
#961 = DIRECTION ( 'NONE',  ( 1.000000000000000000, -1.747729060459022802E-16, 0.000000000000000000 ) ) ;
#962 = DIRECTION ( 'NONE',  ( -1.000000000000000000, 0.000000000000000000, 0.000000000000000000 ) ) ;
#963 = CARTESIAN_POINT ( 'NONE',  ( 0.000000000000000000, 3.999999999999999112, 0.000000000000000000 ) ) ;
#964 = EDGE_CURVE ( 'NONE', #534, #505, #709, .T. ) ;
#965 = ORIENTED_EDGE ( 'NONE', *, *, #367, .F. ) ;
#966 = DIRECTION ( 'NONE',  ( 0.000000000000000000, 0.000000000000000000, -1.000000000000000000 ) ) ;
#967 = AXIS2_PLACEMENT_3D ( 'NONE', #353, #371, #841 ) ;
#968 = LINE ( 'NONE', #1246, #1529 ) ;
#969 = ORIENTED_EDGE ( 'NONE', *, *, #1334, .T. ) ;
#970 = VERTEX_POINT ( 'NONE', #449 ) ;
#971 = DIRECTION ( 'NONE',  ( 9.227252531791526626E-17, 1.000000000000000000, -0.000000000000000000 ) ) ;
#972 = CARTESIAN_POINT ( 'NONE',  ( 3.367778697655221012E-16, 4.000000000000000000, 2.750000000000000000 ) ) ;
#973 = DIRECTION ( 'NONE',  ( 0.000000000000000000, 1.000000000000000000, 0.000000000000000000 ) ) ;
#974 = CARTESIAN_POINT ( 'NONE',  ( 2.221008173720973478, -1.839041048282006541, 0.8689767702275048578 ) ) ;
#975 = VERTEX_POINT ( 'NONE', #171 ) ;
#976 = EDGE_CURVE ( 'NONE', #212, #439, #348, .T. ) ;
#977 = CARTESIAN_POINT ( 'NONE',  ( -5.500000000000000000, 3.499999999999999112, 3.500000000000000000 ) ) ;
#978 = FACE_OUTER_BOUND ( 'NONE', #1309, .T. ) ;
#979 = CARTESIAN_POINT ( 'NONE',  ( 2.349999999999999645, -0.5000000000000002220, 4.000000000000000000 ) ) ;
#980 = VERTEX_POINT ( 'NONE', #1314 ) ;
#981 = SPHERICAL_SURFACE ( 'NONE', #509, 0.5000000000000000000 ) ;
#982 = DIRECTION ( 'NONE',  ( 0.000000000000000000, 0.000000000000000000, 1.000000000000000000 ) ) ;
#983 = DIRECTION ( 'NONE',  ( 1.000000000000000000, 0.000000000000000000, 0.000000000000000000 ) ) ;
#984 = SPHERICAL_SURFACE ( 'NONE', #1045, 0.5000000000000000000 ) ;
#985 = DIRECTION ( 'NONE',  ( -0.000000000000000000, 1.000000000000000000, -0.000000000000000000 ) ) ;
#986 = ORIENTED_EDGE ( 'NONE', *, *, #863, .F. ) ;
#987 = EDGE_LOOP ( 'NONE', ( #114, #1594, #687, #508 ) ) ;
#988 = ORIENTED_EDGE ( 'NONE', *, *, #1111, .F. ) ;
#989 = FACE_OUTER_BOUND ( 'NONE', #895, .T. ) ;
#990 = DIRECTION ( 'NONE',  ( 1.000000000000000000, -4.336808689942017736E-16, -0.000000000000000000 ) ) ;
#991 = ORIENTED_EDGE ( 'NONE', *, *, #126, .T. ) ;
#992 = CARTESIAN_POINT ( 'NONE',  ( 2.350000000000000089, -2.000000000000000000, -3.499999999999999556 ) ) ;
#993 = B_SPLINE_CURVE_WITH_KNOTS ( 'NONE', 3,
 ( #414, #143, #302, #1038, #7, #772, #651, #1526, #1392, #790 ),
 .UNSPECIFIED., .F., .F.,
 ( 4, 2, 2, 2, 4 ),
 ( 0.002122571585739873017, 0.002662114901181583497, 0.003201658216623293543, 0.003741201532065004023, 0.004280744847506713635 ),
 .UNSPECIFIED. ) ;
#994 = DIRECTION ( 'NONE',  ( 0.000000000000000000, 0.000000000000000000, -1.000000000000000000 ) ) ;
#995 = DIRECTION ( 'NONE',  ( 0.000000000000000000, 1.000000000000000000, -0.000000000000000000 ) ) ;
#996 = ORIENTED_EDGE ( 'NONE', *, *, #218, .F. ) ;
#997 = AXIS2_PLACEMENT_3D ( 'NONE', #551, #544, #1012 ) ;
#998 = EDGE_CURVE ( 'NONE', #502, #910, #198, .T. ) ;
#999 = CIRCLE ( 'NONE', #295, 0.5000000000000000000 ) ;
#1000 = ORIENTED_EDGE ( 'NONE', *, *, #863, .T. ) ;
#1001 = DIRECTION ( 'NONE',  ( -0.000000000000000000, -0.000000000000000000, 1.000000000000000000 ) ) ;
#1002 = EDGE_CURVE ( 'NONE', #910, #1236, #930, .T. ) ;
#1003 = CIRCLE ( 'NONE', #942, 0.5000000000000000000 ) ;
#1004 = LINE ( 'NONE', #619, #1169 ) ;
#1005 = EDGE_CURVE ( 'NONE', #253, #336, #432, .T. ) ;
#1006 = CYLINDRICAL_SURFACE ( 'NONE', #559, 0.5000000000000000000 ) ;
#1007 = DIRECTION ( 'NONE',  ( 0.000000000000000000, 0.000000000000000000, 1.000000000000000000 ) ) ;
#1008 = ORIENTED_EDGE ( 'NONE', *, *, #1138, .T. ) ;
#1009 = EDGE_CURVE ( 'NONE', #256, #77, #157, .T. ) ;
#1010 = CYLINDRICAL_SURFACE ( 'NONE', #686, 0.5000000000000000000 ) ;
#1011 = AXIS2_PLACEMENT_3D ( 'NONE', #1338, #252, #1617 ) ;
#1012 = DIRECTION ( 'NONE',  ( -1.000000000000000000, 0.000000000000000000, 0.000000000000000000 ) ) ;
#1013 = CARTESIAN_POINT ( 'NONE',  ( 1.849999999999999645, 4.011548038196365420E-16, 4.000000000000000000 ) ) ;
#1014 = APPROVAL_DATE_TIME ( #501, #647 ) ;
#1015 = ORIENTED_EDGE ( 'NONE', *, *, #782, .F. ) ;
#1016 = CARTESIAN_POINT ( 'NONE',  ( 5.500000000000000000, 3.999999999999999112, -3.499999999999999556 ) ) ;
#1017 = DIRECTION ( 'NONE',  ( 1.000000000000000000, 1.747729060459023048E-16, 0.000000000000000000 ) ) ;
#1018 = DIRECTION ( 'NONE',  ( 2.168404344971009361E-16, 1.000000000000000000, 0.000000000000000000 ) ) ;
#1019 = DIRECTION ( 'NONE',  ( 1.000000000000000000, -9.227252531791526626E-17, 0.000000000000000000 ) ) ;
#1020 = EDGE_LOOP ( 'NONE', ( #1278, #654, #243, #175 ) ) ;
#1021 = AXIS2_PLACEMENT_3D ( 'NONE', #359, #483, #846 ) ;
#1022 = CARTESIAN_POINT ( 'NONE',  ( 0.000000000000000000, -1.499999999999999778, 0.000000000000000000 ) ) ;
#1023 = AXIS2_PLACEMENT_3D ( 'NONE', #879, #747, #121 ) ;
#1024 = ORIENTED_EDGE ( 'NONE', *, *, #976, .T. ) ;
#1025 = VECTOR ( 'NONE', #1017, 1000.000000000000000 ) ;
#1026 = CIRCLE ( 'NONE', #239, 0.5000000000000000000 ) ;
#1027 = DIRECTION ( 'NONE',  ( 2.168404344971008868E-16, -1.000000000000000000, -0.000000000000000000 ) ) ;
#1028 = EDGE_CURVE ( 'NONE', #439, #196, #474, .T. ) ;
#1029 = DIRECTION ( 'NONE',  ( 0.000000000000000000, -1.000000000000000000, 0.000000000000000000 ) ) ;
#1030 = CARTESIAN_POINT ( 'NONE',  ( -1.849999999999999867, -1.499999999999999556, -4.000000000000000000 ) ) ;
#1031 = ORIENTED_EDGE ( 'NONE', *, *, #1374, .F. ) ;
#1032 = DIRECTION ( 'NONE',  ( -1.000000000000000000, 0.000000000000000000, 0.000000000000000000 ) ) ;
#1033 = DIRECTION ( 'NONE',  ( -2.168404344971008868E-16, -1.000000000000000000, -9.403954806578300064E-32 ) ) ;
#1034 = FACE_OUTER_BOUND ( 'NONE', #1561, .T. ) ;
#1035 = EDGE_CURVE ( 'NONE', #1095, #170, #1250, .T. ) ;
#1036 = ORIENTED_EDGE ( 'NONE', *, *, #943, .T. ) ;
#1037 = CARTESIAN_POINT ( 'NONE',  ( 2.849999999999999645, -0.5000000000000001110, -4.000000000000000000 ) ) ;
#1038 = CARTESIAN_POINT ( 'NONE',  ( 2.250446737403744013, -1.801587824343170885, -0.6968378940861007509 ) ) ;
#1039 = CARTESIAN_POINT ( 'NONE',  ( 1.849999999999999867, -1.500000000000000000, 4.000000000000000000 ) ) ;
#1040 = ORIENTED_EDGE ( 'NONE', *, *, #594, .F. ) ;
#1041 = ADVANCED_FACE ( 'NONE', ( #630 ), #1331, .T. ) ;
#1042 = ORIENTED_EDGE ( 'NONE', *, *, #759, .F. ) ;
#1043 = PERSON_AND_ORGANIZATION ( #525, #29 ) ;
#1044 = AXIS2_PLACEMENT_3D ( 'NONE', #1143, #167, #677 ) ;
#1045 = AXIS2_PLACEMENT_3D ( 'NONE', #857, #722, #966 ) ;
#1046 = CARTESIAN_POINT ( 'NONE',  ( 0.000000000000000000, 3.499999999999999556, 2.250000000000000000 ) ) ;
#1047 = AXIS2_PLACEMENT_3D ( 'NONE', #642, #1384, #1131 ) ;
#1048 = ORIENTED_EDGE ( 'NONE', *, *, #299, .F. ) ;
#1049 = FACE_OUTER_BOUND ( 'NONE', #933, .T. ) ;
#1050 = CARTESIAN_POINT ( 'NONE',  ( 1.850000000000000089, -1.500000000000000000, -4.000000000000000000 ) ) ;
#1051 = CALENDAR_DATE ( 2025, 23, 5 ) ;
#1052 = EDGE_CURVE ( 'NONE', #256, #1259, #1586, .T. ) ;
#1053 = CARTESIAN_POINT ( 'NONE',  ( -5.500000000000000000, 3.499999999999999112, -3.499999999999999556 ) ) ;
#1054 = ORIENTED_EDGE ( 'NONE', *, *, #309, .T. ) ;
#1055 = CARTESIAN_POINT ( 'NONE',  ( -1.850000000000000089, -1.999999999999999556, 4.000000000000000000 ) ) ;
#1056 = CYLINDRICAL_SURFACE ( 'NONE', #59, 0.5000000000000000000 ) ;
#1057 = ORIENTED_EDGE ( 'NONE', *, *, #1279, .F. ) ;
#1058 = CARTESIAN_POINT ( 'NONE',  ( -6.000000000000000000, -6.379211070675434126E-16, 4.000000000000000000 ) ) ;
#1059 = VECTOR ( 'NONE', #685, 1000.000000000000000 ) ;
#1060 = ORIENTED_EDGE ( 'NONE', *, *, #822, .F. ) ;
#1061 = PERSON_AND_ORGANIZATION_ROLE ( 'creator' ) ;
#1062 = CARTESIAN_POINT ( 'NONE',  ( 1.849999999999999867, -0.5000000000000003331, 3.500000000000000000 ) ) ;
#1063 = DIRECTION ( 'NONE',  ( 0.000000000000000000, 0.000000000000000000, 1.000000000000000000 ) ) ;
#1064 = ORIENTED_EDGE ( 'NONE', *, *, #352, .T. ) ;
#1065 = EDGE_CURVE ( 'NONE', #310, #1356, #485, .T. ) ;
#1066 = DIRECTION ( 'NONE',  ( -1.000000000000000000, 9.227252531791526626E-17, 0.000000000000000000 ) ) ;
#1067 = CARTESIAN_POINT ( 'NONE',  ( 5.500000000000000000, -5.505346540445921616E-16, 4.000000000000000000 ) ) ;
#1068 = ORIENTED_EDGE ( 'NONE', *, *, #45, .T. ) ;
#1069 = EDGE_CURVE ( 'NONE', #1249, #1518, #941, .T. ) ;
#1070 = EDGE_CURVE ( 'NONE', #319, #256, #456, .T. ) ;
#1071 =( LENGTH_UNIT ( ) NAMED_UNIT ( * ) SI_UNIT ( .MILLI., .METRE. ) );
#1072 = DIRECTION ( 'NONE',  ( 0.000000000000000000, 0.000000000000000000, 1.000000000000000000 ) ) ;
#1073 = AXIS2_PLACEMENT_3D ( 'NONE', #1543, #921, #592 ) ;
#1074 = CARTESIAN_POINT ( 'NONE',  ( -6.000000000000000000, 3.499999999999999112, 3.500000000000000000 ) ) ;
#1075 = AXIS2_PLACEMENT_3D ( 'NONE', #266, #277, #1389 ) ;
#1076 = VECTOR ( 'NONE', #441, 1000.000000000000000 ) ;
#1077 = ORIENTED_EDGE ( 'NONE', *, *, #120, .T. ) ;
#1078 = CARTESIAN_POINT ( 'NONE',  ( 0.000000000000000000, -2.000000000000000000, 0.000000000000000000 ) ) ;
#1079 = CARTESIAN_POINT ( 'NONE',  ( 5.500000000000000000, 0.4999999999999994449, -4.000000000000000000 ) ) ;
#1080 = CARTESIAN_POINT ( 'NONE',  ( -6.000000000000000000, 3.999999999999999112, 4.000000000000000000 ) ) ;
#1081 = DIRECTION ( 'NONE',  ( 0.000000000000000000, -1.000000000000000000, 0.000000000000000000 ) ) ;
#1082 = EDGE_LOOP ( 'NONE', ( #315, #18, #434, #1194 ) ) ;
#1083 = EDGE_CURVE ( 'NONE', #1505, #1259, #665, .T. ) ;
#1084 = DIRECTION ( 'NONE',  ( 1.000000000000000000, 0.000000000000000000, 0.000000000000000000 ) ) ;
#1085 = FACE_OUTER_BOUND ( 'NONE', #500, .T. ) ;
#1086 = VECTOR ( 'NONE', #673, 1000.000000000000000 ) ;
#1087 = FACE_OUTER_BOUND ( 'NONE', #900, .T. ) ;
#1088 = CARTESIAN_POINT ( 'NONE',  ( -6.000000000000000000, 3.499999999999999112, -3.499999999999999556 ) ) ;
#1089 = LOCAL_TIME ( 10, 39, 11.00000000000000000, #1306 ) ;
#1090 = ORIENTED_EDGE ( 'NONE', *, *, #808, .T. ) ;
#1091 = DIRECTION ( 'NONE',  ( 1.000000000000000000, -0.000000000000000000, -0.000000000000000000 ) ) ;
#1092 = ORIENTED_EDGE ( 'NONE', *, *, #894, .F. ) ;
#1093 = CARTESIAN_POINT ( 'NONE',  ( -1.849999999999999645, 4.011548038196366406E-16, 4.000000000000000000 ) ) ;
#1094 = EDGE_CURVE ( 'NONE', #1343, #1249, #1477, .T. ) ;
#1095 = VERTEX_POINT ( 'NONE', #1115 ) ;
#1096 = CARTESIAN_POINT ( 'NONE',  ( 5.500000000000000000, 3.499999999999999112, 3.500000000000000000 ) ) ;
#1097 = CARTESIAN_POINT ( 'NONE',  ( 2.299999999999999822, -1.717944947177033832, 7.565689650029185628E-17 ) ) ;
#1098 = ADVANCED_FACE ( 'NONE', ( #1607 ), #504, .F. ) ;
#1099 = AXIS2_PLACEMENT_3D ( 'NONE', #1596, #1485, #982 ) ;
#1100 = ORIENTED_EDGE ( 'NONE', *, *, #1094, .T. ) ;
#1101 = CARTESIAN_POINT ( 'NONE',  ( 5.500000000000000000, 0.4999999999999994449, -3.499999999999999556 ) ) ;
#1102 = EDGE_CURVE ( 'NONE', #1423, #555, #297, .T. ) ;
#1103 = AXIS2_PLACEMENT_3D ( 'NONE', #1470, #1240, #1233 ) ;
#1104 = CARTESIAN_POINT ( 'NONE',  ( 2.849999999999999645, -0.5000000000000001110, 3.500000000000000000 ) ) ;
#1105 = DIRECTION ( 'NONE',  ( -0.000000000000000000, 1.000000000000000000, -0.000000000000000000 ) ) ;
#1106 = AXIS2_PLACEMENT_3D ( 'NONE', #1053, #955, #163 ) ;
#1107 = CARTESIAN_POINT ( 'NONE',  ( 0.000000000000000000, 3.499999999999999556, 0.000000000000000000 ) ) ;
#1108 = DIRECTION ( 'NONE',  ( 1.000000000000000000, 0.000000000000000000, 0.000000000000000000 ) ) ;
#1109 = ORIENTED_EDGE ( 'NONE', *, *, #599, .F. ) ;
#1110 = DIRECTION ( 'NONE',  ( -1.000000000000000000, 9.227252531791526626E-17, -0.000000000000000000 ) ) ;
#1111 = EDGE_CURVE ( 'NONE', #1095, #975, #1151, .T. ) ;
#1112 = LINE ( 'NONE', #489, #1272 ) ;
#1113 = ORIENTED_EDGE ( 'NONE', *, *, #604, .F. ) ;
#1114 = ORIENTED_EDGE ( 'NONE', *, *, #1005, .F. ) ;
#1115 = CARTESIAN_POINT ( 'NONE',  ( 5.500000000000000000, 3.999999999999999112, 3.500000000000000000 ) ) ;
#1116 = CIRCLE ( 'NONE', #1011, 0.5000000000000000000 ) ;
#1117 = DIRECTION ( 'NONE',  ( -2.168404344971008868E-16, 1.000000000000000000, 0.000000000000000000 ) ) ;
#1118 = EDGE_CURVE ( 'NONE', #555, #1341, #598, .T. ) ;
#1119 = DIRECTION ( 'NONE',  ( -0.000000000000000000, 1.000000000000000000, -0.000000000000000000 ) ) ;
#1120 = CARTESIAN_POINT ( 'NONE',  ( -6.000000000000000000, 0.4999999999999994449, 3.500000000000000000 ) ) ;
#1121 = VERTEX_POINT ( 'NONE', #1088 ) ;
#1122 = ORIENTED_EDGE ( 'NONE', *, *, #1168, .F. ) ;
#1123 = DIRECTION ( 'NONE',  ( -0.000000000000000000, -0.000000000000000000, 1.000000000000000000 ) ) ;
#1124 = DIRECTION ( 'NONE',  ( 0.000000000000000000, -0.000000000000000000, -1.000000000000000000 ) ) ;
#1125 = AXIS2_PLACEMENT_3D ( 'NONE', #369, #973, #1467 ) ;
#1126 = CARTESIAN_POINT ( 'NONE',  ( -2.349999999999999645, -0.5000000000000002220, -3.499999999999999556 ) ) ;
#1127 = CARTESIAN_POINT ( 'NONE',  ( 5.500000000000000000, 0.000000000000000000, 4.000000000000000000 ) ) ;
#1128 = ORIENTED_EDGE ( 'NONE', *, *, #1334, .F. ) ;
#1129 = AXIS2_PLACEMENT_3D ( 'NONE', #869, #827, #983 ) ;
#1130 = AXIS2_PLACEMENT_3D ( 'NONE', #1260, #413, #418 ) ;
#1131 = DIRECTION ( 'NONE',  ( 0.000000000000000000, 0.000000000000000000, 1.000000000000000000 ) ) ;
#1132 = CARTESIAN_POINT ( 'NONE',  ( -1.885164888848736675, -2.000000000000003109, -1.955106018342982699 ) ) ;
#1133 = DIRECTION ( 'NONE',  ( 0.000000000000000000, -1.000000000000000000, 0.000000000000000000 ) ) ;
#1134 = DIRECTION ( 'NONE',  ( 0.000000000000000000, 0.000000000000000000, -1.000000000000000000 ) ) ;
#1135 = EDGE_LOOP ( 'NONE', ( #965, #732, #1031, #695 ) ) ;
#1136 = LINE ( 'NONE', #913, #1196 ) ;
#1137 = VECTOR ( 'NONE', #1302, 1000.000000000000000 ) ;
#1138 = EDGE_CURVE ( 'NONE', #553, #638, #1003, .T. ) ;
#1139 = DIRECTION ( 'NONE',  ( -1.000000000000000000, 0.000000000000000000, 0.000000000000000000 ) ) ;
#1140 = DIRECTION ( 'NONE',  ( -4.336808689942017243E-16, -1.000000000000000000, -4.336808689942015271E-16 ) ) ;
#1141 = ORIENTED_EDGE ( 'NONE', *, *, #782, .T. ) ;
#1142 = DIRECTION ( 'NONE',  ( -0.000000000000000000, -0.000000000000000000, -1.000000000000000000 ) ) ;
#1143 = CARTESIAN_POINT ( 'NONE',  ( -8.738645302295122637E-17, 0.5000000000000004441, 3.500000000000000000 ) ) ;
#1144 = CARTESIAN_POINT ( 'NONE',  ( -6.000000000000000000, 3.499999999999999112, 4.000000000000000000 ) ) ;
#1145 = AXIS2_PLACEMENT_3D ( 'NONE', #251, #122, #634 ) ;
#1146 = AXIS2_PLACEMENT_3D ( 'NONE', #1354, #741, #626 ) ;
#1147 = CIRCLE ( 'NONE', #760, 0.5000000000000000000 ) ;
#1148 = AXIS2_PLACEMENT_3D ( 'NONE', #350, #990, #714 ) ;
#1149 = EDGE_CURVE ( 'NONE', #202, #470, #1199, .T. ) ;
#1150 = CARTESIAN_POINT ( 'NONE',  ( -2.849999999999999645, -0.5000000000000001110, -3.499999999999999556 ) ) ;
#1151 = CIRCLE ( 'NONE', #325, 0.5000000000000000000 ) ;
#1152 = ADVANCED_FACE ( 'NONE', ( #719 ), #1211, .T. ) ;
#1153 = CARTESIAN_POINT ( 'NONE',  ( 5.500000000000000000, -6.379211070675434126E-16, -3.499999999999999556 ) ) ;
#1154 = CARTESIAN_POINT ( 'NONE',  ( 1.849999999999999645, -1.084202172485505420E-16, -3.499999999999999556 ) ) ;
#1155 = CALENDAR_DATE ( 2025, 23, 5 ) ;
#1156 = CARTESIAN_POINT ( 'NONE',  ( 1.850000000000000089, -1.500000000000000000, -3.500000000000000000 ) ) ;
#1157 = CARTESIAN_POINT ( 'NONE',  ( 5.500000000000000000, 0.4999999999999994449, 4.000000000000000000 ) ) ;
#1158 = CARTESIAN_POINT ( 'NONE',  ( 1.849999999999999867, -1.500000000000000000, -3.499999999999999556 ) ) ;
#1159 = ORIENTED_EDGE ( 'NONE', *, *, #1611, .T. ) ;
#1160 = VECTOR ( 'NONE', #1552, 1000.000000000000000 ) ;
#1161 = CARTESIAN_POINT ( 'NONE',  ( 1.849999999999999867, -1.500000000000000000, 4.000000000000000000 ) ) ;
#1162 = VERTEX_POINT ( 'NONE', #1230 ) ;
#1163 = FACE_OUTER_BOUND ( 'NONE', #216, .T. ) ;
#1164 = CARTESIAN_POINT ( 'NONE',  ( -1.850000000000000089, -1.499999999999999778, -3.499999999999999556 ) ) ;
#1165 = ORIENTED_EDGE ( 'NONE', *, *, #1052, .F. ) ;
#1166 = TOROIDAL_SURFACE ( 'NONE', #291, 2.750000000000000000, 0.5000000000000000000 ) ;
#1167 = EDGE_LOOP ( 'NONE', ( #796, #882, #828, #952 ) ) ;
#1168 = EDGE_CURVE ( 'NONE', #874, #881, #875, .T. ) ;
#1169 = VECTOR ( 'NONE', #228, 1000.000000000000000 ) ;
#1170 = DIRECTION ( 'NONE',  ( 0.000000000000000000, 0.000000000000000000, 1.000000000000000000 ) ) ;
#1171 = DIRECTION ( 'NONE',  ( 9.227252531791526626E-17, 1.000000000000000000, -0.000000000000000000 ) ) ;
#1172 = EDGE_CURVE ( 'NONE', #180, #758, #1407, .T. ) ;
#1173 = DIRECTION ( 'NONE',  ( -9.227252531791526626E-17, -1.000000000000000000, 0.000000000000000000 ) ) ;
#1174 = APPLICATION_CONTEXT ( 'configuration controlled 3d designs of mechanical parts and assemblies' ) ;
#1175 = EDGE_LOOP ( 'NONE', ( #524, #696 ) ) ;
#1176 = FACE_OUTER_BOUND ( 'NONE', #1216, .T. ) ;
#1177 = ADVANCED_FACE ( 'NONE', ( #123 ), #1446, .T. ) ;
#1178 = DIRECTION ( 'NONE',  ( 1.000000000000000000, 0.000000000000000000, 0.000000000000000000 ) ) ;
#1179 = PLANE ( 'NONE',  #1349 ) ;
#1180 = ORIENTED_EDGE ( 'NONE', *, *, #89, .T. ) ;
#1181 = DIRECTION ( 'NONE',  ( 9.227252531791526626E-17, 1.000000000000000000, -0.000000000000000000 ) ) ;
#1182 = CARTESIAN_POINT ( 'NONE',  ( -1.849999999999999867, -0.5000000000000003331, -4.000000000000000000 ) ) ;
#1183 = ORIENTED_EDGE ( 'NONE', *, *, #1083, .F. ) ;
#1184 = APPLICATION_PROTOCOL_DEFINITION ( 'international standard', 'config_control_design', 1994, #1174 ) ;
#1185 = DIRECTION ( 'NONE',  ( -9.227252531791526626E-17, -1.000000000000000000, 0.000000000000000000 ) ) ;
#1186 = DIRECTION ( 'NONE',  ( 0.000000000000000000, -0.000000000000000000, -1.000000000000000000 ) ) ;
#1187 = ORIENTED_EDGE ( 'NONE', *, *, #1325, .T. ) ;
#1188 = DIRECTION ( 'NONE',  ( 0.000000000000000000, 1.000000000000000000, 0.000000000000000000 ) ) ;
#1189 = ORIENTED_EDGE ( 'NONE', *, *, #1209, .T. ) ;
#1190 = CARTESIAN_POINT ( 'NONE',  ( 5.500000000000000000, 0.4999999999999994449, -3.500000000000000000 ) ) ;
#1191 = CARTESIAN_POINT ( 'NONE',  ( 1.849999999999999645, -2.000000000000000000, 2.034698994937580885 ) ) ;
#1192 = FACE_BOUND ( 'NONE', #1175, .T. ) ;
#1193 = AXIS2_PLACEMENT_3D ( 'NONE', #906, #1398, #292 ) ;
#1194 = ORIENTED_EDGE ( 'NONE', *, *, #352, .F. ) ;
#1195 = CARTESIAN_POINT ( 'NONE',  ( -2.350000000000000089, -1.999999999999999556, 4.000000000000000000 ) ) ;
#1196 = VECTOR ( 'NONE', #142, 1000.000000000000000 ) ;
#1197 = AXIS2_PLACEMENT_3D ( 'NONE', #1062, #1549, #1534 ) ;
#1198 = ORIENTED_EDGE ( 'NONE', *, *, #20, .F. ) ;
#1199 = CIRCLE ( 'NONE', #1622, 2.750000000000000000 ) ;
#1200 = ORIENTED_EDGE ( 'NONE', *, *, #894, .T. ) ;
#1201 = CARTESIAN_POINT ( 'NONE',  ( 6.000000000000000000, 3.499999999999999112, -4.000000000000000000 ) ) ;
#1202 = DIRECTION ( 'NONE',  ( -1.000000000000000000, 1.577021341797097314E-16, 0.000000000000000000 ) ) ;
#1203 = ORIENTED_EDGE ( 'NONE', *, *, #169, .T. ) ;
#1204 = DIRECTION ( 'NONE',  ( 0.000000000000000000, 0.000000000000000000, -1.000000000000000000 ) ) ;
#1205 = ORIENTED_EDGE ( 'NONE', *, *, #519, .F. ) ;
#1206 = EDGE_LOOP ( 'NONE', ( #1077, #1506, #346 ) ) ;
#1207 = LINE ( 'NONE', #1201, #837 ) ;
#1208 = AXIS2_PLACEMENT_3D ( 'NONE', #1292, #451, #570 ) ;
#1209 = EDGE_CURVE ( 'NONE', #1162, #502, #1207, .T. ) ;
#1210 = VERTEX_POINT ( 'NONE', #816 ) ;
#1211 = CYLINDRICAL_SURFACE ( 'NONE', #644, 0.5000000000000000000 ) ;
#1212 = ADVANCED_FACE ( 'NONE', ( #1466 ), #717, .F. ) ;
#1213 = ORIENTED_EDGE ( 'NONE', *, *, #1002, .F. ) ;
#1214 = CARTESIAN_POINT ( 'NONE',  ( 6.000000000000000000, 0.4999999999999994449, 3.500000000000000000 ) ) ;
#1215 = DIRECTION ( 'NONE',  ( -1.000000000000000000, 0.000000000000000000, 0.000000000000000000 ) ) ;
#1216 = EDGE_LOOP ( 'NONE', ( #1237, #1064, #1243, #1332 ) ) ;
#1217 = DIRECTION ( 'NONE',  ( 0.000000000000000000, 0.000000000000000000, 1.000000000000000000 ) ) ;
#1218 = CIRCLE ( 'NONE', #1145, 0.5000000000000000000 ) ;
#1219 = EDGE_LOOP ( 'NONE', ( #125, #1481, #1532, #383 ) ) ;
#1220 = CARTESIAN_POINT ( 'NONE',  ( -5.500000000000000000, -6.379211070675434126E-16, -3.499999999999999556 ) ) ;
#1221 = CIRCLE ( 'NONE', #662, 0.5000000000000000000 ) ;
#1222 = CIRCLE ( 'NONE', #454, 0.5000000000000000000 ) ;
#1223 = DIRECTION ( 'NONE',  ( -2.168404344971008868E-16, 1.000000000000000000, 0.000000000000000000 ) ) ;
#1224 = FACE_OUTER_BOUND ( 'NONE', #1450, .T. ) ;
#1225 = VECTOR ( 'NONE', #92, 1000.000000000000000 ) ;
#1226 = ORIENTED_EDGE ( 'NONE', *, *, #1005, .T. ) ;
#1227 = EDGE_LOOP ( 'NONE', ( #856, #986, #88, #1305 ) ) ;
#1228 = ORIENTED_EDGE ( 'NONE', *, *, #355, .F. ) ;
#1229 = DIRECTION ( 'NONE',  ( 0.000000000000000000, -1.000000000000000000, 0.000000000000000000 ) ) ;
#1230 = CARTESIAN_POINT ( 'NONE',  ( -5.500000000000000000, 3.499999999999999112, -4.000000000000000000 ) ) ;
#1231 = EDGE_CURVE ( 'NONE', #1371, #162, #329, .T. ) ;
#1232 = ORIENTED_EDGE ( 'NONE', *, *, #281, .F. ) ;
#1233 = DIRECTION ( 'NONE',  ( 1.000000000000000000, 0.000000000000000000, 0.000000000000000000 ) ) ;
#1234 = CARTESIAN_POINT ( 'NONE',  ( -1.850000000000000089, -2.000000000000000000, -2.034698994937580441 ) ) ;
#1235 = DIRECTION ( 'NONE',  ( 0.000000000000000000, 0.000000000000000000, 1.000000000000000000 ) ) ;
#1236 = VERTEX_POINT ( 'NONE', #1242 ) ;
#1237 = ORIENTED_EDGE ( 'NONE', *, *, #1118, .T. ) ;
#1238 = EDGE_LOOP ( 'NONE', ( #1036, #593, #1608, #1008 ) ) ;
#1239 = DIRECTION ( 'NONE',  ( -1.000000000000000000, 0.000000000000000000, 0.000000000000000000 ) ) ;
#1240 = DIRECTION ( 'NONE',  ( 0.000000000000000000, 1.000000000000000000, 0.000000000000000000 ) ) ;
#1241 = CARTESIAN_POINT ( 'NONE',  ( -2.300000000000004707, -1.717944947177023840, -0.1755163475763203140 ) ) ;
#1242 = CARTESIAN_POINT ( 'NONE',  ( 2.849999999999999645, 0.4999999999999998890, -4.000000000000000000 ) ) ;
#1243 = ORIENTED_EDGE ( 'NONE', *, *, #706, .T. ) ;
#1244 = EDGE_LOOP ( 'NONE', ( #1265, #1589, #1445, #1350, #1493, #224, #1165 ) ) ;
#1245 = DIRECTION ( 'NONE',  ( -1.000000000000000000, 0.000000000000000000, 0.000000000000000000 ) ) ;
#1246 = CARTESIAN_POINT ( 'NONE',  ( -1.384087879768728871E-16, -1.499999999999999778, 4.000000000000000000 ) ) ;
#1247 = DIRECTION ( 'NONE',  ( 0.000000000000000000, 1.000000000000000000, 0.000000000000000000 ) ) ;
#1248 = ADVANCED_FACE ( 'NONE', ( #132 ), #197, .F. ) ;
#1249 = VERTEX_POINT ( 'NONE', #1580 ) ;
#1250 = CIRCLE ( 'NONE', #1129, 0.5000000000000004441 ) ;
#1251 = ORIENTED_EDGE ( 'NONE', *, *, #497, .F. ) ;
#1252 = FACE_OUTER_BOUND ( 'NONE', #801, .T. ) ;
#1253 = CYLINDRICAL_SURFACE ( 'NONE', #757, 0.5000000000000000000 ) ;
#1254 = LINE ( 'NONE', #407, #1510 ) ;
#1255 = DIRECTION ( 'NONE',  ( -0.000000000000000000, -0.000000000000000000, -1.000000000000000000 ) ) ;
#1256 = ORIENTED_EDGE ( 'NONE', *, *, #410, .T. ) ;
#1257 = EDGE_CURVE ( 'NONE', #253, #77, #1463, .T. ) ;
#1258 = CARTESIAN_POINT ( 'NONE',  ( 1.850000000000000089, -2.000000000000000000, -4.000000000000000000 ) ) ;
#1259 = VERTEX_POINT ( 'NONE', #845 ) ;
#1260 = CARTESIAN_POINT ( 'NONE',  ( 2.349999999999999645, -9.629649721936179265E-32, 4.000000000000000000 ) ) ;
#1261 = EDGE_CURVE ( 'NONE', #486, #975, #204, .T. ) ;
#1262 = CIRCLE ( 'NONE', #164, 2.250000000000000000 ) ;
#1263 = CYLINDRICAL_SURFACE ( 'NONE', #1044, 0.5000000000000000000 ) ;
#1264 = DIRECTION ( 'NONE',  ( -1.000000000000000000, 0.000000000000000000, 0.000000000000000000 ) ) ;
#1265 = ORIENTED_EDGE ( 'NONE', *, *, #1009, .T. ) ;
#1266 = ORIENTED_EDGE ( 'NONE', *, *, #738, .F. ) ;
#1267 = B_SPLINE_CURVE_WITH_KNOTS ( 'NONE', 3,
 ( #421, #415, #899, #1393, #429, #907, #1399, #916, #294, #785 ),
 .UNSPECIFIED., .F., .F.,
 ( 4, 2, 2, 2, 4 ),
 ( -5.199139336321261261E-06, 0.0005243502182711600769, 0.001053899575878641283, 0.001583448933486122706, 0.002112998291093604129 ),
 .UNSPECIFIED. ) ;
#1268 = CARTESIAN_POINT ( 'NONE',  ( -6.000000000000000000, 0.4999999999999994449, -3.499999999999999556 ) ) ;
#1269 = DIRECTION ( 'NONE',  ( 1.000000000000000000, 0.000000000000000000, 0.000000000000000000 ) ) ;
#1270 = DIRECTION ( 'NONE',  ( 2.168404344971008868E-16, -1.000000000000000000, 0.000000000000000000 ) ) ;
#1271 = AXIS2_PLACEMENT_3D ( 'NONE', #390, #995, #1235 ) ;
#1272 = VECTOR ( 'NONE', #130, 1000.000000000000000 ) ;
#1273 = VECTOR ( 'NONE', #726, 1000.000000000000000 ) ;
#1274 = DIRECTION ( 'NONE',  ( -1.000000000000000000, 0.000000000000000000, 0.000000000000000000 ) ) ;
#1275 = ADVANCED_FACE ( 'NONE', ( #80 ), #1319, .F. ) ;
#1276 = CC_DESIGN_PERSON_AND_ORGANIZATION_ASSIGNMENT ( #1438, #1421, ( #928 ) ) ;
#1277 = LINE ( 'NONE', #160, #1086 ) ;
#1278 = ORIENTED_EDGE ( 'NONE', *, *, #1500, .T. ) ;
#1279 = EDGE_CURVE ( 'NONE', #910, #1418, #951, .T. ) ;
#1280 = ORIENTED_EDGE ( 'NONE', *, *, #648, .T. ) ;
#1281 = DIRECTION ( 'NONE',  ( 0.000000000000000000, 1.000000000000000000, 0.000000000000000000 ) ) ;
#1282 = UNCERTAINTY_MEASURE_WITH_UNIT (LENGTH_MEASURE( 1.000000000000000082E-05 ), #1071, 'distance_accuracy_value', 'NONE');
#1283 = FACE_OUTER_BOUND ( 'NONE', #357, .T. ) ;
#1284 = FACE_OUTER_BOUND ( 'NONE', #1167, .T. ) ;
#1285 = CARTESIAN_POINT ( 'NONE',  ( 0.000000000000000000, 3.999999999999999112, 0.000000000000000000 ) ) ;
#1286 = VECTOR ( 'NONE', #755, 1000.000000000000000 ) ;
#1287 = EDGE_LOOP ( 'NONE', ( #209, #4, #1183, #1232 ) ) ;
#1288 = PERSON_AND_ORGANIZATION ( #525, #29 ) ;
#1289 = CARTESIAN_POINT ( 'NONE',  ( -5.500000000000000000, 3.499999999999999112, 3.500000000000000000 ) ) ;
#1290 = EDGE_LOOP ( 'NONE', ( #1114, #959, #1317, #84, #480, #1363, #492 ) ) ;
#1291 = CARTESIAN_POINT ( 'NONE',  ( -1.849999999999999645, -1.084202172485505174E-16, -3.499999999999999556 ) ) ;
#1292 = CARTESIAN_POINT ( 'NONE',  ( -1.849999999999999867, -1.499999999999999556, -3.500000000000000000 ) ) ;
#1293 = EDGE_LOOP ( 'NONE', ( #1606, #32, #1358 ) ) ;
#1294 = AXIS2_PLACEMENT_3D ( 'NONE', #565, #433, #926 ) ;
#1295 = VERTEX_POINT ( 'NONE', #465 ) ;
#1296 = PERSON_AND_ORGANIZATION ( #525, #29 ) ;
#1297 = AXIS2_PLACEMENT_3D ( 'NONE', #1361, #1479, #250 ) ;
#1298 = CYLINDRICAL_SURFACE ( 'NONE', #43, 0.5000000000000004441 ) ;
#1299 = VECTOR ( 'NONE', #192, 1000.000000000000000 ) ;
#1300 = ORIENTED_EDGE ( 'NONE', *, *, #724, .F. ) ;
#1301 = CARTESIAN_POINT ( 'NONE',  ( 0.000000000000000000, -1.499999999999999778, 0.000000000000000000 ) ) ;
#1302 = DIRECTION ( 'NONE',  ( -0.000000000000000000, -0.000000000000000000, 1.000000000000000000 ) ) ;
#1303 = ORIENTED_EDGE ( 'NONE', *, *, #1587, .T. ) ;
#1304 = EDGE_CURVE ( 'NONE', #162, #180, #462, .T. ) ;
#1305 = ORIENTED_EDGE ( 'NONE', *, *, #688, .F. ) ;
#1306 = COORDINATED_UNIVERSAL_TIME_OFFSET ( 1, 0, .AHEAD. ) ;
#1307 = ADVANCED_FACE ( 'NONE', ( #597 ), #589, .T. ) ;
#1308 = CARTESIAN_POINT ( 'NONE',  ( 2.349999999999999645, 0.5000000000000000000, -4.000000000000000000 ) ) ;
#1309 = EDGE_LOOP ( 'NONE', ( #1200, #1213, #612, #1322 ) ) ;
#1310 = CYLINDRICAL_SURFACE ( 'NONE', #72, 0.5000000000000000000 ) ;
#1311 = CARTESIAN_POINT ( 'NONE',  ( 8.738645302295121404E-17, 0.5000000000000004441, 4.000000000000000000 ) ) ;
#1312 = VECTOR ( 'NONE', #90, 1000.000000000000000 ) ;
#1313 = CARTESIAN_POINT ( 'NONE',  ( 0.000000000000000000, 0.000000000000000000, 4.000000000000000000 ) ) ;
#1314 = CARTESIAN_POINT ( 'NONE',  ( 2.350000000000000089, -1.499999999999999778, 3.500000000000000000 ) ) ;
#1315 = FACE_OUTER_BOUND ( 'NONE', #786, .T. ) ;
#1316 = DIRECTION ( 'NONE',  ( 2.168404344971009361E-16, 1.000000000000000000, -0.000000000000000000 ) ) ;
#1317 = ORIENTED_EDGE ( 'NONE', *, *, #1009, .F. ) ;
#1318 = ORIENTED_EDGE ( 'NONE', *, *, #232, .F. ) ;
#1319 = PLANE ( 'NONE',  #896 ) ;
#1320 = VECTOR ( 'NONE', #234, 1000.000000000000000 ) ;
#1321 = CIRCLE ( 'NONE', #1146, 0.5000000000000004441 ) ;
#1322 = ORIENTED_EDGE ( 'NONE', *, *, #220, .F. ) ;
#1323 = CARTESIAN_POINT ( 'NONE',  ( 6.000000000000000000, 3.499999999999999112, 3.500000000000000000 ) ) ;
#1324 = CARTESIAN_POINT ( 'NONE',  ( -4.613626265895763313E-17, -2.000000000000000000, 0.000000000000000000 ) ) ;
#1325 = EDGE_CURVE ( 'NONE', #1505, #980, #1116, .T. ) ;
#1326 = FACE_OUTER_BOUND ( 'NONE', #298, .T. ) ;
#1327 = VECTOR ( 'NONE', #1032, 1000.000000000000000 ) ;
#1328 = ORIENTED_EDGE ( 'NONE', *, *, #538, .T. ) ;
#1329 = CARTESIAN_POINT ( 'NONE',  ( 5.500000000000000000, -5.505346540445921616E-16, -3.499999999999999556 ) ) ;
#1330 = FACE_OUTER_BOUND ( 'NONE', #595, .T. ) ;
#1331 = CYLINDRICAL_SURFACE ( 'NONE', #563, 0.5000000000000004441 ) ;
#1332 = ORIENTED_EDGE ( 'NONE', *, *, #766, .T. ) ;
#1333 = DIRECTION ( 'NONE',  ( 1.000000000000000000, -9.227252531791526626E-17, 0.000000000000000000 ) ) ;
#1334 = EDGE_CURVE ( 'NONE', #1505, #412, #1370, .T. ) ;
#1335 = CARTESIAN_POINT ( 'NONE',  ( -2.289601524382570918, -1.740986601663603084, -0.3541841027012593290 ) ) ;
#1336 = EDGE_CURVE ( 'NONE', #588, #1410, #1339, .T. ) ;
#1337 = ORIENTED_EDGE ( 'NONE', *, *, #1149, .F. ) ;
#1338 = CARTESIAN_POINT ( 'NONE',  ( 1.850000000000000089, -1.500000000000000000, 3.500000000000000000 ) ) ;
#1339 = CIRCLE ( 'NONE', #1366, 0.5000000000000004441 ) ;
#1340 = SECURITY_CLASSIFICATION ( '', '', #63 ) ;
#1341 = VERTEX_POINT ( 'NONE', #262 ) ;
#1342 = CARTESIAN_POINT ( 'NONE',  ( 2.299999999999999378, -1.717944947177033388, 0.1755082341840071003 ) ) ;
#1343 = VERTEX_POINT ( 'NONE', #835 ) ;
#1344 = DIRECTION ( 'NONE',  ( -0.000000000000000000, 1.000000000000000000, 0.000000000000000000 ) ) ;
#1345 = CARTESIAN_POINT ( 'NONE',  ( 1.849999999999999645, -0.5000000000000003331, -3.499999999999999556 ) ) ;
#1346 = VERTEX_POINT ( 'NONE', #1329 ) ;
#1347 = EDGE_CURVE ( 'NONE', #553, #970, #3, .T. ) ;
#1348 = CARTESIAN_POINT ( 'NONE',  ( -6.000000000000000000, -6.379211070675434126E-16, 3.500000000000000000 ) ) ;
#1349 = AXIS2_PLACEMENT_3D ( 'NONE', #1080, #577, #1186 ) ;
#1350 = ORIENTED_EDGE ( 'NONE', *, *, #976, .F. ) ;
#1351 = LINE ( 'NONE', #992, #151 ) ;
#1352 = CIRCLE ( 'NONE', #1023, 0.5000000000000004441 ) ;
#1353 = AXIS2_PLACEMENT_3D ( 'NONE', #656, #283, #536 ) ;
#1354 = CARTESIAN_POINT ( 'NONE',  ( -5.500000000000000000, 0.4999999999999994449, -3.499999999999999556 ) ) ;
#1355 = AXIS2_PLACEMENT_3D ( 'NONE', #1324, #215, #1202 ) ;
#1356 = VERTEX_POINT ( 'NONE', #1387 ) ;
#1357 = ORIENTED_EDGE ( 'NONE', *, *, #1102, .T. ) ;
#1358 = ORIENTED_EDGE ( 'NONE', *, *, #387, .F. ) ;
#1359 = CARTESIAN_POINT ( 'NONE',  ( 2.250083456434607054, -1.802087856763073370, 0.6992924616288956896 ) ) ;
#1360 = CARTESIAN_POINT ( 'NONE',  ( 2.849999999999999645, 0.4999999999999998890, 4.000000000000000000 ) ) ;
#1361 = CARTESIAN_POINT ( 'NONE',  ( 5.500000000000000000, 0.4999999999999994449, -3.499999999999999556 ) ) ;
#1362 = ORIENTED_EDGE ( 'NONE', *, *, #289, .T. ) ;
#1363 = ORIENTED_EDGE ( 'NONE', *, *, #964, .F. ) ;
#1364 = DIRECTION ( 'NONE',  ( 0.000000000000000000, 0.000000000000000000, 1.000000000000000000 ) ) ;
#1365 = DIRECTION ( 'NONE',  ( -0.000000000000000000, -0.000000000000000000, -1.000000000000000000 ) ) ;
#1366 = AXIS2_PLACEMENT_3D ( 'NONE', #1453, #748, #347 ) ;
#1367 = CARTESIAN_POINT ( 'NONE',  ( -8.738645302295122637E-17, 0.5000000000000004441, 4.000000000000000000 ) ) ;
#1368 = CYLINDRICAL_SURFACE ( 'NONE', #233, 0.5000000000000004441 ) ;
#1369 = SPHERICAL_SURFACE ( 'NONE', #1271, 0.5000000000000000000 ) ;
#1370 = LINE ( 'NONE', #1013, #1312 ) ;
#1371 = VERTEX_POINT ( 'NONE', #150 ) ;
#1372 = ORIENTED_EDGE ( 'NONE', *, *, #1600, .T. ) ;
#1373 = LINE ( 'NONE', #258, #1401 ) ;
#1374 = EDGE_CURVE ( 'NONE', #470, #202, #1391, .T. ) ;
#1375 = DIRECTION ( 'NONE',  ( 0.000000000000000000, 0.000000000000000000, -1.000000000000000000 ) ) ;
#1376 = CIRCLE ( 'NONE', #14, 2.250000000000000000 ) ;
#1377 = EDGE_CURVE ( 'NONE', #439, #1546, #1499, .T. ) ;
#1378 = CARTESIAN_POINT ( 'NONE',  ( 5.500000000000000000, 3.499999999999999112, 4.000000000000000000 ) ) ;
#1379 = DIRECTION ( 'NONE',  ( 1.000000000000000000, 0.000000000000000000, 4.336808689942013299E-16 ) ) ;
#1380 = PRODUCT_RELATED_PRODUCT_CATEGORY ( 'detail', '', ( #303 ) ) ;
#1381 = CIRCLE ( 'NONE', #1353, 0.5000000000000000000 ) ;
#1382 = CIRCLE ( 'NONE', #833, 0.4999999999999997780 ) ;
#1383 = ORIENTED_EDGE ( 'NONE', *, *, #912, .F. ) ;
#1384 = DIRECTION ( 'NONE',  ( 0.000000000000000000, 1.000000000000000000, -0.000000000000000000 ) ) ;
#1385 = FACE_OUTER_BOUND ( 'NONE', #1571, .T. ) ;
#1386 = FACE_OUTER_BOUND ( 'NONE', #446, .T. ) ;
#1387 = CARTESIAN_POINT ( 'NONE',  ( -2.350000000000000089, -1.499999999999999556, -3.499999999999999556 ) ) ;
#1388 = ORIENTED_EDGE ( 'NONE', *, *, #1347, .T. ) ;
#1389 = DIRECTION ( 'NONE',  ( -1.000000000000000000, 0.000000000000000000, 0.000000000000000000 ) ) ;
#1390 = AXIS2_PLACEMENT_3D ( 'NONE', #471, #960, #523 ) ;
#1391 = CIRCLE ( 'NONE', #255, 2.750000000000000000 ) ;
#1392 = CARTESIAN_POINT ( 'NONE',  ( 1.922680902413657744, -2.000000000000003553, -1.870191454772491824 ) ) ;
#1393 = CARTESIAN_POINT ( 'NONE',  ( -2.097338140412404517, -1.938690399227845695, 1.375509931975657629 ) ) ;
#1394 = DIRECTION ( 'NONE',  ( 0.000000000000000000, 0.000000000000000000, 1.000000000000000000 ) ) ;
#1395 = ADVANCED_FACE ( 'NONE', ( #1034 ), #667, .T. ) ;
#1396 = PRODUCT_DEFINITION ( 'UNKNOWN', '', #928, #61 ) ;
#1397 = LINE ( 'NONE', #134, #482 ) ;
#1398 = DIRECTION ( 'NONE',  ( 0.000000000000000000, 0.000000000000000000, -1.000000000000000000 ) ) ;
#1399 = CARTESIAN_POINT ( 'NONE',  ( -2.250442291811939999, -1.801594049946291687, 0.6968691403491209524 ) ) ;
#1400 = EDGE_LOOP ( 'NONE', ( #296, #1109, #646, #834, #1228, #613, #1251 ) ) ;
#1401 = VECTOR ( 'NONE', #526, 1000.000000000000000 ) ;
#1402 = AXIS2_PLACEMENT_3D ( 'NONE', #1301, #342, #1066 ) ;
#1403 = AXIS2_PLACEMENT_3D ( 'NONE', #1558, #437, #797 ) ;
#1404 = APPLICATION_PROTOCOL_DEFINITION ( 'international standard', 'config_control_design', 1994, #1614 ) ;
#1405 = AXIS2_PLACEMENT_3D ( 'NONE', #378, #1239, #1217 ) ;
#1406 = EDGE_CURVE ( 'NONE', #1249, #1356, #925, .T. ) ;
#1407 = CIRCLE ( 'NONE', #542, 0.5000000000000000000 ) ;
#1408 = DIRECTION ( 'NONE',  ( 0.000000000000000000, 0.000000000000000000, -1.000000000000000000 ) ) ;
#1409 = CARTESIAN_POINT ( 'NONE',  ( -2.849999999999999645, 0.4999999999999998890, 3.500000000000000000 ) ) ;
#1410 = VERTEX_POINT ( 'NONE', #168 ) ;
#1411 = ORIENTED_EDGE ( 'NONE', *, *, #639, .F. ) ;
#1412 = DATE_AND_TIME ( #947, #820 ) ;
#1413 = DIRECTION ( 'NONE',  ( -1.000000000000000000, 0.000000000000000000, 0.000000000000000000 ) ) ;
#1414 = ORIENTED_EDGE ( 'NONE', *, *, #519, .T. ) ;
#1415 = EDGE_CURVE ( 'NONE', #40, #874, #24, .T. ) ;
#1416 = DIRECTION ( 'NONE',  ( 0.000000000000000000, 0.000000000000000000, -1.000000000000000000 ) ) ;
#1417 = FACE_OUTER_BOUND ( 'NONE', #1465, .T. ) ;
#1418 = VERTEX_POINT ( 'NONE', #678 ) ;
#1419 =( GEOMETRIC_REPRESENTATION_CONTEXT ( 3 ) GLOBAL_UNCERTAINTY_ASSIGNED_CONTEXT ( ( #1282 ) ) GLOBAL_UNIT_ASSIGNED_CONTEXT ( ( #1071, #794, #182 ) ) REPRESENTATION_CONTEXT ( 'NONE', 'WORKASPACE' ) );
#1420 = ORIENTED_EDGE ( 'NONE', *, *, #321, .F. ) ;
#1421 = PERSON_AND_ORGANIZATION_ROLE ( 'creator' ) ;
#1422 = CARTESIAN_POINT ( 'NONE',  ( 5.500000000000000000, -6.379211070675434126E-16, -4.000000000000000000 ) ) ;
#1423 = VERTEX_POINT ( 'NONE', #778 ) ;
#1424 = FACE_OUTER_BOUND ( 'NONE', #495, .T. ) ;
#1425 = LINE ( 'NONE', #1430, #393 ) ;
#1426 = EDGE_CURVE ( 'NONE', #502, #1620, #1605, .T. ) ;
#1427 = ORIENTED_EDGE ( 'NONE', *, *, #1172, .F. ) ;
#1428 = DIRECTION ( 'NONE',  ( -1.000000000000000000, 0.000000000000000000, 0.000000000000000000 ) ) ;
#1429 = ORIENTED_EDGE ( 'NONE', *, *, #169, .F. ) ;
#1430 = CARTESIAN_POINT ( 'NONE',  ( 6.000000000000000000, 3.999999999999999112, -3.499999999999999556 ) ) ;
#1431 = AXIS2_PLACEMENT_3D ( 'NONE', #684, #1081, #939 ) ;
#1432 = EDGE_CURVE ( 'NONE', #1356, #1518, #548, .T. ) ;
#1433 = CARTESIAN_POINT ( 'NONE',  ( 0.000000000000000000, -1.499999999999999778, 0.000000000000000000 ) ) ;
#1434 = TOROIDAL_SURFACE ( 'NONE', #380, 2.750000000000000000, 0.5000000000000000000 ) ;
#1435 = DIRECTION ( 'NONE',  ( 0.000000000000000000, -1.000000000000000000, 0.000000000000000000 ) ) ;
#1436 = CARTESIAN_POINT ( 'NONE',  ( 1.849999999999999867, -0.5000000000000003331, -4.000000000000000000 ) ) ;
#1437 = ORIENTED_EDGE ( 'NONE', *, *, #1500, .F. ) ;
#1438 = PERSON_AND_ORGANIZATION ( #525, #29 ) ;
#1439 = CARTESIAN_POINT ( 'NONE',  ( 5.500000000000000000, 3.499999999999999112, -3.499999999999999556 ) ) ;
#1440 = DIRECTION ( 'NONE',  ( -9.227252531791526626E-17, -1.000000000000000000, 0.000000000000000000 ) ) ;
#1441 = CARTESIAN_POINT ( 'NONE',  ( -1.849999999999999645, -1.084202172485505174E-16, -4.000000000000000000 ) ) ;
#1442 = DIRECTION ( 'NONE',  ( -1.747729060459023048E-16, 1.000000000000000000, 0.000000000000000000 ) ) ;
#1443 = AXIS2_PLACEMENT_3D ( 'NONE', #144, #562, #286 ) ;
#1444 = ORIENTED_EDGE ( 'NONE', *, *, #706, .F. ) ;
#1445 = ORIENTED_EDGE ( 'NONE', *, *, #1028, .F. ) ;
#1446 = SPHERICAL_SURFACE ( 'NONE', #458, 0.5000000000000000000 ) ;
#1447 = EDGE_CURVE ( 'NONE', #1522, #1295, #1527, .T. ) ;
#1448 = DIRECTION ( 'NONE',  ( 0.000000000000000000, 1.000000000000000000, 0.000000000000000000 ) ) ;
#1449 = CARTESIAN_POINT ( 'NONE',  ( -6.000000000000000000, 3.499999999999999112, -3.499999999999999556 ) ) ;
#1450 = EDGE_LOOP ( 'NONE', ( #221, #946, #1040, #1411 ) ) ;
#1451 = ORIENTED_EDGE ( 'NONE', *, *, #1553, .T. ) ;
#1452 = ORIENTED_EDGE ( 'NONE', *, *, #799, .T. ) ;
#1453 = CARTESIAN_POINT ( 'NONE',  ( 5.500000000000000000, 0.4999999999999994449, 3.500000000000000000 ) ) ;
#1454 = AXIS2_PLACEMENT_3D ( 'NONE', #859, #490, #107 ) ;
#1455 = CIRCLE ( 'NONE', #453, 0.5000000000000000000 ) ;
#1456 = ORIENTED_EDGE ( 'NONE', *, *, #1623, .F. ) ;
#1457 = FACE_OUTER_BOUND ( 'NONE', #287, .T. ) ;
#1458 = DIRECTION ( 'NONE',  ( -1.000000000000000000, -1.747729060459023048E-16, -0.000000000000000000 ) ) ;
#1459 = VECTOR ( 'NONE', #1117, 1000.000000000000000 ) ;
#1460 = ORIENTED_EDGE ( 'NONE', *, *, #67, .F. ) ;
#1461 = CIRCLE ( 'NONE', #1591, 0.5000000000000000000 ) ;
#1462 = DIRECTION ( 'NONE',  ( 1.000000000000000000, -9.227252531791526626E-17, 0.000000000000000000 ) ) ;
#1463 = CIRCLE ( 'NONE', #47, 0.5000000000000000000 ) ;
#1464 = ORIENTED_EDGE ( 'NONE', *, *, #488, .T. ) ;
#1465 = EDGE_LOOP ( 'NONE', ( #996, #1554, #1577, #1444 ) ) ;
#1466 = FACE_OUTER_BOUND ( 'NONE', #868, .T. ) ;
#1467 = DIRECTION ( 'NONE',  ( 1.000000000000000000, 0.000000000000000000, 0.000000000000000000 ) ) ;
#1468 = CARTESIAN_POINT ( 'NONE',  ( 1.849999999999999867, -1.500000000000000000, 3.500000000000000000 ) ) ;
#1469 = ORIENTED_EDGE ( 'NONE', *, *, #822, .T. ) ;
#1470 = CARTESIAN_POINT ( 'NONE',  ( -5.500000000000000000, 3.499999999999999112, 3.500000000000000000 ) ) ;
#1471 = ADVANCED_FACE ( 'NONE', ( #8 ), #1504, .T. ) ;
#1472 = CARTESIAN_POINT ( 'NONE',  ( -2.221001047539373996, -1.839049341102490853, -0.8690159569997919498 ) ) ;
#1473 = FACE_OUTER_BOUND ( 'NONE', #1135, .T. ) ;
#1474 = ORIENTED_EDGE ( 'NONE', *, *, #1231, .F. ) ;
#1475 = LOCAL_TIME ( 10, 39, 11.00000000000000000, #935 ) ;
#1476 = CARTESIAN_POINT ( 'NONE',  ( 5.500000000000000000, 3.499999999999999112, -3.500000000000000000 ) ) ;
#1477 = LINE ( 'NONE', #855, #587 ) ;
#1478 = DIRECTION ( 'NONE',  ( -0.000000000000000000, 1.000000000000000000, -0.000000000000000000 ) ) ;
#1479 = DIRECTION ( 'NONE',  ( -1.000000000000000000, -0.000000000000000000, -0.000000000000000000 ) ) ;
#1480 = DIRECTION ( 'NONE',  ( 0.000000000000000000, 0.000000000000000000, -1.000000000000000000 ) ) ;
#1481 = ORIENTED_EDGE ( 'NONE', *, *, #854, .T. ) ;
#1482 = ORIENTED_EDGE ( 'NONE', *, *, #405, .F. ) ;
#1483 = ORIENTED_EDGE ( 'NONE', *, *, #724, .T. ) ;
#1484 = ORIENTED_EDGE ( 'NONE', *, *, #89, .F. ) ;
#1485 = DIRECTION ( 'NONE',  ( -0.000000000000000000, 1.000000000000000000, -0.000000000000000000 ) ) ;
#1486 = DIRECTION ( 'NONE',  ( 0.000000000000000000, 0.000000000000000000, -1.000000000000000000 ) ) ;
#1487 = ORIENTED_EDGE ( 'NONE', *, *, #491, .F. ) ;
#1488 = DIRECTION ( 'NONE',  ( -0.000000000000000000, -0.000000000000000000, 1.000000000000000000 ) ) ;
#1489 = AXIS2_PLACEMENT_3D ( 'NONE', #1378, #30, #23 ) ;
#1490 = VECTOR ( 'NONE', #740, 1000.000000000000000 ) ;
#1491 = DIRECTION ( 'NONE',  ( -1.000000000000000000, 0.000000000000000000, 0.000000000000000000 ) ) ;
#1492 = CIRCLE ( 'NONE', #268, 0.5000000000000000000 ) ;
#1493 = ORIENTED_EDGE ( 'NONE', *, *, #410, .F. ) ;
#1494 = DIRECTION ( 'NONE',  ( 1.000000000000000000, 0.000000000000000000, 0.000000000000000000 ) ) ;
#1495 = SPHERICAL_SURFACE ( 'NONE', #967, 0.5000000000000000000 ) ;
#1496 = CARTESIAN_POINT ( 'NONE',  ( -5.500000000000000000, 3.999999999999999112, -4.000000000000000000 ) ) ;
#1497 = FACE_OUTER_BOUND ( 'NONE', #1206, .T. ) ;
#1498 = DIRECTION ( 'NONE',  ( 0.000000000000000000, -8.673617379884035472E-16, -1.000000000000000000 ) ) ;
#1499 = CIRCLE ( 'NONE', #116, 0.5000000000000004441 ) ;
#1500 = EDGE_CURVE ( 'NONE', #1371, #659, #28, .T. ) ;
#1501 = APPROVAL ( #1539, 'UNSPECIFIED' ) ;
#1502 = CARTESIAN_POINT ( 'NONE',  ( 2.849999999999999645, -0.5000000000000001110, -3.499999999999999556 ) ) ;
#1503 = CARTESIAN_POINT ( 'NONE',  ( 1.849999999999999867, -1.500000000000000000, 3.500000000000000000 ) ) ;
#1504 = CYLINDRICAL_SURFACE ( 'NONE', #878, 0.5000000000000000000 ) ;
#1505 = VERTEX_POINT ( 'NONE', #1039 ) ;
#1506 = ORIENTED_EDGE ( 'NONE', *, *, #473, .T. ) ;
#1507 = EDGE_CURVE ( 'NONE', #553, #860, #901, .T. ) ;
#1508 = CARTESIAN_POINT ( 'NONE',  ( 0.000000000000000000, 3.499999999999999556, 0.000000000000000000 ) ) ;
#1509 = PLANE ( 'NONE',  #1583 ) ;
#1510 = VECTOR ( 'NONE', #135, 1000.000000000000000 ) ;
#1511 = DIRECTION ( 'NONE',  ( 9.227252531791525393E-17, 1.000000000000000000, 0.000000000000000000 ) ) ;
#1512 = SHAPE_DEFINITION_REPRESENTATION ( #35, #241 ) ;
#1513 = AXIS2_PLACEMENT_3D ( 'NONE', #1161, #308, #314 ) ;
#1514 = DIRECTION ( 'NONE',  ( -1.000000000000000000, 0.000000000000000000, 0.000000000000000000 ) ) ;
#1515 = DIRECTION ( 'NONE',  ( -1.000000000000000000, 2.168404344971008868E-16, -1.734723475976807094E-15 ) ) ;
#1516 = CARTESIAN_POINT ( 'NONE',  ( -5.500000000000000000, 3.499999999999999112, 4.000000000000000000 ) ) ;
#1517 = EDGE_CURVE ( 'NONE', #578, #1121, #658, .T. ) ;
#1518 = VERTEX_POINT ( 'NONE', #1030 ) ;
#1519 = DIRECTION ( 'NONE',  ( -1.224646799147353454E-16, 0.000000000000000000, -1.000000000000000000 ) ) ;
#1520 = CARTESIAN_POINT ( 'NONE',  ( -2.849999999999999645, -0.5000000000000001110, 4.000000000000000000 ) ) ;
#1521 = ORIENTED_EDGE ( 'NONE', *, *, #42, .T. ) ;
#1522 = VERTEX_POINT ( 'NONE', #1516 ) ;
#1523 = EDGE_CURVE ( 'NONE', #319, #505, #1267, .T. ) ;
#1524 = APPROVAL_ROLE ( '' ) ;
#1525 = FACE_OUTER_BOUND ( 'NONE', #742, .T. ) ;
#1526 = CARTESIAN_POINT ( 'NONE',  ( 1.986148186761305778, -1.984859374317947900, -1.707329142088240825 ) ) ;
#1527 = LINE ( 'NONE', #39, #140 ) ;
#1528 = ORIENTED_EDGE ( 'NONE', *, *, #734, .T. ) ;
#1529 = VECTOR ( 'NONE', #1462, 1000.000000000000000 ) ;
#1530 = VECTOR ( 'NONE', #1110, 1000.000000000000000 ) ;
#1531 = AXIS2_PLACEMENT_3D ( 'NONE', #698, #1185, #64 ) ;
#1532 = ORIENTED_EDGE ( 'NONE', *, *, #1559, .T. ) ;
#1533 = EDGE_CURVE ( 'NONE', #1620, #170, #1277, .T. ) ;
#1534 = DIRECTION ( 'NONE',  ( -1.000000000000000000, -2.168404344971008868E-16, 0.000000000000000000 ) ) ;
#1535 = ORIENTED_EDGE ( 'NONE', *, *, #1447, .T. ) ;
#1536 = DIRECTION ( 'NONE',  ( 0.000000000000000000, 0.000000000000000000, 1.000000000000000000 ) ) ;
#1537 = CARTESIAN_POINT ( 'NONE',  ( -6.000000000000000000, 0.4999999999999993339, -3.499999999999999556 ) ) ;
#1538 = ORIENTED_EDGE ( 'NONE', *, *, #1035, .F. ) ;
#1539 = APPROVAL_STATUS ( 'not_yet_approved' ) ;
#1540 = AXIS2_PLACEMENT_3D ( 'NONE', #213, #635, #711 ) ;
#1541 = DIRECTION ( 'NONE',  ( -1.000000000000000000, 0.000000000000000000, 0.000000000000000000 ) ) ;
#1542 = EDGE_CURVE ( 'NONE', #659, #555, #307, .T. ) ;
#1543 = CARTESIAN_POINT ( 'NONE',  ( -1.850000000000000089, -1.499999999999999556, 4.000000000000000000 ) ) ;
#1544 = LINE ( 'NONE', #798, #1569 ) ;
#1545 = VECTOR ( 'NONE', #173, 1000.000000000000000 ) ;
#1546 = VERTEX_POINT ( 'NONE', #1050 ) ;
#1547 = LOCAL_TIME ( 10, 39, 11.00000000000000000, #549 ) ;
#1548 = DIRECTION ( 'NONE',  ( 1.000000000000000000, 0.000000000000000000, 0.000000000000000000 ) ) ;
#1549 = DIRECTION ( 'NONE',  ( -2.168404344971009854E-16, 1.000000000000000000, 0.000000000000000000 ) ) ;
#1550 = ADVANCED_FACE ( 'NONE', ( #312 ), #438, .T. ) ;
#1551 = FACE_OUTER_BOUND ( 'NONE', #1227, .T. ) ;
#1552 = DIRECTION ( 'NONE',  ( -0.000000000000000000, -0.000000000000000000, 1.000000000000000000 ) ) ;
#1553 = EDGE_CURVE ( 'NONE', #1346, #1410, #328, .T. ) ;
#1554 = ORIENTED_EDGE ( 'NONE', *, *, #1587, .F. ) ;
#1555 = CARTESIAN_POINT ( 'NONE',  ( 0.000000000000000000, 0.000000000000000000, 0.000000000000000000 ) ) ;
#1556 = LINE ( 'NONE', #795, #783 ) ;
#1557 = VECTOR ( 'NONE', #568, 1000.000000000000000 ) ;
#1558 = CARTESIAN_POINT ( 'NONE',  ( 5.500000000000000000, 0.4999999999999994449, 3.500000000000000000 ) ) ;
#1559 = EDGE_CURVE ( 'NONE', #807, #109, #58, .T. ) ;
#1560 = ORIENTED_EDGE ( 'NONE', *, *, #1138, .F. ) ;
#1561 = EDGE_LOOP ( 'NONE', ( #1090, #1318, #532, #1113 ) ) ;
#1562 = DIRECTION ( 'NONE',  ( 0.000000000000000000, -1.000000000000000000, 0.000000000000000000 ) ) ;
#1563 = CARTESIAN_POINT ( 'NONE',  ( -1.850000000000000089, -1.999999999999999556, 3.500000000000000000 ) ) ;
#1564 = B_SPLINE_CURVE_WITH_KNOTS ( 'NONE', 3,
 ( #633, #1241, #1335, #389, #1472, #364, #643, #858, #852, #729, #1132, #1234 ),
 .UNSPECIFIED., .F., .F.,
 ( 4, 2, 2, 2, 2, 4 ),
 ( 0.002112998291093604129, 0.002635088141013280753, 0.003157177990932957812, 0.003679267840852634436, 0.003940312765812472098, 0.004201357690772310194 ),
 .UNSPECIFIED. ) ;
#1565 = DIRECTION ( 'NONE',  ( -1.000000000000000000, 9.637352644315595243E-17, 0.000000000000000000 ) ) ;
#1566 = VERTEX_POINT ( 'NONE', #1436 ) ;
#1567 = DIRECTION ( 'NONE',  ( 2.168404344971009361E-16, 1.000000000000000000, 0.000000000000000000 ) ) ;
#1568 = ORIENTED_EDGE ( 'NONE', *, *, #1415, .T. ) ;
#1569 = VECTOR ( 'NONE', #922, 1000.000000000000000 ) ;
#1570 = EDGE_LOOP ( 'NONE', ( #1328, #628, #237 ) ) ;
#1571 = EDGE_LOOP ( 'NONE', ( #908, #661, #203, #848 ) ) ;
#1572 = DIRECTION ( 'NONE',  ( 1.000000000000000000, -0.000000000000000000, -0.000000000000000000 ) ) ;
#1573 = CYLINDRICAL_SURFACE ( 'NONE', #400, 0.5000000000000000000 ) ;
#1574 = ORIENTED_EDGE ( 'NONE', *, *, #699, .T. ) ;
#1575 = FACE_OUTER_BOUND ( 'NONE', #282, .T. ) ;
#1576 = DIRECTION ( 'NONE',  ( -1.000000000000000000, 0.000000000000000000, 0.000000000000000000 ) ) ;
#1577 = ORIENTED_EDGE ( 'NONE', *, *, #42, .F. ) ;
#1578 = FACE_OUTER_BOUND ( 'NONE', #78, .T. ) ;
#1579 = ORIENTED_EDGE ( 'NONE', *, *, #1209, .F. ) ;
#1580 = CARTESIAN_POINT ( 'NONE',  ( -1.850000000000000089, -1.999999999999999556, -3.499999999999999556 ) ) ;
#1581 = DIRECTION ( 'NONE',  ( 0.000000000000000000, 0.000000000000000000, -1.000000000000000000 ) ) ;
#1582 = VECTOR ( 'NONE', #274, 1000.000000000000000 ) ;
#1583 = AXIS2_PLACEMENT_3D ( 'NONE', #915, #420, #1018 ) ;
#1584 = EDGE_LOOP ( 'NONE', ( #1024, #750, #1595 ) ) ;
#1585 = DIRECTION ( 'NONE',  ( 0.000000000000000000, 0.000000000000000000, -1.000000000000000000 ) ) ;
#1586 = LINE ( 'NONE', #622, #1273 ) ;
#1587 = EDGE_CURVE ( 'NONE', #1210, #468, #317, .T. ) ;
#1588 = VECTOR ( 'NONE', #1316, 1000.000000000000000 ) ;
#1589 = ORIENTED_EDGE ( 'NONE', *, *, #405, .T. ) ;
#1590 = DIRECTION ( 'NONE',  ( -1.000000000000000000, 0.000000000000000000, 0.000000000000000000 ) ) ;
#1591 = AXIS2_PLACEMENT_3D ( 'NONE', #918, #1178, #1072 ) ;
#1592 = DIRECTION ( 'NONE',  ( 0.000000000000000000, 0.000000000000000000, -1.000000000000000000 ) ) ;
#1593 = CARTESIAN_POINT ( 'NONE',  ( -2.349999999999999645, -4.814824860968089633E-32, 3.500000000000000000 ) ) ;
#1594 = ORIENTED_EDGE ( 'NONE', *, *, #854, .F. ) ;
#1595 = ORIENTED_EDGE ( 'NONE', *, *, #808, .F. ) ;
#1596 = CARTESIAN_POINT ( 'NONE',  ( 0.000000000000000000, -2.000000000000000000, 0.000000000000000000 ) ) ;
#1597 = DIRECTION ( 'NONE',  ( 0.000000000000000000, 0.000000000000000000, 1.000000000000000000 ) ) ;
#1598 = EDGE_CURVE ( 'NONE', #109, #578, #1544, .T. ) ;
#1599 = SPHERICAL_SURFACE ( 'NONE', #1103, 0.5000000000000000000 ) ;
#1600 = EDGE_CURVE ( 'NONE', #638, #486, #50, .T. ) ;
#1601 = DIRECTION ( 'NONE',  ( 1.000000000000000000, 0.000000000000000000, 0.000000000000000000 ) ) ;
#1602 = LINE ( 'NONE', #979, #756 ) ;
#1603 = ORIENTED_EDGE ( 'NONE', *, *, #655, .T. ) ;
#1604 = ORIENTED_EDGE ( 'NONE', *, *, #1432, .T. ) ;
#1605 = CIRCLE ( 'NONE', #333, 0.5000000000000000000 ) ;
#1606 = ORIENTED_EDGE ( 'NONE', *, *, #218, .T. ) ;
#1607 = FACE_OUTER_BOUND ( 'NONE', #87, .T. ) ;
#1608 = ORIENTED_EDGE ( 'NONE', *, *, #1507, .F. ) ;
#1609 = CARTESIAN_POINT ( 'NONE',  ( 0.000000000000000000, -2.000000000000000000, 2.250000000000000000 ) ) ;
#1610 = FACE_OUTER_BOUND ( 'NONE', #541, .T. ) ;
#1611 = EDGE_CURVE ( 'NONE', #336, #534, #1262, .T. ) ;
#1612 = DIRECTION ( 'NONE',  ( 0.000000000000000000, 0.000000000000000000, -1.000000000000000000 ) ) ;
#1613 = TOROIDAL_SURFACE ( 'NONE', #610, 2.750000000000000000, 0.5000000000000000000 ) ;
#1614 = APPLICATION_CONTEXT ( 'configuration controlled 3d designs of mechanical parts and assemblies' ) ;
#1615 = LINE ( 'NONE', #1609, #205 ) ;
#1616 = CARTESIAN_POINT ( 'NONE',  ( -2.000841448208148758E-32, -1.499999999999999778, 2.250000000000000000 ) ) ;
#1617 = DIRECTION ( 'NONE',  ( 1.000000000000000000, 4.336808689942017736E-16, 1.734723475976807094E-15 ) ) ;
#1618 = ADVANCED_FACE ( 'NONE', ( #1417 ), #1056, .T. ) ;
#1619 = AXIS2_PLACEMENT_3D ( 'NONE', #82, #1123, #101 ) ;
#1620 = VERTEX_POINT ( 'NONE', #694 ) ;
#1621 = VERTEX_POINT ( 'NONE', #1182 ) ;
#1622 = AXIS2_PLACEMENT_3D ( 'NONE', #963, #494, #840 ) ;
#1623 = EDGE_CURVE ( 'NONE', #1418, #1620, #1425, .T. ) ;
#1624 = ORIENTED_EDGE ( 'NONE', *, *, #594, .T. ) ;
#1625 = AXIS2_PLACEMENT_3D ( 'NONE', #1313, #1134, #824 ) ;
#1626 = DIRECTION ( 'NONE',  ( 0.000000000000000000, -8.673617379884035472E-16, 1.000000000000000000 ) ) ;
#1627 = FACE_OUTER_BOUND ( 'NONE', #25, .T. ) ;
ENDSEC;
END-ISO-10303-21;
