ISO-10303-21;
HEADER;
FILE_DESCRIPTION (( 'STEP AP203' ),
    '1' );
FILE_NAME ('piece_up_serrage_rails_mobiles.STEP',
    '2025-05-23T08:37:08',
    ( '' ),
    ( '' ),
    'SwSTEP 2.0',
    'SolidWorks 2023',
    '' );
FILE_SCHEMA (( 'CONFIG_CONTROL_DESIGN' ));
ENDSEC;

DATA;
#1 = VERTEX_POINT ( 'NONE', #684 ) ;
#2 = ORIENTED_EDGE ( 'NONE', *, *, #1047, .T. ) ;
#3 = CARTESIAN_POINT ( 'NONE',  ( -1.850000000000000089, -4.000000000000000000, -3.500000000000000000 ) ) ;
#4 = CIRCLE ( 'NONE', #364, 0.5000000000000004441 ) ;
#5 = DIRECTION ( 'NONE',  ( 0.000000000000000000, 0.000000000000000000, -1.000000000000000000 ) ) ;
#6 = AXIS2_PLACEMENT_3D ( 'NONE', #45, #836, #459 ) ;
#7 = VECTOR ( 'NONE', #277, 1000.000000000000000 ) ;
#8 = CIRCLE ( 'NONE', #763, 2.750000000000000000 ) ;
#9 = CIRCLE ( 'NONE', #1579, 0.5000000000000000000 ) ;
#10 = ADVANCED_FACE ( 'NONE', ( #1299 ), #184, .T. ) ;
#11 = EDGE_LOOP ( 'NONE', ( #1610, #539, #832, #469 ) ) ;
#12 = DIRECTION ( 'NONE',  ( -0.000000000000000000, 1.000000000000000000, -0.000000000000000000 ) ) ;
#13 = ORIENTED_EDGE ( 'NONE', *, *, #682, .T. ) ;
#14 = ORIENTED_EDGE ( 'NONE', *, *, #963, .T. ) ;
#15 = ORIENTED_EDGE ( 'NONE', *, *, #239, .F. ) ;
#16 = DIRECTION ( 'NONE',  ( -1.000000000000000000, 0.000000000000000000, 0.000000000000000000 ) ) ;
#17 = CARTESIAN_POINT ( 'NONE',  ( -6.000000000000000000, -6.379211070675434126E-16, -3.499999999999999556 ) ) ;
#18 = ORIENTED_EDGE ( 'NONE', *, *, #970, .T. ) ;
#19 = CYLINDRICAL_SURFACE ( 'NONE', #268, 0.5000000000000000000 ) ;
#20 = CARTESIAN_POINT ( 'NONE',  ( -5.500000000000000000, 0.4999999999999994449, 4.000000000000000000 ) ) ;
#21 = ORIENTED_EDGE ( 'NONE', *, *, #659, .F. ) ;
#22 = ADVANCED_FACE ( 'NONE', ( #1164 ), #562, .T. ) ;
#23 = EDGE_LOOP ( 'NONE', ( #86, #1428, #383, #536 ) ) ;
#24 = LINE ( 'NONE', #1534, #532 ) ;
#25 = DIRECTION ( 'NONE',  ( -0.000000000000000000, -0.000000000000000000, 1.000000000000000000 ) ) ;
#26 = DIRECTION ( 'NONE',  ( 9.637352644315595243E-17, -1.000000000000000000, -0.000000000000000000 ) ) ;
#27 = DIRECTION ( 'NONE',  ( 0.000000000000000000, -0.000000000000000000, 1.000000000000000000 ) ) ;
#28 = ORIENTED_EDGE ( 'NONE', *, *, #1323, .T. ) ;
#29 = VERTEX_POINT ( 'NONE', #1172 ) ;
#30 = ORIENTED_EDGE ( 'NONE', *, *, #1007, .F. ) ;
#31 = DIRECTION ( 'NONE',  ( 0.000000000000000000, 0.000000000000000000, -1.000000000000000000 ) ) ;
#32 = CARTESIAN_POINT ( 'NONE',  ( 5.500000000000000000, 3.499999999999999112, -3.500000000000000000 ) ) ;
#33 = EDGE_LOOP ( 'NONE', ( #823, #639, #467, #1356 ) ) ;
#34 = VECTOR ( 'NONE', #617, 1000.000000000000000 ) ;
#35 = AXIS2_PLACEMENT_3D ( 'NONE', #895, #1390, #274 ) ;
#36 = AXIS2_PLACEMENT_3D ( 'NONE', #412, #908, #52 ) ;
#37 = TOROIDAL_SURFACE ( 'NONE', #558, 2.750000000000000000, 0.5000000000000000000 ) ;
#38 = CARTESIAN_POINT ( 'NONE',  ( 2.849999999999999645, -0.5000000000000001110, 3.500000000000000000 ) ) ;
#39 = CIRCLE ( 'NONE', #296, 0.5000000000000000000 ) ;
#40 = CARTESIAN_POINT ( 'NONE',  ( 1.850000000000000533, -4.500000000000000000, -2.034698994937579997 ) ) ;
#41 = ORIENTED_EDGE ( 'NONE', *, *, #1517, .F. ) ;
#42 = VERTEX_POINT ( 'NONE', #799 ) ;
#43 = ORIENTED_EDGE ( 'NONE', *, *, #1178, .F. ) ;
#44 = FACE_OUTER_BOUND ( 'NONE', #902, .T. ) ;
#45 = CARTESIAN_POINT ( 'NONE',  ( 1.849999999999999645, 1.782910239198384713E-16, 3.500000000000000000 ) ) ;
#46 = ADVANCED_FACE ( 'NONE', ( #917 ), #1429, .T. ) ;
#47 = EDGE_LOOP ( 'NONE', ( #497, #1459, #508 ) ) ;
#48 = EDGE_CURVE ( 'NONE', #142, #129, #1413, .T. ) ;
#49 = DIRECTION ( 'NONE',  ( 0.000000000000000000, -1.000000000000000000, 0.000000000000000000 ) ) ;
#50 = DIRECTION ( 'NONE',  ( -1.000000000000000000, 0.000000000000000000, 0.000000000000000000 ) ) ;
#51 = ORIENTED_EDGE ( 'NONE', *, *, #1083, .T. ) ;
#52 = DIRECTION ( 'NONE',  ( -1.000000000000000000, 0.000000000000000000, 0.000000000000000000 ) ) ;
#53 = CARTESIAN_POINT ( 'NONE',  ( 0.000000000000000000, 3.999999999999999112, 0.000000000000000000 ) ) ;
#54 = DIRECTION ( 'NONE',  ( -1.000000000000000000, 0.000000000000000000, 0.000000000000000000 ) ) ;
#55 = VERTEX_POINT ( 'NONE', #1181 ) ;
#56 = EDGE_CURVE ( 'NONE', #313, #262, #294, .T. ) ;
#57 = CARTESIAN_POINT ( 'NONE',  ( 5.500000000000000000, -6.379211070675434126E-16, -3.499999999999999556 ) ) ;
#58 = DIRECTION ( 'NONE',  ( 0.000000000000000000, -1.000000000000000000, 0.000000000000000000 ) ) ;
#59 = ORIENTED_EDGE ( 'NONE', *, *, #188, .T. ) ;
#60 = CARTESIAN_POINT ( 'NONE',  ( -6.000000000000000000, 3.999999999999999112, 4.000000000000000000 ) ) ;
#61 = DIRECTION ( 'NONE',  ( -0.000000000000000000, -1.000000000000000000, -0.000000000000000000 ) ) ;
#62 = LINE ( 'NONE', #1424, #1575 ) ;
#63 = ORIENTED_EDGE ( 'NONE', *, *, #1517, .T. ) ;
#64 = ORIENTED_EDGE ( 'NONE', *, *, #181, .F. ) ;
#65 = AXIS2_PLACEMENT_3D ( 'NONE', #1096, #345, #226 ) ;
#66 = AXIS2_PLACEMENT_3D ( 'NONE', #1326, #211, #711 ) ;
#67 = DIRECTION ( 'NONE',  ( 1.000000000000000000, 0.000000000000000000, 0.000000000000000000 ) ) ;
#68 = ADVANCED_FACE ( 'NONE', ( #306 ), #72, .T. ) ;
#69 = CIRCLE ( 'NONE', #501, 2.750000000000000000 ) ;
#70 = ORIENTED_EDGE ( 'NONE', *, *, #981, .F. ) ;
#71 = AXIS2_PLACEMENT_3D ( 'NONE', #956, #1086, #79 ) ;
#72 = CYLINDRICAL_SURFACE ( 'NONE', #36, 0.5000000000000000000 ) ;
#73 = CARTESIAN_POINT ( 'NONE',  ( -6.000000000000000000, 3.499999999999999112, 3.500000000000000000 ) ) ;
#74 = DIRECTION ( 'NONE',  ( 0.000000000000000000, 0.000000000000000000, -1.000000000000000000 ) ) ;
#75 = ORIENTED_EDGE ( 'NONE', *, *, #212, .T. ) ;
#76 = COORDINATED_UNIVERSAL_TIME_OFFSET ( 1, 0, .AHEAD. ) ;
#77 = APPROVAL ( #1550, 'UNSPECIFIED' ) ;
#78 = DIRECTION ( 'NONE',  ( -1.000000000000000000, 0.000000000000000000, 0.000000000000000000 ) ) ;
#79 = DIRECTION ( 'NONE',  ( 1.000000000000000000, 0.000000000000000000, 0.000000000000000000 ) ) ;
#80 = CARTESIAN_POINT ( 'NONE',  ( -1.850000000000000089, -4.500000000000000000, 2.034698994937580441 ) ) ;
#81 = EDGE_CURVE ( 'NONE', #1320, #1615, #1065, .T. ) ;
#82 = EDGE_LOOP ( 'NONE', ( #298, #1432, #147, #390 ) ) ;
#83 = DIRECTION ( 'NONE',  ( 0.000000000000000000, 0.000000000000000000, -1.000000000000000000 ) ) ;
#84 = PLANE ( 'NONE',  #863 ) ;
#85 = CARTESIAN_POINT ( 'NONE',  ( -2.222638084696052729, -4.337282246753791703, -0.8605508743053508214 ) ) ;
#86 = ORIENTED_EDGE ( 'NONE', *, *, #548, .T. ) ;
#87 = CARTESIAN_POINT ( 'NONE',  ( 5.500000000000000000, 0.4999999999999994449, 3.500000000000000000 ) ) ;
#88 = CIRCLE ( 'NONE', #189, 0.5000000000000000000 ) ;
#89 = CIRCLE ( 'NONE', #919, 0.5000000000000000000 ) ;
#90 = DIRECTION ( 'NONE',  ( 0.000000000000000000, 0.000000000000000000, -1.000000000000000000 ) ) ;
#91 = LINE ( 'NONE', #827, #1602 ) ;
#92 = FACE_OUTER_BOUND ( 'NONE', #1387, .T. ) ;
#93 = AXIS2_PLACEMENT_3D ( 'NONE', #1116, #283, #666 ) ;
#94 = ORIENTED_EDGE ( 'NONE', *, *, #569, .F. ) ;
#95 = ADVANCED_FACE ( 'NONE', ( #1414 ), #286, .F. ) ;
#96 = DIRECTION ( 'NONE',  ( 1.000000000000000000, -1.747729060459023048E-16, 0.000000000000000000 ) ) ;
#97 = ADVANCED_FACE ( 'NONE', ( #812 ), #1281, .F. ) ;
#98 = DIRECTION ( 'NONE',  ( 1.000000000000000000, 0.000000000000000000, 0.000000000000000000 ) ) ;
#99 = DIRECTION ( 'NONE',  ( -9.637352644315595243E-17, -1.000000000000000000, 0.000000000000000000 ) ) ;
#100 = DIRECTION ( 'NONE',  ( 1.000000000000000000, 0.000000000000000000, 0.000000000000000000 ) ) ;
#101 = ORIENTED_EDGE ( 'NONE', *, *, #319, .F. ) ;
#102 = DIRECTION ( 'NONE',  ( -1.000000000000000000, -0.000000000000000000, 0.000000000000000000 ) ) ;
#103 = LINE ( 'NONE', #457, #428 ) ;
#104 = DIRECTION ( 'NONE',  ( 0.000000000000000000, 0.000000000000000000, -1.000000000000000000 ) ) ;
#105 = CARTESIAN_POINT ( 'NONE',  ( -1.850000000000000089, -4.500000000000000000, -3.499999999999999556 ) ) ;
#106 = ORIENTED_EDGE ( 'NONE', *, *, #1598, .T. ) ;
#107 = CARTESIAN_POINT ( 'NONE',  ( 2.349999999999999645, -0.5000000000000001110, -3.499999999999999556 ) ) ;
#108 = CARTESIAN_POINT ( 'NONE',  ( 6.000000000000000000, 3.999999999999999112, -3.499999999999999556 ) ) ;
#109 = FACE_OUTER_BOUND ( 'NONE', #135, .T. ) ;
#110 = ADVANCED_FACE ( 'NONE', ( #1422, #695 ), #1542, .F. ) ;
#111 = DIRECTION ( 'NONE',  ( -9.637352644315595243E-17, 1.000000000000000000, 0.000000000000000000 ) ) ;
#112 = SPHERICAL_SURFACE ( 'NONE', #1549, 0.5000000000000000000 ) ;
#113 = AXIS2_PLACEMENT_3D ( 'NONE', #1487, #367, #1507 ) ;
#114 = EDGE_LOOP ( 'NONE', ( #1138, #928, #1306, #299 ) ) ;
#115 = DIRECTION ( 'NONE',  ( 0.000000000000000000, -8.673617379884035472E-16, 1.000000000000000000 ) ) ;
#116 = VECTOR ( 'NONE', #830, 1000.000000000000000 ) ;
#117 = CIRCLE ( 'NONE', #1363, 0.5000000000000004441 ) ;
#118 = LINE ( 'NONE', #637, #866 ) ;
#119 = CC_DESIGN_PERSON_AND_ORGANIZATION_ASSIGNMENT ( #560, #1046, ( #525 ) ) ;
#120 = ORIENTED_EDGE ( 'NONE', *, *, #623, .F. ) ;
#121 = CARTESIAN_POINT ( 'NONE',  ( 5.500000000000000000, 0.4999999999999994449, -3.499999999999999556 ) ) ;
#122 = EDGE_CURVE ( 'NONE', #448, #664, #8, .T. ) ;
#123 = COORDINATED_UNIVERSAL_TIME_OFFSET ( 1, 0, .AHEAD. ) ;
#124 = CARTESIAN_POINT ( 'NONE',  ( 0.000000000000000000, -4.500000000000000888, 2.750000000000000000 ) ) ;
#125 = ORIENTED_EDGE ( 'NONE', *, *, #1133, .F. ) ;
#126 = EDGE_LOOP ( 'NONE', ( #1244, #958, #130, #263 ) ) ;
#127 = DIRECTION ( 'NONE',  ( 0.000000000000000000, 0.000000000000000000, 1.000000000000000000 ) ) ;
#128 = DIRECTION ( 'NONE',  ( 0.000000000000000000, 0.000000000000000000, 1.000000000000000000 ) ) ;
#129 = VERTEX_POINT ( 'NONE', #1042 ) ;
#130 = ORIENTED_EDGE ( 'NONE', *, *, #1484, .F. ) ;
#131 = CARTESIAN_POINT ( 'NONE',  ( -5.500000000000000000, 3.499999999999999112, 3.500000000000000000 ) ) ;
#132 = AXIS2_PLACEMENT_3D ( 'NONE', #603, #1478, #854 ) ;
#133 = DIRECTION ( 'NONE',  ( -1.000000000000000000, 0.000000000000000000, 0.000000000000000000 ) ) ;
#134 = AXIS2_PLACEMENT_3D ( 'NONE', #1102, #1452, #351 ) ;
#135 = EDGE_LOOP ( 'NONE', ( #1247, #326, #199 ) ) ;
#136 = ADVANCED_FACE ( 'NONE', ( #1554 ), #420, .T. ) ;
#137 = VECTOR ( 'NONE', #31, 1000.000000000000000 ) ;
#138 = EDGE_CURVE ( 'NONE', #42, #55, #1152, .T. ) ;
#139 = CARTESIAN_POINT ( 'NONE',  ( 5.500000000000000000, -5.505346540445921616E-16, 3.500000000000000000 ) ) ;
#140 = CARTESIAN_POINT ( 'NONE',  ( -5.500000000000000000, -5.505346540445921616E-16, 3.500000000000000000 ) ) ;
#141 = ORIENTED_EDGE ( 'NONE', *, *, #1316, .T. ) ;
#142 = VERTEX_POINT ( 'NONE', #343 ) ;
#143 = FACE_OUTER_BOUND ( 'NONE', #811, .T. ) ;
#144 = DIRECTION ( 'NONE',  ( -1.000000000000000000, 0.000000000000000000, 0.000000000000000000 ) ) ;
#145 = DIRECTION ( 'NONE',  ( 0.000000000000000000, 0.000000000000000000, -1.000000000000000000 ) ) ;
#146 = CARTESIAN_POINT ( 'NONE',  ( 1.850000000000000089, -4.000000000000000000, 3.500000000000000000 ) ) ;
#147 = ORIENTED_EDGE ( 'NONE', *, *, #742, .F. ) ;
#148 = ORIENTED_EDGE ( 'NONE', *, *, #1447, .T. ) ;
#149 = LINE ( 'NONE', #280, #744 ) ;
#150 = CARTESIAN_POINT ( 'NONE',  ( -6.000000000000000000, 0.4999999999999994449, 4.000000000000000000 ) ) ;
#151 = ORIENTED_EDGE ( 'NONE', *, *, #1168, .F. ) ;
#152 = FACE_OUTER_BOUND ( 'NONE', #1008, .T. ) ;
#153 = DIRECTION ( 'NONE',  ( 0.000000000000000000, 0.000000000000000000, -1.000000000000000000 ) ) ;
#154 = VERTEX_POINT ( 'NONE', #586 ) ;
#155 = ADVANCED_FACE ( 'NONE', ( #109 ), #726, .T. ) ;
#156 = EDGE_LOOP ( 'NONE', ( #291, #1405, #1583, #1237, #571 ) ) ;
#157 = CARTESIAN_POINT ( 'NONE',  ( -2.849999999999999645, -8.738645302295106613E-17, 3.500000000000000000 ) ) ;
#158 = CYLINDRICAL_SURFACE ( 'NONE', #6, 0.5000000000000000000 ) ;
#159 = EDGE_CURVE ( 'NONE', #272, #1401, #842, .T. ) ;
#160 = CIRCLE ( 'NONE', #496, 2.750000000000000000 ) ;
#161 = ORIENTED_EDGE ( 'NONE', *, *, #374, .F. ) ;
#162 = AXIS2_PLACEMENT_3D ( 'NONE', #1350, #1216, #234 ) ;
#163 = AXIS2_PLACEMENT_3D ( 'NONE', #1458, #1192, #1319 ) ;
#164 = AXIS2_PLACEMENT_3D ( 'NONE', #534, #167, #50 ) ;
#165 = DIRECTION ( 'NONE',  ( 0.000000000000000000, 0.000000000000000000, -1.000000000000000000 ) ) ;
#166 = VECTOR ( 'NONE', #61, 1000.000000000000000 ) ;
#167 = DIRECTION ( 'NONE',  ( 0.000000000000000000, 0.000000000000000000, -1.000000000000000000 ) ) ;
#168 = ORIENTED_EDGE ( 'NONE', *, *, #1270, .T. ) ;
#169 = DIRECTION ( 'NONE',  ( 1.747729060459023048E-16, 1.000000000000000000, -0.000000000000000000 ) ) ;
#170 = DIRECTION ( 'NONE',  ( 0.000000000000000000, 0.000000000000000000, -1.000000000000000000 ) ) ;
#171 = APPROVAL ( #1234, 'UNSPECIFIED' ) ;
#172 = DIRECTION ( 'NONE',  ( -1.000000000000000000, 0.000000000000000000, 0.000000000000000000 ) ) ;
#173 = ORIENTED_EDGE ( 'NONE', *, *, #516, .F. ) ;
#174 = CYLINDRICAL_SURFACE ( 'NONE', #503, 0.5000000000000004441 ) ;
#175 = DIRECTION ( 'NONE',  ( -0.000000000000000000, 1.000000000000000000, -0.000000000000000000 ) ) ;
#176 = EDGE_LOOP ( 'NONE', ( #877, #984, #996 ) ) ;
#177 = CARTESIAN_POINT ( 'NONE',  ( 0.000000000000000000, 0.000000000000000000, -4.000000000000000000 ) ) ;
#178 = DIRECTION ( 'NONE',  ( -1.000000000000000000, 0.000000000000000000, 0.000000000000000000 ) ) ;
#179 = CARTESIAN_POINT ( 'NONE',  ( 2.849999999999999645, -0.5000000000000001110, -4.000000000000000000 ) ) ;
#180 = ORIENTED_EDGE ( 'NONE', *, *, #1227, .T. ) ;
#181 = EDGE_CURVE ( 'NONE', #1239, #1127, #1070, .T. ) ;
#182 = DIRECTION ( 'NONE',  ( 0.000000000000000000, -1.000000000000000000, 0.000000000000000000 ) ) ;
#183 = ORIENTED_EDGE ( 'NONE', *, *, #407, .F. ) ;
#184 = SPHERICAL_SURFACE ( 'NONE', #1280, 0.5000000000000000000 ) ;
#185 = CARTESIAN_POINT ( 'NONE',  ( -2.349999999999999645, 0.000000000000000000, 3.500000000000000000 ) ) ;
#186 = CARTESIAN_POINT ( 'NONE',  ( 1.849999999999999645, -0.5000000000000001110, 4.000000000000000000 ) ) ;
#187 = ORIENTED_EDGE ( 'NONE', *, *, #636, .T. ) ;
#188 = EDGE_CURVE ( 'NONE', #1160, #129, #69, .T. ) ;
#189 = AXIS2_PLACEMENT_3D ( 'NONE', #631, #361, #250 ) ;
#190 = AXIS2_PLACEMENT_3D ( 'NONE', #570, #316, #1568 ) ;
#191 = AXIS2_PLACEMENT_3D ( 'NONE', #358, #599, #1462 ) ;
#192 = EDGE_CURVE ( 'NONE', #1558, #798, #607, .T. ) ;
#193 = CIRCLE ( 'NONE', #1441, 0.5000000000000000000 ) ;
#194 = AXIS2_PLACEMENT_3D ( 'NONE', #1364, #1501, #880 ) ;
#195 = CARTESIAN_POINT ( 'NONE',  ( 6.000000000000000000, -6.379211070675434126E-16, 4.000000000000000000 ) ) ;
#196 = CARTESIAN_POINT ( 'NONE',  ( 1.850000000000000089, -4.500000000000000000, 3.500000000000000000 ) ) ;
#197 = CARTESIAN_POINT ( 'NONE',  ( -2.099500228080393605, -4.437561612283989376, -1.368530687733168882 ) ) ;
#198 = ORIENTED_EDGE ( 'NONE', *, *, #1178, .T. ) ;
#199 = ORIENTED_EDGE ( 'NONE', *, *, #507, .F. ) ;
#200 = DIRECTION ( 'NONE',  ( 0.000000000000000000, 0.000000000000000000, -1.000000000000000000 ) ) ;
#201 = ORIENTED_EDGE ( 'NONE', *, *, #1062, .F. ) ;
#202 = EDGE_CURVE ( 'NONE', #1229, #1271, #221, .T. ) ;
#203 = DIRECTION ( 'NONE',  ( 0.000000000000000000, 0.000000000000000000, -1.000000000000000000 ) ) ;
#204 = CARTESIAN_POINT ( 'NONE',  ( -5.500000000000000000, 3.499999999999999112, -3.499999999999999556 ) ) ;
#205 = VERTEX_POINT ( 'NONE', #844 ) ;
#206 = CARTESIAN_POINT ( 'NONE',  ( -2.849999999999999645, 0.4999999999999998890, 4.000000000000000000 ) ) ;
#207 = ORIENTED_EDGE ( 'NONE', *, *, #682, .F. ) ;
#208 = DIRECTION ( 'NONE',  ( -1.000000000000000000, 0.000000000000000000, 0.000000000000000000 ) ) ;
#209 = DIRECTION ( 'NONE',  ( -0.000000000000000000, 1.000000000000000000, -0.000000000000000000 ) ) ;
#210 = EDGE_CURVE ( 'NONE', #535, #448, #477, .T. ) ;
#211 = DIRECTION ( 'NONE',  ( 1.000000000000000000, 0.000000000000000000, 0.000000000000000000 ) ) ;
#212 = EDGE_CURVE ( 'NONE', #1150, #1006, #1361, .T. ) ;
#213 = ORIENTED_EDGE ( 'NONE', *, *, #591, .T. ) ;
#214 = CARTESIAN_POINT ( 'NONE',  ( -5.500000000000000000, -6.379211070675434126E-16, -3.499999999999999556 ) ) ;
#215 = DATE_AND_TIME ( #927, #479 ) ;
#216 = AXIS2_PLACEMENT_3D ( 'NONE', #377, #1222, #1352 ) ;
#217 = VECTOR ( 'NONE', #144, 1000.000000000000000 ) ;
#218 = FACE_OUTER_BOUND ( 'NONE', #748, .T. ) ;
#219 = CARTESIAN_POINT ( 'NONE',  ( -2.349999999999999645, -0.5000000000000001110, -3.499999999999999556 ) ) ;
#220 = AXIS2_PLACEMENT_3D ( 'NONE', #1582, #1446, #67 ) ;
#221 = CIRCLE ( 'NONE', #976, 0.5000000000000000000 ) ;
#222 = DIRECTION ( 'NONE',  ( -1.000000000000000000, 0.000000000000000000, 0.000000000000000000 ) ) ;
#223 = AXIS2_PLACEMENT_3D ( 'NONE', #594, #1332, #1567 ) ;
#224 = CARTESIAN_POINT ( 'NONE',  ( 8.738645302295122637E-17, 0.5000000000000004441, 4.000000000000000000 ) ) ;
#225 = CARTESIAN_POINT ( 'NONE',  ( 0.000000000000000000, -4.500000000000000000, 0.000000000000000000 ) ) ;
#226 = DIRECTION ( 'NONE',  ( 0.000000000000000000, 0.000000000000000000, 1.000000000000000000 ) ) ;
#227 = CARTESIAN_POINT ( 'NONE',  ( 2.350000000000000089, -4.000000000000000000, 4.000000000000000000 ) ) ;
#228 = ORIENTED_EDGE ( 'NONE', *, *, #159, .F. ) ;
#229 = FACE_OUTER_BOUND ( 'NONE', #47, .T. ) ;
#230 = ADVANCED_FACE ( 'NONE', ( #1590 ), #267, .T. ) ;
#231 = LINE ( 'NONE', #1581, #475 ) ;
#232 = FACE_OUTER_BOUND ( 'NONE', #1063, .T. ) ;
#233 = CYLINDRICAL_SURFACE ( 'NONE', #1148, 0.5000000000000004441 ) ;
#234 = DIRECTION ( 'NONE',  ( -1.000000000000000000, 0.000000000000000000, 0.000000000000000000 ) ) ;
#235 = ORIENTED_EDGE ( 'NONE', *, *, #848, .F. ) ;
#236 = CARTESIAN_POINT ( 'NONE',  ( -2.849999999999999645, 0.4999999999999998890, -4.000000000000000000 ) ) ;
#237 = APPROVAL_ROLE ( '' ) ;
#238 = DIRECTION ( 'NONE',  ( 1.000000000000000000, -1.747729060459023048E-16, 0.000000000000000000 ) ) ;
#239 = EDGE_CURVE ( 'NONE', #205, #715, #103, .T. ) ;
#240 = ORIENTED_EDGE ( 'NONE', *, *, #1190, .F. ) ;
#241 = VECTOR ( 'NONE', #1373, 1000.000000000000000 ) ;
#242 = DIRECTION ( 'NONE',  ( -1.000000000000000000, 0.000000000000000000, 0.000000000000000000 ) ) ;
#243 = VECTOR ( 'NONE', #54, 1000.000000000000000 ) ;
#244 = VECTOR ( 'NONE', #1202, 1000.000000000000000 ) ;
#245 = VECTOR ( 'NONE', #803, 1000.000000000000000 ) ;
#246 = VECTOR ( 'NONE', #26, 1000.000000000000000 ) ;
#247 = PERSON_AND_ORGANIZATION_ROLE ( 'design_supplier' ) ;
#248 = CARTESIAN_POINT ( 'NONE',  ( 0.000000000000000000, 3.499999999999998668, 0.000000000000000000 ) ) ;
#249 = VERTEX_POINT ( 'NONE', #1090 ) ;
#250 = DIRECTION ( 'NONE',  ( 0.000000000000000000, 0.000000000000000000, -1.000000000000000000 ) ) ;
#251 = ORIENTED_EDGE ( 'NONE', *, *, #1119, .T. ) ;
#252 = DIRECTION ( 'NONE',  ( 0.000000000000000000, -1.000000000000000000, -0.000000000000000000 ) ) ;
#253 = EDGE_LOOP ( 'NONE', ( #75, #1269, #1544, #1506 ) ) ;
#254 = ORIENTED_EDGE ( 'NONE', *, *, #1327, .F. ) ;
#255 = EDGE_LOOP ( 'NONE', ( #317, #898, #251, #309 ) ) ;
#256 = CARTESIAN_POINT ( 'NONE',  ( 0.000000000000000000, -4.000000000000000000, 0.000000000000000000 ) ) ;
#257 = ADVANCED_FACE ( 'NONE', ( #1085 ), #352, .T. ) ;
#258 = CARTESIAN_POINT ( 'NONE',  ( -2.350000000000000089, -4.500000000000000000, 3.500000000000000000 ) ) ;
#259 = ADVANCED_FACE ( 'NONE', ( #232 ), #1603, .T. ) ;
#260 = DIRECTION ( 'NONE',  ( 0.000000000000000000, 0.000000000000000000, -1.000000000000000000 ) ) ;
#261 = CARTESIAN_POINT ( 'NONE',  ( 5.500000000000000000, 0.000000000000000000, 4.000000000000000000 ) ) ;
#262 = VERTEX_POINT ( 'NONE', #476 ) ;
#263 = ORIENTED_EDGE ( 'NONE', *, *, #674, .F. ) ;
#264 = CARTESIAN_POINT ( 'NONE',  ( -5.500000000000000000, 0.4999999999999994449, 3.500000000000000000 ) ) ;
#265 = AXIS2_PLACEMENT_3D ( 'NONE', #1071, #1430, #458 ) ;
#266 = CARTESIAN_POINT ( 'NONE',  ( 5.500000000000000000, -5.505346540445921616E-16, 4.000000000000000000 ) ) ;
#267 = TOROIDAL_SURFACE ( 'NONE', #369, 1.000000000000000000, 0.5000000000000000000 ) ;
#268 = AXIS2_PLACEMENT_3D ( 'NONE', #1510, #388, #1521 ) ;
#269 = CARTESIAN_POINT ( 'NONE',  ( 2.849999999999999645, -0.5000000000000001110, 4.000000000000000000 ) ) ;
#270 = CARTESIAN_POINT ( 'NONE',  ( 2.099500228080392716, -4.437561612283989376, 1.368530687733171103 ) ) ;
#271 = ORIENTED_EDGE ( 'NONE', *, *, #1316, .F. ) ;
#272 = VERTEX_POINT ( 'NONE', #967 ) ;
#273 = DIRECTION ( 'NONE',  ( 9.637352644315595243E-17, -1.000000000000000000, 0.000000000000000000 ) ) ;
#274 = DIRECTION ( 'NONE',  ( 0.000000000000000000, 0.000000000000000000, 1.000000000000000000 ) ) ;
#275 = EDGE_CURVE ( 'NONE', #1171, #1117, #1479, .T. ) ;
#276 = CARTESIAN_POINT ( 'NONE',  ( -6.000000000000000000, 0.4999999999999994449, 3.500000000000000000 ) ) ;
#277 = DIRECTION ( 'NONE',  ( 9.637352644315595243E-17, 1.000000000000000000, -0.000000000000000000 ) ) ;
#278 = VERTEX_POINT ( 'NONE', #856 ) ;
#279 = ORIENTED_EDGE ( 'NONE', *, *, #1027, .T. ) ;
#280 = CARTESIAN_POINT ( 'NONE',  ( 2.755455298081544285E-16, -4.500000000000000000, -2.250000000000000000 ) ) ;
#281 = CARTESIAN_POINT ( 'NONE',  ( -5.500000000000000000, 0.4999999999999994449, 4.000000000000000000 ) ) ;
#282 = ORIENTED_EDGE ( 'NONE', *, *, #785, .F. ) ;
#283 = DIRECTION ( 'NONE',  ( 0.000000000000000000, 0.000000000000000000, -1.000000000000000000 ) ) ;
#284 = CARTESIAN_POINT ( 'NONE',  ( 1.850000000000000533, -4.500000000000000000, 2.034698994937579997 ) ) ;
#285 = ORIENTED_EDGE ( 'NONE', *, *, #492, .F. ) ;
#286 = PLANE ( 'NONE',  #1184 ) ;
#287 = EDGE_CURVE ( 'NONE', #142, #535, #629, .T. ) ;
#288 = CARTESIAN_POINT ( 'NONE',  ( -6.000000000000000000, 3.499999999999999112, 4.000000000000000000 ) ) ;
#289 = LINE ( 'NONE', #1258, #474 ) ;
#290 = VECTOR ( 'NONE', #499, 1000.000000000000000 ) ;
#291 = ORIENTED_EDGE ( 'NONE', *, *, #432, .T. ) ;
#292 = AXIS2_PLACEMENT_3D ( 'NONE', #1380, #538, #422 ) ;
#293 = APPROVAL_PERSON_ORGANIZATION ( #1188, #576, #566 ) ;
#294 = CIRCLE ( 'NONE', #718, 0.5000000000000004441 ) ;
#295 = CARTESIAN_POINT ( 'NONE',  ( 5.500000000000000000, 3.499999999999999112, 3.500000000000000000 ) ) ;
#296 = AXIS2_PLACEMENT_3D ( 'NONE', #533, #1029, #1529 ) ;
#297 = CARTESIAN_POINT ( 'NONE',  ( 2.299398213333939900, -4.219187131353477227, -0.1916036456578406599 ) ) ;
#298 = ORIENTED_EDGE ( 'NONE', *, *, #931, .F. ) ;
#299 = ORIENTED_EDGE ( 'NONE', *, *, #159, .T. ) ;
#300 = CARTESIAN_POINT ( 'NONE',  ( 5.500000000000000000, 3.999999999999999112, 3.500000000000000000 ) ) ;
#301 = ADVANCED_FACE ( 'NONE', ( #218 ), #1012, .T. ) ;
#302 = LINE ( 'NONE', #17, #864 ) ;
#303 = ORIENTED_EDGE ( 'NONE', *, *, #672, .F. ) ;
#304 = CARTESIAN_POINT ( 'NONE',  ( 6.000000000000000000, 3.499999999999999112, 4.000000000000000000 ) ) ;
#305 = ORIENTED_EDGE ( 'NONE', *, *, #672, .T. ) ;
#306 = FACE_OUTER_BOUND ( 'NONE', #1128, .T. ) ;
#307 = CYLINDRICAL_SURFACE ( 'NONE', #1573, 0.5000000000000000000 ) ;
#308 = LINE ( 'NONE', #1301, #1310 ) ;
#309 = ORIENTED_EDGE ( 'NONE', *, *, #529, .F. ) ;
#310 = EDGE_CURVE ( 'NONE', #1006, #1239, #1214, .T. ) ;
#311 = ORIENTED_EDGE ( 'NONE', *, *, #986, .F. ) ;
#312 = APPLICATION_PROTOCOL_DEFINITION ( 'international standard', 'config_control_design', 1994, #850 ) ;
#313 = VERTEX_POINT ( 'NONE', #139 ) ;
#314 = CARTESIAN_POINT ( 'NONE',  ( 3.367778697655221012E-16, -4.000000000000000000, -2.750000000000000000 ) ) ;
#315 = DIRECTION ( 'NONE',  ( 0.000000000000000000, -1.000000000000000000, 0.000000000000000000 ) ) ;
#316 = DIRECTION ( 'NONE',  ( -1.747729060459023048E-16, 1.000000000000000000, 0.000000000000000000 ) ) ;
#317 = ORIENTED_EDGE ( 'NONE', *, *, #329, .F. ) ;
#318 = AXIS2_PLACEMENT_3D ( 'NONE', #1285, #546, #172 ) ;
#319 = EDGE_CURVE ( 'NONE', #1320, #504, #1052, .T. ) ;
#320 = CIRCLE ( 'NONE', #134, 0.5000000000000000000 ) ;
#321 = APPROVAL_DATE_TIME ( #1434, #576 ) ;
#322 = VECTOR ( 'NONE', #544, 1000.000000000000000 ) ;
#323 = AXIS2_PLACEMENT_3D ( 'NONE', #1538, #416, #912 ) ;
#324 = CARTESIAN_POINT ( 'NONE',  ( 2.349999999999999645, 0.5000000000000000000, -4.000000000000000000 ) ) ;
#325 = DIRECTION ( 'NONE',  ( -1.000000000000000000, -9.637352644315595243E-17, 0.000000000000000000 ) ) ;
#326 = ORIENTED_EDGE ( 'NONE', *, *, #785, .T. ) ;
#327 = LINE ( 'NONE', #224, #1101 ) ;
#328 = CARTESIAN_POINT ( 'NONE',  ( 0.000000000000000000, 3.499999999999998668, 0.000000000000000000 ) ) ;
#329 = EDGE_CURVE ( 'NONE', #688, #460, #1311, .T. ) ;
#330 = DIRECTION ( 'NONE',  ( -0.000000000000000000, 1.000000000000000000, -0.000000000000000000 ) ) ;
#331 = CARTESIAN_POINT ( 'NONE',  ( 1.850000000000000089, -4.000000000000000000, -4.000000000000000000 ) ) ;
#332 = FACE_OUTER_BOUND ( 'NONE', #11, .T. ) ;
#333 = ORIENTED_EDGE ( 'NONE', *, *, #408, .F. ) ;
#334 = DIRECTION ( 'NONE',  ( 0.000000000000000000, 0.000000000000000000, -1.000000000000000000 ) ) ;
#335 = APPLICATION_PROTOCOL_DEFINITION ( 'international standard', 'config_control_design', 1994, #350 ) ;
#336 = CC_DESIGN_DATE_AND_TIME_ASSIGNMENT ( #1565, #693, ( #525 ) ) ;
#337 = CARTESIAN_POINT ( 'NONE',  ( 0.000000000000000000, -4.000000000000000000, 0.000000000000000000 ) ) ;
#338 = CARTESIAN_POINT ( 'NONE',  ( -1.849999999999999645, 1.782910239198384713E-16, 4.000000000000000000 ) ) ;
#339 = CARTESIAN_POINT ( 'NONE',  ( -2.219717615135675892, -4.340484742058585255, 0.8758397013571251888 ) ) ;
#340 = EDGE_LOOP ( 'NONE', ( #989, #64, #778, #1552 ) ) ;
#341 = CYLINDRICAL_SURFACE ( 'NONE', #1183, 0.5000000000000000000 ) ;
#342 = CIRCLE ( 'NONE', #1359, 1.000000000000000000 ) ;
#343 = CARTESIAN_POINT ( 'NONE',  ( 2.755455298081544285E-16, -4.000000000000000000, -2.250000000000000000 ) ) ;
#344 = AXIS2_PLACEMENT_3D ( 'NONE', #248, #12, #1018 ) ;
#345 = DIRECTION ( 'NONE',  ( -0.000000000000000000, -1.000000000000000000, -0.000000000000000000 ) ) ;
#346 = AXIS2_PLACEMENT_3D ( 'NONE', #1162, #1511, #389 ) ;
#347 = VECTOR ( 'NONE', #1034, 1000.000000000000000 ) ;
#348 = DIRECTION ( 'NONE',  ( -0.000000000000000000, 1.000000000000000000, -0.000000000000000000 ) ) ;
#349 = EDGE_CURVE ( 'NONE', #875, #688, #426, .T. ) ;
#350 = APPLICATION_CONTEXT ( 'configuration controlled 3d designs of mechanical parts and assemblies' ) ;
#351 = DIRECTION ( 'NONE',  ( -1.000000000000000000, 0.000000000000000000, 0.000000000000000000 ) ) ;
#352 = CYLINDRICAL_SURFACE ( 'NONE', #1103, 0.5000000000000000000 ) ;
#353 = CARTESIAN_POINT ( 'NONE',  ( 6.000000000000000000, -6.379211070675434126E-16, 3.500000000000000000 ) ) ;
#354 = FACE_OUTER_BOUND ( 'NONE', #1057, .T. ) ;
#355 = DIRECTION ( 'NONE',  ( 0.000000000000000000, 0.000000000000000000, 1.000000000000000000 ) ) ;
#356 = ADVANCED_FACE ( 'NONE', ( #1485 ), #625, .T. ) ;
#357 = EDGE_CURVE ( 'NONE', #406, #802, #1250, .T. ) ;
#358 = CARTESIAN_POINT ( 'NONE',  ( -1.850000000000000089, -4.000000000000000000, -3.499999999999999556 ) ) ;
#359 = DIRECTION ( 'NONE',  ( 1.000000000000000000, -0.000000000000000000, 0.000000000000000000 ) ) ;
#360 = VERTEX_POINT ( 'NONE', #1131 ) ;
#361 = DIRECTION ( 'NONE',  ( 1.000000000000000000, 0.000000000000000000, -0.000000000000000000 ) ) ;
#362 = SECURITY_CLASSIFICATION_LEVEL ( 'unclassified' ) ;
#363 = FACE_OUTER_BOUND ( 'NONE', #1295, .T. ) ;
#364 = AXIS2_PLACEMENT_3D ( 'NONE', #587, #1423, #962 ) ;
#365 = ORIENTED_EDGE ( 'NONE', *, *, #855, .T. ) ;
#366 = AXIS2_PLACEMENT_3D ( 'NONE', #214, #1460, #1473 ) ;
#367 = DIRECTION ( 'NONE',  ( -0.000000000000000000, -1.000000000000000000, -0.000000000000000000 ) ) ;
#368 = APPROVAL_PERSON_ORGANIZATION ( #488, #171, #237 ) ;
#369 = AXIS2_PLACEMENT_3D ( 'NONE', #1324, #1474, #208 ) ;
#370 = AXIS2_PLACEMENT_3D ( 'NONE', #825, #58, #1297 ) ;
#371 = VECTOR ( 'NONE', #1066, 1000.000000000000000 ) ;
#372 = APPROVAL_DATE_TIME ( #598, #171 ) ;
#373 = DIRECTION ( 'NONE',  ( 1.000000000000000000, 0.000000000000000000, 0.000000000000000000 ) ) ;
#374 = EDGE_CURVE ( 'NONE', #815, #1315, #118, .T. ) ;
#375 = ORIENTED_EDGE ( 'NONE', *, *, #1346, .F. ) ;
#376 = EDGE_CURVE ( 'NONE', #635, #775, #1490, .T. ) ;
#377 = CARTESIAN_POINT ( 'NONE',  ( 0.000000000000000000, -4.500000000000000000, 0.000000000000000000 ) ) ;
#378 = PLANE ( 'NONE',  #1489 ) ;
#379 = ORIENTED_EDGE ( 'NONE', *, *, #694, .T. ) ;
#380 = DIRECTION ( 'NONE',  ( -1.224646799147353454E-16, 0.000000000000000000, -1.000000000000000000 ) ) ;
#381 = CARTESIAN_POINT ( 'NONE',  ( 1.984967967928944699, -4.482565550500424045, 1.704459652751791898 ) ) ;
#382 = EDGE_LOOP ( 'NONE', ( #924, #509, #656, #654 ) ) ;
#383 = ORIENTED_EDGE ( 'NONE', *, *, #1095, .T. ) ;
#384 = CARTESIAN_POINT ( 'NONE',  ( -2.350000000000000089, -4.500000000000000000, 4.000000000000000000 ) ) ;
#385 = ADVANCED_FACE ( 'NONE', ( #995 ), #19, .F. ) ;
#386 = FACE_OUTER_BOUND ( 'NONE', #1367, .T. ) ;
#387 = VERTEX_POINT ( 'NONE', #988 ) ;
#388 = DIRECTION ( 'NONE',  ( 0.000000000000000000, 0.000000000000000000, 1.000000000000000000 ) ) ;
#389 = DIRECTION ( 'NONE',  ( 0.000000000000000000, 0.000000000000000000, 1.000000000000000000 ) ) ;
#390 = ORIENTED_EDGE ( 'NONE', *, *, #970, .F. ) ;
#391 = ORIENTED_EDGE ( 'NONE', *, *, #906, .F. ) ;
#392 = LINE ( 'NONE', #288, #456 ) ;
#393 = CIRCLE ( 'NONE', #113, 0.5000000000000004441 ) ;
#394 = CARTESIAN_POINT ( 'NONE',  ( 5.500000000000000000, 3.499999999999999112, -3.500000000000000000 ) ) ;
#395 = CIRCLE ( 'NONE', #1206, 0.5000000000000000000 ) ;
#396 = ADVANCED_FACE ( 'NONE', ( #363 ), #1370, .F. ) ;
#397 = AXIS2_PLACEMENT_3D ( 'NONE', #489, #494, #1125 ) ;
#398 = TOROIDAL_SURFACE ( 'NONE', #164, 1.000000000000000000, 0.5000000000000000000 ) ;
#399 = AXIS2_PLACEMENT_3D ( 'NONE', #1252, #776, #373 ) ;
#400 = FACE_OUTER_BOUND ( 'NONE', #700, .T. ) ;
#401 = CARTESIAN_POINT ( 'NONE',  ( 0.000000000000000000, 3.499999999999998668, 0.000000000000000000 ) ) ;
#402 = ORIENTED_EDGE ( 'NONE', *, *, #192, .F. ) ;
#403 = EDGE_LOOP ( 'NONE', ( #59, #871, #512, #18, #683 ) ) ;
#404 = CARTESIAN_POINT ( 'NONE',  ( 5.500000000000000000, 0.4999999999999994449, 3.500000000000000000 ) ) ;
#405 = DIRECTION ( 'NONE',  ( -0.000000000000000000, -0.000000000000000000, 1.000000000000000000 ) ) ;
#406 = VERTEX_POINT ( 'NONE', #1494 ) ;
#407 = EDGE_CURVE ( 'NONE', #1615, #360, #1358, .T. ) ;
#408 = EDGE_CURVE ( 'NONE', #1256, #710, #1139, .T. ) ;
#409 = CARTESIAN_POINT ( 'NONE',  ( -2.849999999999999645, -0.5000000000000001110, -3.499999999999999556 ) ) ;
#410 = CARTESIAN_POINT ( 'NONE',  ( -5.500000000000000000, 0.4999999999999994449, -3.500000000000000000 ) ) ;
#411 = ORIENTED_EDGE ( 'NONE', *, *, #1548, .F. ) ;
#412 = CARTESIAN_POINT ( 'NONE',  ( -1.850000000000000089, -4.000000000000000000, 4.000000000000000000 ) ) ;
#413 = DIRECTION ( 'NONE',  ( 1.000000000000000000, 0.000000000000000000, 0.000000000000000000 ) ) ;
#414 = FACE_OUTER_BOUND ( 'NONE', #1497, .T. ) ;
#415 = ORIENTED_EDGE ( 'NONE', *, *, #188, .F. ) ;
#416 = DIRECTION ( 'NONE',  ( 0.000000000000000000, 1.000000000000000000, 0.000000000000000000 ) ) ;
#417 = SPHERICAL_SURFACE ( 'NONE', #1155, 0.5000000000000000000 ) ;
#418 = EDGE_CURVE ( 'NONE', #1243, #1127, #1157, .T. ) ;
#419 = VERTEX_POINT ( 'NONE', #276 ) ;
#420 = PLANE ( 'NONE',  #948 ) ;
#421 = DIRECTION ( 'NONE',  ( 0.000000000000000000, 0.000000000000000000, -1.000000000000000000 ) ) ;
#422 = DIRECTION ( 'NONE',  ( 1.000000000000000000, 0.000000000000000000, 0.000000000000000000 ) ) ;
#423 = AXIS2_PLACEMENT_3D ( 'NONE', #131, #242, #1245 ) ;
#424 = ORIENTED_EDGE ( 'NONE', *, *, #408, .T. ) ;
#425 = VECTOR ( 'NONE', #1374, 1000.000000000000000 ) ;
#426 = CIRCLE ( 'NONE', #344, 2.250000000000000000 ) ;
#427 = CC_DESIGN_SECURITY_CLASSIFICATION ( #717, ( #766 ) ) ;
#428 = VECTOR ( 'NONE', #90, 1000.000000000000000 ) ;
#429 = CIRCLE ( 'NONE', #1338, 0.5000000000000000000 ) ;
#430 = CARTESIAN_POINT ( 'NONE',  ( -5.500000000000000000, 0.4999999999999994449, -3.500000000000000000 ) ) ;
#431 = ORIENTED_EDGE ( 'NONE', *, *, #1249, .F. ) ;
#432 = EDGE_CURVE ( 'NONE', #1229, #29, #1242, .T. ) ;
#433 = DIRECTION ( 'NONE',  ( -1.000000000000000000, 0.000000000000000000, -0.000000000000000000 ) ) ;
#434 = DIRECTION ( 'NONE',  ( 0.000000000000000000, 0.000000000000000000, -1.000000000000000000 ) ) ;
#435 = CARTESIAN_POINT ( 'NONE',  ( -2.143044203903861078, -4.408345526576042950, 1.213462222653032496 ) ) ;
#436 = ADVANCED_FACE ( 'NONE', ( #400 ), #897, .T. ) ;
#437 = ORIENTED_EDGE ( 'NONE', *, *, #768, .F. ) ;
#438 = ORIENTED_EDGE ( 'NONE', *, *, #1592, .F. ) ;
#439 = DIRECTION ( 'NONE',  ( 0.000000000000000000, 0.000000000000000000, 1.000000000000000000 ) ) ;
#440 = CARTESIAN_POINT ( 'NONE',  ( 5.500000000000000000, 0.4999999999999994449, 4.000000000000000000 ) ) ;
#441 = CARTESIAN_POINT ( 'NONE',  ( 2.849999999999999645, 0.4999999999999998890, -4.000000000000000000 ) ) ;
#442 = ADVANCED_FACE ( 'NONE', ( #1112 ), #1211, .T. ) ;
#443 = ORIENTED_EDGE ( 'NONE', *, *, #768, .T. ) ;
#444 = CALENDAR_DATE ( 2025, 23, 5 ) ;
#445 = DIRECTION ( 'NONE',  ( 0.000000000000000000, 0.000000000000000000, -1.000000000000000000 ) ) ;
#446 = CARTESIAN_POINT ( 'NONE',  ( 5.500000000000000000, 3.999999999999999112, -3.499999999999999556 ) ) ;
#447 = FACE_OUTER_BOUND ( 'NONE', #523, .T. ) ;
#448 = VERTEX_POINT ( 'NONE', #124 ) ;
#449 = EDGE_CURVE ( 'NONE', #1527, #154, #429, .T. ) ;
#450 = ORIENTED_EDGE ( 'NONE', *, *, #529, .T. ) ;
#451 = CIRCLE ( 'NONE', #1019, 0.5000000000000004441 ) ;
#452 = CARTESIAN_POINT ( 'NONE',  ( 0.000000000000000000, 0.000000000000000000, 4.000000000000000000 ) ) ;
#453 = CIRCLE ( 'NONE', #1077, 2.250000000000000000 ) ;
#454 = AXIS2_PLACEMENT_3D ( 'NONE', #1189, #445, #78 ) ;
#455 = CIRCLE ( 'NONE', #1054, 1.000000000000000000 ) ;
#456 = VECTOR ( 'NONE', #421, 1000.000000000000000 ) ;
#457 = CARTESIAN_POINT ( 'NONE',  ( -2.349999999999999645, -0.5000000000000001110, -4.000000000000000000 ) ) ;
#458 = DIRECTION ( 'NONE',  ( -1.000000000000000000, 0.000000000000000000, 0.000000000000000000 ) ) ;
#459 = DIRECTION ( 'NONE',  ( -1.000000000000000000, -9.637352644315594010E-17, 0.000000000000000000 ) ) ;
#460 = VERTEX_POINT ( 'NONE', #1161 ) ;
#461 = ORIENTED_EDGE ( 'NONE', *, *, #987, .F. ) ;
#462 = CYLINDRICAL_SURFACE ( 'NONE', #366, 0.5000000000000000000 ) ;
#463 = DIRECTION ( 'NONE',  ( 0.000000000000000000, 0.000000000000000000, 1.000000000000000000 ) ) ;
#464 = CARTESIAN_POINT ( 'NONE',  ( 0.000000000000000000, 3.499999999999999112, 3.500000000000000000 ) ) ;
#465 = PLANE ( 'NONE',  #1284 ) ;
#466 = DIRECTION ( 'NONE',  ( -1.000000000000000000, 0.000000000000000000, 0.000000000000000000 ) ) ;
#467 = ORIENTED_EDGE ( 'NONE', *, *, #1190, .T. ) ;
#468 = DIRECTION ( 'NONE',  ( -1.000000000000000000, -1.747729060459023048E-16, 0.000000000000000000 ) ) ;
#469 = ORIENTED_EDGE ( 'NONE', *, *, #1062, .T. ) ;
#470 = DIRECTION ( 'NONE',  ( 0.000000000000000000, 0.000000000000000000, 1.000000000000000000 ) ) ;
#471 = ADVANCED_FACE ( 'NONE', ( #1169 ), #174, .T. ) ;
#472 = DIRECTION ( 'NONE',  ( -1.000000000000000000, 0.000000000000000000, 0.000000000000000000 ) ) ;
#473 = DIRECTION ( 'NONE',  ( 9.637352644315595243E-17, 1.000000000000000000, 0.000000000000000000 ) ) ;
#474 = VECTOR ( 'NONE', #1145, 1000.000000000000000 ) ;
#475 = VECTOR ( 'NONE', #604, 1000.000000000000000 ) ;
#476 = CARTESIAN_POINT ( 'NONE',  ( 6.000000000000000000, 0.4999999999999994449, 3.500000000000000000 ) ) ;
#477 = CIRCLE ( 'NONE', #1122, 0.5000000000000000000 ) ;
#478 = FACE_OUTER_BOUND ( 'NONE', #543, .T. ) ;
#479 = LOCAL_TIME ( 10, 37, 8.000000000000000000, #1330 ) ;
#480 = AXIS2_PLACEMENT_3D ( 'NONE', #937, #209, #568 ) ;
#481 = CARTESIAN_POINT ( 'NONE',  ( -2.350000000000000089, -4.000000000000000000, 3.500000000000000000 ) ) ;
#482 = DIRECTION ( 'NONE',  ( 1.000000000000000000, 0.000000000000000000, -0.000000000000000000 ) ) ;
#483 = ADVANCED_FACE ( 'NONE', ( #152 ), #610, .T. ) ;
#484 = CARTESIAN_POINT ( 'NONE',  ( 1.849999999999999645, 1.782910239198384713E-16, 4.000000000000000000 ) ) ;
#485 = SPHERICAL_SURFACE ( 'NONE', #840, 0.5000000000000000000 ) ;
#486 = CARTESIAN_POINT ( 'NONE',  ( -5.500000000000000000, 3.499999999999999112, -3.500000000000000000 ) ) ;
#487 = ADVANCED_FACE ( 'NONE', ( #541 ), #894, .T. ) ;
#488 = PERSON_AND_ORGANIZATION ( #691, #663 ) ;
#489 = CARTESIAN_POINT ( 'NONE',  ( 5.500000000000000000, 0.4999999999999994449, -3.500000000000000000 ) ) ;
#490 = EDGE_LOOP ( 'NONE', ( #764, #1451, #1298, #279 ) ) ;
#491 = LINE ( 'NONE', #985, #1406 ) ;
#492 = EDGE_CURVE ( 'NONE', #1135, #387, #1547, .T. ) ;
#493 = EDGE_CURVE ( 'NONE', #596, #154, #997, .T. ) ;
#494 = DIRECTION ( 'NONE',  ( -0.000000000000000000, 1.000000000000000000, 0.000000000000000000 ) ) ;
#495 = EDGE_LOOP ( 'NONE', ( #784, #1143, #461, #1263 ) ) ;
#496 = AXIS2_PLACEMENT_3D ( 'NONE', #852, #609, #983 ) ;
#497 = ORIENTED_EDGE ( 'NONE', *, *, #987, .T. ) ;
#498 = AXIS2_PLACEMENT_3D ( 'NONE', #394, #1273, #1397 ) ;
#499 = DIRECTION ( 'NONE',  ( 0.000000000000000000, -1.000000000000000000, 0.000000000000000000 ) ) ;
#500 = LOCAL_TIME ( 10, 37, 8.000000000000000000, #1064 ) ;
#501 = AXIS2_PLACEMENT_3D ( 'NONE', #225, #1225, #1584 ) ;
#502 = FACE_OUTER_BOUND ( 'NONE', #891, .T. ) ;
#503 = AXIS2_PLACEMENT_3D ( 'NONE', #57, #49, #1276 ) ;
#504 = VERTEX_POINT ( 'NONE', #1147 ) ;
#505 = DIRECTION ( 'NONE',  ( 0.000000000000000000, 0.000000000000000000, -1.000000000000000000 ) ) ;
#506 = DIRECTION ( 'NONE',  ( 0.000000000000000000, 0.000000000000000000, 1.000000000000000000 ) ) ;
#507 = EDGE_CURVE ( 'NONE', #926, #1069, #39, .T. ) ;
#508 = ORIENTED_EDGE ( 'NONE', *, *, #357, .F. ) ;
#509 = ORIENTED_EDGE ( 'NONE', *, *, #1537, .F. ) ;
#510 = FACE_OUTER_BOUND ( 'NONE', #1098, .T. ) ;
#511 = DIRECTION ( 'NONE',  ( 0.000000000000000000, 0.000000000000000000, -1.000000000000000000 ) ) ;
#512 = ORIENTED_EDGE ( 'NONE', *, *, #374, .T. ) ;
#513 = DIRECTION ( 'NONE',  ( 0.000000000000000000, 0.000000000000000000, 1.000000000000000000 ) ) ;
#514 = DIRECTION ( 'NONE',  ( 0.000000000000000000, 1.000000000000000000, 0.000000000000000000 ) ) ;
#515 = ORIENTED_EDGE ( 'NONE', *, *, #1368, .T. ) ;
#516 = EDGE_CURVE ( 'NONE', #715, #1150, #843, .T. ) ;
#517 = ORIENTED_EDGE ( 'NONE', *, *, #1365, .F. ) ;
#518 = CYLINDRICAL_SURFACE ( 'NONE', #585, 0.5000000000000000000 ) ;
#519 = LINE ( 'NONE', #1417, #1121 ) ;
#520 = CARTESIAN_POINT ( 'NONE',  ( -1.850000000000000089, -4.500000000000000000, 4.000000000000000000 ) ) ;
#521 = CYLINDRICAL_SURFACE ( 'NONE', #994, 0.5000000000000004441 ) ;
#522 = ORIENTED_EDGE ( 'NONE', *, *, #1259, .T. ) ;
#523 = EDGE_LOOP ( 'NONE', ( #753, #2, #882, #1153 ) ) ;
#524 = DIRECTION ( 'NONE',  ( -1.747729060459023048E-16, 1.000000000000000000, 0.000000000000000000 ) ) ;
#525 = PRODUCT_DEFINITION ( 'UNKNOWN', '', #766, #729 ) ;
#526 = AXIS2_PLACEMENT_3D ( 'NONE', #1107, #359, #104 ) ;
#527 = DIRECTION ( 'NONE',  ( -0.000000000000000000, -0.000000000000000000, 1.000000000000000000 ) ) ;
#528 = AXIS2_PLACEMENT_3D ( 'NONE', #1082, #1445, #1001 ) ;
#529 = EDGE_CURVE ( 'NONE', #460, #621, #1416, .T. ) ;
#530 = VECTOR ( 'NONE', #1289, 1000.000000000000000 ) ;
#531 = ORIENTED_EDGE ( 'NONE', *, *, #1115, .F. ) ;
#532 = VECTOR ( 'NONE', #545, 1000.000000000000000 ) ;
#533 = CARTESIAN_POINT ( 'NONE',  ( 1.850000000000000089, -4.000000000000000000, -3.499999999999999556 ) ) ;
#534 = CARTESIAN_POINT ( 'NONE',  ( -2.849999999999999645, -0.5000000000000001110, -3.499999999999999556 ) ) ;
#535 = VERTEX_POINT ( 'NONE', #900 ) ;
#536 = ORIENTED_EDGE ( 'NONE', *, *, #816, .T. ) ;
#537 = CARTESIAN_POINT ( 'NONE',  ( -6.000000000000000000, 3.999999999999999112, 3.500000000000000000 ) ) ;
#538 = DIRECTION ( 'NONE',  ( 0.000000000000000000, 1.000000000000000000, 0.000000000000000000 ) ) ;
#539 = ORIENTED_EDGE ( 'NONE', *, *, #192, .T. ) ;
#540 = EDGE_CURVE ( 'NONE', #802, #1243, #392, .T. ) ;
#541 = FACE_OUTER_BOUND ( 'NONE', #933, .T. ) ;
#542 = CARTESIAN_POINT ( 'NONE',  ( 2.290595711463314199, -4.239129986195223410, 0.3417201086468864002 ) ) ;
#543 = EDGE_LOOP ( 'NONE', ( #1014, #730, #899, #1525 ) ) ;
#544 = DIRECTION ( 'NONE',  ( 0.000000000000000000, -1.000000000000000000, -0.000000000000000000 ) ) ;
#545 = DIRECTION ( 'NONE',  ( 9.637352644315595243E-17, -1.000000000000000000, -0.000000000000000000 ) ) ;
#546 = DIRECTION ( 'NONE',  ( -0.000000000000000000, -0.000000000000000000, -1.000000000000000000 ) ) ;
#547 = ORIENTED_EDGE ( 'NONE', *, *, #81, .F. ) ;
#548 = EDGE_CURVE ( 'NONE', #278, #1171, #1173, .T. ) ;
#549 = ADVANCED_FACE ( 'NONE', ( #44 ), #518, .T. ) ;
#550 = ORIENTED_EDGE ( 'NONE', *, *, #540, .F. ) ;
#551 = DIRECTION ( 'NONE',  ( 1.224646799147353454E-16, 0.000000000000000000, -1.000000000000000000 ) ) ;
#552 = FACE_OUTER_BOUND ( 'NONE', #761, .T. ) ;
#553 = CARTESIAN_POINT ( 'NONE',  ( -1.984967967928945143, -4.482565550500424045, -1.704459652751790566 ) ) ;
#554 = AXIS2_PLACEMENT_3D ( 'NONE', #685, #1556, #434 ) ;
#555 = ORIENTED_EDGE ( 'NONE', *, *, #674, .T. ) ;
#556 = CIRCLE ( 'NONE', #740, 0.5000000000000004441 ) ;
#557 = AXIS2_PLACEMENT_3D ( 'NONE', #314, #1195, #551 ) ;
#558 = AXIS2_PLACEMENT_3D ( 'NONE', #328, #182, #200 ) ;
#559 = AXIS2_PLACEMENT_3D ( 'NONE', #765, #413, #788 ) ;
#560 = PERSON_AND_ORGANIZATION ( #691, #663 ) ;
#561 = ORIENTED_EDGE ( 'NONE', *, *, #1168, .T. ) ;
#562 = CYLINDRICAL_SURFACE ( 'NONE', #454, 0.5000000000000000000 ) ;
#563 = CARTESIAN_POINT ( 'NONE',  ( 1.849999999999999645, -0.5000000000000001110, -3.499999999999999556 ) ) ;
#564 = CARTESIAN_POINT ( 'NONE',  ( 2.849999999999999645, -8.738645302295106613E-17, -3.499999999999999556 ) ) ;
#565 = ORIENTED_EDGE ( 'NONE', *, *, #819, .T. ) ;
#566 = APPROVAL_ROLE ( '' ) ;
#567 = DIRECTION ( 'NONE',  ( 1.747729060459023048E-16, 1.000000000000000000, 0.000000000000000000 ) ) ;
#568 = DIRECTION ( 'NONE',  ( 0.000000000000000000, 0.000000000000000000, -1.000000000000000000 ) ) ;
#569 = EDGE_CURVE ( 'NONE', #29, #448, #665, .T. ) ;
#570 = CARTESIAN_POINT ( 'NONE',  ( -6.000000000000000000, -6.379211070675434126E-16, 4.000000000000000000 ) ) ;
#571 = ORIENTED_EDGE ( 'NONE', *, *, #1327, .T. ) ;
#572 = DIRECTION ( 'NONE',  ( 0.000000000000000000, 0.000000000000000000, -1.000000000000000000 ) ) ;
#573 = DIRECTION ( 'NONE',  ( -0.000000000000000000, -0.000000000000000000, -1.000000000000000000 ) ) ;
#574 = FACE_OUTER_BOUND ( 'NONE', #403, .T. ) ;
#575 = CARTESIAN_POINT ( 'NONE',  ( -2.248925067112514498, -4.303624012448404201, 0.7064998232711787729 ) ) ;
#576 = APPROVAL ( #818, 'UNSPECIFIED' ) ;
#577 = ORIENTED_EDGE ( 'NONE', *, *, #418, .F. ) ;
#578 = AXIS2_PLACEMENT_3D ( 'NONE', #1238, #1230, #355 ) ;
#579 = EDGE_CURVE ( 'NONE', #926, #1160, #657, .T. ) ;
#580 = AXIS2_PLACEMENT_3D ( 'NONE', #597, #468, #1571 ) ;
#581 = DIRECTION ( 'NONE',  ( 0.000000000000000000, -1.000000000000000000, 0.000000000000000000 ) ) ;
#582 =( NAMED_UNIT ( * ) SI_UNIT ( $, .STERADIAN. ) SOLID_ANGLE_UNIT ( ) );
#583 = VECTOR ( 'NONE', #238, 1000.000000000000000 ) ;
#584 = ORIENTED_EDGE ( 'NONE', *, *, #1217, .T. ) ;
#585 = AXIS2_PLACEMENT_3D ( 'NONE', #1396, #1292, #524 ) ;
#586 = CARTESIAN_POINT ( 'NONE',  ( 5.500000000000000000, 3.499999999999999112, 4.000000000000000000 ) ) ;
#587 = CARTESIAN_POINT ( 'NONE',  ( 5.500000000000000000, 3.499999999999999112, 3.500000000000000000 ) ) ;
#588 = CARTESIAN_POINT ( 'NONE',  ( -2.288743697299968183, -4.242554567439054125, 0.3644318901491143126 ) ) ;
#589 = EDGE_LOOP ( 'NONE', ( #754, #1251, #183, #547 ) ) ;
#590 = ORIENTED_EDGE ( 'NONE', *, *, #432, .F. ) ;
#591 = EDGE_CURVE ( 'NONE', #1, #596, #1136, .T. ) ;
#592 = LINE ( 'NONE', #953, #789 ) ;
#593 = DIRECTION ( 'NONE',  ( -1.000000000000000000, 0.000000000000000000, 0.000000000000000000 ) ) ;
#594 = CARTESIAN_POINT ( 'NONE',  ( -5.500000000000000000, 0.4999999999999994449, 3.500000000000000000 ) ) ;
#595 = CARTESIAN_POINT ( 'NONE',  ( 5.500000000000000000, 3.499999999999999112, -4.000000000000000000 ) ) ;
#596 = VERTEX_POINT ( 'NONE', #300 ) ;
#597 = CARTESIAN_POINT ( 'NONE',  ( -6.000000000000000000, 0.4999999999999993339, -3.499999999999999556 ) ) ;
#598 = DATE_AND_TIME ( #738, #1279 ) ;
#599 = DIRECTION ( 'NONE',  ( -0.000000000000000000, -1.000000000000000000, -0.000000000000000000 ) ) ;
#600 = DIRECTION ( 'NONE',  ( 0.000000000000000000, 0.000000000000000000, 1.000000000000000000 ) ) ;
#601 = EDGE_CURVE ( 'NONE', #1498, #635, #24, .T. ) ;
#602 = CARTESIAN_POINT ( 'NONE',  ( 0.000000000000000000, -4.500000000000000000, 2.250000000000000000 ) ) ;
#603 = CARTESIAN_POINT ( 'NONE',  ( -5.500000000000000000, 0.4999999999999994449, 3.500000000000000000 ) ) ;
#604 = DIRECTION ( 'NONE',  ( -1.000000000000000000, -1.747729060459023048E-16, -0.000000000000000000 ) ) ;
#605 = CIRCLE ( 'NONE', #318, 0.5000000000000004441 ) ;
#606 = VECTOR ( 'NONE', #938, 1000.000000000000000 ) ;
#607 = LINE ( 'NONE', #1236, #244 ) ;
#608 = AXIS2_PLACEMENT_3D ( 'NONE', #1059, #1003, #380 ) ;
#609 = DIRECTION ( 'NONE',  ( 0.000000000000000000, 1.000000000000000000, 0.000000000000000000 ) ) ;
#610 = TOROIDAL_SURFACE ( 'NONE', #1522, 1.000000000000000000, 0.5000000000000000000 ) ;
#611 = DIRECTION ( 'NONE',  ( 0.000000000000000000, 1.000000000000000000, 0.000000000000000000 ) ) ;
#612 = ADVANCED_FACE ( 'NONE', ( #1025 ), #909, .T. ) ;
#613 = LINE ( 'NONE', #872, #34 ) ;
#614 = CARTESIAN_POINT ( 'NONE',  ( -5.500000000000000000, 3.499999999999999112, -3.500000000000000000 ) ) ;
#615 = ORIENTED_EDGE ( 'NONE', *, *, #1038, .T. ) ;
#616 = ORIENTED_EDGE ( 'NONE', *, *, #896, .T. ) ;
#617 = DIRECTION ( 'NONE',  ( 0.000000000000000000, 0.000000000000000000, -1.000000000000000000 ) ) ;
#618 = ADVANCED_FACE ( 'NONE', ( #1144 ), #1165, .F. ) ;
#619 = EDGE_CURVE ( 'NONE', #1243, #1179, #117, .T. ) ;
#620 = CARTESIAN_POINT ( 'NONE',  ( 5.500000000000000000, 3.499999999999999112, -3.499999999999999556 ) ) ;
#621 = VERTEX_POINT ( 'NONE', #1043 ) ;
#622 = DIRECTION ( 'NONE',  ( -1.000000000000000000, -0.000000000000000000, -0.000000000000000000 ) ) ;
#623 = EDGE_CURVE ( 'NONE', #142, #875, #149, .T. ) ;
#624 = EDGE_CURVE ( 'NONE', #262, #651, #9, .T. ) ;
#625 = CYLINDRICAL_SURFACE ( 'NONE', #1520, 0.5000000000000004441 ) ;
#626 = CIRCLE ( 'NONE', #839, 0.5000000000000004441 ) ;
#627 = ORIENTED_EDGE ( 'NONE', *, *, #725, .T. ) ;
#628 = AXIS2_PLACEMENT_3D ( 'NONE', #1067, #325, #1204 ) ;
#629 = CIRCLE ( 'NONE', #1383, 2.250000000000000000 ) ;
#630 = EDGE_LOOP ( 'NONE', ( #722, #793, #1443, #438 ) ) ;
#631 = CARTESIAN_POINT ( 'NONE',  ( 1.850000000000000089, -4.000000000000000000, 3.500000000000000000 ) ) ;
#632 = VECTOR ( 'NONE', #1407, 1000.000000000000000 ) ;
#633 = CARTESIAN_POINT ( 'NONE',  ( -1.849999999999999645, -4.818676322157797621E-17, -3.499999999999999556 ) ) ;
#634 = PRODUCT ( 'piece_up_serrage_rails_mobiles', 'piece_up_serrage_rails_mobiles', '', ( #1453 ) ) ;
#635 = VERTEX_POINT ( 'NONE', #1050 ) ;
#636 = EDGE_CURVE ( 'NONE', #1527, #262, #678, .T. ) ;
#637 = CARTESIAN_POINT ( 'NONE',  ( -1.850000000000000089, -4.500000000000000000, 4.000000000000000000 ) ) ;
#638 = FACE_OUTER_BOUND ( 'NONE', #1351, .T. ) ;
#639 = ORIENTED_EDGE ( 'NONE', *, *, #906, .T. ) ;
#640 = ORIENTED_EDGE ( 'NONE', *, *, #1083, .F. ) ;
#641 = DIRECTION ( 'NONE',  ( 0.000000000000000000, 1.000000000000000000, 0.000000000000000000 ) ) ;
#642 = SPHERICAL_SURFACE ( 'NONE', #292, 0.5000000000000000000 ) ;
#643 = DIRECTION ( 'NONE',  ( 0.000000000000000000, 0.000000000000000000, 1.000000000000000000 ) ) ;
#644 = ADVANCED_FACE ( 'NONE', ( #552 ), #1379, .T. ) ;
#645 = DIRECTION ( 'NONE',  ( 1.000000000000000000, 0.000000000000000000, 0.000000000000000000 ) ) ;
#646 = VERTEX_POINT ( 'NONE', #157 ) ;
#647 = ADVANCED_FACE ( 'NONE', ( #143 ), #1514, .T. ) ;
#648 = ORIENTED_EDGE ( 'NONE', *, *, #1598, .F. ) ;
#649 = CARTESIAN_POINT ( 'NONE',  ( 0.000000000000000000, -4.500000000000000000, 0.000000000000000000 ) ) ;
#650 = DIRECTION ( 'NONE',  ( -1.000000000000000000, 0.000000000000000000, 0.000000000000000000 ) ) ;
#651 = VERTEX_POINT ( 'NONE', #440 ) ;
#652 = DIRECTION ( 'NONE',  ( 1.000000000000000000, 0.000000000000000000, 0.000000000000000000 ) ) ;
#653 = CARTESIAN_POINT ( 'NONE',  ( 2.349999999999999645, -0.5000000000000001110, 3.500000000000000000 ) ) ;
#654 = ORIENTED_EDGE ( 'NONE', *, *, #963, .F. ) ;
#655 = ORIENTED_EDGE ( 'NONE', *, *, #1027, .F. ) ;
#656 = ORIENTED_EDGE ( 'NONE', *, *, #1004, .F. ) ;
#657 = LINE ( 'NONE', #780, #719 ) ;
#658 = CIRCLE ( 'NONE', #888, 0.5000000000000000000 ) ;
#659 = EDGE_CURVE ( 'NONE', #1271, #205, #1437, .T. ) ;
#660 = LINE ( 'NONE', #150, #1408 ) ;
#661 = VECTOR ( 'NONE', #348, 1000.000000000000000 ) ;
#662 = AXIS2_PLACEMENT_3D ( 'NONE', #1595, #733, #982 ) ;
#663 = ORGANIZATION ( 'UNSPECIFIED', 'UNSPECIFIED', '' ) ;
#664 = VERTEX_POINT ( 'NONE', #930 ) ;
#665 = CIRCLE ( 'NONE', #1055, 2.750000000000000000 ) ;
#666 = DIRECTION ( 'NONE',  ( -1.000000000000000000, 0.000000000000000000, 0.000000000000000000 ) ) ;
#667 = DIRECTION ( 'NONE',  ( 0.000000000000000000, 1.000000000000000000, -0.000000000000000000 ) ) ;
#668 = EDGE_LOOP ( 'NONE', ( #207, #1580, #676, #1395 ) ) ;
#669 = DIRECTION ( 'NONE',  ( 0.000000000000000000, 1.000000000000000000, 0.000000000000000000 ) ) ;
#670 = CARTESIAN_POINT ( 'NONE',  ( 2.849999999999999645, -8.738645302295104148E-17, -4.000000000000000000 ) ) ;
#671 = LINE ( 'NONE', #1044, #1232 ) ;
#672 = EDGE_CURVE ( 'NONE', #419, #1558, #692, .T. ) ;
#673 = ORIENTED_EDGE ( 'NONE', *, *, #202, .T. ) ;
#674 = EDGE_CURVE ( 'NONE', #1615, #1163, #1060, .T. ) ;
#675 = DIRECTION ( 'NONE',  ( 0.000000000000000000, 0.000000000000000000, -1.000000000000000000 ) ) ;
#676 = ORIENTED_EDGE ( 'NONE', *, *, #913, .F. ) ;
#677 = DIRECTION ( 'NONE',  ( 0.000000000000000000, 0.000000000000000000, -1.000000000000000000 ) ) ;
#678 = LINE ( 'NONE', #773, #166 ) ;
#679 = CARTESIAN_POINT ( 'NONE',  ( -2.146592599576068405, -4.405772455962619460, -1.200069277318685623 ) ) ;
#680 = ORIENTED_EDGE ( 'NONE', *, *, #1336, .T. ) ;
#681 = ORIENTED_EDGE ( 'NONE', *, *, #1515, .T. ) ;
#682 = EDGE_CURVE ( 'NONE', #688, #875, #1186, .T. ) ;
#683 = ORIENTED_EDGE ( 'NONE', *, *, #579, .T. ) ;
#684 = CARTESIAN_POINT ( 'NONE',  ( -5.500000000000000000, 3.999999999999999112, 3.500000000000000000 ) ) ;
#685 = CARTESIAN_POINT ( 'NONE',  ( 1.850000000000000089, -4.000000000000000000, -3.500000000000000000 ) ) ;
#686 = CARTESIAN_POINT ( 'NONE',  ( -1.985218797063400098, -4.485075295651481220, 1.709716559687814996 ) ) ;
#687 = CIRCLE ( 'NONE', #1488, 2.750000000000000000 ) ;
#688 = VERTEX_POINT ( 'NONE', #834 ) ;
#689 = AXIS2_PLACEMENT_3D ( 'NONE', #633, #473, #1345 ) ;
#690 = VECTOR ( 'NONE', #1260, 1000.000000000000000 ) ;
#691 = PERSON ( 'UNSPECIFIED', 'UNSPECIFIED', 'UNSPECIFIED', ('UNSPECIFIED'), ('UNSPECIFIED'), ('UNSPECIFIED') ) ;
#692 = CIRCLE ( 'NONE', #71, 0.5000000000000004441 ) ;
#693 = DATE_TIME_ROLE ( 'creation_date' ) ;
#694 = EDGE_CURVE ( 'NONE', #1179, #1, #709, .T. ) ;
#695 = FACE_BOUND ( 'NONE', #1410, .T. ) ;
#696 = DIRECTION ( 'NONE',  ( -1.000000000000000000, 1.747729060459023048E-16, -0.000000000000000000 ) ) ;
#697 = PLANE ( 'NONE',  #190 ) ;
#698 = ORIENTED_EDGE ( 'NONE', *, *, #287, .F. ) ;
#699 = LINE ( 'NONE', #304, #245 ) ;
#700 = EDGE_LOOP ( 'NONE', ( #1024, #411, #1536, #870 ) ) ;
#701 = DIRECTION ( 'NONE',  ( 1.000000000000000000, 0.000000000000000000, 0.000000000000000000 ) ) ;
#702 = CARTESIAN_POINT ( 'NONE',  ( -1.885416103039669444, -4.500000000000003553, -1.954537414662033568 ) ) ;
#703 = EDGE_CURVE ( 'NONE', #1146, #1558, #1385, .T. ) ;
#704 = ORIENTED_EDGE ( 'NONE', *, *, #48, .F. ) ;
#705 = ORIENTED_EDGE ( 'NONE', *, *, #287, .T. ) ;
#706 = DIRECTION ( 'NONE',  ( 1.000000000000000000, 1.747729060459023048E-16, 0.000000000000000000 ) ) ;
#707 = CARTESIAN_POINT ( 'NONE',  ( -2.849999999999999645, -0.5000000000000001110, -4.000000000000000000 ) ) ;
#708 = CARTESIAN_POINT ( 'NONE',  ( -2.849999999999999645, -0.5000000000000001110, 4.000000000000000000 ) ) ;
#709 = LINE ( 'NONE', #1196, #371 ) ;
#710 = VERTEX_POINT ( 'NONE', #331 ) ;
#711 = DIRECTION ( 'NONE',  ( 0.000000000000000000, 0.000000000000000000, -1.000000000000000000 ) ) ;
#712 = ADVANCED_FACE ( 'NONE', ( #574 ), #465, .F. ) ;
#713 = ORIENTED_EDGE ( 'NONE', *, *, #1058, .F. ) ;
#714 = AXIS2_PLACEMENT_3D ( 'NONE', #3, #622, #1109 ) ;
#715 = VERTEX_POINT ( 'NONE', #219 ) ;
#716 = CYLINDRICAL_SURFACE ( 'NONE', #580, 0.5000000000000000000 ) ;
#717 = SECURITY_CLASSIFICATION ( '', '', #362 ) ;
#718 = AXIS2_PLACEMENT_3D ( 'NONE', #1291, #1032, #1532 ) ;
#719 = VECTOR ( 'NONE', #1415, 1000.000000000000000 ) ;
#720 = DIRECTION ( 'NONE',  ( 1.000000000000000000, -9.637352644315595243E-17, 0.000000000000000000 ) ) ;
#721 = CARTESIAN_POINT ( 'NONE',  ( -1.849999999999999645, -0.5000000000000001110, -4.000000000000000000 ) ) ;
#722 = ORIENTED_EDGE ( 'NONE', *, *, #1270, .F. ) ;
#723 = EDGE_CURVE ( 'NONE', #1069, #999, #91, .T. ) ;
#724 = CARTESIAN_POINT ( 'NONE',  ( 2.849999999999999645, 0.4999999999999998890, -3.500000000000000000 ) ) ;
#725 = EDGE_CURVE ( 'NONE', #1527, #596, #4, .T. ) ;
#726 = SPHERICAL_SURFACE ( 'NONE', #923, 0.5000000000000000000 ) ;
#727 = LINE ( 'NONE', #353, #1435 ) ;
#728 = FACE_OUTER_BOUND ( 'NONE', #779, .T. ) ;
#729 = DESIGN_CONTEXT ( 'detailed design', #350, 'design' ) ;
#730 = ORIENTED_EDGE ( 'NONE', *, *, #1227, .F. ) ;
#731 = DIRECTION ( 'NONE',  ( -1.000000000000000000, -0.000000000000000000, -0.000000000000000000 ) ) ;
#732 = LINE ( 'NONE', #108, #1600 ) ;
#733 = DIRECTION ( 'NONE',  ( -9.637352644315595243E-17, -1.000000000000000000, 0.000000000000000000 ) ) ;
#734 = DIRECTION ( 'NONE',  ( 0.000000000000000000, 0.000000000000000000, 1.000000000000000000 ) ) ;
#735 = CARTESIAN_POINT ( 'NONE',  ( -6.000000000000000000, 3.499999999999999112, -3.499999999999999556 ) ) ;
#736 = EDGE_LOOP ( 'NONE', ( #772, #285, #1564, #254 ) ) ;
#737 = CARTESIAN_POINT ( 'NONE',  ( 0.000000000000000000, 3.999999999999999112, 0.000000000000000000 ) ) ;
#738 = CALENDAR_DATE ( 2025, 23, 5 ) ;
#739 = AXIS2_PLACEMENT_3D ( 'NONE', #256, #847, #127 ) ;
#740 = AXIS2_PLACEMENT_3D ( 'NONE', #1097, #1092, #1593 ) ;
#741 = DIRECTION ( 'NONE',  ( -1.000000000000000000, 0.000000000000000000, 0.000000000000000000 ) ) ;
#742 = EDGE_CURVE ( 'NONE', #926, #710, #973, .T. ) ;
#743 =( GEOMETRIC_REPRESENTATION_CONTEXT ( 3 ) GLOBAL_UNCERTAINTY_ASSIGNED_CONTEXT ( ( #971 ) ) GLOBAL_UNIT_ASSIGNED_CONTEXT ( ( #1322, #1305, #582 ) ) REPRESENTATION_CONTEXT ( 'NONE', 'WORKASPACE' ) );
#744 = VECTOR ( 'NONE', #1272, 1000.000000000000000 ) ;
#745 = ORIENTED_EDGE ( 'NONE', *, *, #703, .T. ) ;
#746 = DIRECTION ( 'NONE',  ( 0.000000000000000000, 0.000000000000000000, -1.000000000000000000 ) ) ;
#747 = CARTESIAN_POINT ( 'NONE',  ( 1.850000000000000089, -4.500000000000000000, -4.000000000000000000 ) ) ;
#748 = EDGE_LOOP ( 'NONE', ( #1481, #915, #311 ) ) ;
#749 = EDGE_LOOP ( 'NONE', ( #698, #1200, #415, #1425, #1175, #1068 ) ) ;
#750 = LINE ( 'NONE', #859, #290 ) ;
#751 = EDGE_CURVE ( 'NONE', #646, #205, #1466, .T. ) ;
#752 = DIRECTION ( 'NONE',  ( -0.000000000000000000, -1.000000000000000000, -0.000000000000000000 ) ) ;
#753 = ORIENTED_EDGE ( 'NONE', *, *, #540, .T. ) ;
#754 = ORIENTED_EDGE ( 'NONE', *, *, #319, .T. ) ;
#755 = CARTESIAN_POINT ( 'NONE',  ( 5.500000000000000000, 0.4999999999999994449, -3.499999999999999556 ) ) ;
#756 = DIRECTION ( 'NONE',  ( 0.000000000000000000, 0.000000000000000000, 1.000000000000000000 ) ) ;
#757 = ADVANCED_FACE ( 'NONE', ( #1457 ), #84, .F. ) ;
#758 = CARTESIAN_POINT ( 'NONE',  ( -6.000000000000000000, 0.4999999999999993339, -4.000000000000000000 ) ) ;
#759 = CIRCLE ( 'NONE', #1180, 0.5000000000000000000 ) ;
#760 = LINE ( 'NONE', #1030, #7 ) ;
#761 = EDGE_LOOP ( 'NONE', ( #1454, #305, #1021 ) ) ;
#762 = VECTOR ( 'NONE', #25, 1000.000000000000000 ) ;
#763 = AXIS2_PLACEMENT_3D ( 'NONE', #1317, #669, #1049 ) ;
#764 = ORIENTED_EDGE ( 'NONE', *, *, #1484, .T. ) ;
#765 = CARTESIAN_POINT ( 'NONE',  ( -6.000000000000000000, 3.499999999999999112, -3.499999999999999556 ) ) ;
#766 = PRODUCT_DEFINITION_FORMATION_WITH_SPECIFIED_SOURCE ( 'ANY', '', #634, .NOT_KNOWN. ) ;
#767 = CARTESIAN_POINT ( 'NONE',  ( -5.500000000000000000, 3.499999999999999112, -4.000000000000000000 ) ) ;
#768 = EDGE_CURVE ( 'NONE', #272, #1135, #813, .T. ) ;
#769 = DIRECTION ( 'NONE',  ( 0.000000000000000000, -1.000000000000000000, 0.000000000000000000 ) ) ;
#770 = CARTESIAN_POINT ( 'NONE',  ( 2.300552627194750510, -4.216804250019714928, 0.1615281694006507063 ) ) ;
#771 = ORIENTED_EDGE ( 'NONE', *, *, #138, .T. ) ;
#772 = ORIENTED_EDGE ( 'NONE', *, *, #960, .F. ) ;
#773 = CARTESIAN_POINT ( 'NONE',  ( 6.000000000000000000, -6.379211070675434126E-16, 3.500000000000000000 ) ) ;
#774 = CARTESIAN_POINT ( 'NONE',  ( -1.850000000000000089, -4.000000000000000000, 4.000000000000000000 ) ) ;
#775 = VERTEX_POINT ( 'NONE', #196 ) ;
#776 = DIRECTION ( 'NONE',  ( 0.000000000000000000, -0.000000000000000000, -1.000000000000000000 ) ) ;
#777 = LINE ( 'NONE', #1268, #1411 ) ;
#778 = ORIENTED_EDGE ( 'NONE', *, *, #896, .F. ) ;
#779 = EDGE_LOOP ( 'NONE', ( #627, #1278, #1045 ) ) ;
#780 = CARTESIAN_POINT ( 'NONE',  ( 1.850000000000000533, -4.500000000000000000, 4.000000000000000000 ) ) ;
#781 = CARTESIAN_POINT ( 'NONE',  ( -2.849999999999999645, -8.738645302295106613E-17, -3.499999999999999556 ) ) ;
#782 = ORIENTED_EDGE ( 'NONE', *, *, #507, .T. ) ;
#783 = CARTESIAN_POINT ( 'NONE',  ( 5.500000000000000000, 3.499999999999999112, 3.500000000000000000 ) ) ;
#784 = ORIENTED_EDGE ( 'NONE', *, *, #493, .F. ) ;
#785 = EDGE_CURVE ( 'NONE', #710, #1069, #1334, .T. ) ;
#786 = AXIS2_PLACEMENT_3D ( 'NONE', #563, #1309, #943 ) ;
#787 = DIRECTION ( 'NONE',  ( -1.000000000000000000, 0.000000000000000000, 0.000000000000000000 ) ) ;
#788 = DIRECTION ( 'NONE',  ( 0.000000000000000000, 0.000000000000000000, -1.000000000000000000 ) ) ;
#789 = VECTOR ( 'NONE', #706, 1000.000000000000000 ) ;
#790 = DIRECTION ( 'NONE',  ( 1.000000000000000000, 0.000000000000000000, -0.000000000000000000 ) ) ;
#791 = ADVANCED_FACE ( 'NONE', ( #821 ), #307, .T. ) ;
#792 = AXIS2_PLACEMENT_3D ( 'NONE', #724, #1218, #1201 ) ;
#793 = ORIENTED_EDGE ( 'NONE', *, *, #952, .F. ) ;
#794 = VECTOR ( 'NONE', #260, 1000.000000000000000 ) ;
#795 = ORIENTED_EDGE ( 'NONE', *, *, #1433, .F. ) ;
#796 = DIRECTION ( 'NONE',  ( -0.000000000000000000, -1.000000000000000000, -0.000000000000000000 ) ) ;
#797 = LINE ( 'NONE', #261, #530 ) ;
#798 = VERTEX_POINT ( 'NONE', #1318 ) ;
#799 = CARTESIAN_POINT ( 'NONE',  ( -2.350000000000000089, -4.000000000000000000, -3.499999999999999556 ) ) ;
#800 = DIRECTION ( 'NONE',  ( 0.000000000000000000, -1.000000000000000000, 0.000000000000000000 ) ) ;
#801 = DIRECTION ( 'NONE',  ( 1.000000000000000000, -0.000000000000000000, -0.000000000000000000 ) ) ;
#802 = VERTEX_POINT ( 'NONE', #73 ) ;
#803 = DIRECTION ( 'NONE',  ( -0.000000000000000000, -0.000000000000000000, 1.000000000000000000 ) ) ;
#804 = ORIENTED_EDGE ( 'NONE', *, *, #601, .T. ) ;
#805 = VERTEX_POINT ( 'NONE', #446 ) ;
#806 = CARTESIAN_POINT ( 'NONE',  ( -2.350000000000000089, -4.500000000000000000, 4.000000000000000000 ) ) ;
#807 = CARTESIAN_POINT ( 'NONE',  ( -2.015235209218058543, -4.472890005946263514, -1.620773167533240411 ) ) ;
#808 = ORIENTED_EDGE ( 'NONE', *, *, #1038, .F. ) ;
#809 = EDGE_CURVE ( 'NONE', #1256, #999, #1231, .T. ) ;
#810 = CARTESIAN_POINT ( 'NONE',  ( 5.500000000000000000, 0.4999999999999994449, -4.000000000000000000 ) ) ;
#811 = EDGE_LOOP ( 'NONE', ( #1210, #1274, #282, #333 ) ) ;
#812 = FACE_OUTER_BOUND ( 'NONE', #23, .T. ) ;
#813 = LINE ( 'NONE', #338, #1518 ) ;
#814 = CARTESIAN_POINT ( 'NONE',  ( -1.920832206079345017, -4.500000000000011546, 1.874375834386489137 ) ) ;
#815 = VERTEX_POINT ( 'NONE', #1191 ) ;
#816 = EDGE_CURVE ( 'NONE', #313, #278, #727, .T. ) ;
#817 = AXIS2_PLACEMENT_3D ( 'NONE', #409, #904, #1399 ) ;
#818 = APPROVAL_STATUS ( 'not_yet_approved' ) ;
#819 = EDGE_CURVE ( 'NONE', #42, #1315, #1572, .T. ) ;
#820 = DIRECTION ( 'NONE',  ( 0.000000000000000000, -0.000000000000000000, -1.000000000000000000 ) ) ;
#821 = FACE_OUTER_BOUND ( 'NONE', #126, .T. ) ;
#822 = LINE ( 'NONE', #1312, #606 ) ;
#823 = ORIENTED_EDGE ( 'NONE', *, *, #239, .T. ) ;
#824 = FACE_OUTER_BOUND ( 'NONE', #1290, .T. ) ;
#825 = CARTESIAN_POINT ( 'NONE',  ( 1.850000000000000089, -4.000000000000000000, 3.500000000000000000 ) ) ;
#826 = DIRECTION ( 'NONE',  ( 1.000000000000000000, 0.000000000000000000, 0.000000000000000000 ) ) ;
#827 = CARTESIAN_POINT ( 'NONE',  ( 2.349999999999999645, 0.000000000000000000, -3.499999999999999556 ) ) ;
#828 = PLANE ( 'NONE',  #66 ) ;
#829 = EDGE_LOOP ( 'NONE', ( #946, #1426, #577 ) ) ;
#830 = DIRECTION ( 'NONE',  ( -0.000000000000000000, -0.000000000000000000, 1.000000000000000000 ) ) ;
#831 = APPROVAL_ROLE ( '' ) ;
#832 = ORIENTED_EDGE ( 'NONE', *, *, #1483, .T. ) ;
#833 = DIRECTION ( 'NONE',  ( -0.000000000000000000, -1.000000000000000000, -0.000000000000000000 ) ) ;
#834 = CARTESIAN_POINT ( 'NONE',  ( 0.000000000000000000, 3.499999999999998668, 2.250000000000000000 ) ) ;
#835 = ADVANCED_FACE ( 'NONE', ( #857 ), #233, .T. ) ;
#836 = DIRECTION ( 'NONE',  ( -9.637352644315595243E-17, 1.000000000000000000, 0.000000000000000000 ) ) ;
#837 = ADVANCED_FACE ( 'NONE', ( #478 ), #968, .T. ) ;
#838 = ORIENTED_EDGE ( 'NONE', *, *, #862, .F. ) ;
#839 = AXIS2_PLACEMENT_3D ( 'NONE', #121, #1129, #16 ) ;
#840 = AXIS2_PLACEMENT_3D ( 'NONE', #853, #611, #222 ) ;
#841 = CARTESIAN_POINT ( 'NONE',  ( -5.500000000000000000, 0.000000000000000000, 3.500000000000000000 ) ) ;
#842 = CIRCLE ( 'NONE', #1079, 1.000000000000000000 ) ;
#843 = CIRCLE ( 'NONE', #817, 0.5000000000000000000 ) ;
#844 = CARTESIAN_POINT ( 'NONE',  ( -2.349999999999999645, -0.5000000000000001110, 3.500000000000000000 ) ) ;
#845 = CARTESIAN_POINT ( 'NONE',  ( -1.850000000000000089, -4.000000000000000000, -3.499999999999999556 ) ) ;
#846 = DIRECTION ( 'NONE',  ( 0.000000000000000000, 0.000000000000000000, -1.000000000000000000 ) ) ;
#847 = DIRECTION ( 'NONE',  ( 0.000000000000000000, 1.000000000000000000, 0.000000000000000000 ) ) ;
#848 = EDGE_CURVE ( 'NONE', #278, #249, #759, .T. ) ;
#849 = FACE_OUTER_BOUND ( 'NONE', #382, .T. ) ;
#850 = APPLICATION_CONTEXT ( 'configuration controlled 3d designs of mechanical parts and assemblies' ) ;
#851 = DIRECTION ( 'NONE',  ( 0.000000000000000000, 0.000000000000000000, -1.000000000000000000 ) ) ;
#852 = CARTESIAN_POINT ( 'NONE',  ( 0.000000000000000000, -4.500000000000000000, 0.000000000000000000 ) ) ;
#853 = CARTESIAN_POINT ( 'NONE',  ( -1.850000000000000089, -4.000000000000000000, -3.500000000000000000 ) ) ;
#854 = DIRECTION ( 'NONE',  ( 0.000000000000000000, 0.000000000000000000, -1.000000000000000000 ) ) ;
#855 = EDGE_CURVE ( 'NONE', #387, #1167, #1341, .T. ) ;
#856 = CARTESIAN_POINT ( 'NONE',  ( 2.849999999999999645, -8.738645302295106613E-17, 3.500000000000000000 ) ) ;
#857 = FACE_OUTER_BOUND ( 'NONE', #1088, .T. ) ;
#858 = ORIENTED_EDGE ( 'NONE', *, *, #931, .T. ) ;
#859 = CARTESIAN_POINT ( 'NONE',  ( -5.500000000000000000, 0.000000000000000000, 4.000000000000000000 ) ) ;
#860 = AXIS2_PLACEMENT_3D ( 'NONE', #1091, #1591, #1480 ) ;
#861 = SHAPE_DEFINITION_REPRESENTATION ( #1011, #921 ) ;
#862 = EDGE_CURVE ( 'NONE', #129, #815, #160, .T. ) ;
#863 = AXIS2_PLACEMENT_3D ( 'NONE', #1449, #720, #1325 ) ;
#864 = VECTOR ( 'NONE', #1535, 1000.000000000000000 ) ;
#865 = DIRECTION ( 'NONE',  ( 0.000000000000000000, 0.000000000000000000, 1.000000000000000000 ) ) ;
#866 = VECTOR ( 'NONE', #1392, 1000.000000000000000 ) ;
#867 = ORIENTED_EDGE ( 'NONE', *, *, #1133, .T. ) ;
#868 = ADVANCED_FACE ( 'NONE', ( #1349 ), #1220, .T. ) ;
#869 = LOCAL_TIME ( 10, 37, 8.000000000000000000, #76 ) ;
#870 = ORIENTED_EDGE ( 'NONE', *, *, #636, .F. ) ;
#871 = ORIENTED_EDGE ( 'NONE', *, *, #862, .T. ) ;
#872 = CARTESIAN_POINT ( 'NONE',  ( 5.500000000000000000, 3.999999999999999112, 4.000000000000000000 ) ) ;
#873 = CARTESIAN_POINT ( 'NONE',  ( 5.500000000000000000, 3.499999999999999112, 4.000000000000000000 ) ) ;
#874 = ORIENTED_EDGE ( 'NONE', *, *, #848, .T. ) ;
#875 = VERTEX_POINT ( 'NONE', #1463 ) ;
#876 = EDGE_CURVE ( 'NONE', #715, #1302, #1546, .T. ) ;
#877 = ORIENTED_EDGE ( 'NONE', *, *, #1613, .T. ) ;
#878 = DIRECTION ( 'NONE',  ( 1.000000000000000000, -0.000000000000000000, 0.000000000000000000 ) ) ;
#879 = DIRECTION ( 'NONE',  ( -1.000000000000000000, 0.000000000000000000, -0.000000000000000000 ) ) ;
#880 = DIRECTION ( 'NONE',  ( 0.000000000000000000, 0.000000000000000000, 1.000000000000000000 ) ) ;
#881 = FACE_OUTER_BOUND ( 'NONE', #253, .T. ) ;
#882 = ORIENTED_EDGE ( 'NONE', *, *, #1142, .T. ) ;
#883 = ORIENTED_EDGE ( 'NONE', *, *, #81, .T. ) ;
#884 = ADVANCED_FACE ( 'NONE', ( #510 ), #1099, .F. ) ;
#885 = SPHERICAL_SURFACE ( 'NONE', #498, 0.5000000000000000000 ) ;
#886 = ADVANCED_FACE ( 'NONE', ( #1606 ), #990, .T. ) ;
#887 = DIRECTION ( 'NONE',  ( 1.000000000000000000, 0.000000000000000000, 0.000000000000000000 ) ) ;
#888 = AXIS2_PLACEMENT_3D ( 'NONE', #32, #1293, #1035 ) ;
#889 = ORIENTED_EDGE ( 'NONE', *, *, #548, .F. ) ;
#890 = AXIS2_PLACEMENT_3D ( 'NONE', #942, #1560, #567 ) ;
#891 = EDGE_LOOP ( 'NONE', ( #120, #705, #28, #13 ) ) ;
#892 = DIRECTION ( 'NONE',  ( 0.000000000000000000, 0.000000000000000000, 1.000000000000000000 ) ) ;
#893 = CIRCLE ( 'NONE', #1471, 0.5000000000000004441 ) ;
#894 = TOROIDAL_SURFACE ( 'NONE', #323, 2.750000000000000000, 0.5000000000000000000 ) ;
#895 = CARTESIAN_POINT ( 'NONE',  ( 1.849999999999999645, -0.5000000000000001110, 3.500000000000000000 ) ) ;
#896 = EDGE_CURVE ( 'NONE', #1015, #1239, #393, .T. ) ;
#897 = CYLINDRICAL_SURFACE ( 'NONE', #194, 0.5000000000000000000 ) ;
#898 = ORIENTED_EDGE ( 'NONE', *, *, #349, .F. ) ;
#899 = ORIENTED_EDGE ( 'NONE', *, *, #56, .F. ) ;
#900 = CARTESIAN_POINT ( 'NONE',  ( 0.000000000000000000, -4.000000000000000000, 2.250000000000000000 ) ) ;
#901 = CARTESIAN_POINT ( 'NONE',  ( -2.849999999999999645, 0.4999999999999998890, 3.500000000000000000 ) ) ;
#902 = EDGE_LOOP ( 'NONE', ( #745, #795, #531, #70 ) ) ;
#903 = ADVANCED_FACE ( 'NONE', ( #1009 ), #991, .T. ) ;
#904 = DIRECTION ( 'NONE',  ( -0.000000000000000000, -0.000000000000000000, 1.000000000000000000 ) ) ;
#905 = CARTESIAN_POINT ( 'NONE',  ( 2.248925067112514942, -4.303624012448405090, -0.7064998232711781068 ) ) ;
#906 = EDGE_CURVE ( 'NONE', #715, #42, #491, .T. ) ;
#907 = EDGE_LOOP ( 'NONE', ( #1033, #1031, #935, #1388, #782, #1255 ) ) ;
#908 = DIRECTION ( 'NONE',  ( 0.000000000000000000, 0.000000000000000000, -1.000000000000000000 ) ) ;
#909 = CYLINDRICAL_SURFACE ( 'NONE', #559, 0.5000000000000004441 ) ;
#910 = FACE_OUTER_BOUND ( 'NONE', #1075, .T. ) ;
#911 = ORIENTED_EDGE ( 'NONE', *, *, #310, .F. ) ;
#912 = DIRECTION ( 'NONE',  ( 0.000000000000000000, 0.000000000000000000, 1.000000000000000000 ) ) ;
#913 = EDGE_CURVE ( 'NONE', #621, #460, #687, .T. ) ;
#914 = DIRECTION ( 'NONE',  ( -1.000000000000000000, 0.000000000000000000, 0.000000000000000000 ) ) ;
#915 = ORIENTED_EDGE ( 'NONE', *, *, #993, .T. ) ;
#916 = AXIS2_PLACEMENT_3D ( 'NONE', #1585, #701, #203 ) ;
#917 = FACE_OUTER_BOUND ( 'NONE', #1421, .T. ) ;
#918 = DIRECTION ( 'NONE',  ( 0.000000000000000000, 0.000000000000000000, 1.000000000000000000 ) ) ;
#919 = AXIS2_PLACEMENT_3D ( 'NONE', #901, #790, #511 ) ;
#920 = DIRECTION ( 'NONE',  ( 0.000000000000000000, 0.000000000000000000, -1.000000000000000000 ) ) ;
#921 = ADVANCED_BREP_SHAPE_REPRESENTATION ( 'piece_up_serrage_rails_mobiles', ( #1476, #220 ), #743 ) ;
#922 = CC_DESIGN_APPROVAL ( #171, ( #717 ) ) ;
#923 = AXIS2_PLACEMENT_3D ( 'NONE', #1448, #1348, #741 ) ;
#924 = ORIENTED_EDGE ( 'NONE', *, *, #357, .T. ) ;
#925 = AXIS2_PLACEMENT_3D ( 'NONE', #1389, #273, #1264 ) ;
#926 = VERTEX_POINT ( 'NONE', #1343 ) ;
#927 = CALENDAR_DATE ( 2025, 23, 5 ) ;
#928 = ORIENTED_EDGE ( 'NONE', *, *, #751, .T. ) ;
#929 = DIRECTION ( 'NONE',  ( -0.000000000000000000, 1.000000000000000000, 0.000000000000000000 ) ) ;
#930 = CARTESIAN_POINT ( 'NONE',  ( 1.850000000000000533, -4.500000000000000000, 2.034698994937579997 ) ) ;
#931 = EDGE_CURVE ( 'NONE', #55, #1315, #1275, .T. ) ;
#932 = CARTESIAN_POINT ( 'NONE',  ( -1.850000000000000089, -4.500000000000000000, -2.034698994937580441 ) ) ;
#933 = EDGE_LOOP ( 'NONE', ( #704, #431, #1002, #94, #561, #838 ) ) ;
#934 = PERSON_AND_ORGANIZATION_ROLE ( 'design_owner' ) ;
#935 = ORIENTED_EDGE ( 'NONE', *, *, #1540, .F. ) ;
#936 = CARTESIAN_POINT ( 'NONE',  ( 5.500000000000000000, 0.4999999999999994449, 3.500000000000000000 ) ) ;
#937 = CARTESIAN_POINT ( 'NONE',  ( 0.000000000000000000, 3.499999999999998668, 0.000000000000000000 ) ) ;
#938 = DIRECTION ( 'NONE',  ( -0.000000000000000000, -0.000000000000000000, 1.000000000000000000 ) ) ;
#939 = EDGE_LOOP ( 'NONE', ( #1394, #1141, #517 ) ) ;
#940 = ADVANCED_FACE ( 'NONE', ( #229 ), #1482, .T. ) ;
#941 = FACE_OUTER_BOUND ( 'NONE', #255, .T. ) ;
#942 = CARTESIAN_POINT ( 'NONE',  ( 8.738645302295122637E-17, 0.5000000000000004441, 3.500000000000000000 ) ) ;
#943 = DIRECTION ( 'NONE',  ( 0.000000000000000000, 0.000000000000000000, 1.000000000000000000 ) ) ;
#944 = PLANE ( 'NONE',  #628 ) ;
#945 = AXIS2_PLACEMENT_3D ( 'NONE', #486, #482, #115 ) ;
#946 = ORIENTED_EDGE ( 'NONE', *, *, #619, .T. ) ;
#947 = CIRCLE ( 'NONE', #35, 0.5000000000000000000 ) ;
#948 = AXIS2_PLACEMENT_3D ( 'NONE', #177, #677, #433 ) ;
#949 = ORIENTED_EDGE ( 'NONE', *, *, #1548, .T. ) ;
#950 = TOROIDAL_SURFACE ( 'NONE', #1233, 2.750000000000000000, 0.5000000000000000000 ) ;
#951 = AXIS2_PLACEMENT_3D ( 'NONE', #614, #752, #865 ) ;
#952 = EDGE_CURVE ( 'NONE', #596, #805, #613, .T. ) ;
#953 = CARTESIAN_POINT ( 'NONE',  ( -2.349999999999999645, 9.629649721936179265E-32, -3.499999999999999556 ) ) ;
#954 = DIRECTION ( 'NONE',  ( 1.000000000000000000, 0.000000000000000000, 0.000000000000000000 ) ) ;
#955 = DIRECTION ( 'NONE',  ( -1.000000000000000000, 0.000000000000000000, 0.000000000000000000 ) ) ;
#956 = CARTESIAN_POINT ( 'NONE',  ( -5.500000000000000000, 0.4999999999999994449, 3.500000000000000000 ) ) ;
#957 = DIRECTION ( 'NONE',  ( -1.000000000000000000, -0.000000000000000000, -0.000000000000000000 ) ) ;
#958 = ORIENTED_EDGE ( 'NONE', *, *, #275, .F. ) ;
#959 = CARTESIAN_POINT ( 'NONE',  ( 1.850000000000000533, -4.500000000000000000, 4.000000000000000000 ) ) ;
#960 = EDGE_CURVE ( 'NONE', #387, #775, #88, .T. ) ;
#961 = DIRECTION ( 'NONE',  ( -1.000000000000000000, 0.000000000000000000, 0.000000000000000000 ) ) ;
#962 = DIRECTION ( 'NONE',  ( 1.000000000000000000, 0.000000000000000000, 0.000000000000000000 ) ) ;
#963 = EDGE_CURVE ( 'NONE', #406, #1146, #750, .T. ) ;
#964 = CARTESIAN_POINT ( 'NONE',  ( -5.500000000000000000, 3.999999999999999112, -3.499999999999999556 ) ) ;
#965 = EDGE_LOOP ( 'NONE', ( #1134, #365, #271, #1314, #949, #1378, #14, #1559, #228, #443 ) ) ;
#966 = FACE_OUTER_BOUND ( 'NONE', #668, .T. ) ;
#967 = CARTESIAN_POINT ( 'NONE',  ( -1.849999999999999645, -0.5000000000000001110, 4.000000000000000000 ) ) ;
#968 = CYLINDRICAL_SURFACE ( 'NONE', #860, 0.5000000000000004441 ) ;
#969 = LINE ( 'NONE', #602, #661 ) ;
#970 = EDGE_CURVE ( 'NONE', #1315, #926, #1114, .T. ) ;
#971 = UNCERTAINTY_MEASURE_WITH_UNIT (LENGTH_MEASURE( 1.000000000000000082E-05 ), #1322, 'distance_accuracy_value', 'NONE');
#972 = EDGE_LOOP ( 'NONE', ( #424, #584, #63, #1545, #998, #1372, #51, #883, #555, #655 ) ) ;
#973 = CIRCLE ( 'NONE', #916, 0.5000000000000004441 ) ;
#974 = AXIS2_PLACEMENT_3D ( 'NONE', #1594, #1321, #334 ) ;
#975 = CARTESIAN_POINT ( 'NONE',  ( -1.850000000000000089, -4.000000000000000000, 3.500000000000000000 ) ) ;
#976 = AXIS2_PLACEMENT_3D ( 'NONE', #977, #573, #98 ) ;
#977 = CARTESIAN_POINT ( 'NONE',  ( -1.850000000000000089, -4.000000000000000000, 3.500000000000000000 ) ) ;
#978 = CARTESIAN_POINT ( 'NONE',  ( 2.849999999999999645, 0.4999999999999998890, 3.500000000000000000 ) ) ;
#979 = CARTESIAN_POINT ( 'NONE',  ( 5.500000000000000000, 3.499999999999999112, 3.500000000000000000 ) ) ;
#980 = DIRECTION ( 'NONE',  ( 0.000000000000000000, -1.000000000000000000, 0.000000000000000000 ) ) ;
#981 = EDGE_CURVE ( 'NONE', #1146, #1401, #1000, .T. ) ;
#982 = DIRECTION ( 'NONE',  ( 1.000000000000000000, -9.637352644315594010E-17, 0.000000000000000000 ) ) ;
#983 = DIRECTION ( 'NONE',  ( 0.000000000000000000, 0.000000000000000000, 1.000000000000000000 ) ) ;
#984 = ORIENTED_EDGE ( 'NONE', *, *, #960, .T. ) ;
#985 = CARTESIAN_POINT ( 'NONE',  ( -2.350000000000000089, -4.500000000000000000, -3.499999999999999556 ) ) ;
#986 = EDGE_CURVE ( 'NONE', #1615, #1117, #451, .T. ) ;
#987 = EDGE_CURVE ( 'NONE', #406, #1, #1248, .T. ) ;
#988 = CARTESIAN_POINT ( 'NONE',  ( 1.850000000000000089, -4.000000000000000000, 4.000000000000000000 ) ) ;
#989 = ORIENTED_EDGE ( 'NONE', *, *, #418, .T. ) ;
#990 = SPHERICAL_SURFACE ( 'NONE', #945, 0.5000000000000000000 ) ;
#991 = TOROIDAL_SURFACE ( 'NONE', #739, 2.750000000000000000, 0.5000000000000000000 ) ;
#992 = AXIS2_PLACEMENT_3D ( 'NONE', #1577, #1185, #466 ) ;
#993 = EDGE_CURVE ( 'NONE', #360, #1117, #626, .T. ) ;
#994 = AXIS2_PLACEMENT_3D ( 'NONE', #20, #1393, #914 ) ;
#995 = FACE_OUTER_BOUND ( 'NONE', #1303, .T. ) ;
#996 = ORIENTED_EDGE ( 'NONE', *, *, #376, .F. ) ;
#997 = CIRCLE ( 'NONE', #1553, 0.5000000000000000000 ) ;
#998 = ORIENTED_EDGE ( 'NONE', *, *, #310, .T. ) ;
#999 = VERTEX_POINT ( 'NONE', #107 ) ;
#1000 = LINE ( 'NONE', #1499, #241 ) ;
#1001 = DIRECTION ( 'NONE',  ( 0.000000000000000000, 0.000000000000000000, 1.000000000000000000 ) ) ;
#1002 = ORIENTED_EDGE ( 'NONE', *, *, #210, .T. ) ;
#1003 = DIRECTION ( 'NONE',  ( 1.000000000000000000, 0.000000000000000000, -1.224646799147353207E-16 ) ) ;
#1004 = EDGE_CURVE ( 'NONE', #1146, #419, #1307, .T. ) ;
#1005 = CARTESIAN_POINT ( 'NONE',  ( 2.015235209218057655, -4.472890005946263514, 1.620773167533242187 ) ) ;
#1006 = VERTEX_POINT ( 'NONE', #236 ) ;
#1007 = EDGE_CURVE ( 'NONE', #999, #1498, #289, .T. ) ;
#1008 = EDGE_LOOP ( 'NONE', ( #874, #141, #125, #198 ) ) ;
#1009 = FACE_OUTER_BOUND ( 'NONE', #749, .T. ) ;
#1010 = CARTESIAN_POINT ( 'NONE',  ( 5.500000000000000000, -5.505346540445921616E-16, -3.499999999999999556 ) ) ;
#1011 = PRODUCT_DEFINITION_SHAPE ( 'NONE', 'NONE',  #525 ) ;
#1012 = SPHERICAL_SURFACE ( 'NONE', #397, 0.5000000000000000000 ) ;
#1013 = CARTESIAN_POINT ( 'NONE',  ( -5.500000000000000000, 3.499999999999999112, 3.500000000000000000 ) ) ;
#1014 = ORIENTED_EDGE ( 'NONE', *, *, #993, .F. ) ;
#1015 = VERTEX_POINT ( 'NONE', #1265 ) ;
#1016 = DIRECTION ( 'NONE',  ( 0.000000000000000000, 1.000000000000000000, 0.000000000000000000 ) ) ;
#1017 = CARTESIAN_POINT ( 'NONE',  ( 2.350000000000000089, -4.000000000000000000, -3.499999999999999556 ) ) ;
#1018 = DIRECTION ( 'NONE',  ( 0.000000000000000000, 0.000000000000000000, -1.000000000000000000 ) ) ;
#1019 = AXIS2_PLACEMENT_3D ( 'NONE', #755, #731, #1357 ) ;
#1020 = CARTESIAN_POINT ( 'NONE',  ( 2.146592599576067517, -4.405772455962620349, 1.200069277318687178 ) ) ;
#1021 = ORIENTED_EDGE ( 'NONE', *, *, #703, .F. ) ;
#1022 = AXIS2_PLACEMENT_3D ( 'NONE', #87, #102, #1500 ) ;
#1023 = AXIS2_PLACEMENT_3D ( 'NONE', #620, #252, #513 ) ;
#1024 = ORIENTED_EDGE ( 'NONE', *, *, #449, .T. ) ;
#1025 = FACE_OUTER_BOUND ( 'NONE', #1398, .T. ) ;
#1026 = DIRECTION ( 'NONE',  ( -1.000000000000000000, -0.000000000000000000, -0.000000000000000000 ) ) ;
#1027 = EDGE_CURVE ( 'NONE', #1256, #1163, #342, .T. ) ;
#1028 = ORIENTED_EDGE ( 'NONE', *, *, #694, .F. ) ;
#1029 = DIRECTION ( 'NONE',  ( -0.000000000000000000, -0.000000000000000000, 1.000000000000000000 ) ) ;
#1030 = CARTESIAN_POINT ( 'NONE',  ( -1.849999999999999645, -4.818676322157797621E-17, -4.000000000000000000 ) ) ;
#1031 = ORIENTED_EDGE ( 'NONE', *, *, #1418, .F. ) ;
#1032 = DIRECTION ( 'NONE',  ( -0.000000000000000000, 0.000000000000000000, 1.000000000000000000 ) ) ;
#1033 = ORIENTED_EDGE ( 'NONE', *, *, #376, .T. ) ;
#1034 = DIRECTION ( 'NONE',  ( 1.000000000000000000, -0.000000000000000000, -0.000000000000000000 ) ) ;
#1035 = DIRECTION ( 'NONE',  ( 0.000000000000000000, 0.000000000000000000, -1.000000000000000000 ) ) ;
#1036 = ORIENTED_EDGE ( 'NONE', *, *, #138, .F. ) ;
#1037 = EDGE_CURVE ( 'NONE', #1320, #805, #658, .T. ) ;
#1038 = EDGE_CURVE ( 'NONE', #798, #1015, #605, .T. ) ;
#1039 = CARTESIAN_POINT ( 'NONE',  ( 0.000000000000000000, -4.000000000000000000, 4.000000000000000000 ) ) ;
#1040 = DIRECTION ( 'NONE',  ( 0.000000000000000000, -1.000000000000000000, 0.000000000000000000 ) ) ;
#1041 = ORIENTED_EDGE ( 'NONE', *, *, #1323, .F. ) ;
#1042 = CARTESIAN_POINT ( 'NONE',  ( 3.367778697655221012E-16, -4.500000000000000888, -2.750000000000000000 ) ) ;
#1043 = CARTESIAN_POINT ( 'NONE',  ( 0.000000000000000000, 3.999999999999998224, -2.750000000000000000 ) ) ;
#1044 = CARTESIAN_POINT ( 'NONE',  ( -2.849999999999999645, -8.738645302295104148E-17, 4.000000000000000000 ) ) ;
#1045 = ORIENTED_EDGE ( 'NONE', *, *, #449, .F. ) ;
#1046 = PERSON_AND_ORGANIZATION_ROLE ( 'creator' ) ;
#1047 = EDGE_CURVE ( 'NONE', #1243, #1015, #302, .T. ) ;
#1048 = ORIENTED_EDGE ( 'NONE', *, *, #1037, .F. ) ;
#1049 = DIRECTION ( 'NONE',  ( 0.000000000000000000, 0.000000000000000000, 1.000000000000000000 ) ) ;
#1050 = CARTESIAN_POINT ( 'NONE',  ( 2.350000000000000089, -4.000000000000000000, 3.500000000000000000 ) ) ;
#1051 = CIRCLE ( 'NONE', #1022, 0.5000000000000000000 ) ;
#1052 = CIRCLE ( 'NONE', #1023, 0.5000000000000000000 ) ;
#1053 = CYLINDRICAL_SURFACE ( 'NONE', #163, 0.5000000000000000000 ) ;
#1054 = AXIS2_PLACEMENT_3D ( 'NONE', #707, #572, #1194 ) ;
#1055 = AXIS2_PLACEMENT_3D ( 'NONE', #649, #641, #918 ) ;
#1056 = ORIENTED_EDGE ( 'NONE', *, *, #619, .F. ) ;
#1057 = EDGE_LOOP ( 'NONE', ( #771, #858, #1328 ) ) ;
#1058 = EDGE_CURVE ( 'NONE', #805, #1179, #1158, .T. ) ;
#1059 = CARTESIAN_POINT ( 'NONE',  ( 3.367778697655221012E-16, 3.499999999999998668, 2.750000000000000000 ) ) ;
#1060 = LINE ( 'NONE', #324, #1105 ) ;
#1061 = DIRECTION ( 'NONE',  ( 0.000000000000000000, 0.000000000000000000, 1.000000000000000000 ) ) ;
#1062 = EDGE_CURVE ( 'NONE', #1150, #646, #671, .T. ) ;
#1063 = EDGE_LOOP ( 'NONE', ( #681, #21, #1262, #437 ) ) ;
#1064 = COORDINATED_UNIVERSAL_TIME_OFFSET ( 1, 0, .AHEAD. ) ;
#1065 = LINE ( 'NONE', #1402, #322 ) ;
#1066 = DIRECTION ( 'NONE',  ( -0.000000000000000000, -0.000000000000000000, 1.000000000000000000 ) ) ;
#1067 = CARTESIAN_POINT ( 'NONE',  ( 2.349999999999999645, 0.000000000000000000, 4.000000000000000000 ) ) ;
#1068 = ORIENTED_EDGE ( 'NONE', *, *, #210, .F. ) ;
#1069 = VERTEX_POINT ( 'NONE', #1017 ) ;
#1070 = LINE ( 'NONE', #1354, #1209 ) ;
#1071 = CARTESIAN_POINT ( 'NONE',  ( -2.849999999999999645, -0.5000000000000001110, 3.500000000000000000 ) ) ;
#1072 = CARTESIAN_POINT ( 'NONE',  ( -2.290595711463314199, -4.239129986195222521, -0.3417201086468842908 ) ) ;
#1073 = VECTOR ( 'NONE', #111, 1000.000000000000000 ) ;
#1074 = CIRCLE ( 'NONE', #974, 0.5000000000000000000 ) ;
#1075 = EDGE_LOOP ( 'NONE', ( #867, #1366, #1337, #1599 ) ) ;
#1076 = B_SPLINE_CURVE_WITH_KNOTS ( 'NONE', 3,
 ( #40, #1409, #1170, #1149, #1386, #1254, #905, #1400, #297, #770, #542, #1277, #1539, #1020, #270, #1005, #381, #1376, #1140, #284 ),
 .UNSPECIFIED., .F., .F.,
 ( 4, 2, 2, 2, 2, 2, 2, 2, 2, 4 ),
 ( -5.199139336321167240E-06, 0.0005206204644272578947, 0.001046440068190836918, 0.001572259671954416051, 0.002098079275717994966, 0.002623898879481573881, 0.003149718483245153230, 0.003675538087008732146, 0.003938447888890521387, 0.004201357690772310194 ),
 .UNSPECIFIED. ) ;
#1077 = AXIS2_PLACEMENT_3D ( 'NONE', #1605, #1228, #1477 ) ;
#1078 = ADVANCED_FACE ( 'NONE', ( #414 ), #642, .T. ) ;
#1079 = AXIS2_PLACEMENT_3D ( 'NONE', #708, #1219, #593 ) ;
#1080 = LOCAL_TIME ( 10, 37, 8.000000000000000000, #1369 ) ;
#1081 = AXIS2_PLACEMENT_3D ( 'NONE', #264, #1257, #892 ) ;
#1082 = CARTESIAN_POINT ( 'NONE',  ( 0.000000000000000000, -4.500000000000000000, 0.000000000000000000 ) ) ;
#1083 = EDGE_CURVE ( 'NONE', #1127, #1320, #519, .T. ) ;
#1084 = PERSON_AND_ORGANIZATION ( #691, #663 ) ;
#1085 = FACE_OUTER_BOUND ( 'NONE', #495, .T. ) ;
#1086 = DIRECTION ( 'NONE',  ( 0.000000000000000000, 0.000000000000000000, 1.000000000000000000 ) ) ;
#1087 = CARTESIAN_POINT ( 'NONE',  ( -2.300552627194749622, -4.216804250019715816, -0.1615281694006482083 ) ) ;
#1088 = EDGE_LOOP ( 'NONE', ( #1221, #1028, #1056, #550 ) ) ;
#1089 = CYLINDRICAL_SURFACE ( 'NONE', #528, 2.250000000000000000 ) ;
#1090 = CARTESIAN_POINT ( 'NONE',  ( 2.849999999999999645, 0.4999999999999998890, 4.000000000000000000 ) ) ;
#1091 = CARTESIAN_POINT ( 'NONE',  ( 5.500000000000000000, 0.4999999999999994449, 4.000000000000000000 ) ) ;
#1092 = DIRECTION ( 'NONE',  ( 0.000000000000000000, 0.000000000000000000, -1.000000000000000000 ) ) ;
#1093 = DIRECTION ( 'NONE',  ( 0.000000000000000000, 1.000000000000000000, 0.000000000000000000 ) ) ;
#1094 = CARTESIAN_POINT ( 'NONE',  ( 0.000000000000000000, -4.000000000000000000, 2.750000000000000000 ) ) ;
#1095 = EDGE_CURVE ( 'NONE', #1117, #313, #1166, .T. ) ;
#1096 = CARTESIAN_POINT ( 'NONE',  ( -1.849999999999999645, -0.5000000000000001110, -3.500000000000000000 ) ) ;
#1097 = CARTESIAN_POINT ( 'NONE',  ( 5.500000000000000000, 3.499999999999999112, -3.499999999999999556 ) ) ;
#1098 = EDGE_LOOP ( 'NONE', ( #1531, #1541, #1371, #1041 ) ) ;
#1099 = CYLINDRICAL_SURFACE ( 'NONE', #216, 2.250000000000000000 ) ;
#1100 = AXIS2_PLACEMENT_3D ( 'NONE', #845, #734, #1604 ) ;
#1101 = VECTOR ( 'NONE', #96, 1000.000000000000000 ) ;
#1102 = CARTESIAN_POINT ( 'NONE',  ( 2.849999999999999645, -0.5000000000000001110, -3.499999999999999556 ) ) ;
#1103 = AXIS2_PLACEMENT_3D ( 'NONE', #464, #961, #470 ) ;
#1104 = PERSON_AND_ORGANIZATION ( #691, #663 ) ;
#1105 = VECTOR ( 'NONE', #696, 1000.000000000000000 ) ;
#1106 = CARTESIAN_POINT ( 'NONE',  ( -2.849999999999999645, 0.4999999999999998890, -3.499999999999999556 ) ) ;
#1107 = CARTESIAN_POINT ( 'NONE',  ( 0.000000000000000000, -4.000000000000000000, 3.500000000000000000 ) ) ;
#1108 = CARTESIAN_POINT ( 'NONE',  ( 1.849999999999999645, -0.5000000000000001110, -4.000000000000000000 ) ) ;
#1109 = DIRECTION ( 'NONE',  ( 0.000000000000000000, 0.000000000000000000, 1.000000000000000000 ) ) ;
#1110 = EDGE_CURVE ( 'NONE', #154, #406, #1516, .T. ) ;
#1111 = DATE_TIME_ROLE ( 'classification_date' ) ;
#1112 = FACE_OUTER_BOUND ( 'NONE', #490, .T. ) ;
#1113 = ORIENTED_EDGE ( 'NONE', *, *, #1592, .T. ) ;
#1114 = LINE ( 'NONE', #1611, #1120 ) ;
#1115 = EDGE_CURVE ( 'NONE', #1401, #646, #89, .T. ) ;
#1116 = CARTESIAN_POINT ( 'NONE',  ( 2.849999999999999645, -0.5000000000000001110, -3.499999999999999556 ) ) ;
#1117 = VERTEX_POINT ( 'NONE', #1010 ) ;
#1118 = DIRECTION ( 'NONE',  ( -9.637352644315595243E-17, -1.000000000000000000, 0.000000000000000000 ) ) ;
#1119 = EDGE_CURVE ( 'NONE', #875, #621, #395, .T. ) ;
#1120 = VECTOR ( 'NONE', #878, 1000.000000000000000 ) ;
#1121 = VECTOR ( 'NONE', #801, 1000.000000000000000 ) ;
#1122 = AXIS2_PLACEMENT_3D ( 'NONE', #1094, #955, #1340 ) ;
#1123 = ADVANCED_FACE ( 'NONE', ( #386 ), #885, .T. ) ;
#1124 = CC_DESIGN_APPROVAL ( #576, ( #766 ) ) ;
#1125 = DIRECTION ( 'NONE',  ( 0.000000000000000000, 0.000000000000000000, -1.000000000000000000 ) ) ;
#1126 = AXIS2_PLACEMENT_3D ( 'NONE', #1106, #826, #851 ) ;
#1127 = VERTEX_POINT ( 'NONE', #767 ) ;
#1128 = EDGE_LOOP ( 'NONE', ( #565, #161, #151, #590, #673, #240 ) ) ;
#1129 = DIRECTION ( 'NONE',  ( 0.000000000000000000, 0.000000000000000000, -1.000000000000000000 ) ) ;
#1130 = CARTESIAN_POINT ( 'NONE',  ( 0.000000000000000000, 3.499999999999999112, 4.000000000000000000 ) ) ;
#1131 = CARTESIAN_POINT ( 'NONE',  ( 6.000000000000000000, 0.4999999999999994449, -3.499999999999999556 ) ) ;
#1132 = SPHERICAL_SURFACE ( 'NONE', #1362, 0.5000000000000000000 ) ;
#1133 = EDGE_CURVE ( 'NONE', #1498, #1167, #947, .T. ) ;
#1134 = ORIENTED_EDGE ( 'NONE', *, *, #492, .T. ) ;
#1135 = VERTEX_POINT ( 'NONE', #774 ) ;
#1136 = LINE ( 'NONE', #537, #347 ) ;
#1137 = DIRECTION ( 'NONE',  ( 0.000000000000000000, 0.000000000000000000, 1.000000000000000000 ) ) ;
#1138 = ORIENTED_EDGE ( 'NONE', *, *, #1115, .T. ) ;
#1139 = LINE ( 'NONE', #747, #246 ) ;
#1140 = CARTESIAN_POINT ( 'NONE',  ( 1.885416103039672553, -4.500000000000010658, 1.954537414662034900 ) ) ;
#1141 = ORIENTED_EDGE ( 'NONE', *, *, #624, .T. ) ;
#1142 = EDGE_CURVE ( 'NONE', #1015, #419, #660, .T. ) ;
#1143 = ORIENTED_EDGE ( 'NONE', *, *, #591, .F. ) ;
#1144 = FACE_OUTER_BOUND ( 'NONE', #156, .T. ) ;
#1145 = DIRECTION ( 'NONE',  ( -0.000000000000000000, -0.000000000000000000, 1.000000000000000000 ) ) ;
#1146 = VERTEX_POINT ( 'NONE', #281 ) ;
#1147 = CARTESIAN_POINT ( 'NONE',  ( 6.000000000000000000, 3.499999999999999112, -3.499999999999999556 ) ) ;
#1148 = AXIS2_PLACEMENT_3D ( 'NONE', #1355, #1596, #1226 ) ;
#1149 = CARTESIAN_POINT ( 'NONE',  ( 2.095887399381349603, -4.439455973171513747, -1.380209974295822484 ) ) ;
#1150 = VERTEX_POINT ( 'NONE', #781 ) ;
#1151 = CIRCLE ( 'NONE', #1438, 0.5000000000000000000 ) ;
#1152 = CIRCLE ( 'NONE', #191, 0.5000000000000004441 ) ;
#1153 = ORIENTED_EDGE ( 'NONE', *, *, #1537, .T. ) ;
#1154 = DIRECTION ( 'NONE',  ( 0.000000000000000000, 0.000000000000000000, -1.000000000000000000 ) ) ;
#1155 = AXIS2_PLACEMENT_3D ( 'NONE', #410, #667, #506 ) ;
#1156 = ADVANCED_FACE ( 'NONE', ( #910 ), #158, .T. ) ;
#1157 = CIRCLE ( 'NONE', #951, 0.5000000000000000000 ) ;
#1158 = LINE ( 'NONE', #1404, #243 ) ;
#1159 = ADVANCED_FACE ( 'NONE', ( #92 ), #944, .F. ) ;
#1160 = VERTEX_POINT ( 'NONE', #1198 ) ;
#1161 = CARTESIAN_POINT ( 'NONE',  ( 3.367778697655221012E-16, 3.999999999999998224, 2.750000000000000000 ) ) ;
#1162 = CARTESIAN_POINT ( 'NONE',  ( -1.849999999999999645, -0.5000000000000001110, 3.500000000000000000 ) ) ;
#1163 = VERTEX_POINT ( 'NONE', #441 ) ;
#1164 = FACE_OUTER_BOUND ( 'NONE', #907, .T. ) ;
#1165 = PLANE ( 'NONE',  #1253 ) ;
#1166 = LINE ( 'NONE', #266, #762 ) ;
#1167 = VERTEX_POINT ( 'NONE', #186 ) ;
#1168 = EDGE_CURVE ( 'NONE', #29, #815, #1287, .T. ) ;
#1169 = FACE_OUTER_BOUND ( 'NONE', #589, .T. ) ;
#1170 = CARTESIAN_POINT ( 'NONE',  ( 1.985218797063400542, -4.485075295651481220, -1.709716559687814552 ) ) ;
#1171 = VERTEX_POINT ( 'NONE', #564 ) ;
#1172 = CARTESIAN_POINT ( 'NONE',  ( -1.850000000000000089, -4.500000000000000000, 2.034698994937580441 ) ) ;
#1173 = LINE ( 'NONE', #670, #137 ) ;
#1174 = DIRECTION ( 'NONE',  ( -1.000000000000000000, 0.000000000000000000, 0.000000000000000000 ) ) ;
#1175 = ORIENTED_EDGE ( 'NONE', *, *, #122, .F. ) ;
#1176 = PRODUCT_RELATED_PRODUCT_CATEGORY ( 'detail', '', ( #634 ) ) ;
#1177 = PERSON_AND_ORGANIZATION ( #691, #663 ) ;
#1178 = EDGE_CURVE ( 'NONE', #1498, #278, #1360, .T. ) ;
#1179 = VERTEX_POINT ( 'NONE', #964 ) ;
#1180 = AXIS2_PLACEMENT_3D ( 'NONE', #978, #472, #600 ) ;
#1181 = CARTESIAN_POINT ( 'NONE',  ( -1.850000000000000089, -4.000000000000000000, -4.000000000000000000 ) ) ;
#1182 = DIRECTION ( 'NONE',  ( -1.000000000000000000, 1.747729060459023048E-16, 0.000000000000000000 ) ) ;
#1183 = AXIS2_PLACEMENT_3D ( 'NONE', #841, #581, #5 ) ;
#1184 = AXIS2_PLACEMENT_3D ( 'NONE', #1566, #787, #439 ) ;
#1185 = DIRECTION ( 'NONE',  ( 0.000000000000000000, 0.000000000000000000, -1.000000000000000000 ) ) ;
#1186 = CIRCLE ( 'NONE', #480, 2.250000000000000000 ) ;
#1187 = ORIENTED_EDGE ( 'NONE', *, *, #952, .T. ) ;
#1188 = PERSON_AND_ORGANIZATION ( #691, #663 ) ;
#1189 = CARTESIAN_POINT ( 'NONE',  ( 1.850000000000000089, -4.000000000000000000, 4.000000000000000000 ) ) ;
#1190 = EDGE_CURVE ( 'NONE', #42, #1271, #822, .T. ) ;
#1191 = CARTESIAN_POINT ( 'NONE',  ( -1.850000000000000089, -4.500000000000000000, -2.034698994937580441 ) ) ;
#1192 = DIRECTION ( 'NONE',  ( -1.000000000000000000, 0.000000000000000000, 0.000000000000000000 ) ) ;
#1193 = ORIENTED_EDGE ( 'NONE', *, *, #876, .T. ) ;
#1194 = DIRECTION ( 'NONE',  ( -1.000000000000000000, 0.000000000000000000, 0.000000000000000000 ) ) ;
#1195 = DIRECTION ( 'NONE',  ( 1.000000000000000000, -0.000000000000000000, 1.224646799147353207E-16 ) ) ;
#1196 = CARTESIAN_POINT ( 'NONE',  ( -5.500000000000000000, 3.999999999999999112, 4.000000000000000000 ) ) ;
#1197 = ADVANCED_FACE ( 'NONE', ( #1431 ), #1053, .T. ) ;
#1198 = CARTESIAN_POINT ( 'NONE',  ( 1.850000000000000533, -4.500000000000000000, -2.034698994937579997 ) ) ;
#1199 = EDGE_CURVE ( 'NONE', #1179, #1127, #1151, .T. ) ;
#1200 = ORIENTED_EDGE ( 'NONE', *, *, #48, .T. ) ;
#1201 = DIRECTION ( 'NONE',  ( 0.000000000000000000, 0.000000000000000000, 1.000000000000000000 ) ) ;
#1202 = DIRECTION ( 'NONE',  ( 0.000000000000000000, 0.000000000000000000, -1.000000000000000000 ) ) ;
#1203 = DIRECTION ( 'NONE',  ( 0.000000000000000000, 1.000000000000000000, 0.000000000000000000 ) ) ;
#1204 = DIRECTION ( 'NONE',  ( 9.637352644315595243E-17, -1.000000000000000000, 0.000000000000000000 ) ) ;
#1205 = CC_DESIGN_PERSON_AND_ORGANIZATION_ASSIGNMENT ( #1084, #934, ( #634 ) ) ;
#1206 = AXIS2_PLACEMENT_3D ( 'NONE', #1508, #1026, #1137 ) ;
#1207 = ORIENTED_EDGE ( 'NONE', *, *, #1464, .F. ) ;
#1208 = CIRCLE ( 'NONE', #792, 0.5000000000000000000 ) ;
#1209 = VECTOR ( 'NONE', #330, 1000.000000000000000 ) ;
#1210 = ORIENTED_EDGE ( 'NONE', *, *, #809, .T. ) ;
#1211 = TOROIDAL_SURFACE ( 'NONE', #93, 1.000000000000000000, 0.5000000000000000000 ) ;
#1212 = FACE_OUTER_BOUND ( 'NONE', #965, .T. ) ;
#1213 = DATE_AND_TIME ( #1608, #1080 ) ;
#1214 = LINE ( 'NONE', #758, #690 ) ;
#1215 = DIRECTION ( 'NONE',  ( 0.000000000000000000, -0.000000000000000000, 1.000000000000000000 ) ) ;
#1216 = DIRECTION ( 'NONE',  ( -0.000000000000000000, -0.000000000000000000, 1.000000000000000000 ) ) ;
#1217 = EDGE_CURVE ( 'NONE', #710, #55, #62, .T. ) ;
#1218 = DIRECTION ( 'NONE',  ( -1.000000000000000000, -0.000000000000000000, -0.000000000000000000 ) ) ;
#1219 = DIRECTION ( 'NONE',  ( -0.000000000000000000, -0.000000000000000000, 1.000000000000000000 ) ) ;
#1220 = CYLINDRICAL_SURFACE ( 'NONE', #526, 0.5000000000000000000 ) ;
#1221 = ORIENTED_EDGE ( 'NONE', *, *, #1562, .F. ) ;
#1222 = DIRECTION ( 'NONE',  ( -0.000000000000000000, 1.000000000000000000, -0.000000000000000000 ) ) ;
#1223 = LINE ( 'NONE', #959, #116 ) ;
#1224 = CC_DESIGN_DATE_AND_TIME_ASSIGNMENT ( #1213, #1111, ( #717 ) ) ;
#1225 = DIRECTION ( 'NONE',  ( 0.000000000000000000, 1.000000000000000000, 0.000000000000000000 ) ) ;
#1226 = DIRECTION ( 'NONE',  ( -1.000000000000000000, 0.000000000000000000, 0.000000000000000000 ) ) ;
#1227 = EDGE_CURVE ( 'NONE', #262, #360, #308, .T. ) ;
#1228 = DIRECTION ( 'NONE',  ( -0.000000000000000000, -1.000000000000000000, -0.000000000000000000 ) ) ;
#1229 = VERTEX_POINT ( 'NONE', #1450 ) ;
#1230 = DIRECTION ( 'NONE',  ( 1.000000000000000000, 0.000000000000000000, 0.000000000000000000 ) ) ;
#1231 = CIRCLE ( 'NONE', #786, 0.5000000000000000000 ) ;
#1232 = VECTOR ( 'NONE', #527, 1000.000000000000000 ) ;
#1233 = AXIS2_PLACEMENT_3D ( 'NONE', #401, #1040, #153 ) ;
#1234 = APPROVAL_STATUS ( 'not_yet_approved' ) ;
#1235 = AXIS2_PLACEMENT_3D ( 'NONE', #269, #128, #887 ) ;
#1236 = CARTESIAN_POINT ( 'NONE',  ( -5.500000000000000000, -5.505346540445921616E-16, 4.000000000000000000 ) ) ;
#1237 = ORIENTED_EDGE ( 'NONE', *, *, #1418, .T. ) ;
#1238 = CARTESIAN_POINT ( 'NONE',  ( -5.500000000000000000, 3.499999999999999112, 3.500000000000000000 ) ) ;
#1239 = VERTEX_POINT ( 'NONE', #1563 ) ;
#1240 = ADVANCED_FACE ( 'NONE', ( #332 ), #697, .F. ) ;
#1241 = ADVANCED_FACE ( 'NONE', ( #447 ), #828, .F. ) ;
#1242 = LINE ( 'NONE', #520, #794 ) ;
#1243 = VERTEX_POINT ( 'NONE', #735 ) ;
#1244 = ORIENTED_EDGE ( 'NONE', *, *, #986, .T. ) ;
#1245 = DIRECTION ( 'NONE',  ( 0.000000000000000000, 0.000000000000000000, 1.000000000000000000 ) ) ;
#1246 = FACE_OUTER_BOUND ( 'NONE', #1512, .T. ) ;
#1247 = ORIENTED_EDGE ( 'NONE', *, *, #742, .T. ) ;
#1248 = CIRCLE ( 'NONE', #423, 0.5000000000000000000 ) ;
#1249 = EDGE_CURVE ( 'NONE', #535, #142, #453, .T. ) ;
#1250 = CIRCLE ( 'NONE', #1576, 0.5000000000000000000 ) ;
#1251 = ORIENTED_EDGE ( 'NONE', *, *, #1447, .F. ) ;
#1252 = CARTESIAN_POINT ( 'NONE',  ( 1.850000000000000089, -4.000000000000000000, 3.500000000000000000 ) ) ;
#1253 = AXIS2_PLACEMENT_3D ( 'NONE', #384, #1016, #1526 ) ;
#1254 = CARTESIAN_POINT ( 'NONE',  ( 2.219717615135677224, -4.340484742058586143, -0.8758397013571243006 ) ) ;
#1255 = ORIENTED_EDGE ( 'NONE', *, *, #1259, .F. ) ;
#1256 = VERTEX_POINT ( 'NONE', #1108 ) ;
#1257 = DIRECTION ( 'NONE',  ( 0.000000000000000000, 1.000000000000000000, -0.000000000000000000 ) ) ;
#1258 = CARTESIAN_POINT ( 'NONE',  ( 2.349999999999999645, -0.5000000000000001110, 4.000000000000000000 ) ) ;
#1259 = EDGE_CURVE ( 'NONE', #635, #1069, #1342, .T. ) ;
#1260 = DIRECTION ( 'NONE',  ( -1.000000000000000000, -1.747729060459023048E-16, -0.000000000000000000 ) ) ;
#1261 = FACE_OUTER_BOUND ( 'NONE', #176, .T. ) ;
#1262 = ORIENTED_EDGE ( 'NONE', *, *, #1368, .F. ) ;
#1263 = ORIENTED_EDGE ( 'NONE', *, *, #1110, .F. ) ;
#1264 = DIRECTION ( 'NONE',  ( 1.000000000000000000, 9.637352644315595243E-17, 0.000000000000000000 ) ) ;
#1265 = CARTESIAN_POINT ( 'NONE',  ( -6.000000000000000000, 0.4999999999999994449, -3.499999999999999556 ) ) ;
#1266 = ORIENTED_EDGE ( 'NONE', *, *, #1365, .T. ) ;
#1267 = DIRECTION ( 'NONE',  ( 0.000000000000000000, 0.000000000000000000, 1.000000000000000000 ) ) ;
#1268 = CARTESIAN_POINT ( 'NONE',  ( -6.000000000000000000, -6.379211070675434126E-16, 3.500000000000000000 ) ) ;
#1269 = ORIENTED_EDGE ( 'NONE', *, *, #1607, .T. ) ;
#1270 = EDGE_CURVE ( 'NONE', #805, #504, #556, .T. ) ;
#1271 = VERTEX_POINT ( 'NONE', #481 ) ;
#1272 = DIRECTION ( 'NONE',  ( -0.000000000000000000, 1.000000000000000000, -0.000000000000000000 ) ) ;
#1273 = DIRECTION ( 'NONE',  ( 1.000000000000000000, 0.000000000000000000, -0.000000000000000000 ) ) ;
#1274 = ORIENTED_EDGE ( 'NONE', *, *, #723, .F. ) ;
#1275 = CIRCLE ( 'NONE', #714, 0.5000000000000000000 ) ;
#1276 = DIRECTION ( 'NONE',  ( 0.000000000000000000, 0.000000000000000000, -1.000000000000000000 ) ) ;
#1277 = CARTESIAN_POINT ( 'NONE',  ( 2.251600032008148400, -4.300041906320843488, 0.6895889236648421461 ) ) ;
#1278 = ORIENTED_EDGE ( 'NONE', *, *, #493, .T. ) ;
#1279 = LOCAL_TIME ( 10, 37, 8.000000000000000000, #123 ) ;
#1280 = AXIS2_PLACEMENT_3D ( 'NONE', #936, #929, #83 ) ;
#1281 = PLANE ( 'NONE',  #1469 ) ;
#1282 = DIRECTION ( 'NONE',  ( 0.000000000000000000, 0.000000000000000000, -1.000000000000000000 ) ) ;
#1283 = CIRCLE ( 'NONE', #370, 0.5000000000000000000 ) ;
#1284 = AXIS2_PLACEMENT_3D ( 'NONE', #806, #1203, #1215 ) ;
#1285 = CARTESIAN_POINT ( 'NONE',  ( -5.500000000000000000, 0.4999999999999994449, -3.499999999999999556 ) ) ;
#1286 = EDGE_LOOP ( 'NONE', ( #303, #1504, #808, #402 ) ) ;
#1287 = B_SPLINE_CURVE_WITH_KNOTS ( 'NONE', 3,
 ( #80, #814, #686, #1557, #435, #339, #575, #588, #1333, #1087, #1072, #1440, #85, #679, #197, #807, #553, #1586, #702, #932 ),
 .UNSPECIFIED., .F., .F.,
 ( 4, 2, 2, 2, 2, 2, 2, 2, 2, 4 ),
 ( -5.199139336321260414E-06, 0.0005206204644272572441, 0.001046440068190835617, 0.001572259671954413882, 0.002098079275717992798, 0.002623898879481571279, 0.003149718483245149761, 0.003675538087008729110, 0.003938447888890517917, 0.004201357690772307592 ),
 .UNSPECIFIED. ) ;
#1288 = DIRECTION ( 'NONE',  ( -1.000000000000000000, 0.000000000000000000, 0.000000000000000000 ) ) ;
#1289 = DIRECTION ( 'NONE',  ( 0.000000000000000000, 1.000000000000000000, 0.000000000000000000 ) ) ;
#1290 = EDGE_LOOP ( 'NONE', ( #106, #911, #1513, #1467 ) ) ;
#1291 = CARTESIAN_POINT ( 'NONE',  ( 5.500000000000000000, 0.4999999999999994449, 3.500000000000000000 ) ) ;
#1292 = DIRECTION ( 'NONE',  ( 1.000000000000000000, 1.747729060459023048E-16, 0.000000000000000000 ) ) ;
#1293 = DIRECTION ( 'NONE',  ( 1.000000000000000000, -0.000000000000000000, 0.000000000000000000 ) ) ;
#1294 = ADVANCED_FACE ( 'NONE', ( #728 ), #112, .T. ) ;
#1295 = EDGE_LOOP ( 'NONE', ( #375, #889, #43, #30 ) ) ;
#1296 = ADVANCED_FACE ( 'NONE', ( #354 ), #485, .T. ) ;
#1297 = DIRECTION ( 'NONE',  ( 0.000000000000000000, 0.000000000000000000, -1.000000000000000000 ) ) ;
#1298 = ORIENTED_EDGE ( 'NONE', *, *, #809, .F. ) ;
#1299 = FACE_OUTER_BOUND ( 'NONE', #939, .T. ) ;
#1300 = CARTESIAN_POINT ( 'NONE',  ( 6.000000000000000000, 0.4999999999999993339, -3.499999999999999556 ) ) ;
#1301 = CARTESIAN_POINT ( 'NONE',  ( 6.000000000000000000, 0.4999999999999994449, 4.000000000000000000 ) ) ;
#1302 = VERTEX_POINT ( 'NONE', #721 ) ;
#1303 = EDGE_LOOP ( 'NONE', ( #1570, #201, #173, #15 ) ) ;
#1304 = EDGE_LOOP ( 'NONE', ( #187, #180, #148, #1113 ) ) ;
#1305 =( NAMED_UNIT ( * ) PLANE_ANGLE_UNIT ( ) SI_UNIT ( $, .RADIAN. ) );
#1306 = ORIENTED_EDGE ( 'NONE', *, *, #1515, .F. ) ;
#1307 = CIRCLE ( 'NONE', #132, 0.5000000000000000000 ) ;
#1308 = DIRECTION ( 'NONE',  ( -1.000000000000000000, 1.747729060459023048E-16, 0.000000000000000000 ) ) ;
#1309 = DIRECTION ( 'NONE',  ( 0.000000000000000000, -1.000000000000000000, -0.000000000000000000 ) ) ;
#1310 = VECTOR ( 'NONE', #74, 1000.000000000000000 ) ;
#1311 = CIRCLE ( 'NONE', #608, 0.5000000000000000000 ) ;
#1312 = CARTESIAN_POINT ( 'NONE',  ( -2.350000000000000089, -4.000000000000000000, 4.000000000000000000 ) ) ;
#1313 = CC_DESIGN_APPROVAL ( #77, ( #525 ) ) ;
#1314 = ORIENTED_EDGE ( 'NONE', *, *, #1464, .T. ) ;
#1315 = VERTEX_POINT ( 'NONE', #105 ) ;
#1316 = EDGE_CURVE ( 'NONE', #249, #1167, #1382, .T. ) ;
#1317 = CARTESIAN_POINT ( 'NONE',  ( 0.000000000000000000, -4.500000000000000000, 0.000000000000000000 ) ) ;
#1318 = CARTESIAN_POINT ( 'NONE',  ( -5.500000000000000000, -5.505346540445921616E-16, -3.499999999999999556 ) ) ;
#1319 = DIRECTION ( 'NONE',  ( 0.000000000000000000, 0.000000000000000000, 1.000000000000000000 ) ) ;
#1320 = VERTEX_POINT ( 'NONE', #595 ) ;
#1321 = DIRECTION ( 'NONE',  ( 0.000000000000000000, -1.000000000000000000, 0.000000000000000000 ) ) ;
#1322 =( LENGTH_UNIT ( ) NAMED_UNIT ( * ) SI_UNIT ( .MILLI., .METRE. ) );
#1323 = EDGE_CURVE ( 'NONE', #535, #688, #969, .T. ) ;
#1324 = CARTESIAN_POINT ( 'NONE',  ( -2.849999999999999645, -0.5000000000000001110, 3.500000000000000000 ) ) ;
#1325 = DIRECTION ( 'NONE',  ( 9.637352644315595243E-17, 1.000000000000000000, 0.000000000000000000 ) ) ;
#1326 = CARTESIAN_POINT ( 'NONE',  ( -6.000000000000000000, -6.379211070675434126E-16, 4.000000000000000000 ) ) ;
#1327 = EDGE_CURVE ( 'NONE', #775, #1229, #1597, .T. ) ;
#1328 = ORIENTED_EDGE ( 'NONE', *, *, #819, .F. ) ;
#1329 = FACE_OUTER_BOUND ( 'NONE', #340, .T. ) ;
#1330 = COORDINATED_UNIVERSAL_TIME_OFFSET ( 1, 0, .AHEAD. ) ;
#1331 = DIRECTION ( 'NONE',  ( 0.000000000000000000, 0.000000000000000000, 1.000000000000000000 ) ) ;
#1332 = DIRECTION ( 'NONE',  ( 1.000000000000000000, -0.000000000000000000, -0.000000000000000000 ) ) ;
#1333 = CARTESIAN_POINT ( 'NONE',  ( -2.299398213333940344, -4.219187131353477227, 0.1916036456578426028 ) ) ;
#1334 = CIRCLE ( 'NONE', #554, 0.5000000000000000000 ) ;
#1335 = VECTOR ( 'NONE', #846, 1000.000000000000000 ) ;
#1336 = EDGE_CURVE ( 'NONE', #1229, #1135, #1468, .T. ) ;
#1337 = ORIENTED_EDGE ( 'NONE', *, *, #1613, .F. ) ;
#1338 = AXIS2_PLACEMENT_3D ( 'NONE', #783, #796, #1267 ) ;
#1339 = CYLINDRICAL_SURFACE ( 'NONE', #689, 0.5000000000000000000 ) ;
#1340 = DIRECTION ( 'NONE',  ( 0.000000000000000000, 0.000000000000000000, 1.000000000000000000 ) ) ;
#1341 = LINE ( 'NONE', #484, #1073 ) ;
#1342 = LINE ( 'NONE', #227, #1335 ) ;
#1343 = CARTESIAN_POINT ( 'NONE',  ( 1.850000000000000089, -4.500000000000000000, -3.499999999999999556 ) ) ;
#1344 = CC_DESIGN_PERSON_AND_ORGANIZATION_ASSIGNMENT ( #1347, #247, ( #766 ) ) ;
#1345 = DIRECTION ( 'NONE',  ( -1.000000000000000000, 9.637352644315595243E-17, 0.000000000000000000 ) ) ;
#1346 = EDGE_CURVE ( 'NONE', #1171, #999, #320, .T. ) ;
#1347 = PERSON_AND_ORGANIZATION ( #691, #663 ) ;
#1348 = DIRECTION ( 'NONE',  ( 0.000000000000000000, 1.000000000000000000, 0.000000000000000000 ) ) ;
#1349 = FACE_OUTER_BOUND ( 'NONE', #736, .T. ) ;
#1350 = CARTESIAN_POINT ( 'NONE',  ( 2.849999999999999645, -0.5000000000000001110, 4.000000000000000000 ) ) ;
#1351 = EDGE_LOOP ( 'NONE', ( #615, #616, #648 ) ) ;
#1352 = DIRECTION ( 'NONE',  ( 0.000000000000000000, 0.000000000000000000, 1.000000000000000000 ) ) ;
#1353 = PERSON_AND_ORGANIZATION_ROLE ( 'classification_officer' ) ;
#1354 = CARTESIAN_POINT ( 'NONE',  ( -5.500000000000000000, 3.999999999999999112, -4.000000000000000000 ) ) ;
#1355 = CARTESIAN_POINT ( 'NONE',  ( -5.500000000000000000, 3.499999999999999112, 4.000000000000000000 ) ) ;
#1356 = ORIENTED_EDGE ( 'NONE', *, *, #659, .T. ) ;
#1357 = DIRECTION ( 'NONE',  ( 0.000000000000000000, 0.000000000000000000, -1.000000000000000000 ) ) ;
#1358 = CIRCLE ( 'NONE', #1493, 0.5000000000000000000 ) ;
#1359 = AXIS2_PLACEMENT_3D ( 'NONE', #179, #920, #650 ) ;
#1360 = CIRCLE ( 'NONE', #992, 0.5000000000000000000 ) ;
#1361 = CIRCLE ( 'NONE', #1126, 0.5000000000000004441 ) ;
#1362 = AXIS2_PLACEMENT_3D ( 'NONE', #146, #514, #645 ) ;
#1363 = AXIS2_PLACEMENT_3D ( 'NONE', #1403, #1282, #178 ) ;
#1364 = CARTESIAN_POINT ( 'NONE',  ( 5.500000000000000000, 0.000000000000000000, 3.500000000000000000 ) ) ;
#1365 = EDGE_CURVE ( 'NONE', #313, #651, #1051, .T. ) ;
#1366 = ORIENTED_EDGE ( 'NONE', *, *, #855, .F. ) ;
#1367 = EDGE_LOOP ( 'NONE', ( #1419, #168, #101 ) ) ;
#1368 = EDGE_CURVE ( 'NONE', #1135, #1271, #1074, .T. ) ;
#1369 = COORDINATED_UNIVERSAL_TIME_OFFSET ( 1, 0, .AHEAD. ) ;
#1370 = CYLINDRICAL_SURFACE ( 'NONE', #1235, 0.5000000000000000000 ) ;
#1371 = ORIENTED_EDGE ( 'NONE', *, *, #349, .T. ) ;
#1372 = ORIENTED_EDGE ( 'NONE', *, *, #181, .T. ) ;
#1373 = DIRECTION ( 'NONE',  ( 1.000000000000000000, 1.747729060459023048E-16, 0.000000000000000000 ) ) ;
#1374 = DIRECTION ( 'NONE',  ( -1.000000000000000000, 0.000000000000000000, -0.000000000000000000 ) ) ;
#1375 = DIRECTION ( 'NONE',  ( -0.000000000000000000, -1.000000000000000000, 0.000000000000000000 ) ) ;
#1376 = CARTESIAN_POINT ( 'NONE',  ( 1.920468825637158039, -4.496104835201155225, 1.870447758410587635 ) ) ;
#1377 = ORIENTED_EDGE ( 'NONE', *, *, #202, .F. ) ;
#1378 = ORIENTED_EDGE ( 'NONE', *, *, #1110, .T. ) ;
#1379 = SPHERICAL_SURFACE ( 'NONE', #1081, 0.5000000000000000000 ) ;
#1380 = CARTESIAN_POINT ( 'NONE',  ( -1.850000000000000089, -4.000000000000000000, 3.500000000000000000 ) ) ;
#1381 = ADVANCED_FACE ( 'NONE', ( #1329 ), #462, .T. ) ;
#1382 = CIRCLE ( 'NONE', #162, 1.000000000000000000 ) ;
#1383 = AXIS2_PLACEMENT_3D ( 'NONE', #337, #833, #1331 ) ;
#1384 = CARTESIAN_POINT ( 'NONE',  ( 5.500000000000000000, 0.4999999999999994449, -3.500000000000000000 ) ) ;
#1385 = CIRCLE ( 'NONE', #223, 0.5000000000000000000 ) ;
#1386 = CARTESIAN_POINT ( 'NONE',  ( 2.143044203903862410, -4.408345526576042950, -1.213462222653031608 ) ) ;
#1387 = EDGE_LOOP ( 'NONE', ( #522, #1533, #1509, #804 ) ) ;
#1388 = ORIENTED_EDGE ( 'NONE', *, *, #579, .F. ) ;
#1389 = CARTESIAN_POINT ( 'NONE',  ( 1.849999999999999645, -4.818676322157797621E-17, -3.499999999999999556 ) ) ;
#1390 = DIRECTION ( 'NONE',  ( -0.000000000000000000, -1.000000000000000000, -0.000000000000000000 ) ) ;
#1391 = ADVANCED_FACE ( 'NONE', ( #849 ), #341, .T. ) ;
#1392 = DIRECTION ( 'NONE',  ( 0.000000000000000000, 0.000000000000000000, -1.000000000000000000 ) ) ;
#1393 = DIRECTION ( 'NONE',  ( 0.000000000000000000, 0.000000000000000000, -1.000000000000000000 ) ) ;
#1394 = ORIENTED_EDGE ( 'NONE', *, *, #56, .T. ) ;
#1395 = ORIENTED_EDGE ( 'NONE', *, *, #1119, .F. ) ;
#1396 = CARTESIAN_POINT ( 'NONE',  ( -8.738645302295122637E-17, 0.5000000000000004441, 3.500000000000000000 ) ) ;
#1397 = DIRECTION ( 'NONE',  ( 0.000000000000000000, -8.673617379884035472E-16, 1.000000000000000000 ) ) ;
#1398 = EDGE_LOOP ( 'NONE', ( #1502, #713, #1048, #640 ) ) ;
#1399 = DIRECTION ( 'NONE',  ( -1.000000000000000000, 0.000000000000000000, 0.000000000000000000 ) ) ;
#1400 = CARTESIAN_POINT ( 'NONE',  ( 2.288743697299968627, -4.242554567439053237, -0.3644318901491128138 ) ) ;
#1401 = VERTEX_POINT ( 'NONE', #206 ) ;
#1402 = CARTESIAN_POINT ( 'NONE',  ( 5.500000000000000000, -6.379211070675434126E-16, -4.000000000000000000 ) ) ;
#1403 = CARTESIAN_POINT ( 'NONE',  ( -5.500000000000000000, 3.499999999999999112, -3.499999999999999556 ) ) ;
#1404 = CARTESIAN_POINT ( 'NONE',  ( -6.000000000000000000, 3.999999999999999112, -3.499999999999999556 ) ) ;
#1405 = ORIENTED_EDGE ( 'NONE', *, *, #569, .T. ) ;
#1406 = VECTOR ( 'NONE', #1118, 1000.000000000000000 ) ;
#1407 = DIRECTION ( 'NONE',  ( 1.000000000000000000, -0.000000000000000000, 0.000000000000000000 ) ) ;
#1408 = VECTOR ( 'NONE', #405, 1000.000000000000000 ) ;
#1409 = CARTESIAN_POINT ( 'NONE',  ( 1.920832206079338356, -4.500000000000003553, -1.874375834386485584 ) ) ;
#1410 = EDGE_LOOP ( 'NONE', ( #1495, #450 ) ) ;
#1411 = VECTOR ( 'NONE', #175, 1000.000000000000000 ) ;
#1412 = ADVANCED_FACE ( 'NONE', ( #1246 ), #1339, .T. ) ;
#1413 = CIRCLE ( 'NONE', #557, 0.5000000000000000000 ) ;
#1414 = FACE_OUTER_BOUND ( 'NONE', #1304, .T. ) ;
#1415 = DIRECTION ( 'NONE',  ( -0.000000000000000000, -0.000000000000000000, 1.000000000000000000 ) ) ;
#1416 = CIRCLE ( 'NONE', #1442, 2.750000000000000000 ) ;
#1417 = CARTESIAN_POINT ( 'NONE',  ( 6.000000000000000000, 3.499999999999999112, -4.000000000000000000 ) ) ;
#1418 = EDGE_CURVE ( 'NONE', #664, #775, #1223, .T. ) ;
#1419 = ORIENTED_EDGE ( 'NONE', *, *, #1037, .T. ) ;
#1420 = APPROVAL_DATE_TIME ( #215, #77 ) ;
#1421 = EDGE_LOOP ( 'NONE', ( #1266, #1207, #235, #1486 ) ) ;
#1422 = FACE_OUTER_BOUND ( 'NONE', #1524, .T. ) ;
#1423 = DIRECTION ( 'NONE',  ( 0.000000000000000000, 0.000000000000000000, 1.000000000000000000 ) ) ;
#1424 = CARTESIAN_POINT ( 'NONE',  ( -2.350000000000000089, -4.000000000000000000, -4.000000000000000000 ) ) ;
#1425 = ORIENTED_EDGE ( 'NONE', *, *, #1540, .T. ) ;
#1426 = ORIENTED_EDGE ( 'NONE', *, *, #1199, .T. ) ;
#1427 = CALENDAR_DATE ( 2025, 23, 5 ) ;
#1428 = ORIENTED_EDGE ( 'NONE', *, *, #275, .T. ) ;
#1429 = CYLINDRICAL_SURFACE ( 'NONE', #890, 0.5000000000000000000 ) ;
#1430 = DIRECTION ( 'NONE',  ( 0.000000000000000000, 0.000000000000000000, -1.000000000000000000 ) ) ;
#1431 = FACE_OUTER_BOUND ( 'NONE', #82, .T. ) ;
#1432 = ORIENTED_EDGE ( 'NONE', *, *, #1217, .F. ) ;
#1433 = EDGE_CURVE ( 'NONE', #646, #1558, #231, .T. ) ;
#1434 = DATE_AND_TIME ( #444, #500 ) ;
#1435 = VECTOR ( 'NONE', #1475, 1000.000000000000000 ) ;
#1436 = DIRECTION ( 'NONE',  ( 0.000000000000000000, -1.000000000000000000, 0.000000000000000000 ) ) ;
#1437 = LINE ( 'NONE', #185, #1472 ) ;
#1438 = AXIS2_PLACEMENT_3D ( 'NONE', #204, #1174, #1061 ) ;
#1439 = AXIS2_PLACEMENT_3D ( 'NONE', #60, #1436, #820 ) ;
#1440 = CARTESIAN_POINT ( 'NONE',  ( -2.251600032008148400, -4.300041906320842600, -0.6895889236648399256 ) ) ;
#1441 = AXIS2_PLACEMENT_3D ( 'NONE', #430, #954, #463 ) ;
#1442 = AXIS2_PLACEMENT_3D ( 'NONE', #53, #1543, #1154 ) ;
#1443 = ORIENTED_EDGE ( 'NONE', *, *, #725, .F. ) ;
#1444 = ADVANCED_FACE ( 'NONE', ( #824 ), #716, .T. ) ;
#1445 = DIRECTION ( 'NONE',  ( -0.000000000000000000, 1.000000000000000000, -0.000000000000000000 ) ) ;
#1446 = DIRECTION ( 'NONE',  ( 0.000000000000000000, 0.000000000000000000, 1.000000000000000000 ) ) ;
#1447 = EDGE_CURVE ( 'NONE', #360, #504, #732, .T. ) ;
#1448 = CARTESIAN_POINT ( 'NONE',  ( 1.850000000000000089, -4.000000000000000000, -3.500000000000000000 ) ) ;
#1449 = CARTESIAN_POINT ( 'NONE',  ( -2.349999999999999645, 0.000000000000000000, 4.000000000000000000 ) ) ;
#1450 = CARTESIAN_POINT ( 'NONE',  ( -1.850000000000000089, -4.500000000000000000, 3.500000000000000000 ) ) ;
#1451 = ORIENTED_EDGE ( 'NONE', *, *, #1346, .T. ) ;
#1452 = DIRECTION ( 'NONE',  ( -0.000000000000000000, -0.000000000000000000, 1.000000000000000000 ) ) ;
#1453 = MECHANICAL_CONTEXT ( 'NONE', #850, 'mechanical' ) ;
#1454 = ORIENTED_EDGE ( 'NONE', *, *, #1004, .T. ) ;
#1455 = CARTESIAN_POINT ( 'NONE',  ( 6.000000000000000000, -6.379211070675434126E-16, -3.499999999999999556 ) ) ;
#1456 = ADVANCED_FACE ( 'NONE', ( #502 ), #1089, .F. ) ;
#1457 = FACE_OUTER_BOUND ( 'NONE', #33, .T. ) ;
#1458 = CARTESIAN_POINT ( 'NONE',  ( -2.350000000000000089, -4.000000000000000000, -3.499999999999999556 ) ) ;
#1459 = ORIENTED_EDGE ( 'NONE', *, *, #1562, .T. ) ;
#1460 = DIRECTION ( 'NONE',  ( -0.000000000000000000, 1.000000000000000000, 0.000000000000000000 ) ) ;
#1461 = PERSON_AND_ORGANIZATION_ROLE ( 'creator' ) ;
#1462 = DIRECTION ( 'NONE',  ( 0.000000000000000000, 0.000000000000000000, -1.000000000000000000 ) ) ;
#1463 = CARTESIAN_POINT ( 'NONE',  ( 2.755455298081544285E-16, 3.499999999999998668, -2.250000000000000000 ) ) ;
#1464 = EDGE_CURVE ( 'NONE', #249, #651, #327, .T. ) ;
#1465 = DIRECTION ( 'NONE',  ( 0.000000000000000000, 0.000000000000000000, 1.000000000000000000 ) ) ;
#1466 = CIRCLE ( 'NONE', #265, 0.5000000000000000000 ) ;
#1467 = ORIENTED_EDGE ( 'NONE', *, *, #1483, .F. ) ;
#1468 = CIRCLE ( 'NONE', #1519, 0.5000000000000000000 ) ;
#1469 = AXIS2_PLACEMENT_3D ( 'NONE', #195, #169, #1308 ) ;
#1470 = ADVANCED_FACE ( 'NONE', ( #1212 ), #378, .F. ) ;
#1471 = AXIS2_PLACEMENT_3D ( 'NONE', #1013, #27, #1523 ) ;
#1472 = VECTOR ( 'NONE', #1574, 1000.000000000000000 ) ;
#1473 = DIRECTION ( 'NONE',  ( 0.000000000000000000, 0.000000000000000000, 1.000000000000000000 ) ) ;
#1474 = DIRECTION ( 'NONE',  ( 0.000000000000000000, 0.000000000000000000, -1.000000000000000000 ) ) ;
#1475 = DIRECTION ( 'NONE',  ( -1.000000000000000000, 1.747729060459023048E-16, -0.000000000000000000 ) ) ;
#1476 = MANIFOLD_SOLID_BREP ( 'Congé2', #1551 ) ;
#1477 = DIRECTION ( 'NONE',  ( 0.000000000000000000, 0.000000000000000000, 1.000000000000000000 ) ) ;
#1478 = DIRECTION ( 'NONE',  ( 0.000000000000000000, -1.000000000000000000, 0.000000000000000000 ) ) ;
#1479 = LINE ( 'NONE', #1455, #583 ) ;
#1480 = DIRECTION ( 'NONE',  ( -1.000000000000000000, 0.000000000000000000, 0.000000000000000000 ) ) ;
#1481 = ORIENTED_EDGE ( 'NONE', *, *, #407, .T. ) ;
#1482 = SPHERICAL_SURFACE ( 'NONE', #578, 0.5000000000000000000 ) ;
#1483 = EDGE_CURVE ( 'NONE', #798, #1150, #592, .T. ) ;
#1484 = EDGE_CURVE ( 'NONE', #1163, #1171, #1208, .T. ) ;
#1485 = FACE_OUTER_BOUND ( 'NONE', #630, .T. ) ;
#1486 = ORIENTED_EDGE ( 'NONE', *, *, #816, .F. ) ;
#1487 = CARTESIAN_POINT ( 'NONE',  ( -5.500000000000000000, 0.4999999999999994449, -3.499999999999999556 ) ) ;
#1488 = AXIS2_PLACEMENT_3D ( 'NONE', #737, #980, #746 ) ;
#1489 = AXIS2_PLACEMENT_3D ( 'NONE', #452, #1588, #879 ) ;
#1490 = CIRCLE ( 'NONE', #399, 0.5000000000000000000 ) ;
#1491 = PERSON_AND_ORGANIZATION ( #691, #663 ) ;
#1492 = ADVANCED_FACE ( 'NONE', ( #966 ), #950, .T. ) ;
#1493 = AXIS2_PLACEMENT_3D ( 'NONE', #1384, #769, #145 ) ;
#1494 = CARTESIAN_POINT ( 'NONE',  ( -5.500000000000000000, 3.499999999999999112, 4.000000000000000000 ) ) ;
#1495 = ORIENTED_EDGE ( 'NONE', *, *, #913, .T. ) ;
#1496 = ADVANCED_FACE ( 'NONE', ( #1530 ), #521, .T. ) ;
#1497 = EDGE_LOOP ( 'NONE', ( #680, #515, #1377 ) ) ;
#1498 = VERTEX_POINT ( 'NONE', #653 ) ;
#1499 = CARTESIAN_POINT ( 'NONE',  ( -8.738645302295122637E-17, 0.5000000000000004441, 4.000000000000000000 ) ) ;
#1500 = DIRECTION ( 'NONE',  ( 0.000000000000000000, 0.000000000000000000, -1.000000000000000000 ) ) ;
#1501 = DIRECTION ( 'NONE',  ( 0.000000000000000000, 1.000000000000000000, 0.000000000000000000 ) ) ;
#1502 = ORIENTED_EDGE ( 'NONE', *, *, #1199, .F. ) ;
#1503 = CARTESIAN_POINT ( 'NONE',  ( 6.000000000000000000, 3.499999999999999112, 3.500000000000000000 ) ) ;
#1504 = ORIENTED_EDGE ( 'NONE', *, *, #1142, .F. ) ;
#1505 = ADVANCED_FACE ( 'NONE', ( #881 ), #398, .T. ) ;
#1506 = ORIENTED_EDGE ( 'NONE', *, *, #516, .T. ) ;
#1507 = DIRECTION ( 'NONE',  ( 0.000000000000000000, 0.000000000000000000, -1.000000000000000000 ) ) ;
#1508 = CARTESIAN_POINT ( 'NONE',  ( 0.000000000000000000, 3.499999999999998668, -2.750000000000000000 ) ) ;
#1509 = ORIENTED_EDGE ( 'NONE', *, *, #1007, .T. ) ;
#1510 = CARTESIAN_POINT ( 'NONE',  ( -2.849999999999999645, -0.5000000000000001110, 4.000000000000000000 ) ) ;
#1511 = DIRECTION ( 'NONE',  ( -0.000000000000000000, -1.000000000000000000, 0.000000000000000000 ) ) ;
#1512 = EDGE_LOOP ( 'NONE', ( #1193, #41, #1036, #391 ) ) ;
#1513 = ORIENTED_EDGE ( 'NONE', *, *, #212, .F. ) ;
#1514 = CYLINDRICAL_SURFACE ( 'NONE', #925, 0.5000000000000000000 ) ;
#1515 = EDGE_CURVE ( 'NONE', #272, #205, #1601, .T. ) ;
#1516 = LINE ( 'NONE', #1130, #217 ) ;
#1517 = EDGE_CURVE ( 'NONE', #55, #1302, #760, .T. ) ;
#1518 = VECTOR ( 'NONE', #99, 1000.000000000000000 ) ;
#1519 = AXIS2_PLACEMENT_3D ( 'NONE', #975, #133, #756 ) ;
#1520 = AXIS2_PLACEMENT_3D ( 'NONE', #873, #505, #1614 ) ;
#1521 = DIRECTION ( 'NONE',  ( 1.000000000000000000, 0.000000000000000000, 0.000000000000000000 ) ) ;
#1522 = AXIS2_PLACEMENT_3D ( 'NONE', #38, #165, #1288 ) ;
#1523 = DIRECTION ( 'NONE',  ( 1.000000000000000000, 0.000000000000000000, 0.000000000000000000 ) ) ;
#1524 = EDGE_LOOP ( 'NONE', ( #213, #1187, #1587, #379 ) ) ;
#1525 = ORIENTED_EDGE ( 'NONE', *, *, #1095, .F. ) ;
#1526 = DIRECTION ( 'NONE',  ( 0.000000000000000000, -0.000000000000000000, 1.000000000000000000 ) ) ;
#1527 = VERTEX_POINT ( 'NONE', #1503 ) ;
#1528 = ADVANCED_FACE ( 'NONE', ( #638 ), #417, .T. ) ;
#1529 = DIRECTION ( 'NONE',  ( -1.000000000000000000, 0.000000000000000000, 0.000000000000000000 ) ) ;
#1530 = FACE_OUTER_BOUND ( 'NONE', #1286, .T. ) ;
#1531 = ORIENTED_EDGE ( 'NONE', *, *, #1249, .T. ) ;
#1532 = DIRECTION ( 'NONE',  ( 1.000000000000000000, 0.000000000000000000, 0.000000000000000000 ) ) ;
#1533 = ORIENTED_EDGE ( 'NONE', *, *, #723, .T. ) ;
#1534 = CARTESIAN_POINT ( 'NONE',  ( 2.349999999999999645, 0.000000000000000000, 3.500000000000000000 ) ) ;
#1535 = DIRECTION ( 'NONE',  ( 0.000000000000000000, -1.000000000000000000, 0.000000000000000000 ) ) ;
#1536 = ORIENTED_EDGE ( 'NONE', *, *, #624, .F. ) ;
#1537 = EDGE_CURVE ( 'NONE', #419, #802, #777, .T. ) ;
#1538 = CARTESIAN_POINT ( 'NONE',  ( 0.000000000000000000, -4.000000000000000000, 0.000000000000000000 ) ) ;
#1539 = CARTESIAN_POINT ( 'NONE',  ( 2.222638084696052285, -4.337282246753790815, 0.8605508743053524867 ) ) ;
#1540 = EDGE_CURVE ( 'NONE', #1160, #664, #1076, .T. ) ;
#1541 = ORIENTED_EDGE ( 'NONE', *, *, #623, .T. ) ;
#1542 = PLANE ( 'NONE',  #1439 ) ;
#1543 = DIRECTION ( 'NONE',  ( 0.000000000000000000, -1.000000000000000000, 0.000000000000000000 ) ) ;
#1544 = ORIENTED_EDGE ( 'NONE', *, *, #876, .F. ) ;
#1545 = ORIENTED_EDGE ( 'NONE', *, *, #1607, .F. ) ;
#1546 = CIRCLE ( 'NONE', #65, 0.5000000000000000000 ) ;
#1547 = LINE ( 'NONE', #1039, #632 ) ;
#1548 = EDGE_CURVE ( 'NONE', #651, #154, #797, .T. ) ;
#1549 = AXIS2_PLACEMENT_3D ( 'NONE', #979, #100, #1465 ) ;
#1550 = APPROVAL_STATUS ( 'not_yet_approved' ) ;
#1551 = CLOSED_SHELL ( 'NONE', ( #1492, #903, #884, #712, #95, #110, #1241, #1240, #757, #618, #1159, #97, #1470, #136, #1456, #356, #612, #835, #257, #1294, #1123, #886, #940, #436, #837, #471, #1381, #1496, #1391, #10, #301, #1528, #644, #46, #396, #791, #1444, #385, #549, #483, #442, #1505, #230, #1156, #647, #1197, #1412, #259, #868, #1555, #155, #1296, #1078, #22, #68, #487, #1589 ) ) ;
#1552 = ORIENTED_EDGE ( 'NONE', *, *, #1047, .F. ) ;
#1553 = AXIS2_PLACEMENT_3D ( 'NONE', #295, #652, #675 ) ;
#1554 = FACE_OUTER_BOUND ( 'NONE', #972, .T. ) ;
#1555 = ADVANCED_FACE ( 'NONE', ( #1261 ), #1132, .T. ) ;
#1556 = DIRECTION ( 'NONE',  ( 0.000000000000000000, -1.000000000000000000, 0.000000000000000000 ) ) ;
#1557 = CARTESIAN_POINT ( 'NONE',  ( -2.095887399381350047, -4.439455973171513747, 1.380209974295822928 ) ) ;
#1558 = VERTEX_POINT ( 'NONE', #140 ) ;
#1559 = ORIENTED_EDGE ( 'NONE', *, *, #981, .T. ) ;
#1560 = DIRECTION ( 'NONE',  ( 1.000000000000000000, -1.747729060459023048E-16, 0.000000000000000000 ) ) ;
#1561 = DIRECTION ( 'NONE',  ( -9.637352644315595243E-17, 1.000000000000000000, 0.000000000000000000 ) ) ;
#1562 = EDGE_CURVE ( 'NONE', #1, #802, #893, .T. ) ;
#1563 = CARTESIAN_POINT ( 'NONE',  ( -5.500000000000000000, 0.4999999999999994449, -4.000000000000000000 ) ) ;
#1564 = ORIENTED_EDGE ( 'NONE', *, *, #1336, .F. ) ;
#1565 = DATE_AND_TIME ( #1427, #869 ) ;
#1566 = CARTESIAN_POINT ( 'NONE',  ( 6.000000000000000000, -6.379211070675434126E-16, 4.000000000000000000 ) ) ;
#1567 = DIRECTION ( 'NONE',  ( 0.000000000000000000, 0.000000000000000000, 1.000000000000000000 ) ) ;
#1568 = DIRECTION ( 'NONE',  ( -1.000000000000000000, -1.747729060459023048E-16, 0.000000000000000000 ) ) ;
#1569 = CC_DESIGN_PERSON_AND_ORGANIZATION_ASSIGNMENT ( #1491, #1353, ( #717 ) ) ;
#1570 = ORIENTED_EDGE ( 'NONE', *, *, #751, .F. ) ;
#1571 = DIRECTION ( 'NONE',  ( 0.000000000000000000, -1.000000000000000000, 0.000000000000000000 ) ) ;
#1572 = CIRCLE ( 'NONE', #1100, 0.5000000000000000000 ) ;
#1573 = AXIS2_PLACEMENT_3D ( 'NONE', #1300, #1182, #315 ) ;
#1574 = DIRECTION ( 'NONE',  ( 9.637352644315595243E-17, 1.000000000000000000, -0.000000000000000000 ) ) ;
#1575 = VECTOR ( 'NONE', #957, 1000.000000000000000 ) ;
#1576 = AXIS2_PLACEMENT_3D ( 'NONE', #1609, #1375, #643 ) ;
#1577 = CARTESIAN_POINT ( 'NONE',  ( 2.849999999999999645, -0.5000000000000001110, 3.500000000000000000 ) ) ;
#1578 = APPROVAL_PERSON_ORGANIZATION ( #1177, #77, #831 ) ;
#1579 = AXIS2_PLACEMENT_3D ( 'NONE', #404, #800, #170 ) ;
#1580 = ORIENTED_EDGE ( 'NONE', *, *, #329, .T. ) ;
#1581 = CARTESIAN_POINT ( 'NONE',  ( -6.000000000000000000, -6.379211070675434126E-16, 3.500000000000000000 ) ) ;
#1582 = CARTESIAN_POINT ( 'NONE',  ( 0.000000000000000000, 0.000000000000000000, 0.000000000000000000 ) ) ;
#1583 = ORIENTED_EDGE ( 'NONE', *, *, #122, .T. ) ;
#1584 = DIRECTION ( 'NONE',  ( 0.000000000000000000, 0.000000000000000000, 1.000000000000000000 ) ) ;
#1585 = CARTESIAN_POINT ( 'NONE',  ( 1.850000000000000089, -4.000000000000000000, -3.499999999999999556 ) ) ;
#1586 = CARTESIAN_POINT ( 'NONE',  ( -1.920468825637158483, -4.496104835201155225, -1.870447758410586747 ) ) ;
#1587 = ORIENTED_EDGE ( 'NONE', *, *, #1058, .T. ) ;
#1588 = DIRECTION ( 'NONE',  ( 0.000000000000000000, 0.000000000000000000, -1.000000000000000000 ) ) ;
#1589 = ADVANCED_FACE ( 'NONE', ( #941 ), #37, .T. ) ;
#1590 = FACE_OUTER_BOUND ( 'NONE', #114, .T. ) ;
#1591 = DIRECTION ( 'NONE',  ( 0.000000000000000000, 0.000000000000000000, -1.000000000000000000 ) ) ;
#1592 = EDGE_CURVE ( 'NONE', #504, #1527, #699, .T. ) ;
#1593 = DIRECTION ( 'NONE',  ( -1.000000000000000000, 0.000000000000000000, 0.000000000000000000 ) ) ;
#1594 = CARTESIAN_POINT ( 'NONE',  ( -1.850000000000000089, -4.000000000000000000, 3.500000000000000000 ) ) ;
#1595 = CARTESIAN_POINT ( 'NONE',  ( -1.849999999999999645, 1.782910239198384713E-16, 3.500000000000000000 ) ) ;
#1596 = DIRECTION ( 'NONE',  ( 0.000000000000000000, 0.000000000000000000, -1.000000000000000000 ) ) ;
#1597 = LINE ( 'NONE', #258, #425 ) ;
#1598 = EDGE_CURVE ( 'NONE', #798, #1239, #193, .T. ) ;
#1599 = ORIENTED_EDGE ( 'NONE', *, *, #601, .F. ) ;
#1600 = VECTOR ( 'NONE', #1093, 1000.000000000000000 ) ;
#1601 = CIRCLE ( 'NONE', #346, 0.5000000000000000000 ) ;
#1602 = VECTOR ( 'NONE', #1561, 1000.000000000000000 ) ;
#1603 = CYLINDRICAL_SURFACE ( 'NONE', #662, 0.5000000000000000000 ) ;
#1604 = DIRECTION ( 'NONE',  ( -1.000000000000000000, 0.000000000000000000, 0.000000000000000000 ) ) ;
#1605 = CARTESIAN_POINT ( 'NONE',  ( 0.000000000000000000, -4.000000000000000000, 0.000000000000000000 ) ) ;
#1606 = FACE_OUTER_BOUND ( 'NONE', #829, .T. ) ;
#1607 = EDGE_CURVE ( 'NONE', #1006, #1302, #455, .T. ) ;
#1608 = CALENDAR_DATE ( 2025, 23, 5 ) ;
#1609 = CARTESIAN_POINT ( 'NONE',  ( -5.500000000000000000, 3.499999999999999112, 3.500000000000000000 ) ) ;
#1610 = ORIENTED_EDGE ( 'NONE', *, *, #1433, .T. ) ;
#1611 = CARTESIAN_POINT ( 'NONE',  ( 2.350000000000000089, -4.500000000000000000, -3.499999999999999556 ) ) ;
#1612 = CC_DESIGN_PERSON_AND_ORGANIZATION_ASSIGNMENT ( #1104, #1461, ( #766 ) ) ;
#1613 = EDGE_CURVE ( 'NONE', #635, #387, #1283, .T. ) ;
#1614 = DIRECTION ( 'NONE',  ( -1.000000000000000000, 0.000000000000000000, 0.000000000000000000 ) ) ;
#1615 = VERTEX_POINT ( 'NONE', #810 ) ;
ENDSEC;
END-ISO-10303-21;
