ISO-10303-21;
HEADER;
FILE_DESCRIPTION (( 'STEP AP203' ),
    '1' );
FILE_NAME ('piece_serrage_patte_rail_mobile.STEP',
    '2025-05-23T08:41:05',
    ( '' ),
    ( '' ),
    'SwSTEP 2.0',
    'SolidWorks 2023',
    '' );
FILE_SCHEMA (( 'CONFIG_CONTROL_DESIGN' ));
ENDSEC;

DATA;
#1 = DIRECTION ( 'NONE',  ( 1.000000000000000000, 0.000000000000000000, 0.000000000000000000 ) ) ;
#2 = DIRECTION ( 'NONE',  ( 0.000000000000000000, 0.000000000000000000, -1.000000000000000000 ) ) ;
#3 = CIRCLE ( 'NONE', #33, 0.5000000000000000000 ) ;
#4 = CARTESIAN_POINT ( 'NONE',  ( 2.020667218593132755E-16, -1.499999999999999778, -1.650000000000000133 ) ) ;
#5 = ORIENTED_EDGE ( 'NONE', *, *, #327, .F. ) ;
#6 = DIRECTION ( 'NONE',  ( 9.227252531791525393E-17, 1.000000000000000000, 0.000000000000000000 ) ) ;
#7 = CARTESIAN_POINT ( 'NONE',  ( -1.850000000000000089, -1.499999999999999556, 3.000000000000000000 ) ) ;
#8 = DIRECTION ( 'NONE',  ( 2.168404344971009361E-16, 1.000000000000000000, 0.000000000000000000 ) ) ;
#9 = AXIS2_PLACEMENT_3D ( 'NONE', #703, #219, #949 ) ;
#10 = ORIENTED_EDGE ( 'NONE', *, *, #825, .T. ) ;
#11 = ORIENTED_EDGE ( 'NONE', *, *, #1212, .F. ) ;
#12 = DIRECTION ( 'NONE',  ( 0.000000000000000000, -0.000000000000000000, -1.000000000000000000 ) ) ;
#13 = CARTESIAN_POINT ( 'NONE',  ( 2.632990618166809235E-16, 4.000000000000000000, 2.149999999999999911 ) ) ;
#14 = ORIENTED_EDGE ( 'NONE', *, *, #802, .T. ) ;
#15 = DIRECTION ( 'NONE',  ( -2.168404344971009115E-16, 1.000000000000000000, -9.403954806578308822E-32 ) ) ;
#16 = EDGE_CURVE ( 'NONE', #1264, #595, #481, .T. ) ;
#17 = ORIENTED_EDGE ( 'NONE', *, *, #150, .F. ) ;
#18 = DIRECTION ( 'NONE',  ( 1.000000000000000000, 0.000000000000000000, 0.000000000000000000 ) ) ;
#19 = CARTESIAN_POINT ( 'NONE',  ( -5.500000000000000000, 3.499999999999999112, -3.500000000000000000 ) ) ;
#20 = ADVANCED_FACE ( 'NONE', ( #1031 ), #1385, .F. ) ;
#21 = CIRCLE ( 'NONE', #1553, 0.5000000000000000000 ) ;
#22 = ORIENTED_EDGE ( 'NONE', *, *, #1092, .F. ) ;
#23 = DIRECTION ( 'NONE',  ( -2.168404344971009854E-16, -1.000000000000000000, -0.000000000000000000 ) ) ;
#24 = CARTESIAN_POINT ( 'NONE',  ( -1.384087879768728871E-16, -1.499999999999999778, 3.000000000000000000 ) ) ;
#25 = CC_DESIGN_PERSON_AND_ORGANIZATION_ASSIGNMENT ( #1179, #1054, ( #1008 ) ) ;
#26 = FACE_OUTER_BOUND ( 'NONE', #400, .T. ) ;
#27 = CIRCLE ( 'NONE', #222, 0.5000000000000000000 ) ;
#28 = FACE_OUTER_BOUND ( 'NONE', #1360, .T. ) ;
#29 = VERTEX_POINT ( 'NONE', #1419 ) ;
#30 = MANIFOLD_SOLID_BREP ( 'Congé1', #1472 ) ;
#31 = CYLINDRICAL_SURFACE ( 'NONE', #208, 0.5000000000000000000 ) ;
#32 = EDGE_LOOP ( 'NONE', ( #396, #10, #17 ) ) ;
#33 = AXIS2_PLACEMENT_3D ( 'NONE', #1580, #92, #620 ) ;
#34 = ORIENTED_EDGE ( 'NONE', *, *, #227, .T. ) ;
#35 = CARTESIAN_POINT ( 'NONE',  ( -1.850000000000000089, -1.999999999999999556, -3.000000000000000444 ) ) ;
#36 = DIRECTION ( 'NONE',  ( 0.000000000000000000, -1.000000000000000000, -0.000000000000000000 ) ) ;
#37 = AXIS2_PLACEMENT_3D ( 'NONE', #1106, #1593, #591 ) ;
#38 = EDGE_CURVE ( 'NONE', #165, #488, #807, .T. ) ;
#39 = ORIENTED_EDGE ( 'NONE', *, *, #705, .T. ) ;
#40 = ORIENTED_EDGE ( 'NONE', *, *, #303, .T. ) ;
#41 = CC_DESIGN_APPROVAL ( #309, ( #1008 ) ) ;
#42 = ORIENTED_EDGE ( 'NONE', *, *, #884, .F. ) ;
#43 = DATE_AND_TIME ( #920, #83 ) ;
#44 = CYLINDRICAL_SURFACE ( 'NONE', #438, 0.5000000000000000000 ) ;
#45 = VECTOR ( 'NONE', #1350, 1000.000000000000000 ) ;
#46 = ADVANCED_FACE ( 'NONE', ( #540 ), #780, .T. ) ;
#47 = DIRECTION ( 'NONE',  ( 0.000000000000000000, 0.000000000000000000, -1.000000000000000000 ) ) ;
#48 = ORIENTED_EDGE ( 'NONE', *, *, #261, .F. ) ;
#49 = EDGE_CURVE ( 'NONE', #1024, #292, #68, .T. ) ;
#50 = ORIENTED_EDGE ( 'NONE', *, *, #341, .F. ) ;
#51 = APPROVAL_STATUS ( 'not_yet_approved' ) ;
#52 = CARTESIAN_POINT ( 'NONE',  ( -2.349999999999999645, -4.814824860968089633E-32, 3.500000000000000000 ) ) ;
#53 = CYLINDRICAL_SURFACE ( 'NONE', #1207, 0.5000000000000004441 ) ;
#54 = ADVANCED_FACE ( 'NONE', ( #395 ), #155, .F. ) ;
#55 = EDGE_LOOP ( 'NONE', ( #496, #1312, #1112 ) ) ;
#56 = DIRECTION ( 'NONE',  ( 1.000000000000000000, 0.000000000000000000, 1.224646799147353454E-16 ) ) ;
#57 = CARTESIAN_POINT ( 'NONE',  ( 2.349999999999999645, -9.629649721936179265E-32, 3.500000000000000000 ) ) ;
#58 = DIRECTION ( 'NONE',  ( 1.000000000000000000, 0.000000000000000000, 0.000000000000000000 ) ) ;
#59 = EDGE_CURVE ( 'NONE', #1228, #812, #894, .T. ) ;
#60 = EDGE_LOOP ( 'NONE', ( #1370, #656, #683, #1240 ) ) ;
#61 = DIRECTION ( 'NONE',  ( -0.000000000000000000, -0.000000000000000000, 1.000000000000000000 ) ) ;
#62 = ADVANCED_FACE ( 'NONE', ( #1037 ), #31, .T. ) ;
#63 = CARTESIAN_POINT ( 'NONE',  ( 5.500000000000000000, 0.4999999999999993339, 3.000000000000000000 ) ) ;
#64 = CIRCLE ( 'NONE', #1596, 0.5000000000000000000 ) ;
#65 = DIRECTION ( 'NONE',  ( -0.000000000000000000, -0.000000000000000000, 1.000000000000000000 ) ) ;
#66 = ORIENTED_EDGE ( 'NONE', *, *, #1425, .F. ) ;
#67 = AXIS2_PLACEMENT_3D ( 'NONE', #1181, #553, #450 ) ;
#68 = CIRCLE ( 'NONE', #1195, 0.5000000000000000000 ) ;
#69 = ORIENTED_EDGE ( 'NONE', *, *, #1463, .F. ) ;
#70 = EDGE_LOOP ( 'NONE', ( #1025, #629, #1257, #1412 ) ) ;
#71 = DIRECTION ( 'NONE',  ( -1.000000000000000000, -2.168404344971008868E-16, 0.000000000000000000 ) ) ;
#72 = CARTESIAN_POINT ( 'NONE',  ( 5.500000000000000000, 0.4999999999999993339, -3.000000000000000000 ) ) ;
#73 = CARTESIAN_POINT ( 'NONE',  ( -1.987066559234553553, -1.981540719749396384, -0.3698386082410542453 ) ) ;
#74 = EDGE_LOOP ( 'NONE', ( #495, #42, #50, #883 ) ) ;
#75 = VECTOR ( 'NONE', #1583, 1000.000000000000000 ) ;
#76 = ORIENTED_EDGE ( 'NONE', *, *, #923, .F. ) ;
#77 = CIRCLE ( 'NONE', #1160, 0.5000000000000000000 ) ;
#78 = EDGE_CURVE ( 'NONE', #320, #771, #1265, .T. ) ;
#79 = DIRECTION ( 'NONE',  ( -0.000000000000000000, 1.000000000000000000, -0.000000000000000000 ) ) ;
#80 = CARTESIAN_POINT ( 'NONE',  ( 1.849999999999999867, -0.5000000000000002220, 3.500000000000000000 ) ) ;
#81 = CIRCLE ( 'NONE', #732, 0.5000000000000000000 ) ;
#82 = DIRECTION ( 'NONE',  ( 0.000000000000000000, 1.000000000000000000, -0.000000000000000000 ) ) ;
#83 = LOCAL_TIME ( 10, 41, 5.000000000000000000, #175 ) ;
#84 = VERTEX_POINT ( 'NONE', #1281 ) ;
#85 = LINE ( 'NONE', #932, #765 ) ;
#86 = LINE ( 'NONE', #809, #1505 ) ;
#87 = EDGE_CURVE ( 'NONE', #936, #100, #788, .T. ) ;
#88 = LINE ( 'NONE', #475, #663 ) ;
#89 = CIRCLE ( 'NONE', #841, 0.5000000000000000000 ) ;
#90 = EDGE_CURVE ( 'NONE', #612, #120, #1146, .T. ) ;
#91 = DIRECTION ( 'NONE',  ( 1.000000000000000000, 0.000000000000000000, 0.000000000000000000 ) ) ;
#92 = DIRECTION ( 'NONE',  ( -0.000000000000000000, -1.000000000000000000, -0.000000000000000000 ) ) ;
#93 = CIRCLE ( 'NONE', #521, 1.000000000000000000 ) ;
#94 = DIRECTION ( 'NONE',  ( 0.000000000000000000, 0.000000000000000000, 1.000000000000000000 ) ) ;
#95 = DIRECTION ( 'NONE',  ( 0.000000000000000000, 0.000000000000000000, -1.000000000000000000 ) ) ;
#96 = DIRECTION ( 'NONE',  ( -1.000000000000000000, 0.000000000000000000, 0.000000000000000000 ) ) ;
#97 = EDGE_CURVE ( 'NONE', #1024, #1393, #1289, .T. ) ;
#98 = ORIENTED_EDGE ( 'NONE', *, *, #206, .T. ) ;
#99 = DIRECTION ( 'NONE',  ( -0.000000000000000000, -0.000000000000000000, 1.000000000000000000 ) ) ;
#100 = VERTEX_POINT ( 'NONE', #674 ) ;
#101 = LINE ( 'NONE', #350, #125 ) ;
#102 = DIRECTION ( 'NONE',  ( -2.168404344971009361E-16, -1.000000000000000000, 0.000000000000000000 ) ) ;
#103 = DIRECTION ( 'NONE',  ( -1.000000000000000000, 0.000000000000000000, -0.000000000000000000 ) ) ;
#104 = CARTESIAN_POINT ( 'NONE',  ( 5.500000000000000000, 3.499999999999999112, -3.000000000000000000 ) ) ;
#105 = EDGE_LOOP ( 'NONE', ( #1156, #40, #22 ) ) ;
#106 = DIRECTION ( 'NONE',  ( 0.000000000000000000, 0.000000000000000000, -1.000000000000000000 ) ) ;
#107 = ADVANCED_FACE ( 'NONE', ( #1175 ), #53, .T. ) ;
#108 = CARTESIAN_POINT ( 'NONE',  ( 5.500000000000000000, 0.4999999999999993339, -3.500000000000000000 ) ) ;
#109 = EDGE_CURVE ( 'NONE', #638, #742, #85, .T. ) ;
#110 = CIRCLE ( 'NONE', #816, 0.5000000000000004441 ) ;
#111 = ORIENTED_EDGE ( 'NONE', *, *, #1256, .F. ) ;
#112 = DIRECTION ( 'NONE',  ( -0.000000000000000000, -0.000000000000000000, 1.000000000000000000 ) ) ;
#113 = APPLICATION_CONTEXT ( 'configuration controlled 3d designs of mechanical parts and assemblies' ) ;
#114 = CALENDAR_DATE ( 2025, 23, 5 ) ;
#115 = CARTESIAN_POINT ( 'NONE',  ( 5.500000000000000000, 3.499999999999999112, -3.500000000000000000 ) ) ;
#116 = CARTESIAN_POINT ( 'NONE',  ( -1.850000000000000089, -1.499999999999999556, -3.000000000000000444 ) ) ;
#117 = VERTEX_POINT ( 'NONE', #423 ) ;
#118 = CYLINDRICAL_SURFACE ( 'NONE', #1126, 0.5000000000000000000 ) ;
#119 = VECTOR ( 'NONE', #898, 1000.000000000000000 ) ;
#120 = VERTEX_POINT ( 'NONE', #1545 ) ;
#121 = FACE_OUTER_BOUND ( 'NONE', #838, .T. ) ;
#122 = DIRECTION ( 'NONE',  ( 0.000000000000000000, 0.000000000000000000, -1.000000000000000000 ) ) ;
#123 = ORIENTED_EDGE ( 'NONE', *, *, #1212, .T. ) ;
#124 = ORIENTED_EDGE ( 'NONE', *, *, #1136, .T. ) ;
#125 = VECTOR ( 'NONE', #596, 1000.000000000000000 ) ;
#126 = CARTESIAN_POINT ( 'NONE',  ( -2.000000000000027089, -1.976969600708558650, -9.699503733421092585E-14 ) ) ;
#127 = CARTESIAN_POINT ( 'NONE',  ( -2.349999999999999645, -0.5000000000000001110, 3.000000000000000000 ) ) ;
#128 = LINE ( 'NONE', #623, #1399 ) ;
#129 = ORIENTED_EDGE ( 'NONE', *, *, #527, .T. ) ;
#130 = CARTESIAN_POINT ( 'NONE',  ( -2.350000000000000089, -1.499999999999999556, 3.500000000000000000 ) ) ;
#131 = CARTESIAN_POINT ( 'NONE',  ( -5.500000000000000000, 3.499999999999999112, 3.500000000000000000 ) ) ;
#132 = CARTESIAN_POINT ( 'NONE',  ( 0.000000000000000000, -1.499999999999999778, 0.000000000000000000 ) ) ;
#133 = EDGE_LOOP ( 'NONE', ( #1071, #1481, #483, #1087, #1183 ) ) ;
#134 = ORIENTED_EDGE ( 'NONE', *, *, #1040, .F. ) ;
#135 = ADVANCED_FACE ( 'NONE', ( #564 ), #826, .T. ) ;
#136 = CARTESIAN_POINT ( 'NONE',  ( 2.350000000000000089, -1.499999999999999778, -3.000000000000000444 ) ) ;
#137 = DIRECTION ( 'NONE',  ( 0.000000000000000000, 0.000000000000000000, 1.000000000000000000 ) ) ;
#138 = EDGE_LOOP ( 'NONE', ( #1077, #753, #845, #1410 ) ) ;
#139 = CARTESIAN_POINT ( 'NONE',  ( -1.849999999999999867, -1.499999999999999556, -3.500000000000000000 ) ) ;
#140 = VECTOR ( 'NONE', #79, 1000.000000000000000 ) ;
#141 = VERTEX_POINT ( 'NONE', #328 ) ;
#142 = CYLINDRICAL_SURFACE ( 'NONE', #534, 0.5000000000000000000 ) ;
#143 = LINE ( 'NONE', #248, #119 ) ;
#144 = AXIS2_PLACEMENT_3D ( 'NONE', #323, #82, #453 ) ;
#145 = DIRECTION ( 'NONE',  ( -1.000000000000000000, 9.227252531791526626E-17, 0.000000000000000000 ) ) ;
#146 = DIRECTION ( 'NONE',  ( 1.000000000000000000, 0.000000000000000000, 0.000000000000000000 ) ) ;
#147 = EDGE_CURVE ( 'NONE', #356, #850, #998, .T. ) ;
#148 = EDGE_LOOP ( 'NONE', ( #950, #1172, #696, #349, #1589, #230, #373, #644, #549, #1380 ) ) ;
#149 = LINE ( 'NONE', #247, #492 ) ;
#150 = EDGE_CURVE ( 'NONE', #1365, #100, #1329, .T. ) ;
#151 = DIRECTION ( 'NONE',  ( 0.000000000000000000, 0.000000000000000000, 1.000000000000000000 ) ) ;
#152 = VECTOR ( 'NONE', #848, 1000.000000000000000 ) ;
#153 = LINE ( 'NONE', #1279, #719 ) ;
#154 = VERTEX_POINT ( 'NONE', #1197 ) ;
#155 = PLANE ( 'NONE',  #282 ) ;
#156 = ORIENTED_EDGE ( 'NONE', *, *, #1101, .T. ) ;
#157 = ORIENTED_EDGE ( 'NONE', *, *, #910, .F. ) ;
#158 = ADVANCED_FACE ( 'NONE', ( #1307 ), #815, .F. ) ;
#159 = PLANE ( 'NONE',  #1107 ) ;
#160 = TOROIDAL_SURFACE ( 'NONE', #1153, 2.149999999999999911, 0.5000000000000000000 ) ;
#161 = LINE ( 'NONE', #295, #1070 ) ;
#162 = CARTESIAN_POINT ( 'NONE',  ( 6.000000000000000000, -6.379211070675434126E-16, -3.000000000000000444 ) ) ;
#163 = ORIENTED_EDGE ( 'NONE', *, *, #1052, .T. ) ;
#164 = AXIS2_PLACEMENT_3D ( 'NONE', #472, #462, #1001 ) ;
#165 = VERTEX_POINT ( 'NONE', #681 ) ;
#166 = CALENDAR_DATE ( 2025, 23, 5 ) ;
#167 = DIRECTION ( 'NONE',  ( 0.000000000000000000, 0.000000000000000000, -1.000000000000000000 ) ) ;
#168 = CC_DESIGN_PERSON_AND_ORGANIZATION_ASSIGNMENT ( #1436, #550, ( #1008 ) ) ;
#169 = AXIS2_PLACEMENT_3D ( 'NONE', #1337, #724, #990 ) ;
#170 = EDGE_CURVE ( 'NONE', #1393, #1247, #963, .T. ) ;
#171 = CARTESIAN_POINT ( 'NONE',  ( -1.384087879768728871E-16, -1.499999999999999778, 3.500000000000000000 ) ) ;
#172 = ORIENTED_EDGE ( 'NONE', *, *, #1136, .F. ) ;
#173 = AXIS2_PLACEMENT_3D ( 'NONE', #491, #1382, #657 ) ;
#174 = ORIENTED_EDGE ( 'NONE', *, *, #988, .T. ) ;
#175 = COORDINATED_UNIVERSAL_TIME_OFFSET ( 1, 0, .AHEAD. ) ;
#176 = FACE_OUTER_BOUND ( 'NONE', #1468, .T. ) ;
#177 = AXIS2_PLACEMENT_3D ( 'NONE', #7, #1262, #151 ) ;
#178 = CARTESIAN_POINT ( 'NONE',  ( -1.849999999999999867, -0.5000000000000002220, -3.000000000000000000 ) ) ;
#179 = VERTEX_POINT ( 'NONE', #207 ) ;
#180 = VERTEX_POINT ( 'NONE', #1320 ) ;
#181 = ORIENTED_EDGE ( 'NONE', *, *, #1187, .T. ) ;
#182 = CARTESIAN_POINT ( 'NONE',  ( 0.000000000000000000, 3.499999999999999556, 0.000000000000000000 ) ) ;
#183 = VECTOR ( 'NONE', #1174, 1000.000000000000000 ) ;
#184 = CYLINDRICAL_SURFACE ( 'NONE', #67, 1.650000000000000133 ) ;
#185 = EDGE_CURVE ( 'NONE', #117, #891, #573, .T. ) ;
#186 = ADVANCED_FACE ( 'NONE', ( #808 ), #310, .F. ) ;
#187 = ORIENTED_EDGE ( 'NONE', *, *, #697, .T. ) ;
#188 = CYLINDRICAL_SURFACE ( 'NONE', #1492, 0.5000000000000000000 ) ;
#189 = CARTESIAN_POINT ( 'NONE',  ( -2.849999999999999645, 0.4999999999999997780, 3.500000000000000000 ) ) ;
#190 = SPHERICAL_SURFACE ( 'NONE', #1063, 0.5000000000000000000 ) ;
#191 = EDGE_CURVE ( 'NONE', #412, #638, #704, .T. ) ;
#192 = AXIS2_PLACEMENT_3D ( 'NONE', #258, #506, #1254 ) ;
#193 = ORIENTED_EDGE ( 'NONE', *, *, #948, .F. ) ;
#194 = CARTESIAN_POINT ( 'NONE',  ( 1.849999999999999645, -2.000000000000000000, -1.095445115010332815 ) ) ;
#195 = VERTEX_POINT ( 'NONE', #189 ) ;
#196 = DIRECTION ( 'NONE',  ( -4.336808689942017736E-16, 1.000000000000000000, -1.880790961315660013E-31 ) ) ;
#197 = VECTOR ( 'NONE', #1363, 1000.000000000000000 ) ;
#198 = DIRECTION ( 'NONE',  ( 1.000000000000000000, 0.000000000000000000, 0.000000000000000000 ) ) ;
#199 = ORIENTED_EDGE ( 'NONE', *, *, #1331, .T. ) ;
#200 = CIRCLE ( 'NONE', #541, 2.149999999999999911 ) ;
#201 = ADVANCED_FACE ( 'NONE', ( #1564 ), #1426, .T. ) ;
#202 = SPHERICAL_SURFACE ( 'NONE', #695, 0.5000000000000000000 ) ;
#203 = LINE ( 'NONE', #1089, #1438 ) ;
#204 = DIRECTION ( 'NONE',  ( -0.000000000000000000, -0.000000000000000000, 1.000000000000000000 ) ) ;
#205 = AXIS2_PLACEMENT_3D ( 'NONE', #1017, #522, #1026 ) ;
#206 = EDGE_CURVE ( 'NONE', #1199, #804, #200, .T. ) ;
#207 = CARTESIAN_POINT ( 'NONE',  ( -5.500000000000000000, -5.505346540445921616E-16, -3.000000000000000444 ) ) ;
#208 = AXIS2_PLACEMENT_3D ( 'NONE', #642, #1295, #909 ) ;
#209 = DIRECTION ( 'NONE',  ( 0.000000000000000000, 8.673617379884035472E-16, -1.000000000000000000 ) ) ;
#210 = DIRECTION ( 'NONE',  ( 0.000000000000000000, 1.000000000000000000, -0.000000000000000000 ) ) ;
#211 = AXIS2_PLACEMENT_3D ( 'NONE', #823, #709, #1573 ) ;
#212 = FACE_OUTER_BOUND ( 'NONE', #55, .T. ) ;
#213 = DIRECTION ( 'NONE',  ( -0.000000000000000000, -0.000000000000000000, 1.000000000000000000 ) ) ;
#214 = CARTESIAN_POINT ( 'NONE',  ( 2.849999999999999645, 0.4999999999999998890, 3.000000000000000000 ) ) ;
#215 = ADVANCED_FACE ( 'NONE', ( #686 ), #202, .T. ) ;
#216 = CYLINDRICAL_SURFACE ( 'NONE', #568, 0.5000000000000000000 ) ;
#217 = CARTESIAN_POINT ( 'NONE',  ( 0.000000000000000000, 3.499999999999999556, 1.650000000000000133 ) ) ;
#218 = AXIS2_PLACEMENT_3D ( 'NONE', #452, #580, #1059 ) ;
#219 = DIRECTION ( 'NONE',  ( 0.000000000000000000, -1.000000000000000000, 0.000000000000000000 ) ) ;
#220 = DIRECTION ( 'NONE',  ( 0.000000000000000000, 0.000000000000000000, -1.000000000000000000 ) ) ;
#221 = DIRECTION ( 'NONE',  ( -8.673617379884035472E-16, 0.000000000000000000, 1.000000000000000000 ) ) ;
#222 = AXIS2_PLACEMENT_3D ( 'NONE', #1151, #533, #1034 ) ;
#223 = DIRECTION ( 'NONE',  ( -1.000000000000000000, 0.000000000000000000, 0.000000000000000000 ) ) ;
#224 = ADVANCED_FACE ( 'NONE', ( #821 ), #184, .F. ) ;
#225 = ORIENTED_EDGE ( 'NONE', *, *, #90, .F. ) ;
#226 = DIRECTION ( 'NONE',  ( -1.000000000000000000, 9.227252531791526626E-17, -0.000000000000000000 ) ) ;
#227 = EDGE_CURVE ( 'NONE', #418, #476, #1550, .T. ) ;
#228 = DIRECTION ( 'NONE',  ( -1.000000000000000000, 0.000000000000000000, 0.000000000000000000 ) ) ;
#229 = VECTOR ( 'NONE', #1225, 1000.000000000000000 ) ;
#230 = ORIENTED_EDGE ( 'NONE', *, *, #582, .T. ) ;
#231 = AXIS2_PLACEMENT_3D ( 'NONE', #1452, #817, #1576 ) ;
#232 = SPHERICAL_SURFACE ( 'NONE', #702, 0.5000000000000000000 ) ;
#233 = COORDINATED_UNIVERSAL_TIME_OFFSET ( 1, 0, .AHEAD. ) ;
#234 = DIRECTION ( 'NONE',  ( 0.000000000000000000, 1.000000000000000000, -0.000000000000000000 ) ) ;
#235 = LINE ( 'NONE', #600, #297 ) ;
#236 = ORIENTED_EDGE ( 'NONE', *, *, #1007, .T. ) ;
#237 = CARTESIAN_POINT ( 'NONE',  ( -2.849999999999999645, -8.738645302295114009E-17, 3.500000000000000000 ) ) ;
#238 = DIRECTION ( 'NONE',  ( 0.000000000000000000, 0.000000000000000000, -1.000000000000000000 ) ) ;
#239 = CARTESIAN_POINT ( 'NONE',  ( 1.849999999999999867, -1.500000000000000000, 3.500000000000000000 ) ) ;
#240 = ORIENTED_EDGE ( 'NONE', *, *, #1599, .F. ) ;
#241 = CC_DESIGN_APPROVAL ( #773, ( #318 ) ) ;
#242 = EDGE_LOOP ( 'NONE', ( #1435, #652, #692 ) ) ;
#243 = CYLINDRICAL_SURFACE ( 'NONE', #1340, 0.5000000000000000000 ) ;
#244 = DIRECTION ( 'NONE',  ( 1.000000000000000000, 0.000000000000000000, 0.000000000000000000 ) ) ;
#245 = DIRECTION ( 'NONE',  ( -0.000000000000000000, -1.000000000000000000, -0.000000000000000000 ) ) ;
#246 = VERTEX_POINT ( 'NONE', #1462 ) ;
#247 = CARTESIAN_POINT ( 'NONE',  ( -2.349999999999999645, -4.814824860968089633E-32, -3.000000000000000444 ) ) ;
#248 = CARTESIAN_POINT ( 'NONE',  ( 5.500000000000000000, 3.999999999999999112, 3.500000000000000000 ) ) ;
#249 = DIRECTION ( 'NONE',  ( 0.000000000000000000, -1.000000000000000000, -0.000000000000000000 ) ) ;
#250 = EDGE_CURVE ( 'NONE', #1402, #872, #1319, .T. ) ;
#251 = ORIENTED_EDGE ( 'NONE', *, *, #831, .T. ) ;
#252 = ORIENTED_EDGE ( 'NONE', *, *, #78, .F. ) ;
#253 = CALENDAR_DATE ( 2025, 23, 5 ) ;
#254 = LINE ( 'NONE', #1095, #660 ) ;
#255 = FACE_OUTER_BOUND ( 'NONE', #797, .T. ) ;
#256 = ORIENTED_EDGE ( 'NONE', *, *, #811, .F. ) ;
#257 = DIRECTION ( 'NONE',  ( -1.000000000000000000, -2.168404344971008868E-16, 0.000000000000000000 ) ) ;
#258 = CARTESIAN_POINT ( 'NONE',  ( 1.849999999999999645, -1.084202172485505420E-16, -3.000000000000000444 ) ) ;
#259 = DIRECTION ( 'NONE',  ( 0.000000000000000000, 0.000000000000000000, 1.000000000000000000 ) ) ;
#260 = ORIENTED_EDGE ( 'NONE', *, *, #1294, .F. ) ;
#261 = EDGE_CURVE ( 'NONE', #283, #1404, #616, .T. ) ;
#262 = EDGE_CURVE ( 'NONE', #180, #804, #1601, .T. ) ;
#263 = DIRECTION ( 'NONE',  ( -9.227252531791526626E-17, -1.000000000000000000, 0.000000000000000000 ) ) ;
#264 = DIRECTION ( 'NONE',  ( -0.000000000000000000, -0.000000000000000000, -1.000000000000000000 ) ) ;
#265 = VERTEX_POINT ( 'NONE', #1341 ) ;
#266 = DIRECTION ( 'NONE',  ( 0.000000000000000000, -1.000000000000000000, 0.000000000000000000 ) ) ;
#267 = AXIS2_PLACEMENT_3D ( 'NONE', #1073, #1451, #1189 ) ;
#268 = CARTESIAN_POINT ( 'NONE',  ( 1.987006657466902526, -1.981559770074047933, -0.3705049254808777670 ) ) ;
#269 = FACE_OUTER_BOUND ( 'NONE', #855, .T. ) ;
#270 = ORIENTED_EDGE ( 'NONE', *, *, #884, .T. ) ;
#271 = CIRCLE ( 'NONE', #401, 0.5000000000000000000 ) ;
#272 = CARTESIAN_POINT ( 'NONE',  ( -1.898572556302422720, -2.000000000000544009, 0.9175925825118941281 ) ) ;
#273 = ADVANCED_FACE ( 'NONE', ( #1088 ), #965, .T. ) ;
#274 = ORIENTED_EDGE ( 'NONE', *, *, #502, .F. ) ;
#275 = EDGE_LOOP ( 'NONE', ( #1177, #1137, #791, #1061 ) ) ;
#276 = UNCERTAINTY_MEASURE_WITH_UNIT (LENGTH_MEASURE( 1.000000000000000082E-05 ), #427, 'distance_accuracy_value', 'NONE');
#277 = CYLINDRICAL_SURFACE ( 'NONE', #192, 0.5000000000000000000 ) ;
#278 = VECTOR ( 'NONE', #1499, 1000.000000000000000 ) ;
#279 = FACE_OUTER_BOUND ( 'NONE', #847, .T. ) ;
#280 = DIRECTION ( 'NONE',  ( 9.227252531791526626E-17, 1.000000000000000000, -0.000000000000000000 ) ) ;
#281 = VECTOR ( 'NONE', #213, 1000.000000000000000 ) ;
#282 = AXIS2_PLACEMENT_3D ( 'NONE', #885, #547, #145 ) ;
#283 = VERTEX_POINT ( 'NONE', #721 ) ;
#284 = ADVANCED_FACE ( 'NONE', ( #1224 ), #1216, .T. ) ;
#285 = ORIENTED_EDGE ( 'NONE', *, *, #469, .F. ) ;
#286 = PERSON_AND_ORGANIZATION ( #676, #424 ) ;
#287 = DIRECTION ( 'NONE',  ( -1.000000000000000000, 1.747729060459022802E-16, 0.000000000000000000 ) ) ;
#288 = EDGE_CURVE ( 'NONE', #891, #872, #101, .T. ) ;
#289 = VECTOR ( 'NONE', #346, 1000.000000000000000 ) ;
#290 = CARTESIAN_POINT ( 'NONE',  ( -1.849999999999999867, -1.499999999999999556, 3.000000000000000000 ) ) ;
#291 = VECTOR ( 'NONE', #505, 1000.000000000000000 ) ;
#292 = VERTEX_POINT ( 'NONE', #1103 ) ;
#293 = AXIS2_PLACEMENT_3D ( 'NONE', #599, #2, #103 ) ;
#294 = COORDINATED_UNIVERSAL_TIME_OFFSET ( 1, 0, .AHEAD. ) ;
#295 = CARTESIAN_POINT ( 'NONE',  ( 5.500000000000000000, -6.379211070675434126E-16, -3.500000000000000000 ) ) ;
#296 = AXIS2_PLACEMENT_3D ( 'NONE', #63, #1440, #1080 ) ;
#297 = VECTOR ( 'NONE', #610, 1000.000000000000000 ) ;
#298 = EDGE_LOOP ( 'NONE', ( #919, #1246, #1377, #274 ) ) ;
#299 = APPROVAL_PERSON_ORGANIZATION ( #364, #773, #977 ) ;
#300 = ORIENTED_EDGE ( 'NONE', *, *, #1280, .F. ) ;
#301 = DIRECTION ( 'NONE',  ( 0.000000000000000000, 0.000000000000000000, -1.000000000000000000 ) ) ;
#302 = LINE ( 'NONE', #801, #1222 ) ;
#303 = EDGE_CURVE ( 'NONE', #872, #926, #1449, .T. ) ;
#304 = AXIS2_PLACEMENT_3D ( 'NONE', #1082, #827, #441 ) ;
#305 = CARTESIAN_POINT ( 'NONE',  ( 0.000000000000000000, 3.999999999999999112, 0.000000000000000000 ) ) ;
#306 = ORIENTED_EDGE ( 'NONE', *, *, #250, .F. ) ;
#307 = PERSON_AND_ORGANIZATION ( #676, #424 ) ;
#308 = CARTESIAN_POINT ( 'NONE',  ( 2.149999999999999911, -1.500000000000000000, 2.632990618166809235E-16 ) ) ;
#309 = APPROVAL ( #51, 'UNSPECIFIED' ) ;
#310 = PLANE ( 'NONE',  #1418 ) ;
#311 = FACE_OUTER_BOUND ( 'NONE', #1450, .T. ) ;
#312 = EDGE_LOOP ( 'NONE', ( #974, #1318, #1047, #900 ) ) ;
#313 = DIRECTION ( 'NONE',  ( 0.000000000000000000, -1.000000000000000000, 0.000000000000000000 ) ) ;
#314 = ORIENTED_EDGE ( 'NONE', *, *, #303, .F. ) ;
#315 = DIRECTION ( 'NONE',  ( -1.000000000000000000, -1.747729060459023048E-16, 0.000000000000000000 ) ) ;
#316 = CARTESIAN_POINT ( 'NONE',  ( 1.650000000000000355, -1.500000000000000000, 2.326828918379971858E-16 ) ) ;
#317 = EDGE_CURVE ( 'NONE', #165, #418, #982, .T. ) ;
#318 = SECURITY_CLASSIFICATION ( '', '', #1429 ) ;
#319 = ORIENTED_EDGE ( 'NONE', *, *, #1414, .F. ) ;
#320 = VERTEX_POINT ( 'NONE', #631 ) ;
#321 = AXIS2_PLACEMENT_3D ( 'NONE', #614, #1027, #750 ) ;
#322 = DIRECTION ( 'NONE',  ( -1.000000000000000000, 0.000000000000000000, 0.000000000000000000 ) ) ;
#323 = CARTESIAN_POINT ( 'NONE',  ( -5.500000000000000000, 3.499999999999999112, 3.000000000000000000 ) ) ;
#324 = ADVANCED_FACE ( 'NONE', ( #590 ), #480, .T. ) ;
#325 = VERTEX_POINT ( 'NONE', #1336 ) ;
#326 = AXIS2_PLACEMENT_3D ( 'NONE', #1456, #91, #1469 ) ;
#327 = EDGE_CURVE ( 'NONE', #1041, #361, #561, .T. ) ;
#328 = CARTESIAN_POINT ( 'NONE',  ( -2.350000000000000089, -1.499999999999999556, -3.000000000000000444 ) ) ;
#329 = DIRECTION ( 'NONE',  ( -0.000000000000000000, -0.000000000000000000, -1.000000000000000000 ) ) ;
#330 = FACE_OUTER_BOUND ( 'NONE', #570, .T. ) ;
#331 = ORIENTED_EDGE ( 'NONE', *, *, #1491, .F. ) ;
#332 = DIRECTION ( 'NONE',  ( 0.000000000000000000, 0.000000000000000000, -1.000000000000000000 ) ) ;
#333 = DIRECTION ( 'NONE',  ( -0.000000000000000000, 1.000000000000000000, -0.000000000000000000 ) ) ;
#334 = DIRECTION ( 'NONE',  ( 0.000000000000000000, 0.000000000000000000, 1.000000000000000000 ) ) ;
#335 = CIRCLE ( 'NONE', #9, 2.149999999999999911 ) ;
#336 = CARTESIAN_POINT ( 'NONE',  ( 1.849999999999999867, -1.500000000000000000, 3.000000000000000000 ) ) ;
#337 = ADVANCED_FACE ( 'NONE', ( #474 ), #216, .F. ) ;
#338 = DIRECTION ( 'NONE',  ( 0.000000000000000000, 0.000000000000000000, 1.000000000000000000 ) ) ;
#339 = LINE ( 'NONE', #1497, #431 ) ;
#340 = AXIS2_PLACEMENT_3D ( 'NONE', #969, #376, #755 ) ;
#341 = EDGE_CURVE ( 'NONE', #320, #677, #77, .T. ) ;
#342 = DIRECTION ( 'NONE',  ( 0.000000000000000000, 4.336808689942017736E-16, -1.000000000000000000 ) ) ;
#343 = SPHERICAL_SURFACE ( 'NONE', #1000, 0.5000000000000000000 ) ;
#344 = CIRCLE ( 'NONE', #1086, 0.5000000000000000000 ) ;
#345 = ORIENTED_EDGE ( 'NONE', *, *, #892, .T. ) ;
#346 = DIRECTION ( 'NONE',  ( 0.000000000000000000, -1.000000000000000000, 0.000000000000000000 ) ) ;
#347 = CARTESIAN_POINT ( 'NONE',  ( -2.849999999999999645, -0.5000000000000000000, 3.500000000000000000 ) ) ;
#348 = AXIS2_PLACEMENT_3D ( 'NONE', #403, #280, #1538 ) ;
#349 = ORIENTED_EDGE ( 'NONE', *, *, #1558, .T. ) ;
#350 = CARTESIAN_POINT ( 'NONE',  ( -6.000000000000000000, 3.499999999999999112, 3.500000000000000000 ) ) ;
#351 = DIRECTION ( 'NONE',  ( -0.000000000000000000, 0.000000000000000000, -1.000000000000000000 ) ) ;
#352 = ADVANCED_FACE ( 'NONE', ( #1237 ), #714, .F. ) ;
#353 = DIRECTION ( 'NONE',  ( -2.168404344971008868E-16, -1.000000000000000000, -9.403954806578300064E-32 ) ) ;
#354 = CARTESIAN_POINT ( 'NONE',  ( -5.500000000000000000, 3.499999999999999112, -3.000000000000000444 ) ) ;
#355 = EDGE_CURVE ( 'NONE', #789, #1304, #365, .T. ) ;
#356 = VERTEX_POINT ( 'NONE', #1498 ) ;
#357 = CARTESIAN_POINT ( 'NONE',  ( 6.000000000000000000, 0.4999999999999993339, 3.000000000000000000 ) ) ;
#358 = CARTESIAN_POINT ( 'NONE',  ( -6.000000000000000000, -6.379211070675434126E-16, 3.500000000000000000 ) ) ;
#359 = DIRECTION ( 'NONE',  ( 0.000000000000000000, 0.000000000000000000, 1.000000000000000000 ) ) ;
#360 = CIRCLE ( 'NONE', #1287, 0.5000000000000000000 ) ;
#361 = VERTEX_POINT ( 'NONE', #127 ) ;
#362 = ORIENTED_EDGE ( 'NONE', *, *, #1098, .F. ) ;
#363 = CARTESIAN_POINT ( 'NONE',  ( 2.849999999999999645, 0.4999999999999997780, -3.000000000000000000 ) ) ;
#364 = PERSON_AND_ORGANIZATION ( #676, #424 ) ;
#365 = LINE ( 'NONE', #1226, #1486 ) ;
#366 = CARTESIAN_POINT ( 'NONE',  ( 2.350000000000000089, -1.499999999999999778, 3.000000000000000000 ) ) ;
#367 = ORIENTED_EDGE ( 'NONE', *, *, #831, .F. ) ;
#368 = DIRECTION ( 'NONE',  ( 1.000000000000000000, -9.227252531791526626E-17, 0.000000000000000000 ) ) ;
#369 = EDGE_CURVE ( 'NONE', #84, #1169, #254, .T. ) ;
#370 = LINE ( 'NONE', #869, #1311 ) ;
#371 = LINE ( 'NONE', #881, #972 ) ;
#372 = ORIENTED_EDGE ( 'NONE', *, *, #1599, .T. ) ;
#373 = ORIENTED_EDGE ( 'NONE', *, *, #1220, .T. ) ;
#374 = DIRECTION ( 'NONE',  ( 1.000000000000000000, -0.000000000000000000, 0.000000000000000000 ) ) ;
#375 = DIRECTION ( 'NONE',  ( -0.000000000000000000, 1.000000000000000000, -0.000000000000000000 ) ) ;
#376 = DIRECTION ( 'NONE',  ( -0.000000000000000000, 1.000000000000000000, -0.000000000000000000 ) ) ;
#377 = ORIENTED_EDGE ( 'NONE', *, *, #931, .F. ) ;
#378 = CARTESIAN_POINT ( 'NONE',  ( 1.999999999998140376, -1.976969600709691077, 0.1857721355289031206 ) ) ;
#379 = TOROIDAL_SURFACE ( 'NONE', #745, 1.000000000000000000, 0.5000000000000000000 ) ;
#380 = CIRCLE ( 'NONE', #513, 0.5000000000000000000 ) ;
#381 = EDGE_CURVE ( 'NONE', #789, #850, #1417, .T. ) ;
#382 = FACE_OUTER_BOUND ( 'NONE', #860, .T. ) ;
#383 = DIRECTION ( 'NONE',  ( 0.000000000000000000, 0.000000000000000000, -1.000000000000000000 ) ) ;
#384 = EDGE_CURVE ( 'NONE', #141, #742, #787, .T. ) ;
#385 = ORIENTED_EDGE ( 'NONE', *, *, #87, .T. ) ;
#386 = EDGE_LOOP ( 'NONE', ( #1347, #819, #514, #1554 ) ) ;
#387 = DIRECTION ( 'NONE',  ( 0.000000000000000000, 0.000000000000000000, -1.000000000000000000 ) ) ;
#388 = CARTESIAN_POINT ( 'NONE',  ( 6.000000000000000000, -6.379211070675434126E-16, 3.000000000000000000 ) ) ;
#389 = VERTEX_POINT ( 'NONE', #115 ) ;
#390 = AXIS2_PLACEMENT_3D ( 'NONE', #182, #899, #1530 ) ;
#391 = CARTESIAN_POINT ( 'NONE',  ( 1.936656344017846365, -1.993111990518646737, 0.7348901951311563874 ) ) ;
#392 = DIRECTION ( 'NONE',  ( -1.747729060459022802E-16, 1.000000000000000000, 0.000000000000000000 ) ) ;
#393 = CARTESIAN_POINT ( 'NONE',  ( -1.849999999999999645, -1.084202172485505174E-16, -3.000000000000000444 ) ) ;
#394 = ORIENTED_EDGE ( 'NONE', *, *, #191, .F. ) ;
#395 = FACE_OUTER_BOUND ( 'NONE', #60, .T. ) ;
#396 = ORIENTED_EDGE ( 'NONE', *, *, #1463, .T. ) ;
#397 = CARTESIAN_POINT ( 'NONE',  ( -1.849999999999999867, -0.5000000000000002220, -3.500000000000000000 ) ) ;
#398 = CARTESIAN_POINT ( 'NONE',  ( 6.000000000000000000, 3.999999999999999112, -3.000000000000000444 ) ) ;
#399 = CARTESIAN_POINT ( 'NONE',  ( 6.000000000000000000, 0.4999999999999992784, -3.000000000000000444 ) ) ;
#400 = EDGE_LOOP ( 'NONE', ( #504, #1547, #306, #1439 ) ) ;
#401 = AXIS2_PLACEMENT_3D ( 'NONE', #1479, #1397, #649 ) ;
#402 = ADVANCED_FACE ( 'NONE', ( #463 ), #1378, .T. ) ;
#403 = CARTESIAN_POINT ( 'NONE',  ( -2.350000000000000089, -1.999999999999999556, 3.500000000000000000 ) ) ;
#404 = ORIENTED_EDGE ( 'NONE', *, *, #1066, .T. ) ;
#405 = ADVANCED_FACE ( 'NONE', ( #1367 ), #609, .F. ) ;
#406 = ORIENTED_EDGE ( 'NONE', *, *, #454, .T. ) ;
#407 = DESIGN_CONTEXT ( 'detailed design', #113, 'design' ) ;
#408 = CIRCLE ( 'NONE', #820, 1.650000000000000133 ) ;
#409 = FACE_OUTER_BOUND ( 'NONE', #70, .T. ) ;
#410 = ORIENTED_EDGE ( 'NONE', *, *, #933, .F. ) ;
#411 = AXIS2_PLACEMENT_3D ( 'NONE', #840, #1590, #588 ) ;
#412 = VERTEX_POINT ( 'NONE', #136 ) ;
#413 = EDGE_CURVE ( 'NONE', #179, #1404, #442, .T. ) ;
#414 = ORIENTED_EDGE ( 'NONE', *, *, #1403, .T. ) ;
#415 = DIRECTION ( 'NONE',  ( 0.000000000000000000, 0.000000000000000000, 1.000000000000000000 ) ) ;
#416 = ORIENTED_EDGE ( 'NONE', *, *, #59, .T. ) ;
#417 = AXIS2_PLACEMENT_3D ( 'NONE', #1388, #15, #257 ) ;
#418 = VERTEX_POINT ( 'NONE', #510 ) ;
#419 = EDGE_CURVE ( 'NONE', #1562, #1178, #728, .T. ) ;
#420 = APPLICATION_PROTOCOL_DEFINITION ( 'international standard', 'config_control_design', 1994, #113 ) ;
#421 = CARTESIAN_POINT ( 'NONE',  ( -5.500000000000000000, 3.999999999999999112, -3.000000000000000444 ) ) ;
#422 = AXIS2_PLACEMENT_3D ( 'NONE', #1325, #946, #939 ) ;
#423 = CARTESIAN_POINT ( 'NONE',  ( -6.000000000000000000, 0.4999999999999993339, 3.000000000000000000 ) ) ;
#424 = ORGANIZATION ( 'UNSPECIFIED', 'UNSPECIFIED', '' ) ;
#425 = ORIENTED_EDGE ( 'NONE', *, *, #262, .F. ) ;
#426 = VERTEX_POINT ( 'NONE', #1105 ) ;
#427 =( LENGTH_UNIT ( ) NAMED_UNIT ( * ) SI_UNIT ( .MILLI., .METRE. ) );
#428 = CARTESIAN_POINT ( 'NONE',  ( 2.849999999999999645, -0.5000000000000000000, -3.500000000000000000 ) ) ;
#429 = ADVANCED_FACE ( 'NONE', ( #754 ), #1592, .T. ) ;
#430 = AXIS2_PLACEMENT_3D ( 'NONE', #1010, #1504, #383 ) ;
#431 = VECTOR ( 'NONE', #102, 1000.000000000000000 ) ;
#432 = ADVANCED_FACE ( 'NONE', ( #1217 ), #232, .T. ) ;
#433 = CARTESIAN_POINT ( 'NONE',  ( 1.849999999999999645, -2.000000000000000000, 3.500000000000000000 ) ) ;
#434 = LINE ( 'NONE', #1434, #1145 ) ;
#435 = ORIENTED_EDGE ( 'NONE', *, *, #542, .T. ) ;
#436 =( NAMED_UNIT ( * ) PLANE_ANGLE_UNIT ( ) SI_UNIT ( $, .RADIAN. ) );
#437 = DIRECTION ( 'NONE',  ( -1.000000000000000000, 0.000000000000000000, 0.000000000000000000 ) ) ;
#438 = AXIS2_PLACEMENT_3D ( 'NONE', #1430, #1408, #167 ) ;
#439 = EDGE_CURVE ( 'NONE', #120, #1178, #3, .T. ) ;
#440 = DIRECTION ( 'NONE',  ( 1.000000000000000000, 4.336808689942017736E-16, 1.734723475976807094E-15 ) ) ;
#441 = DIRECTION ( 'NONE',  ( -1.000000000000000000, 0.000000000000000000, 0.000000000000000000 ) ) ;
#442 = CIRCLE ( 'NONE', #1204, 0.5000000000000004441 ) ;
#443 = ORIENTED_EDGE ( 'NONE', *, *, #605, .T. ) ;
#444 = VECTOR ( 'NONE', #1006, 1000.000000000000000 ) ;
#445 = CIRCLE ( 'NONE', #1339, 0.5000000000000000000 ) ;
#446 = DIRECTION ( 'NONE',  ( -2.168404344971009361E-16, -1.000000000000000000, 0.000000000000000000 ) ) ;
#447 = CARTESIAN_POINT ( 'NONE',  ( 0.000000000000000000, 3.499999999999999112, 3.000000000000000000 ) ) ;
#448 = CARTESIAN_POINT ( 'NONE',  ( -1.898726300850891002, -2.000000000000543565, -0.9170296338144309223 ) ) ;
#449 = ORIENTED_EDGE ( 'NONE', *, *, #16, .F. ) ;
#450 = DIRECTION ( 'NONE',  ( 0.000000000000000000, 0.000000000000000000, 1.000000000000000000 ) ) ;
#451 = CIRCLE ( 'NONE', #1446, 0.5000000000000000000 ) ;
#452 = CARTESIAN_POINT ( 'NONE',  ( 0.000000000000000000, 3.499999999999999556, 0.000000000000000000 ) ) ;
#453 = DIRECTION ( 'NONE',  ( 0.000000000000000000, 0.000000000000000000, 1.000000000000000000 ) ) ;
#454 = EDGE_CURVE ( 'NONE', #926, #426, #976, .T. ) ;
#455 = DIRECTION ( 'NONE',  ( 9.227252531791526626E-17, 1.000000000000000000, -0.000000000000000000 ) ) ;
#456 = DIRECTION ( 'NONE',  ( 2.168404344971008868E-16, -1.000000000000000000, -0.000000000000000000 ) ) ;
#457 = CARTESIAN_POINT ( 'NONE',  ( 8.738645302295120172E-17, 0.5000000000000003331, 3.000000000000000000 ) ) ;
#458 = CARTESIAN_POINT ( 'NONE',  ( 1.849999999999999867, -1.500000000000000000, -3.000000000000000444 ) ) ;
#459 = ADVANCED_FACE ( 'NONE', ( #607 ), #497, .T. ) ;
#460 = VERTEX_POINT ( 'NONE', #589 ) ;
#461 = CARTESIAN_POINT ( 'NONE',  ( 0.000000000000000000, 3.499999999999999556, -2.149999999999999911 ) ) ;
#462 = DIRECTION ( 'NONE',  ( 1.000000000000000000, 0.000000000000000000, 0.000000000000000000 ) ) ;
#463 = FACE_OUTER_BOUND ( 'NONE', #670, .T. ) ;
#464 = DIRECTION ( 'NONE',  ( 1.000000000000000000, -0.000000000000000000, -0.000000000000000000 ) ) ;
#465 = DIRECTION ( 'NONE',  ( 0.000000000000000000, 0.000000000000000000, -1.000000000000000000 ) ) ;
#466 = ADVANCED_BREP_SHAPE_REPRESENTATION ( 'piece_serrage_patte_rail_mobile', ( #30, #1500 ), #924 ) ;
#467 = VECTOR ( 'NONE', #740, 1000.000000000000000 ) ;
#468 = LINE ( 'NONE', #493, #1531 ) ;
#469 = EDGE_CURVE ( 'NONE', #1169, #1199, #360, .T. ) ;
#470 = ORIENTED_EDGE ( 'NONE', *, *, #1392, .T. ) ;
#471 = DIRECTION ( 'NONE',  ( -1.000000000000000000, 0.000000000000000000, 0.000000000000000000 ) ) ;
#472 = CARTESIAN_POINT ( 'NONE',  ( 1.849999999999999867, -1.500000000000000000, 3.000000000000000000 ) ) ;
#473 = VECTOR ( 'NONE', #764, 1000.000000000000000 ) ;
#474 = FACE_OUTER_BOUND ( 'NONE', #577, .T. ) ;
#475 = CARTESIAN_POINT ( 'NONE',  ( -6.000000000000000000, 3.999999999999999112, 3.000000000000000000 ) ) ;
#476 = VERTEX_POINT ( 'NONE', #966 ) ;
#477 = DIRECTION ( 'NONE',  ( 0.000000000000000000, 0.000000000000000000, -1.000000000000000000 ) ) ;
#478 = DIRECTION ( 'NONE',  ( -0.000000000000000000, 1.000000000000000000, 0.000000000000000000 ) ) ;
#479 = CARTESIAN_POINT ( 'NONE',  ( -2.349999999999999645, -0.5000000000000001110, -3.500000000000000000 ) ) ;
#480 = TOROIDAL_SURFACE ( 'NONE', #1405, 1.000000000000000000, 0.5000000000000000000 ) ;
#481 = CIRCLE ( 'NONE', #1406, 1.650000000000000133 ) ;
#482 = ORIENTED_EDGE ( 'NONE', *, *, #527, .F. ) ;
#483 = ORIENTED_EDGE ( 'NONE', *, *, #811, .T. ) ;
#484 = CARTESIAN_POINT ( 'NONE',  ( 1.849999999999999867, -0.5000000000000002220, 3.000000000000000000 ) ) ;
#485 = EDGE_CURVE ( 'NONE', #1404, #117, #1464, .T. ) ;
#486 = DIRECTION ( 'NONE',  ( -1.000000000000000000, 0.000000000000000000, 0.000000000000000000 ) ) ;
#487 = FACE_OUTER_BOUND ( 'NONE', #866, .T. ) ;
#488 = VERTEX_POINT ( 'NONE', #126 ) ;
#489 = CARTESIAN_POINT ( 'NONE',  ( 1.849999999999999645, -2.000000000000000000, 1.095445115010332815 ) ) ;
#490 = AXIS2_PLACEMENT_3D ( 'NONE', #829, #204, #96 ) ;
#491 = CARTESIAN_POINT ( 'NONE',  ( 5.500000000000000000, 3.499999999999999112, 3.000000000000000000 ) ) ;
#492 = VECTOR ( 'NONE', #1148, 1000.000000000000000 ) ;
#493 = CARTESIAN_POINT ( 'NONE',  ( 6.000000000000000000, 3.499999999999999112, -3.500000000000000000 ) ) ;
#494 = AXIS2_PLACEMENT_3D ( 'NONE', #1014, #1344, #733 ) ;
#495 = ORIENTED_EDGE ( 'NONE', *, *, #957, .T. ) ;
#496 = ORIENTED_EDGE ( 'NONE', *, *, #1149, .T. ) ;
#497 = SPHERICAL_SURFACE ( 'NONE', #164, 0.5000000000000000000 ) ;
#498 = DIRECTION ( 'NONE',  ( 0.000000000000000000, 0.000000000000000000, 1.000000000000000000 ) ) ;
#499 = LINE ( 'NONE', #388, #645 ) ;
#500 = PRODUCT_DEFINITION_SHAPE ( 'NONE', 'NONE',  #1461 ) ;
#501 = AXIS2_PLACEMENT_3D ( 'NONE', #1432, #953, #578 ) ;
#502 = EDGE_CURVE ( 'NONE', #1041, #1024, #339, .T. ) ;
#503 = CIRCLE ( 'NONE', #1163, 0.5000000000000000000 ) ;
#504 = ORIENTED_EDGE ( 'NONE', *, *, #261, .T. ) ;
#505 = DIRECTION ( 'NONE',  ( -0.000000000000000000, -0.000000000000000000, 1.000000000000000000 ) ) ;
#506 = DIRECTION ( 'NONE',  ( 2.168404344971008868E-16, -1.000000000000000000, 0.000000000000000000 ) ) ;
#507 = CARTESIAN_POINT ( 'NONE',  ( 2.849999999999999645, -0.5000000000000000000, 3.500000000000000000 ) ) ;
#508 = ORIENTED_EDGE ( 'NONE', *, *, #542, .F. ) ;
#509 = ORIENTED_EDGE ( 'NONE', *, *, #1193, .T. ) ;
#510 = CARTESIAN_POINT ( 'NONE',  ( 1.849999999999999645, -2.000000000000000000, 1.095445115010332815 ) ) ;
#511 = ORIENTED_EDGE ( 'NONE', *, *, #582, .F. ) ;
#512 = CARTESIAN_POINT ( 'NONE',  ( -1.850000000000000089, -1.999999999999999556, 3.500000000000000000 ) ) ;
#513 = AXIS2_PLACEMENT_3D ( 'NONE', #1069, #329, #58 ) ;
#514 = ORIENTED_EDGE ( 'NONE', *, *, #825, .F. ) ;
#515 = EDGE_CURVE ( 'NONE', #891, #426, #648, .T. ) ;
#516 = FACE_OUTER_BOUND ( 'NONE', #562, .T. ) ;
#517 = CARTESIAN_POINT ( 'NONE',  ( -1.850000000000000089, -1.499999999999999556, 3.500000000000000000 ) ) ;
#518 = ORIENTED_EDGE ( 'NONE', *, *, #767, .F. ) ;
#519 = CARTESIAN_POINT ( 'NONE',  ( 6.000000000000000000, 3.499999999999999112, 3.500000000000000000 ) ) ;
#520 = ORIENTED_EDGE ( 'NONE', *, *, #1182, .F. ) ;
#521 = AXIS2_PLACEMENT_3D ( 'NONE', #428, #930, #1271 ) ;
#522 = DIRECTION ( 'NONE',  ( 0.000000000000000000, -0.000000000000000000, -1.000000000000000000 ) ) ;
#523 = FACE_OUTER_BOUND ( 'NONE', #1317, .T. ) ;
#524 = DIRECTION ( 'NONE',  ( 2.168404344971008868E-16, -1.000000000000000000, -0.000000000000000000 ) ) ;
#525 = ADVANCED_FACE ( 'NONE', ( #597 ), #1366, .T. ) ;
#526 = ORIENTED_EDGE ( 'NONE', *, *, #1284, .T. ) ;
#527 = EDGE_CURVE ( 'NONE', #624, #29, #21, .T. ) ;
#528 = ORIENTED_EDGE ( 'NONE', *, *, #565, .T. ) ;
#529 = VECTOR ( 'NONE', #465, 1000.000000000000000 ) ;
#530 = ORIENTED_EDGE ( 'NONE', *, *, #1401, .F. ) ;
#531 = AXIS2_PLACEMENT_3D ( 'NONE', #1090, #1345, #708 ) ;
#532 = CARTESIAN_POINT ( 'NONE',  ( 1.898405825466914498, -2.000000000000023093, -0.9182030815996427009 ) ) ;
#533 = DIRECTION ( 'NONE',  ( -0.000000000000000000, -0.000000000000000000, 1.000000000000000000 ) ) ;
#534 = AXIS2_PLACEMENT_3D ( 'NONE', #1157, #478, #1608 ) ;
#535 = ORIENTED_EDGE ( 'NONE', *, *, #1540, .F. ) ;
#536 = ORIENTED_EDGE ( 'NONE', *, *, #618, .T. ) ;
#537 = PERSON_AND_ORGANIZATION ( #676, #424 ) ;
#538 = CIRCLE ( 'NONE', #177, 0.5000000000000000000 ) ;
#539 = DIRECTION ( 'NONE',  ( 1.000000000000000000, 0.000000000000000000, -0.000000000000000000 ) ) ;
#540 = FACE_OUTER_BOUND ( 'NONE', #917, .T. ) ;
#541 = AXIS2_PLACEMENT_3D ( 'NONE', #305, #1445, #803 ) ;
#542 = EDGE_CURVE ( 'NONE', #936, #1268, #344, .T. ) ;
#543 = ORIENTED_EDGE ( 'NONE', *, *, #469, .T. ) ;
#544 = ORIENTED_EDGE ( 'NONE', *, *, #419, .F. ) ;
#545 = MECHANICAL_CONTEXT ( 'NONE', #1159, 'mechanical' ) ;
#546 = LINE ( 'NONE', #912, #183 ) ;
#547 = DIRECTION ( 'NONE',  ( 9.227252531791526626E-17, 1.000000000000000000, -0.000000000000000000 ) ) ;
#548 = ADVANCED_FACE ( 'NONE', ( #1353 ), #243, .T. ) ;
#549 = ORIENTED_EDGE ( 'NONE', *, *, #843, .F. ) ;
#550 = PERSON_AND_ORGANIZATION_ROLE ( 'design_supplier' ) ;
#551 = CARTESIAN_POINT ( 'NONE',  ( -8.738645302295121404E-17, 0.5000000000000003331, 3.500000000000000000 ) ) ;
#552 = VECTOR ( 'NONE', #661, 1000.000000000000000 ) ;
#553 = DIRECTION ( 'NONE',  ( -0.000000000000000000, 1.000000000000000000, -0.000000000000000000 ) ) ;
#554 = CARTESIAN_POINT ( 'NONE',  ( -1.850000000000000089, -1.999999999999999556, 3.000000000000000000 ) ) ;
#555 = ORIENTED_EDGE ( 'NONE', *, *, #439, .F. ) ;
#556 = COORDINATED_UNIVERSAL_TIME_OFFSET ( 1, 0, .AHEAD. ) ;
#557 = DIRECTION ( 'NONE',  ( -1.000000000000000000, 0.000000000000000000, 0.000000000000000000 ) ) ;
#558 = EDGE_CURVE ( 'NONE', #606, #292, #380, .T. ) ;
#559 = AXIS2_PLACEMENT_3D ( 'NONE', #1374, #249, #259 ) ;
#560 = DIRECTION ( 'NONE',  ( -1.747729060459023048E-16, 1.000000000000000000, 0.000000000000000000 ) ) ;
#561 = CIRCLE ( 'NONE', #1470, 0.5000000000000000000 ) ;
#562 = EDGE_LOOP ( 'NONE', ( #124, #718, #1099, #406 ) ) ;
#563 = ORIENTED_EDGE ( 'NONE', *, *, #515, .F. ) ;
#564 = FACE_OUTER_BOUND ( 'NONE', #761, .T. ) ;
#565 = EDGE_CURVE ( 'NONE', #742, #771, #434, .T. ) ;
#566 = DIRECTION ( 'NONE',  ( 2.168404344971009361E-16, 1.000000000000000000, -0.000000000000000000 ) ) ;
#567 = VECTOR ( 'NONE', #1477, 1000.000000000000000 ) ;
#568 = AXIS2_PLACEMENT_3D ( 'NONE', #1258, #498, #1218 ) ;
#569 = LINE ( 'NONE', #970, #289 ) ;
#570 = EDGE_LOOP ( 'NONE', ( #814, #1421, #1016, #11 ) ) ;
#571 = DATE_AND_TIME ( #253, #1239 ) ;
#572 = CIRCLE ( 'NONE', #790, 0.5000000000000000000 ) ;
#573 = LINE ( 'NONE', #693, #140 ) ;
#574 = CARTESIAN_POINT ( 'NONE',  ( 1.849999999999999645, 4.011548038196365420E-16, 3.000000000000000000 ) ) ;
#575 = ADVANCED_FACE ( 'NONE', ( #1205 ), #694, .T. ) ;
#576 = SPHERICAL_SURFACE ( 'NONE', #1411, 0.5000000000000000000 ) ;
#577 = EDGE_LOOP ( 'NONE', ( #1515, #641, #520, #903 ) ) ;
#578 = DIRECTION ( 'NONE',  ( 0.000000000000000000, 0.000000000000000000, -1.000000000000000000 ) ) ;
#579 = AXIS2_PLACEMENT_3D ( 'NONE', #1561, #198, #209 ) ;
#580 = DIRECTION ( 'NONE',  ( 0.000000000000000000, -1.000000000000000000, 0.000000000000000000 ) ) ;
#581 = CYLINDRICAL_SURFACE ( 'NONE', #1443, 0.5000000000000004441 ) ;
#582 = EDGE_CURVE ( 'NONE', #1178, #1444, #86, .T. ) ;
#583 = CARTESIAN_POINT ( 'NONE',  ( -6.000000000000000000, 3.499999999999999112, -3.000000000000000444 ) ) ;
#584 = EDGE_CURVE ( 'NONE', #460, #776, #800, .T. ) ;
#585 = ORIENTED_EDGE ( 'NONE', *, *, #1052, .F. ) ;
#586 = VECTOR ( 'NONE', #1423, 1000.000000000000000 ) ;
#587 = ORIENTED_EDGE ( 'NONE', *, *, #317, .T. ) ;
#588 = DIRECTION ( 'NONE',  ( 0.000000000000000000, 0.000000000000000000, 1.000000000000000000 ) ) ;
#589 = CARTESIAN_POINT ( 'NONE',  ( 1.849999999999999645, -2.000000000000000000, -1.095445115010332815 ) ) ;
#590 = FACE_OUTER_BOUND ( 'NONE', #1476, .T. ) ;
#591 = DIRECTION ( 'NONE',  ( 1.000000000000000000, 0.000000000000000000, 0.000000000000000000 ) ) ;
#592 = DIRECTION ( 'NONE',  ( 0.000000000000000000, -0.000000000000000000, -1.000000000000000000 ) ) ;
#593 = CC_DESIGN_PERSON_AND_ORGANIZATION_ASSIGNMENT ( #1529, #1407, ( #749 ) ) ;
#594 = LINE ( 'NONE', #479, #197 ) ;
#595 = VERTEX_POINT ( 'NONE', #316 ) ;
#596 = DIRECTION ( 'NONE',  ( 0.000000000000000000, 0.000000000000000000, -1.000000000000000000 ) ) ;
#597 = FACE_OUTER_BOUND ( 'NONE', #1291, .T. ) ;
#598 = APPROVAL_DATE_TIME ( #875, #773 ) ;
#599 = CARTESIAN_POINT ( 'NONE',  ( 0.000000000000000000, 0.000000000000000000, 3.500000000000000000 ) ) ;
#600 = CARTESIAN_POINT ( 'NONE',  ( -5.500000000000000000, 3.999999999999999112, -3.500000000000000000 ) ) ;
#601 = EDGE_LOOP ( 'NONE', ( #1357, #449, #319, #404, #897, #1012, #1067 ) ) ;
#602 = DIRECTION ( 'NONE',  ( -1.000000000000000000, 0.000000000000000000, 0.000000000000000000 ) ) ;
#603 = APPROVAL_PERSON_ORGANIZATION ( #537, #309, #679 ) ;
#604 = CARTESIAN_POINT ( 'NONE',  ( -5.500000000000000000, 0.4999999999999993339, 3.500000000000000000 ) ) ;
#605 = EDGE_CURVE ( 'NONE', #824, #246, #89, .T. ) ;
#606 = VERTEX_POINT ( 'NONE', #554 ) ;
#607 = FACE_OUTER_BOUND ( 'NONE', #242, .T. ) ;
#608 = CIRCLE ( 'NONE', #1315, 1.000000000000000000 ) ;
#609 = PLANE ( 'NONE',  #293 ) ;
#610 = DIRECTION ( 'NONE',  ( -0.000000000000000000, 1.000000000000000000, -0.000000000000000000 ) ) ;
#611 = B_SPLINE_CURVE_WITH_KNOTS ( 'NONE', 3,
 ( #889, #1389, #268, #1536, #532, #194 ),
 .UNSPECIFIED., .F., .F.,
 ( 4, 2, 4 ),
 ( 0.001099622709524405561, 0.001650822041584778296, 0.002202021373645151030 ),
 .UNSPECIFIED. ) ;
#612 = VERTEX_POINT ( 'NONE', #822 ) ;
#613 = DIRECTION ( 'NONE',  ( -1.000000000000000000, 0.000000000000000000, -0.000000000000000000 ) ) ;
#614 = CARTESIAN_POINT ( 'NONE',  ( 0.000000000000000000, -1.499999999999999778, 0.000000000000000000 ) ) ;
#615 = FACE_OUTER_BOUND ( 'NONE', #1310, .T. ) ;
#616 = CIRCLE ( 'NONE', #1535, 0.5000000000000000000 ) ;
#617 = ORIENTED_EDGE ( 'NONE', *, *, #902, .F. ) ;
#618 = EDGE_CURVE ( 'NONE', #29, #1247, #1326, .T. ) ;
#619 = ORIENTED_EDGE ( 'NONE', *, *, #454, .F. ) ;
#620 = DIRECTION ( 'NONE',  ( 0.000000000000000000, 0.000000000000000000, 1.000000000000000000 ) ) ;
#621 = ADVANCED_FACE ( 'NONE', ( #311 ), #1075, .T. ) ;
#622 = CARTESIAN_POINT ( 'NONE',  ( -1.850000000000000089, -1.499999999999999778, -3.000000000000000444 ) ) ;
#623 = CARTESIAN_POINT ( 'NONE',  ( -6.000000000000000000, 3.999999999999999112, -3.000000000000000444 ) ) ;
#624 = VERTEX_POINT ( 'NONE', #80 ) ;
#625 = CARTESIAN_POINT ( 'NONE',  ( 2.000000000000026645, -1.976969600708559094, 9.716993013445105852E-14 ) ) ;
#626 = FACE_OUTER_BOUND ( 'NONE', #275, .T. ) ;
#627 = CIRCLE ( 'NONE', #417, 0.5000000000000000000 ) ;
#628 = DIRECTION ( 'NONE',  ( -1.000000000000000000, 1.314184451497581013E-16, 0.000000000000000000 ) ) ;
#629 = ORIENTED_EDGE ( 'NONE', *, *, #1220, .F. ) ;
#630 = ORIENTED_EDGE ( 'NONE', *, *, #818, .T. ) ;
#631 = CARTESIAN_POINT ( 'NONE',  ( -2.349999999999999645, -0.5000000000000001110, -3.000000000000000444 ) ) ;
#632 = DIRECTION ( 'NONE',  ( -1.000000000000000000, 0.000000000000000000, 0.000000000000000000 ) ) ;
#633 = AXIS2_PLACEMENT_3D ( 'NONE', #925, #560, #315 ) ;
#634 = ADVANCED_FACE ( 'NONE', ( #707 ), #929, .T. ) ;
#635 = ORIENTED_EDGE ( 'NONE', *, *, #1491, .T. ) ;
#636 = CYLINDRICAL_SURFACE ( 'NONE', #1230, 0.5000000000000000000 ) ;
#637 = AXIS2_PLACEMENT_3D ( 'NONE', #336, #592, #1459 ) ;
#638 = VERTEX_POINT ( 'NONE', #1211 ) ;
#639 = DIRECTION ( 'NONE',  ( 1.000000000000000000, -1.747729060459022802E-16, 0.000000000000000000 ) ) ;
#640 = CARTESIAN_POINT ( 'NONE',  ( 2.350000000000000089, -2.000000000000000000, -3.000000000000000444 ) ) ;
#641 = ORIENTED_EDGE ( 'NONE', *, *, #1036, .F. ) ;
#642 = CARTESIAN_POINT ( 'NONE',  ( -6.000000000000000000, 0.4999999999999992784, -3.000000000000000444 ) ) ;
#643 = LINE ( 'NONE', #1124, #473 ) ;
#644 = ORIENTED_EDGE ( 'NONE', *, *, #1040, .T. ) ;
#645 = VECTOR ( 'NONE', #245, 1000.000000000000000 ) ;
#646 = CARTESIAN_POINT ( 'NONE',  ( -5.500000000000000000, 0.4999999999999993339, -3.000000000000000000 ) ) ;
#647 = ADVANCED_FACE ( 'NONE', ( #1552 ), #190, .T. ) ;
#648 = CIRCLE ( 'NONE', #1215, 0.5000000000000004441 ) ;
#649 = DIRECTION ( 'NONE',  ( 0.000000000000000000, 0.000000000000000000, -1.000000000000000000 ) ) ;
#650 = CARTESIAN_POINT ( 'NONE',  ( 1.850000000000000089, -2.000000000000000000, -3.500000000000000000 ) ) ;
#651 = ADVANCED_FACE ( 'NONE', ( #699 ), #1190, .T. ) ;
#652 = ORIENTED_EDGE ( 'NONE', *, *, #1072, .T. ) ;
#653 = CARTESIAN_POINT ( 'NONE',  ( -6.000000000000000000, -6.379211070675434126E-16, 3.000000000000000000 ) ) ;
#654 = ORIENTED_EDGE ( 'NONE', *, *, #1471, .F. ) ;
#655 = AXIS2_PLACEMENT_3D ( 'NONE', #52, #1300, #665 ) ;
#656 = ORIENTED_EDGE ( 'NONE', *, *, #675, .T. ) ;
#657 = DIRECTION ( 'NONE',  ( 1.000000000000000000, 0.000000000000000000, 0.000000000000000000 ) ) ;
#658 = CYLINDRICAL_SURFACE ( 'NONE', #1512, 0.5000000000000000000 ) ;
#659 = EDGE_CURVE ( 'NONE', #100, #850, #203, .T. ) ;
#660 = VECTOR ( 'NONE', #375, 1000.000000000000000 ) ;
#661 = DIRECTION ( 'NONE',  ( 1.000000000000000000, -1.747729060459022802E-16, 0.000000000000000000 ) ) ;
#662 = ORIENTED_EDGE ( 'NONE', *, *, #810, .T. ) ;
#663 = VECTOR ( 'NONE', #464, 1000.000000000000000 ) ;
#664 = PERSON_AND_ORGANIZATION ( #676, #424 ) ;
#665 = DIRECTION ( 'NONE',  ( 2.168404344971009361E-16, 1.000000000000000000, 0.000000000000000000 ) ) ;
#666 = ADVANCED_FACE ( 'NONE', ( #1314 ), #730, .T. ) ;
#667 = AXIS2_PLACEMENT_3D ( 'NONE', #777, #1150, #392 ) ;
#668 = DIRECTION ( 'NONE',  ( 1.000000000000000000, -9.227252531791526626E-17, 0.000000000000000000 ) ) ;
#669 = ORIENTED_EDGE ( 'NONE', *, *, #1030, .F. ) ;
#670 = EDGE_LOOP ( 'NONE', ( #1038, #1598, #1223 ) ) ;
#671 = AXIS2_PLACEMENT_3D ( 'NONE', #1234, #996, #1100 ) ;
#672 = DIRECTION ( 'NONE',  ( 9.227252531791526626E-17, 1.000000000000000000, -0.000000000000000000 ) ) ;
#673 = ADVANCED_FACE ( 'NONE', ( #1441 ), #960, .F. ) ;
#674 = CARTESIAN_POINT ( 'NONE',  ( 5.500000000000000000, -5.505346540445921616E-16, -3.000000000000000444 ) ) ;
#675 = EDGE_CURVE ( 'NONE', #776, #1600, #1133, .T. ) ;
#676 = PERSON ( 'UNSPECIFIED', 'UNSPECIFIED', 'UNSPECIFIED', ('UNSPECIFIED'), ('UNSPECIFIED'), ('UNSPECIFIED') ) ;
#677 = VERTEX_POINT ( 'NONE', #1241 ) ;
#678 = ORIENTED_EDGE ( 'NONE', *, *, #206, .F. ) ;
#679 = APPROVAL_ROLE ( '' ) ;
#680 = DIRECTION ( 'NONE',  ( -0.000000000000000000, -0.000000000000000000, 1.000000000000000000 ) ) ;
#681 = CARTESIAN_POINT ( 'NONE',  ( -1.850000000000000089, -2.000000000000000000, 1.095445115010332149 ) ) ;
#682 = EDGE_CURVE ( 'NONE', #418, #1376, #1273, .T. ) ;
#683 = ORIENTED_EDGE ( 'NONE', *, *, #1301, .T. ) ;
#684 = PERSON_AND_ORGANIZATION_ROLE ( 'classification_officer' ) ;
#685 = SPHERICAL_SURFACE ( 'NONE', #37, 0.5000000000000000000 ) ;
#686 = FACE_OUTER_BOUND ( 'NONE', #887, .T. ) ;
#687 = DIRECTION ( 'NONE',  ( 0.000000000000000000, 0.000000000000000000, -1.000000000000000000 ) ) ;
#688 = ADVANCED_FACE ( 'NONE', ( #888 ), #636, .T. ) ;
#689 = VERTEX_POINT ( 'NONE', #1519 ) ;
#690 = CIRCLE ( 'NONE', #340, 1.650000000000000133 ) ;
#691 = ADVANCED_FACE ( 'NONE', ( #879 ), #118, .T. ) ;
#692 = ORIENTED_EDGE ( 'NONE', *, *, #818, .F. ) ;
#693 = CARTESIAN_POINT ( 'NONE',  ( -6.000000000000000000, -6.379211070675434126E-16, 3.000000000000000000 ) ) ;
#694 = SPHERICAL_SURFACE ( 'NONE', #579, 0.5000000000000000000 ) ;
#695 = AXIS2_PLACEMENT_3D ( 'NONE', #698, #1203, #1569 ) ;
#696 = ORIENTED_EDGE ( 'NONE', *, *, #1331, .F. ) ;
#697 = EDGE_CURVE ( 'NONE', #283, #179, #1611, .T. ) ;
#698 = CARTESIAN_POINT ( 'NONE',  ( -5.500000000000000000, 3.499999999999999112, 3.000000000000000000 ) ) ;
#699 = FACE_OUTER_BOUND ( 'NONE', #980, .T. ) ;
#700 = VECTOR ( 'NONE', #226, 1000.000000000000000 ) ;
#701 = TOROIDAL_SURFACE ( 'NONE', #1323, 2.149999999999999911, 0.5000000000000000000 ) ;
#702 = AXIS2_PLACEMENT_3D ( 'NONE', #873, #1342, #221 ) ;
#703 = CARTESIAN_POINT ( 'NONE',  ( 0.000000000000000000, 3.999999999999999112, 0.000000000000000000 ) ) ;
#704 = CIRCLE ( 'NONE', #267, 0.5000000000000000000 ) ;
#705 = EDGE_CURVE ( 'NONE', #154, #720, #627, .T. ) ;
#706 = DIRECTION ( 'NONE',  ( 2.168404344971008868E-16, -1.000000000000000000, 0.000000000000000000 ) ) ;
#707 = FACE_OUTER_BOUND ( 'NONE', #1011, .T. ) ;
#708 = DIRECTION ( 'NONE',  ( 0.000000000000000000, 0.000000000000000000, -1.000000000000000000 ) ) ;
#709 = DIRECTION ( 'NONE',  ( 0.000000000000000000, 1.000000000000000000, 0.000000000000000000 ) ) ;
#710 = DIRECTION ( 'NONE',  ( 0.000000000000000000, 0.000000000000000000, -1.000000000000000000 ) ) ;
#711 = AXIS2_PLACEMENT_3D ( 'NONE', #574, #712, #1570 ) ;
#712 = DIRECTION ( 'NONE',  ( -2.168404344971008868E-16, 1.000000000000000000, 0.000000000000000000 ) ) ;
#713 = CC_DESIGN_DATE_AND_TIME_ASSIGNMENT ( #43, #1555, ( #1461 ) ) ;
#714 = PLANE ( 'NONE',  #1355 ) ;
#715 = LINE ( 'NONE', #1219, #1060 ) ;
#716 = ADVANCED_FACE ( 'NONE', ( #896 ), #701, .T. ) ;
#717 = CARTESIAN_POINT ( 'NONE',  ( -6.000000000000000000, 3.499999999999999112, 3.000000000000000000 ) ) ;
#718 = ORIENTED_EDGE ( 'NONE', *, *, #1425, .T. ) ;
#719 = VECTOR ( 'NONE', #1028, 1000.000000000000000 ) ;
#720 = VERTEX_POINT ( 'NONE', #993 ) ;
#721 = CARTESIAN_POINT ( 'NONE',  ( -5.500000000000000000, 0.4999999999999993339, -3.500000000000000000 ) ) ;
#722 = CARTESIAN_POINT ( 'NONE',  ( -6.000000000000000000, 0.4999999999999993339, 3.500000000000000000 ) ) ;
#723 = CARTESIAN_POINT ( 'NONE',  ( 6.000000000000000000, -6.379211070675434126E-16, 3.500000000000000000 ) ) ;
#724 = DIRECTION ( 'NONE',  ( -0.000000000000000000, -0.000000000000000000, 1.000000000000000000 ) ) ;
#725 = ORIENTED_EDGE ( 'NONE', *, *, #384, .T. ) ;
#726 = CARTESIAN_POINT ( 'NONE',  ( 5.500000000000000000, 0.4999999999999993339, -3.000000000000000444 ) ) ;
#727 = EDGE_CURVE ( 'NONE', #320, #141, #1269, .T. ) ;
#728 = CIRCLE ( 'NONE', #857, 0.5000000000000000000 ) ;
#729 = CARTESIAN_POINT ( 'NONE',  ( 6.000000000000000000, 0.4999999999999993339, -3.000000000000000444 ) ) ;
#730 = TOROIDAL_SURFACE ( 'NONE', #231, 1.000000000000000000, 0.5000000000000000000 ) ;
#731 = EDGE_LOOP ( 'NONE', ( #832, #617, #1251, #951 ) ) ;
#732 = AXIS2_PLACEMENT_3D ( 'NONE', #116, #1458, #836 ) ;
#733 = DIRECTION ( 'NONE',  ( 0.000000000000000000, 8.673617379884035472E-16, 1.000000000000000000 ) ) ;
#734 = DIRECTION ( 'NONE',  ( -1.000000000000000000, 0.000000000000000000, 0.000000000000000000 ) ) ;
#735 = DIRECTION ( 'NONE',  ( 0.000000000000000000, 0.000000000000000000, -1.000000000000000000 ) ) ;
#736 = ORIENTED_EDGE ( 'NONE', *, *, #1233, .F. ) ;
#737 = CARTESIAN_POINT ( 'NONE',  ( -1.999999999998141709, -1.976969600709689745, -0.1857685022376360517 ) ) ;
#738 = APPROVAL_PERSON_ORGANIZATION ( #286, #1231, #928 ) ;
#739 = EDGE_CURVE ( 'NONE', #179, #677, #149, .T. ) ;
#740 = DIRECTION ( 'NONE',  ( -0.000000000000000000, 1.000000000000000000, -0.000000000000000000 ) ) ;
#741 = CARTESIAN_POINT ( 'NONE',  ( 2.000000000000026645, -1.976969600708559094, 9.716993013445105852E-14 ) ) ;
#742 = VERTEX_POINT ( 'NONE', #139 ) ;
#743 = ORIENTED_EDGE ( 'NONE', *, *, #902, .T. ) ;
#744 = CARTESIAN_POINT ( 'NONE',  ( 5.500000000000000000, -6.379211070675434126E-16, -3.000000000000000444 ) ) ;
#745 = AXIS2_PLACEMENT_3D ( 'NONE', #1368, #1135, #1015 ) ;
#746 = CARTESIAN_POINT ( 'NONE',  ( 5.500000000000000000, 3.499999999999999112, 3.000000000000000000 ) ) ;
#747 = DIRECTION ( 'NONE',  ( 0.000000000000000000, 0.000000000000000000, -1.000000000000000000 ) ) ;
#748 = ORIENTED_EDGE ( 'NONE', *, *, #1139, .F. ) ;
#749 = PRODUCT ( 'piece_serrage_patte_rail_mobile', 'piece_serrage_patte_rail_mobile', '', ( #545 ) ) ;
#750 = DIRECTION ( 'NONE',  ( -1.000000000000000000, 9.227252531791526626E-17, 0.000000000000000000 ) ) ;
#751 = FACE_OUTER_BOUND ( 'NONE', #1147, .T. ) ;
#752 = ORIENTED_EDGE ( 'NONE', *, *, #675, .F. ) ;
#753 = ORIENTED_EDGE ( 'NONE', *, *, #485, .F. ) ;
#754 = FACE_OUTER_BOUND ( 'NONE', #1272, .T. ) ;
#755 = DIRECTION ( 'NONE',  ( 0.000000000000000000, 0.000000000000000000, -1.000000000000000000 ) ) ;
#756 = ORIENTED_EDGE ( 'NONE', *, *, #762, .F. ) ;
#757 = LINE ( 'NONE', #1261, #529 ) ;
#758 = ORIENTED_EDGE ( 'NONE', *, *, #170, .T. ) ;
#759 = CARTESIAN_POINT ( 'NONE',  ( 2.020667218593133001E-16, -2.000000000000000000, -1.650000000000000133 ) ) ;
#760 = DIRECTION ( 'NONE',  ( -1.000000000000000000, 2.168404344971009361E-16, 0.000000000000000000 ) ) ;
#761 = EDGE_LOOP ( 'NONE', ( #535, #992, #555 ) ) ;
#762 = EDGE_CURVE ( 'NONE', #141, #292, #1252, .T. ) ;
#763 = CARTESIAN_POINT ( 'NONE',  ( -2.000000000000027089, -1.976969600708558650, -9.699503733421092585E-14 ) ) ;
#764 = DIRECTION ( 'NONE',  ( 0.000000000000000000, -1.000000000000000000, 0.000000000000000000 ) ) ;
#765 = VECTOR ( 'NONE', #1058, 1000.000000000000000 ) ;
#766 = ORIENTED_EDGE ( 'NONE', *, *, #893, .T. ) ;
#767 = EDGE_CURVE ( 'NONE', #412, #1132, #915, .T. ) ;
#768 = DIRECTION ( 'NONE',  ( 0.000000000000000000, 0.000000000000000000, -1.000000000000000000 ) ) ;
#769 = CYLINDRICAL_SURFACE ( 'NONE', #667, 0.5000000000000001110 ) ;
#770 = CYLINDRICAL_SURFACE ( 'NONE', #952, 0.5000000000000000000 ) ;
#771 = VERTEX_POINT ( 'NONE', #397 ) ;
#772 = DIRECTION ( 'NONE',  ( -1.000000000000000000, 0.000000000000000000, 0.000000000000000000 ) ) ;
#773 = APPROVAL ( #1002, 'UNSPECIFIED' ) ;
#774 = ORIENTED_EDGE ( 'NONE', *, *, #1392, .F. ) ;
#775 = CIRCLE ( 'NONE', #839, 0.5000000000000000000 ) ;
#776 = VERTEX_POINT ( 'NONE', #1381 ) ;
#777 = CARTESIAN_POINT ( 'NONE',  ( -8.738645302295121404E-17, 0.5000000000000003331, 3.000000000000000000 ) ) ;
#778 = LINE ( 'NONE', #650, #849 ) ;
#779 = AXIS2_PLACEMENT_3D ( 'NONE', #1559, #446, #1209 ) ;
#780 = TOROIDAL_SURFACE ( 'NONE', #983, 1.000000000000000000, 0.5000000000000000000 ) ;
#781 = DIRECTION ( 'NONE',  ( -1.000000000000000000, -1.747729060459023048E-16, -0.000000000000000000 ) ) ;
#782 = ORIENTED_EDGE ( 'NONE', *, *, #109, .T. ) ;
#783 = ORIENTED_EDGE ( 'NONE', *, *, #1316, .T. ) ;
#784 = EDGE_CURVE ( 'NONE', #824, #936, #757, .T. ) ;
#785 = CARTESIAN_POINT ( 'NONE',  ( -1.850000000000000089, -2.000000000000000000, -1.095445115010332149 ) ) ;
#786 = VECTOR ( 'NONE', #1338, 1000.000000000000000 ) ;
#787 = CIRCLE ( 'NONE', #994, 0.5000000000000000000 ) ;
#788 = LINE ( 'NONE', #162, #552 ) ;
#789 = VERTEX_POINT ( 'NONE', #357 ) ;
#790 = AXIS2_PLACEMENT_3D ( 'NONE', #104, #1437, #735 ) ;
#791 = ORIENTED_EDGE ( 'NONE', *, *, #705, .F. ) ;
#792 = DATE_AND_TIME ( #1422, #1527 ) ;
#793 = DIRECTION ( 'NONE',  ( -1.000000000000000000, -1.747729060459023048E-16, -0.000000000000000000 ) ) ;
#794 = ADVANCED_FACE ( 'NONE', ( #330 ), #1085, .T. ) ;
#795 = LOCAL_TIME ( 10, 41, 5.000000000000000000, #556 ) ;
#796 = DIRECTION ( 'NONE',  ( 0.000000000000000000, -1.000000000000000000, 0.000000000000000000 ) ) ;
#797 = EDGE_LOOP ( 'NONE', ( #1556, #1594, #252, #1427 ) ) ;
#798 = ORIENTED_EDGE ( 'NONE', *, *, #605, .F. ) ;
#799 = ORIENTED_EDGE ( 'NONE', *, *, #957, .F. ) ;
#800 = CIRCLE ( 'NONE', #304, 2.149999999999999911 ) ;
#801 = CARTESIAN_POINT ( 'NONE',  ( 2.349999999999999645, -0.5000000000000001110, 3.500000000000000000 ) ) ;
#802 = EDGE_CURVE ( 'NONE', #804, #1199, #335, .T. ) ;
#803 = DIRECTION ( 'NONE',  ( 0.000000000000000000, 0.000000000000000000, -1.000000000000000000 ) ) ;
#804 = VERTEX_POINT ( 'NONE', #1595 ) ;
#805 = VECTOR ( 'NONE', #1055, 1000.000000000000000 ) ;
#806 = VERTEX_POINT ( 'NONE', #955 ) ;
#807 = B_SPLINE_CURVE_WITH_KNOTS ( 'NONE', 3,
 ( #1266, #272, #1532, #1517, #1045, #763 ),
 .UNSPECIFIED., .F., .F.,
 ( 4, 2, 4 ),
 ( -6.265259513576563423E-06, 0.0005468326441380488064, 0.001099930547789674563 ),
 .UNSPECIFIED. ) ;
#808 = FACE_OUTER_BOUND ( 'NONE', #1155, .T. ) ;
#809 = CARTESIAN_POINT ( 'NONE',  ( 0.000000000000000000, 3.499999999999999112, 3.500000000000000000 ) ) ;
#810 = EDGE_CURVE ( 'NONE', #891, #1444, #834, .T. ) ;
#811 = EDGE_CURVE ( 'NONE', #595, #84, #1134, .T. ) ;
#812 = VERTEX_POINT ( 'NONE', #1453 ) ;
#813 = DIRECTION ( 'NONE',  ( 1.000000000000000000, 0.000000000000000000, 0.000000000000000000 ) ) ;
#814 = ORIENTED_EDGE ( 'NONE', *, *, #439, .T. ) ;
#815 = PLANE ( 'NONE',  #633 ) ;
#816 = AXIS2_PLACEMENT_3D ( 'NONE', #1503, #858, #1270 ) ;
#817 = DIRECTION ( 'NONE',  ( 0.000000000000000000, 0.000000000000000000, -1.000000000000000000 ) ) ;
#818 = EDGE_CURVE ( 'NONE', #1247, #476, #922, .T. ) ;
#819 = ORIENTED_EDGE ( 'NONE', *, *, #659, .F. ) ;
#820 = AXIS2_PLACEMENT_3D ( 'NONE', #132, #1263, #628 ) ;
#821 = FACE_OUTER_BOUND ( 'NONE', #1448, .T. ) ;
#822 = CARTESIAN_POINT ( 'NONE',  ( 6.000000000000000000, 3.499999999999999112, -3.000000000000000444 ) ) ;
#823 = CARTESIAN_POINT ( 'NONE',  ( 5.500000000000000000, 0.000000000000000000, 3.000000000000000000 ) ) ;
#824 = VERTEX_POINT ( 'NONE', #1447 ) ;
#825 = EDGE_CURVE ( 'NONE', #1304, #100, #1056, .T. ) ;
#826 = SPHERICAL_SURFACE ( 'NONE', #422, 0.5000000000000000000 ) ;
#827 = DIRECTION ( 'NONE',  ( 9.227252531791526626E-17, 1.000000000000000000, -0.000000000000000000 ) ) ;
#828 = DIRECTION ( 'NONE',  ( -1.000000000000000000, 9.227252531791526626E-17, 0.000000000000000000 ) ) ;
#829 = CARTESIAN_POINT ( 'NONE',  ( -2.849999999999999645, -0.5000000000000000000, 3.500000000000000000 ) ) ;
#830 = AXIS2_PLACEMENT_3D ( 'NONE', #1313, #196, #440 ) ;
#831 = EDGE_CURVE ( 'NONE', #1132, #638, #1482, .T. ) ;
#832 = ORIENTED_EDGE ( 'NONE', *, *, #1454, .T. ) ;
#833 = DIRECTION ( 'NONE',  ( -1.000000000000000000, 0.000000000000000000, 0.000000000000000000 ) ) ;
#834 = CIRCLE ( 'NONE', #144, 0.5000000000000000000 ) ;
#835 = DIRECTION ( 'NONE',  ( 0.000000000000000000, 0.000000000000000000, 1.000000000000000000 ) ) ;
#836 = DIRECTION ( 'NONE',  ( -1.000000000000000000, 0.000000000000000000, 0.000000000000000000 ) ) ;
#837 = DIRECTION ( 'NONE',  ( 0.000000000000000000, 1.000000000000000000, 0.000000000000000000 ) ) ;
#838 = EDGE_LOOP ( 'NONE', ( #1523, #385, #871, #526 ) ) ;
#839 = AXIS2_PLACEMENT_3D ( 'NONE', #1597, #1129, #1390 ) ;
#840 = CARTESIAN_POINT ( 'NONE',  ( -5.500000000000000000, 3.499999999999999112, -3.000000000000000000 ) ) ;
#841 = AXIS2_PLACEMENT_3D ( 'NONE', #214, #322, #934 ) ;
#842 = CARTESIAN_POINT ( 'NONE',  ( 0.000000000000000000, 0.000000000000000000, -3.500000000000000000 ) ) ;
#843 = EDGE_CURVE ( 'NONE', #1041, #195, #1201, .T. ) ;
#844 = DIRECTION ( 'NONE',  ( 1.747729060459022062E-16, 1.000000000000000000, 0.000000000000000000 ) ) ;
#845 = ORIENTED_EDGE ( 'NONE', *, *, #413, .F. ) ;
#846 = LINE ( 'NONE', #1348, #700 ) ;
#847 = EDGE_LOOP ( 'NONE', ( #435, #669, #1053, #1525 ) ) ;
#848 = DIRECTION ( 'NONE',  ( 1.000000000000000000, -9.227252531791526626E-17, 0.000000000000000000 ) ) ;
#849 = VECTOR ( 'NONE', #524, 1000.000000000000000 ) ;
#850 = VERTEX_POINT ( 'NONE', #1214 ) ;
#851 = CARTESIAN_POINT ( 'NONE',  ( -5.500000000000000000, 3.499999999999999112, -3.000000000000000444 ) ) ;
#852 = DIRECTION ( 'NONE',  ( 0.000000000000000000, 0.000000000000000000, 1.000000000000000000 ) ) ;
#853 = CARTESIAN_POINT ( 'NONE',  ( -1.849999999999999645, -0.5000000000000002220, 3.000000000000000000 ) ) ;
#854 = FACE_OUTER_BOUND ( 'NONE', #1351, .T. ) ;
#855 = EDGE_LOOP ( 'NONE', ( #958, #1033, #1428, #997 ) ) ;
#856 = DIRECTION ( 'NONE',  ( 1.000000000000000000, 0.000000000000000000, 0.000000000000000000 ) ) ;
#857 = AXIS2_PLACEMENT_3D ( 'NONE', #746, #244, #1249 ) ;
#858 = DIRECTION ( 'NONE',  ( 0.000000000000000000, 0.000000000000000000, -1.000000000000000000 ) ) ;
#859 = DIRECTION ( 'NONE',  ( 1.000000000000000000, 0.000000000000000000, 0.000000000000000000 ) ) ;
#860 = EDGE_LOOP ( 'NONE', ( #1235, #134, #240, #1567 ) ) ;
#861 = ORIENTED_EDGE ( 'NONE', *, *, #369, .F. ) ;
#862 = CIRCLE ( 'NONE', #169, 0.5000000000000000000 ) ;
#863 = DIRECTION ( 'NONE',  ( 0.000000000000000000, 0.000000000000000000, -1.000000000000000000 ) ) ;
#864 = DIRECTION ( 'NONE',  ( 0.000000000000000000, 0.000000000000000000, -1.000000000000000000 ) ) ;
#865 = LINE ( 'NONE', #971, #45 ) ;
#866 = EDGE_LOOP ( 'NONE', ( #300, #372, #736 ) ) ;
#867 = DIRECTION ( 'NONE',  ( -2.168404344971009361E-16, -1.000000000000000000, 0.000000000000000000 ) ) ;
#868 = AXIS2_PLACEMENT_3D ( 'NONE', #1062, #1048, #415 ) ;
#869 = CARTESIAN_POINT ( 'NONE',  ( 8.738645302295120172E-17, 0.5000000000000003331, 3.500000000000000000 ) ) ;
#870 = DIRECTION ( 'NONE',  ( 0.000000000000000000, 0.000000000000000000, -1.000000000000000000 ) ) ;
#871 = ORIENTED_EDGE ( 'NONE', *, *, #659, .T. ) ;
#872 = VERTEX_POINT ( 'NONE', #583 ) ;
#873 = CARTESIAN_POINT ( 'NONE',  ( -1.849999999999999867, -1.499999999999999556, -3.000000000000000000 ) ) ;
#874 = AXIS2_PLACEMENT_3D ( 'NONE', #1521, #995, #1362 ) ;
#875 = DATE_AND_TIME ( #114, #1140 ) ;
#876 = DIRECTION ( 'NONE',  ( 1.000000000000000000, 0.000000000000000000, 0.000000000000000000 ) ) ;
#877 = CARTESIAN_POINT ( 'NONE',  ( -5.500000000000000000, 3.499999999999999112, 3.000000000000000000 ) ) ;
#878 = EDGE_LOOP ( 'NONE', ( #14, #98 ) ) ;
#879 = FACE_OUTER_BOUND ( 'NONE', #1185, .T. ) ;
#880 = CARTESIAN_POINT ( 'NONE',  ( -6.000000000000000000, 3.999999999999999112, 3.500000000000000000 ) ) ;
#881 = CARTESIAN_POINT ( 'NONE',  ( 2.350000000000000089, -1.499999999999999778, 3.500000000000000000 ) ) ;
#882 = ADVANCED_FACE ( 'NONE', ( #212 ), #576, .T. ) ;
#883 = ORIENTED_EDGE ( 'NONE', *, *, #1359, .F. ) ;
#884 = EDGE_CURVE ( 'NONE', #677, #1228, #1091, .T. ) ;
#885 = CARTESIAN_POINT ( 'NONE',  ( -2.350000000000000089, -1.999999999999999556, 3.500000000000000000 ) ) ;
#886 = CARTESIAN_POINT ( 'NONE',  ( -5.500000000000000000, 0.4999999999999993339, 3.000000000000000000 ) ) ;
#887 = EDGE_LOOP ( 'NONE', ( #563, #662, #1116 ) ) ;
#888 = FACE_OUTER_BOUND ( 'NONE', #731, .T. ) ;
#889 = CARTESIAN_POINT ( 'NONE',  ( 2.000000000000026645, -1.976969600708559094, 9.716993013445105852E-14 ) ) ;
#890 = FACE_OUTER_BOUND ( 'NONE', #74, .T. ) ;
#891 = VERTEX_POINT ( 'NONE', #717 ) ;
#892 = EDGE_CURVE ( 'NONE', #412, #154, #1466, .T. ) ;
#893 = EDGE_CURVE ( 'NONE', #872, #1404, #569, .T. ) ;
#894 = LINE ( 'NONE', #653, #1051 ) ;
#895 = EDGE_LOOP ( 'NONE', ( #416, #1029, #986, #270 ) ) ;
#896 = FACE_OUTER_BOUND ( 'NONE', #1534, .T. ) ;
#897 = ORIENTED_EDGE ( 'NONE', *, *, #923, .T. ) ;
#898 = DIRECTION ( 'NONE',  ( 0.000000000000000000, 0.000000000000000000, -1.000000000000000000 ) ) ;
#899 = DIRECTION ( 'NONE',  ( -0.000000000000000000, 1.000000000000000000, -0.000000000000000000 ) ) ;
#900 = ORIENTED_EDGE ( 'NONE', *, *, #739, .F. ) ;
#901 = ORIENTED_EDGE ( 'NONE', *, *, #1092, .T. ) ;
#902 = EDGE_CURVE ( 'NONE', #476, #606, #846, .T. ) ;
#903 = ORIENTED_EDGE ( 'NONE', *, *, #784, .F. ) ;
#904 = CIRCLE ( 'NONE', #671, 1.650000000000000133 ) ;
#905 = EDGE_LOOP ( 'NONE', ( #414, #654, #69, #193 ) ) ;
#906 = DIRECTION ( 'NONE',  ( 0.000000000000000000, 0.000000000000000000, 1.000000000000000000 ) ) ;
#907 = CARTESIAN_POINT ( 'NONE',  ( 2.849999999999999645, -8.738645302295127567E-17, -3.000000000000000444 ) ) ;
#908 = AXIS2_PLACEMENT_3D ( 'NONE', #461, #1094, #338 ) ;
#909 = DIRECTION ( 'NONE',  ( 0.000000000000000000, -1.000000000000000000, 0.000000000000000000 ) ) ;
#910 = EDGE_CURVE ( 'NONE', #806, #771, #1610, .T. ) ;
#911 =( NAMED_UNIT ( * ) SI_UNIT ( $, .STERADIAN. ) SOLID_ANGLE_UNIT ( ) );
#912 = CARTESIAN_POINT ( 'NONE',  ( 1.849999999999999645, -2.000000000000000000, 3.500000000000000000 ) ) ;
#913 = EDGE_CURVE ( 'NONE', #356, #1178, #1109, .T. ) ;
#914 = AXIS2_PLACEMENT_3D ( 'NONE', #1229, #477, #602 ) ;
#915 = CIRCLE ( 'NONE', #205, 0.5000000000000000000 ) ;
#916 = CARTESIAN_POINT ( 'NONE',  ( 0.000000000000000000, -1.499999999999999778, 0.000000000000000000 ) ) ;
#917 = EDGE_LOOP ( 'NONE', ( #1574, #174, #799, #5 ) ) ;
#918 = AXIS2_PLACEMENT_3D ( 'NONE', #178, #23, #1154 ) ;
#919 = ORIENTED_EDGE ( 'NONE', *, *, #327, .T. ) ;
#920 = CALENDAR_DATE ( 2025, 23, 5 ) ;
#921 = CARTESIAN_POINT ( 'NONE',  ( 2.349999999999999645, 0.4999999999999998890, -3.500000000000000000 ) ) ;
#922 = CIRCLE ( 'NONE', #637, 0.4999999999999997780 ) ;
#923 = EDGE_CURVE ( 'NONE', #488, #776, #968, .T. ) ;
#924 =( GEOMETRIC_REPRESENTATION_CONTEXT ( 3 ) GLOBAL_UNCERTAINTY_ASSIGNED_CONTEXT ( ( #276 ) ) GLOBAL_UNIT_ASSIGNED_CONTEXT ( ( #427, #436, #911 ) ) REPRESENTATION_CONTEXT ( 'NONE', 'WORKASPACE' ) );
#925 = CARTESIAN_POINT ( 'NONE',  ( -6.000000000000000000, -6.379211070675434126E-16, 3.500000000000000000 ) ) ;
#926 = VERTEX_POINT ( 'NONE', #421 ) ;
#927 = ORIENTED_EDGE ( 'NONE', *, *, #682, .T. ) ;
#928 = APPROVAL_ROLE ( '' ) ;
#929 = TOROIDAL_SURFACE ( 'NONE', #218, 2.149999999999999911, 0.5000000000000000000 ) ;
#930 = DIRECTION ( 'NONE',  ( 0.000000000000000000, 0.000000000000000000, -1.000000000000000000 ) ) ;
#931 = EDGE_CURVE ( 'NONE', #606, #165, #153, .T. ) ;
#932 = CARTESIAN_POINT ( 'NONE',  ( -2.350000000000000089, -1.499999999999999556, -3.500000000000000000 ) ) ;
#933 = EDGE_CURVE ( 'NONE', #1169, #180, #1023, .T. ) ;
#934 = DIRECTION ( 'NONE',  ( 0.000000000000000000, 0.000000000000000000, 1.000000000000000000 ) ) ;
#935 = AXIS2_PLACEMENT_3D ( 'NONE', #308, #1537, #56 ) ;
#936 = VERTEX_POINT ( 'NONE', #907 ) ;
#937 = CYLINDRICAL_SURFACE ( 'NONE', #1079, 0.5000000000000001110 ) ;
#938 = ADVANCED_FACE ( 'NONE', ( #279 ), #658, .T. ) ;
#939 = DIRECTION ( 'NONE',  ( 1.000000000000000000, 0.000000000000000000, 0.000000000000000000 ) ) ;
#940 = AXIS2_PLACEMENT_3D ( 'NONE', #1003, #1581, #876 ) ;
#941 = EDGE_CURVE ( 'NONE', #806, #283, #1522, .T. ) ;
#942 = AXIS2_PLACEMENT_3D ( 'NONE', #447, #1321, #1334 ) ;
#943 = ORIENTED_EDGE ( 'NONE', *, *, #1359, .T. ) ;
#944 = AXIS2_PLACEMENT_3D ( 'NONE', #354, #1577, #1582 ) ;
#945 = ORIENTED_EDGE ( 'NONE', *, *, #288, .T. ) ;
#946 = DIRECTION ( 'NONE',  ( 0.000000000000000000, 1.000000000000000000, 0.000000000000000000 ) ) ;
#947 = CARTESIAN_POINT ( 'NONE',  ( 2.349999999999999645, -9.629649721936179265E-32, 3.000000000000000000 ) ) ;
#948 = EDGE_CURVE ( 'NONE', #389, #1365, #161, .T. ) ;
#949 = DIRECTION ( 'NONE',  ( 0.000000000000000000, 0.000000000000000000, -1.000000000000000000 ) ) ;
#950 = ORIENTED_EDGE ( 'NONE', *, *, #97, .T. ) ;
#951 = ORIENTED_EDGE ( 'NONE', *, *, #97, .F. ) ;
#952 = AXIS2_PLACEMENT_3D ( 'NONE', #393, #8, #760 ) ;
#953 = DIRECTION ( 'NONE',  ( -1.000000000000000000, -0.000000000000000000, -0.000000000000000000 ) ) ;
#954 = DIRECTION ( 'NONE',  ( 0.000000000000000000, 1.000000000000000000, 0.000000000000000000 ) ) ;
#955 = CARTESIAN_POINT ( 'NONE',  ( -2.849999999999999645, 0.4999999999999997780, -3.500000000000000000 ) ) ;
#956 = EDGE_CURVE ( 'NONE', #720, #638, #778, .T. ) ;
#957 = EDGE_CURVE ( 'NONE', #361, #1228, #27, .T. ) ;
#958 = ORIENTED_EDGE ( 'NONE', *, *, #78, .T. ) ;
#959 = CARTESIAN_POINT ( 'NONE',  ( -5.500000000000000000, 0.4999999999999993339, -3.000000000000000444 ) ) ;
#960 = CYLINDRICAL_SURFACE ( 'NONE', #1162, 1.650000000000000133 ) ;
#961 = CARTESIAN_POINT ( 'NONE',  ( -5.500000000000000000, 3.499999999999999112, 3.500000000000000000 ) ) ;
#962 = DIRECTION ( 'NONE',  ( -1.000000000000000000, 1.314184451497581013E-16, 0.000000000000000000 ) ) ;
#963 = CIRCLE ( 'NONE', #830, 0.5000000000000000000 ) ;
#964 = ADVANCED_FACE ( 'NONE', ( #409 ), #44, .T. ) ;
#965 = CYLINDRICAL_SURFACE ( 'NONE', #1044, 0.5000000000000004441 ) ;
#966 = CARTESIAN_POINT ( 'NONE',  ( 1.849999999999999867, -2.000000000000000000, 3.000000000000000000 ) ) ;
#967 = DIRECTION ( 'NONE',  ( -4.336808689942018229E-16, -1.000000000000000000, -4.336808689942023652E-16 ) ) ;
#968 = B_SPLINE_CURVE_WITH_KNOTS ( 'NONE', 3,
 ( #1358, #737, #73, #1076, #448, #785 ),
 .UNSPECIFIED., .F., .F.,
 ( 4, 2, 4 ),
 ( 0.001099930547789674563, 0.001654779147594208875, 0.002209627747398743187 ),
 .UNSPECIFIED. ) ;
#969 = CARTESIAN_POINT ( 'NONE',  ( 0.000000000000000000, 3.499999999999999556, 0.000000000000000000 ) ) ;
#970 = CARTESIAN_POINT ( 'NONE',  ( -6.000000000000000000, -6.379211070675434126E-16, -3.000000000000000444 ) ) ;
#971 = CARTESIAN_POINT ( 'NONE',  ( 6.000000000000000000, -6.379211070675434126E-16, 3.000000000000000000 ) ) ;
#972 = VECTOR ( 'NONE', #122, 1000.000000000000000 ) ;
#973 = ADVANCED_FACE ( 'NONE', ( #176 ), #1398, .F. ) ;
#974 = ORIENTED_EDGE ( 'NONE', *, *, #697, .F. ) ;
#975 = CARTESIAN_POINT ( 'NONE',  ( 5.500000000000000000, 3.499999999999999112, 3.500000000000000000 ) ) ;
#976 = LINE ( 'NONE', #1236, #1074 ) ;
#977 = APPROVAL_ROLE ( '' ) ;
#978 = CARTESIAN_POINT ( 'NONE',  ( 2.849999999999999645, -0.5000000000000000000, 3.000000000000000000 ) ) ;
#979 = CARTESIAN_POINT ( 'NONE',  ( 5.500000000000000000, 0.4999999999999993339, 3.000000000000000000 ) ) ;
#980 = EDGE_LOOP ( 'NONE', ( #1277, #511, #544, #172 ) ) ;
#981 = CARTESIAN_POINT ( 'NONE',  ( 5.500000000000000000, 0.000000000000000000, 3.500000000000000000 ) ) ;
#982 = CIRCLE ( 'NONE', #1253, 2.149999999999999911 ) ;
#983 = AXIS2_PLACEMENT_3D ( 'NONE', #1409, #47, #772 ) ;
#984 = LINE ( 'NONE', #640, #152 ) ;
#985 = ORIENTED_EDGE ( 'NONE', *, *, #227, .F. ) ;
#986 = ORIENTED_EDGE ( 'NONE', *, *, #739, .T. ) ;
#987 = DIRECTION ( 'NONE',  ( 1.000000000000000000, 0.000000000000000000, -1.224646799147353207E-16 ) ) ;
#988 = EDGE_CURVE ( 'NONE', #195, #1228, #1302, .T. ) ;
#989 = DIRECTION ( 'NONE',  ( -1.000000000000000000, 2.168404344971008868E-16, -1.734723475976807094E-15 ) ) ;
#990 = DIRECTION ( 'NONE',  ( -1.000000000000000000, 0.000000000000000000, 0.000000000000000000 ) ) ;
#991 = AXIS2_PLACEMENT_3D ( 'NONE', #458, #1221, #1322 ) ;
#992 = ORIENTED_EDGE ( 'NONE', *, *, #419, .T. ) ;
#993 = CARTESIAN_POINT ( 'NONE',  ( 1.849999999999999867, -0.5000000000000002220, -3.500000000000000000 ) ) ;
#994 = AXIS2_PLACEMENT_3D ( 'NONE', #622, #967, #342 ) ;
#995 = DIRECTION ( 'NONE',  ( 1.747729060459022802E-16, 1.000000000000000000, -0.000000000000000000 ) ) ;
#996 = DIRECTION ( 'NONE',  ( -9.227252531791526626E-17, -1.000000000000000000, 0.000000000000000000 ) ) ;
#997 = ORIENTED_EDGE ( 'NONE', *, *, #727, .F. ) ;
#998 = CIRCLE ( 'NONE', #296, 0.5000000000000000000 ) ;
#999 = ORIENTED_EDGE ( 'NONE', *, *, #1139, .T. ) ;
#1000 = AXIS2_PLACEMENT_3D ( 'NONE', #1487, #210, #334 ) ;
#1001 = DIRECTION ( 'NONE',  ( 0.000000000000000000, 0.000000000000000000, -1.000000000000000000 ) ) ;
#1002 = APPROVAL_STATUS ( 'not_yet_approved' ) ;
#1003 = CARTESIAN_POINT ( 'NONE',  ( 5.500000000000000000, 0.4999999999999994449, 3.000000000000000000 ) ) ;
#1004 = CARTESIAN_POINT ( 'NONE',  ( -5.500000000000000000, 0.4999999999999993339, 3.000000000000000000 ) ) ;
#1005 = ORIENTED_EDGE ( 'NONE', *, *, #38, .T. ) ;
#1006 = DIRECTION ( 'NONE',  ( 0.000000000000000000, 0.000000000000000000, -1.000000000000000000 ) ) ;
#1007 = EDGE_CURVE ( 'NONE', #595, #1376, #1560, .T. ) ;
#1008 = PRODUCT_DEFINITION_FORMATION_WITH_SPECIFIED_SOURCE ( 'ANY', '', #749, .NOT_KNOWN. ) ;
#1009 = PLANE ( 'NONE',  #1395 ) ;
#1010 = CARTESIAN_POINT ( 'NONE',  ( -2.849999999999999645, 0.4999999999999998890, -3.000000000000000444 ) ) ;
#1011 = EDGE_LOOP ( 'NONE', ( #285, #1332, #1152, #678 ) ) ;
#1012 = ORIENTED_EDGE ( 'NONE', *, *, #584, .F. ) ;
#1013 = VECTOR ( 'NONE', #456, 1000.000000000000000 ) ;
#1014 = CARTESIAN_POINT ( 'NONE',  ( 5.500000000000000000, 3.499999999999999112, -3.000000000000000000 ) ) ;
#1015 = DIRECTION ( 'NONE',  ( -1.000000000000000000, 0.000000000000000000, 0.000000000000000000 ) ) ;
#1016 = ORIENTED_EDGE ( 'NONE', *, *, #1149, .F. ) ;
#1017 = CARTESIAN_POINT ( 'NONE',  ( 1.850000000000000089, -1.500000000000000000, -3.000000000000000444 ) ) ;
#1018 = ADVANCED_FACE ( 'NONE', ( #28 ), #160, .T. ) ;
#1019 = CARTESIAN_POINT ( 'NONE',  ( 5.500000000000000000, 3.999999999999999112, 3.000000000000000000 ) ) ;
#1020 = DIRECTION ( 'NONE',  ( 1.000000000000000000, -0.000000000000000000, -0.000000000000000000 ) ) ;
#1021 = EDGE_CURVE ( 'NONE', #1132, #460, #546, .T. ) ;
#1022 = ORIENTED_EDGE ( 'NONE', *, *, #1284, .F. ) ;
#1023 = CIRCLE ( 'NONE', #390, 1.650000000000000133 ) ;
#1024 = VERTEX_POINT ( 'NONE', #1049 ) ;
#1025 = ORIENTED_EDGE ( 'NONE', *, *, #1233, .T. ) ;
#1026 = DIRECTION ( 'NONE',  ( -1.000000000000000000, 0.000000000000000000, 0.000000000000000000 ) ) ;
#1027 = DIRECTION ( 'NONE',  ( 9.227252531791526626E-17, 1.000000000000000000, -0.000000000000000000 ) ) ;
#1028 = DIRECTION ( 'NONE',  ( 0.000000000000000000, 0.000000000000000000, -1.000000000000000000 ) ) ;
#1029 = ORIENTED_EDGE ( 'NONE', *, *, #1586, .T. ) ;
#1030 = EDGE_CURVE ( 'NONE', #1365, #1268, #1542, .T. ) ;
#1031 = FACE_OUTER_BOUND ( 'NONE', #1509, .T. ) ;
#1032 = ORIENTED_EDGE ( 'NONE', *, *, #727, .T. ) ;
#1033 = ORIENTED_EDGE ( 'NONE', *, *, #565, .F. ) ;
#1034 = DIRECTION ( 'NONE',  ( -1.000000000000000000, 0.000000000000000000, 0.000000000000000000 ) ) ;
#1035 = CIRCLE ( 'NONE', #173, 0.5000000000000004441 ) ;
#1036 = EDGE_CURVE ( 'NONE', #154, #29, #302, .T. ) ;
#1037 = FACE_OUTER_BOUND ( 'NONE', #312, .T. ) ;
#1038 = ORIENTED_EDGE ( 'NONE', *, *, #1454, .F. ) ;
#1039 = TOROIDAL_SURFACE ( 'NONE', #321, 2.149999999999999911, 0.5000000000000000000 ) ;
#1040 = EDGE_CURVE ( 'NONE', #689, #195, #1180, .T. ) ;
#1041 = VERTEX_POINT ( 'NONE', #1549 ) ;
#1042 = APPLICATION_PROTOCOL_DEFINITION ( 'international standard', 'config_control_design', 1994, #1159 ) ;
#1043 = DIRECTION ( 'NONE',  ( 0.000000000000000000, 0.000000000000000000, -1.000000000000000000 ) ) ;
#1044 = AXIS2_PLACEMENT_3D ( 'NONE', #975, #220, #471 ) ;
#1045 = CARTESIAN_POINT ( 'NONE',  ( -1.999999999998126610, -1.976969600709695296, 0.1851823527868928787 ) ) ;
#1046 = ORIENTED_EDGE ( 'NONE', *, *, #1516, .T. ) ;
#1047 = ORIENTED_EDGE ( 'NONE', *, *, #1424, .F. ) ;
#1048 = DIRECTION ( 'NONE',  ( -1.000000000000000000, 0.000000000000000000, 0.000000000000000000 ) ) ;
#1049 = CARTESIAN_POINT ( 'NONE',  ( -1.849999999999999867, -1.499999999999999556, 3.500000000000000000 ) ) ;
#1050 = CARTESIAN_POINT ( 'NONE',  ( 5.500000000000000000, 0.4999999999999993339, 3.500000000000000000 ) ) ;
#1051 = VECTOR ( 'NONE', #781, 1000.000000000000000 ) ;
#1052 = EDGE_CURVE ( 'NONE', #720, #1268, #93, .T. ) ;
#1053 = ORIENTED_EDGE ( 'NONE', *, *, #150, .T. ) ;
#1054 = PERSON_AND_ORGANIZATION_ROLE ( 'creator' ) ;
#1055 = DIRECTION ( 'NONE',  ( 1.000000000000000000, 1.747729060459023048E-16, 0.000000000000000000 ) ) ;
#1056 = CIRCLE ( 'NONE', #1546, 0.5000000000000004441 ) ;
#1057 = ORIENTED_EDGE ( 'NONE', *, *, #1294, .T. ) ;
#1058 = DIRECTION ( 'NONE',  ( -1.000000000000000000, 9.227252531791526626E-17, -0.000000000000000000 ) ) ;
#1059 = DIRECTION ( 'NONE',  ( 0.000000000000000000, 0.000000000000000000, -1.000000000000000000 ) ) ;
#1060 = VECTOR ( 'NONE', #1096, 1000.000000000000000 ) ;
#1061 = ORIENTED_EDGE ( 'NONE', *, *, #892, .F. ) ;
#1062 = CARTESIAN_POINT ( 'NONE',  ( -5.500000000000000000, 0.4999999999999994449, 3.000000000000000000 ) ) ;
#1063 = AXIS2_PLACEMENT_3D ( 'NONE', #72, #954, #687 ) ;
#1064 = DIRECTION ( 'NONE',  ( -0.000000000000000000, 0.000000000000000000, -1.000000000000000000 ) ) ;
#1065 = CC_DESIGN_DATE_AND_TIME_ASSIGNMENT ( #571, #1078, ( #318 ) ) ;
#1066 = EDGE_CURVE ( 'NONE', #265, #488, #503, .T. ) ;
#1067 = ORIENTED_EDGE ( 'NONE', *, *, #1571, .F. ) ;
#1068 = DIRECTION ( 'NONE',  ( -1.000000000000000000, 0.000000000000000000, 0.000000000000000000 ) ) ;
#1069 = CARTESIAN_POINT ( 'NONE',  ( -1.850000000000000089, -1.499999999999999778, 3.000000000000000000 ) ) ;
#1070 = VECTOR ( 'NONE', #36, 1000.000000000000000 ) ;
#1071 = ORIENTED_EDGE ( 'NONE', *, *, #1516, .F. ) ;
#1072 = EDGE_CURVE ( 'NONE', #1393, #476, #1288, .T. ) ;
#1073 = CARTESIAN_POINT ( 'NONE',  ( 1.850000000000000089, -1.500000000000000000, -3.000000000000000000 ) ) ;
#1074 = VECTOR ( 'NONE', #112, 1000.000000000000000 ) ;
#1075 = CYLINDRICAL_SURFACE ( 'NONE', #711, 0.5000000000000000000 ) ;
#1076 = CARTESIAN_POINT ( 'NONE',  ( -1.936658796125914517, -1.993111508171500734, -0.7348759765988960302 ) ) ;
#1077 = ORIENTED_EDGE ( 'NONE', *, *, #1280, .T. ) ;
#1078 = DATE_TIME_ROLE ( 'classification_date' ) ;
#1079 = AXIS2_PLACEMENT_3D ( 'NONE', #457, #1306, #844 ) ;
#1080 = DIRECTION ( 'NONE',  ( 0.000000000000000000, 0.000000000000000000, -1.000000000000000000 ) ) ;
#1081 = VECTOR ( 'NONE', #301, 1000.000000000000000 ) ;
#1082 = CARTESIAN_POINT ( 'NONE',  ( -4.613626265895763313E-17, -2.000000000000000000, 0.000000000000000000 ) ) ;
#1083 = ADVANCED_FACE ( 'NONE', ( #1557 ), #188, .T. ) ;
#1084 = ADVANCED_FACE ( 'NONE', ( #1465 ), #343, .T. ) ;
#1085 = CYLINDRICAL_SURFACE ( 'NONE', #211, 0.5000000000000000000 ) ;
#1086 = AXIS2_PLACEMENT_3D ( 'NONE', #363, #374, #852 ) ;
#1087 = ORIENTED_EDGE ( 'NONE', *, *, #369, .T. ) ;
#1088 = FACE_OUTER_BOUND ( 'NONE', #1130, .T. ) ;
#1089 = CARTESIAN_POINT ( 'NONE',  ( 5.500000000000000000, -5.505346540445921616E-16, 3.500000000000000000 ) ) ;
#1090 = CARTESIAN_POINT ( 'NONE',  ( 1.849999999999999867, -1.500000000000000000, 3.000000000000000000 ) ) ;
#1091 = LINE ( 'NONE', #237, #786 ) ;
#1092 = EDGE_CURVE ( 'NONE', #1402, #926, #1232, .T. ) ;
#1093 = ORIENTED_EDGE ( 'NONE', *, *, #355, .T. ) ;
#1094 = DIRECTION ( 'NONE',  ( -1.000000000000000000, -0.000000000000000000, -0.000000000000000000 ) ) ;
#1095 = CARTESIAN_POINT ( 'NONE',  ( 0.000000000000000000, -2.000000000000000000, 1.650000000000000133 ) ) ;
#1096 = DIRECTION ( 'NONE',  ( 2.168404344971009361E-16, 1.000000000000000000, -0.000000000000000000 ) ) ;
#1097 = CARTESIAN_POINT ( 'NONE',  ( 2.349999999999999645, -9.629649721936179265E-32, -3.000000000000000444 ) ) ;
#1098 = EDGE_CURVE ( 'NONE', #824, #29, #862, .T. ) ;
#1099 = ORIENTED_EDGE ( 'NONE', *, *, #1256, .T. ) ;
#1100 = DIRECTION ( 'NONE',  ( -1.000000000000000000, 1.314184451497581013E-16, 0.000000000000000000 ) ) ;
#1101 = EDGE_CURVE ( 'NONE', #283, #1402, #235, .T. ) ;
#1102 = ORIENTED_EDGE ( 'NONE', *, *, #90, .T. ) ;
#1103 = CARTESIAN_POINT ( 'NONE',  ( -2.350000000000000089, -1.499999999999999556, 3.000000000000000000 ) ) ;
#1104 = DIRECTION ( 'NONE',  ( -1.000000000000000000, 0.000000000000000000, -0.000000000000000000 ) ) ;
#1105 = CARTESIAN_POINT ( 'NONE',  ( -5.500000000000000000, 3.999999999999999112, 3.000000000000000000 ) ) ;
#1106 = CARTESIAN_POINT ( 'NONE',  ( -5.500000000000000000, 0.4999999999999993339, 3.000000000000000000 ) ) ;
#1107 = AXIS2_PLACEMENT_3D ( 'NONE', #880, #1118, #1373 ) ;
#1108 = ORIENTED_EDGE ( 'NONE', *, *, #941, .T. ) ;
#1109 = LINE ( 'NONE', #981, #567 ) ;
#1110 = DIRECTION ( 'NONE',  ( -1.000000000000000000, 0.000000000000000000, 0.000000000000000000 ) ) ;
#1111 = AXIS2_PLACEMENT_3D ( 'NONE', #347, #359, #859 ) ;
#1112 = ORIENTED_EDGE ( 'NONE', *, *, #381, .F. ) ;
#1113 = CARTESIAN_POINT ( 'NONE',  ( 2.632990618166809235E-16, 3.499999999999999556, 2.149999999999999911 ) ) ;
#1114 = CARTESIAN_POINT ( 'NONE',  ( -1.849999999999999867, -1.499999999999999556, 3.000000000000000000 ) ) ;
#1115 = CARTESIAN_POINT ( 'NONE',  ( -2.350000000000000089, -1.499999999999999556, -3.000000000000000444 ) ) ;
#1116 = ORIENTED_EDGE ( 'NONE', *, *, #1200, .F. ) ;
#1117 = CARTESIAN_POINT ( 'NONE',  ( 0.000000000000000000, 3.499999999999999556, 0.000000000000000000 ) ) ;
#1118 = DIRECTION ( 'NONE',  ( 0.000000000000000000, -1.000000000000000000, 0.000000000000000000 ) ) ;
#1119 = CARTESIAN_POINT ( 'NONE',  ( 1.849999999999999867, -1.500000000000000000, 3.500000000000000000 ) ) ;
#1120 = ORIENTED_EDGE ( 'NONE', *, *, #38, .F. ) ;
#1121 = DIRECTION ( 'NONE',  ( -1.224646799147353454E-16, 0.000000000000000000, -1.000000000000000000 ) ) ;
#1122 = ADVANCED_FACE ( 'NONE', ( #1213 ), #937, .T. ) ;
#1123 = DIRECTION ( 'NONE',  ( -1.000000000000000000, 0.000000000000000000, 0.000000000000000000 ) ) ;
#1124 = CARTESIAN_POINT ( 'NONE',  ( -5.500000000000000000, 0.000000000000000000, 3.500000000000000000 ) ) ;
#1125 = ORIENTED_EDGE ( 'NONE', *, *, #1471, .T. ) ;
#1126 = AXIS2_PLACEMENT_3D ( 'NONE', #1127, #1510, #1490 ) ;
#1127 = CARTESIAN_POINT ( 'NONE',  ( -6.000000000000000000, 3.499999999999999112, -3.000000000000000444 ) ) ;
#1128 = PLANE ( 'NONE',  #874 ) ;
#1129 = DIRECTION ( 'NONE',  ( 1.000000000000000000, -4.336808689942017736E-16, -0.000000000000000000 ) ) ;
#1130 = EDGE_LOOP ( 'NONE', ( #1309, #225, #331, #66 ) ) ;
#1131 = VECTOR ( 'NONE', #668, 1000.000000000000000 ) ;
#1132 = VERTEX_POINT ( 'NONE', #1227 ) ;
#1133 = LINE ( 'NONE', #512, #444 ) ;
#1134 = CIRCLE ( 'NONE', #1330, 1.650000000000000133 ) ;
#1135 = DIRECTION ( 'NONE',  ( 0.000000000000000000, 0.000000000000000000, -1.000000000000000000 ) ) ;
#1136 = EDGE_CURVE ( 'NONE', #426, #1562, #88, .T. ) ;
#1137 = ORIENTED_EDGE ( 'NONE', *, *, #956, .F. ) ;
#1138 = DIRECTION ( 'NONE',  ( 0.000000000000000000, 0.000000000000000000, 1.000000000000000000 ) ) ;
#1139 = EDGE_CURVE ( 'NONE', #389, #325, #572, .T. ) ;
#1140 = LOCAL_TIME ( 10, 41, 5.000000000000000000, #1568 ) ;
#1141 = LINE ( 'NONE', #398, #1188 ) ;
#1142 = CYLINDRICAL_SURFACE ( 'NONE', #1245, 0.5000000000000004441 ) ;
#1143 = ORIENTED_EDGE ( 'NONE', *, *, #1244, .F. ) ;
#1144 = CIRCLE ( 'NONE', #559, 0.5000000000000000000 ) ;
#1145 = VECTOR ( 'NONE', #566, 1000.000000000000000 ) ;
#1146 = LINE ( 'NONE', #519, #1544 ) ;
#1147 = EDGE_LOOP ( 'NONE', ( #1384, #756, #1324, #752, #76, #1120, #377 ) ) ;
#1148 = DIRECTION ( 'NONE',  ( 1.000000000000000000, 1.747729060459023048E-16, 0.000000000000000000 ) ) ;
#1149 = EDGE_CURVE ( 'NONE', #789, #356, #1361, .T. ) ;
#1150 = DIRECTION ( 'NONE',  ( 1.000000000000000000, 1.747729060459023048E-16, 0.000000000000000000 ) ) ;
#1151 = CARTESIAN_POINT ( 'NONE',  ( -2.849999999999999645, -0.5000000000000000000, 3.000000000000000000 ) ) ;
#1152 = ORIENTED_EDGE ( 'NONE', *, *, #262, .T. ) ;
#1153 = AXIS2_PLACEMENT_3D ( 'NONE', #1416, #672, #1293 ) ;
#1154 = DIRECTION ( 'NONE',  ( -1.000000000000000000, 2.168404344971009854E-16, -8.673617379884039416E-16 ) ) ;
#1155 = EDGE_LOOP ( 'NONE', ( #1387, #345, #1296, #536 ) ) ;
#1156 = ORIENTED_EDGE ( 'NONE', *, *, #250, .T. ) ;
#1157 = CARTESIAN_POINT ( 'NONE',  ( -5.500000000000000000, -6.379211070675434126E-16, -3.000000000000000444 ) ) ;
#1158 = DIRECTION ( 'NONE',  ( 0.000000000000000000, -1.000000000000000000, 0.000000000000000000 ) ) ;
#1159 = APPLICATION_CONTEXT ( 'configuration controlled 3d designs of mechanical parts and assemblies' ) ;
#1160 = AXIS2_PLACEMENT_3D ( 'NONE', #1485, #1507, #223 ) ;
#1161 = ADVANCED_FACE ( 'NONE', ( #854 ), #581, .T. ) ;
#1162 = AXIS2_PLACEMENT_3D ( 'NONE', #1457, #333, #835 ) ;
#1163 = AXIS2_PLACEMENT_3D ( 'NONE', #1356, #1064, #437 ) ;
#1164 = DIRECTION ( 'NONE',  ( -0.000000000000000000, -0.000000000000000000, 1.000000000000000000 ) ) ;
#1165 = EDGE_LOOP ( 'NONE', ( #187, #1298, #48 ) ) ;
#1166 = PERSON_AND_ORGANIZATION_ROLE ( 'creator' ) ;
#1167 = CARTESIAN_POINT ( 'NONE',  ( -2.849999999999999645, 0.4999999999999997780, 3.000000000000000000 ) ) ;
#1168 = EDGE_CURVE ( 'NONE', #1600, #141, #81, .T. ) ;
#1169 = VERTEX_POINT ( 'NONE', #217 ) ;
#1170 = ORIENTED_EDGE ( 'NONE', *, *, #288, .F. ) ;
#1171 = CIRCLE ( 'NONE', #430, 0.5000000000000000000 ) ;
#1172 = ORIENTED_EDGE ( 'NONE', *, *, #1244, .T. ) ;
#1173 = CARTESIAN_POINT ( 'NONE',  ( 0.000000000000000000, 0.000000000000000000, 0.000000000000000000 ) ) ;
#1174 = DIRECTION ( 'NONE',  ( -0.000000000000000000, -0.000000000000000000, 1.000000000000000000 ) ) ;
#1175 = FACE_OUTER_BOUND ( 'NONE', #386, .T. ) ;
#1176 = ADVANCED_FACE ( 'NONE', ( #487 ), #685, .T. ) ;
#1177 = ORIENTED_EDGE ( 'NONE', *, *, #191, .T. ) ;
#1178 = VERTEX_POINT ( 'NONE', #1475 ) ;
#1179 = PERSON_AND_ORGANIZATION ( #676, #424 ) ;
#1180 = LINE ( 'NONE', #551, #805 ) ;
#1181 = CARTESIAN_POINT ( 'NONE',  ( 0.000000000000000000, -2.000000000000000000, 0.000000000000000000 ) ) ;
#1182 = EDGE_CURVE ( 'NONE', #936, #154, #445, .T. ) ;
#1183 = ORIENTED_EDGE ( 'NONE', *, *, #933, .T. ) ;
#1184 = LINE ( 'NONE', #1548, #1081 ) ;
#1185 = EDGE_LOOP ( 'NONE', ( #901, #111, #748, #774 ) ) ;
#1186 = CARTESIAN_POINT ( 'NONE',  ( 2.849999999999999645, -0.5000000000000000000, -3.000000000000000444 ) ) ;
#1187 = EDGE_CURVE ( 'NONE', #292, #361, #715, .T. ) ;
#1188 = VECTOR ( 'NONE', #1493, 1000.000000000000000 ) ;
#1189 = DIRECTION ( 'NONE',  ( 1.000000000000000000, 4.336808689942017736E-16, -8.673617379884035472E-16 ) ) ;
#1190 = CYLINDRICAL_SURFACE ( 'NONE', #942, 0.5000000000000000000 ) ;
#1191 = AXIS2_PLACEMENT_3D ( 'NONE', #517, #870, #1585 ) ;
#1192 = EDGE_LOOP ( 'NONE', ( #123, #1093, #1125, #1102 ) ) ;
#1193 = EDGE_CURVE ( 'NONE', #180, #1169, #690, .T. ) ;
#1194 = AXIS2_PLACEMENT_3D ( 'NONE', #851, #332, #1352 ) ;
#1195 = AXIS2_PLACEMENT_3D ( 'NONE', #290, #796, #1274 ) ;
#1196 = ORIENTED_EDGE ( 'NONE', *, *, #1182, .T. ) ;
#1197 = CARTESIAN_POINT ( 'NONE',  ( 2.349999999999999645, -0.5000000000000001110, -3.000000000000000444 ) ) ;
#1198 = DIRECTION ( 'NONE',  ( -1.000000000000000000, 0.000000000000000000, 0.000000000000000000 ) ) ;
#1199 = VERTEX_POINT ( 'NONE', #13 ) ;
#1200 = EDGE_CURVE ( 'NONE', #426, #1444, #64, .T. ) ;
#1201 = CIRCLE ( 'NONE', #490, 1.000000000000000000 ) ;
#1202 = AXIS2_PLACEMENT_3D ( 'NONE', #646, #613, #1138 ) ;
#1203 = DIRECTION ( 'NONE',  ( 0.000000000000000000, 1.000000000000000000, 0.000000000000000000 ) ) ;
#1204 = AXIS2_PLACEMENT_3D ( 'NONE', #1603, #12, #486 ) ;
#1205 = FACE_OUTER_BOUND ( 'NONE', #1489, .T. ) ;
#1206 = DIRECTION ( 'NONE',  ( -9.227252531791526626E-17, -1.000000000000000000, 0.000000000000000000 ) ) ;
#1207 = AXIS2_PLACEMENT_3D ( 'NONE', #1050, #387, #1068 ) ;
#1208 = AXIS2_PLACEMENT_3D ( 'NONE', #979, #313, #1238 ) ;
#1209 = DIRECTION ( 'NONE',  ( 1.000000000000000000, -2.168404344971008868E-16, 0.000000000000000000 ) ) ;
#1210 = CIRCLE ( 'NONE', #868, 0.5000000000000000000 ) ;
#1211 = CARTESIAN_POINT ( 'NONE',  ( 1.850000000000000089, -1.500000000000000000, -3.500000000000000000 ) ) ;
#1212 = EDGE_CURVE ( 'NONE', #120, #789, #499, .T. ) ;
#1213 = FACE_OUTER_BOUND ( 'NONE', #1501, .T. ) ;
#1214 = CARTESIAN_POINT ( 'NONE',  ( 5.500000000000000000, -5.505346540445921616E-16, 3.000000000000000000 ) ) ;
#1215 = AXIS2_PLACEMENT_3D ( 'NONE', #1602, #351, #1 ) ;
#1216 = SPHERICAL_SURFACE ( 'NONE', #326, 0.5000000000000000000 ) ;
#1217 = FACE_OUTER_BOUND ( 'NONE', #1394, .T. ) ;
#1218 = DIRECTION ( 'NONE',  ( 1.000000000000000000, 0.000000000000000000, 0.000000000000000000 ) ) ;
#1219 = CARTESIAN_POINT ( 'NONE',  ( -2.349999999999999645, -4.814824860968089633E-32, 3.000000000000000000 ) ) ;
#1220 = EDGE_CURVE ( 'NONE', #1444, #689, #643, .T. ) ;
#1221 = DIRECTION ( 'NONE',  ( 1.000000000000000000, 0.000000000000000000, 4.336808689942021680E-16 ) ) ;
#1222 = VECTOR ( 'NONE', #680, 1000.000000000000000 ) ;
#1223 = ORIENTED_EDGE ( 'NONE', *, *, #558, .F. ) ;
#1224 = FACE_OUTER_BOUND ( 'NONE', #1165, .T. ) ;
#1225 = DIRECTION ( 'NONE',  ( -0.000000000000000000, -0.000000000000000000, 1.000000000000000000 ) ) ;
#1226 = CARTESIAN_POINT ( 'NONE',  ( 6.000000000000000000, 0.4999999999999993339, 3.500000000000000000 ) ) ;
#1227 = CARTESIAN_POINT ( 'NONE',  ( 1.849999999999999867, -2.000000000000000000, -3.000000000000000444 ) ) ;
#1228 = VERTEX_POINT ( 'NONE', #1259 ) ;
#1229 = CARTESIAN_POINT ( 'NONE',  ( -2.849999999999999645, -0.5000000000000000000, -3.500000000000000000 ) ) ;
#1230 = AXIS2_PLACEMENT_3D ( 'NONE', #24, #368, #6 ) ;
#1231 = APPROVAL ( #1285, 'UNSPECIFIED' ) ;
#1232 = CIRCLE ( 'NONE', #944, 0.5000000000000000000 ) ;
#1233 = EDGE_CURVE ( 'NONE', #117, #689, #451, .T. ) ;
#1234 = CARTESIAN_POINT ( 'NONE',  ( 0.000000000000000000, -1.499999999999999778, 0.000000000000000000 ) ) ;
#1235 = ORIENTED_EDGE ( 'NONE', *, *, #988, .F. ) ;
#1236 = CARTESIAN_POINT ( 'NONE',  ( -5.500000000000000000, 3.999999999999999112, 3.500000000000000000 ) ) ;
#1237 = FACE_OUTER_BOUND ( 'NONE', #1192, .T. ) ;
#1238 = DIRECTION ( 'NONE',  ( 0.000000000000000000, 0.000000000000000000, -1.000000000000000000 ) ) ;
#1239 = LOCAL_TIME ( 10, 41, 5.000000000000000000, #233 ) ;
#1240 = ORIENTED_EDGE ( 'NONE', *, *, #1021, .T. ) ;
#1241 = CARTESIAN_POINT ( 'NONE',  ( -2.849999999999999645, -8.738645302295114009E-17, -3.000000000000000444 ) ) ;
#1242 = FACE_BOUND ( 'NONE', #878, .T. ) ;
#1243 = CYLINDRICAL_SURFACE ( 'NONE', #1191, 0.5000000000000000000 ) ;
#1244 = EDGE_CURVE ( 'NONE', #1393, #624, #1508, .T. ) ;
#1245 = AXIS2_PLACEMENT_3D ( 'NONE', #604, #1467, #1110 ) ;
#1246 = ORIENTED_EDGE ( 'NONE', *, *, #1187, .F. ) ;
#1247 = VERTEX_POINT ( 'NONE', #366 ) ;
#1248 = DIRECTION ( 'NONE',  ( 0.000000000000000000, -1.000000000000000000, 0.000000000000000000 ) ) ;
#1249 = DIRECTION ( 'NONE',  ( 0.000000000000000000, 0.000000000000000000, -1.000000000000000000 ) ) ;
#1250 = CARTESIAN_POINT ( 'NONE',  ( 1.849999999999999645, 4.011548038196365420E-16, 3.500000000000000000 ) ) ;
#1251 = ORIENTED_EDGE ( 'NONE', *, *, #1072, .F. ) ;
#1252 = LINE ( 'NONE', #130, #291 ) ;
#1253 = AXIS2_PLACEMENT_3D ( 'NONE', #1575, #455, #833 ) ;
#1254 = DIRECTION ( 'NONE',  ( 1.000000000000000000, 2.168404344971008868E-16, 0.000000000000000000 ) ) ;
#1255 = CARTESIAN_POINT ( 'NONE',  ( -6.000000000000000000, 0.4999999999999993339, -3.000000000000000444 ) ) ;
#1256 = EDGE_CURVE ( 'NONE', #325, #926, #128, .T. ) ;
#1257 = ORIENTED_EDGE ( 'NONE', *, *, #810, .F. ) ;
#1258 = CARTESIAN_POINT ( 'NONE',  ( 2.849999999999999645, -0.5000000000000000000, 3.500000000000000000 ) ) ;
#1259 = CARTESIAN_POINT ( 'NONE',  ( -2.849999999999999645, -8.738645302295114009E-17, 3.000000000000000000 ) ) ;
#1260 = ORIENTED_EDGE ( 'NONE', *, *, #956, .T. ) ;
#1261 = CARTESIAN_POINT ( 'NONE',  ( 2.849999999999999645, -8.738645302295123870E-17, -3.500000000000000000 ) ) ;
#1262 = DIRECTION ( 'NONE',  ( 1.000000000000000000, -0.000000000000000000, -0.000000000000000000 ) ) ;
#1263 = DIRECTION ( 'NONE',  ( -9.227252531791526626E-17, -1.000000000000000000, 0.000000000000000000 ) ) ;
#1264 = VERTEX_POINT ( 'NONE', #4 ) ;
#1265 = CIRCLE ( 'NONE', #918, 0.4999999999999997780 ) ;
#1266 = CARTESIAN_POINT ( 'NONE',  ( -1.850000000000000089, -2.000000000000000000, 1.095445115010332149 ) ) ;
#1267 = DIRECTION ( 'NONE',  ( -0.000000000000000000, 1.000000000000000000, -0.000000000000000000 ) ) ;
#1268 = VERTEX_POINT ( 'NONE', #1379 ) ;
#1269 = LINE ( 'NONE', #1606, #1413 ) ;
#1270 = DIRECTION ( 'NONE',  ( -1.000000000000000000, 0.000000000000000000, 0.000000000000000000 ) ) ;
#1271 = DIRECTION ( 'NONE',  ( -1.000000000000000000, 0.000000000000000000, 0.000000000000000000 ) ) ;
#1272 = EDGE_LOOP ( 'NONE', ( #999, #635, #1478 ) ) ;
#1273 = B_SPLINE_CURVE_WITH_KNOTS ( 'NONE', 3,
 ( #489, #1371, #391, #1502, #378, #625 ),
 .UNSPECIFIED., .F., .F.,
 ( 4, 2, 4 ),
 ( -6.265259513591319584E-06, 0.0005466787250054071495, 0.001099622709524405561 ),
 .UNSPECIFIED. ) ;
#1274 = DIRECTION ( 'NONE',  ( 0.000000000000000000, 0.000000000000000000, -1.000000000000000000 ) ) ;
#1275 = ORIENTED_EDGE ( 'NONE', *, *, #317, .F. ) ;
#1276 = ADVANCED_FACE ( 'NONE', ( #255 ), #379, .T. ) ;
#1277 = ORIENTED_EDGE ( 'NONE', *, *, #1200, .T. ) ;
#1278 = LINE ( 'NONE', #759, #467 ) ;
#1279 = CARTESIAN_POINT ( 'NONE',  ( -1.850000000000000089, -1.999999999999999556, 3.500000000000000000 ) ) ;
#1280 = EDGE_CURVE ( 'NONE', #812, #117, #1375, .T. ) ;
#1281 = CARTESIAN_POINT ( 'NONE',  ( -2.000841448208148758E-32, -1.499999999999999778, 1.650000000000000133 ) ) ;
#1282 = ORIENTED_EDGE ( 'NONE', *, *, #1066, .F. ) ;
#1283 = ORIENTED_EDGE ( 'NONE', *, *, #1021, .F. ) ;
#1284 = EDGE_CURVE ( 'NONE', #850, #824, #865, .T. ) ;
#1285 = APPROVAL_STATUS ( 'not_yet_approved' ) ;
#1286 = CARTESIAN_POINT ( 'NONE',  ( -6.000000000000000000, 0.4999999999999992784, -3.500000000000000000 ) ) ;
#1287 = AXIS2_PLACEMENT_3D ( 'NONE', #1113, #987, #1121 ) ;
#1288 = CIRCLE ( 'NONE', #531, 0.5000000000000000000 ) ;
#1289 = LINE ( 'NONE', #171, #1131 ) ;
#1290 = ORIENTED_EDGE ( 'NONE', *, *, #185, .T. ) ;
#1291 = EDGE_LOOP ( 'NONE', ( #1260, #782, #528, #157, #1108, #156, #470, #1305, #1420, #585 ) ) ;
#1292 = APPROVAL_DATE_TIME ( #792, #309 ) ;
#1293 = DIRECTION ( 'NONE',  ( -1.000000000000000000, 9.227252531791526626E-17, 0.000000000000000000 ) ) ;
#1294 = EDGE_CURVE ( 'NONE', #1600, #742, #775, .T. ) ;
#1295 = DIRECTION ( 'NONE',  ( -1.000000000000000000, -1.747729060459023048E-16, 0.000000000000000000 ) ) ;
#1296 = ORIENTED_EDGE ( 'NONE', *, *, #1036, .T. ) ;
#1297 = AXIS2_PLACEMENT_3D ( 'NONE', #842, #863, #1104 ) ;
#1298 = ORIENTED_EDGE ( 'NONE', *, *, #413, .T. ) ;
#1299 = ORIENTED_EDGE ( 'NONE', *, *, #802, .F. ) ;
#1300 = DIRECTION ( 'NONE',  ( 1.000000000000000000, -2.168404344971009361E-16, 0.000000000000000000 ) ) ;
#1301 = EDGE_CURVE ( 'NONE', #1600, #1132, #984, .T. ) ;
#1302 = CIRCLE ( 'NONE', #1349, 0.5000000000000000000 ) ;
#1303 = ADVANCED_FACE ( 'NONE', ( #269 ), #770, .T. ) ;
#1304 = VERTEX_POINT ( 'NONE', #729 ) ;
#1305 = ORIENTED_EDGE ( 'NONE', *, *, #948, .T. ) ;
#1306 = DIRECTION ( 'NONE',  ( 1.000000000000000000, -1.747729060459022802E-16, 0.000000000000000000 ) ) ;
#1307 = FACE_OUTER_BOUND ( 'NONE', #895, .T. ) ;
#1308 = ADVANCED_FACE ( 'NONE', ( #751 ), #1243, .T. ) ;
#1309 = ORIENTED_EDGE ( 'NONE', *, *, #1540, .T. ) ;
#1310 = EDGE_LOOP ( 'NONE', ( #927, #1483, #1283, #518, #530, #630, #985 ) ) ;
#1311 = VECTOR ( 'NONE', #639, 1000.000000000000000 ) ;
#1312 = ORIENTED_EDGE ( 'NONE', *, *, #147, .T. ) ;
#1313 = CARTESIAN_POINT ( 'NONE',  ( 1.850000000000000089, -1.500000000000000000, 3.000000000000000000 ) ) ;
#1314 = FACE_OUTER_BOUND ( 'NONE', #1584, .T. ) ;
#1315 = AXIS2_PLACEMENT_3D ( 'NONE', #507, #99, #1494 ) ;
#1316 = EDGE_CURVE ( 'NONE', #84, #265, #904, .T. ) ;
#1317 = EDGE_LOOP ( 'NONE', ( #945, #766, #1495, #1290 ) ) ;
#1318 = ORIENTED_EDGE ( 'NONE', *, *, #941, .F. ) ;
#1319 = CIRCLE ( 'NONE', #411, 0.5000000000000000000 ) ;
#1320 = CARTESIAN_POINT ( 'NONE',  ( 2.020667218593133001E-16, 3.499999999999999556, -1.650000000000000133 ) ) ;
#1321 = DIRECTION ( 'NONE',  ( -1.000000000000000000, 0.000000000000000000, 0.000000000000000000 ) ) ;
#1322 = DIRECTION ( 'NONE',  ( 4.336808689942017736E-16, 0.000000000000000000, -1.000000000000000000 ) ) ;
#1323 = AXIS2_PLACEMENT_3D ( 'NONE', #1117, #266, #768 ) ;
#1324 = ORIENTED_EDGE ( 'NONE', *, *, #1168, .F. ) ;
#1325 = CARTESIAN_POINT ( 'NONE',  ( 5.500000000000000000, 3.499999999999999112, 3.000000000000000000 ) ) ;
#1326 = LINE ( 'NONE', #947, #1013 ) ;
#1327 = DIRECTION ( 'NONE',  ( 0.000000000000000000, -1.000000000000000000, 0.000000000000000000 ) ) ;
#1328 = CARTESIAN_POINT ( 'NONE',  ( 0.000000000000000000, -1.499999999999999778, 0.000000000000000000 ) ) ;
#1329 = CIRCLE ( 'NONE', #501, 0.5000000000000000000 ) ;
#1330 = AXIS2_PLACEMENT_3D ( 'NONE', #1328, #1206, #962 ) ;
#1331 = EDGE_CURVE ( 'NONE', #246, #624, #608, .T. ) ;
#1332 = ORIENTED_EDGE ( 'NONE', *, *, #1193, .F. ) ;
#1333 = DIRECTION ( 'NONE',  ( 0.000000000000000000, 1.000000000000000000, 0.000000000000000000 ) ) ;
#1334 = DIRECTION ( 'NONE',  ( 0.000000000000000000, 0.000000000000000000, 1.000000000000000000 ) ) ;
#1335 = ADVANCED_FACE ( 'NONE', ( #1609 ), #1142, .T. ) ;
#1336 = CARTESIAN_POINT ( 'NONE',  ( 5.500000000000000000, 3.999999999999999112, -3.000000000000000444 ) ) ;
#1337 = CARTESIAN_POINT ( 'NONE',  ( 2.849999999999999645, -0.5000000000000000000, 3.000000000000000000 ) ) ;
#1338 = DIRECTION ( 'NONE',  ( -0.000000000000000000, -0.000000000000000000, 1.000000000000000000 ) ) ;
#1339 = AXIS2_PLACEMENT_3D ( 'NONE', #1186, #61, #557 ) ;
#1340 = AXIS2_PLACEMENT_3D ( 'NONE', #744, #1248, #1565 ) ;
#1341 = CARTESIAN_POINT ( 'NONE',  ( -1.650000000000000355, -1.499999999999999556, 0.000000000000000000 ) ) ;
#1342 = DIRECTION ( 'NONE',  ( 0.000000000000000000, 1.000000000000000000, 0.000000000000000000 ) ) ;
#1343 = CC_DESIGN_PERSON_AND_ORGANIZATION_ASSIGNMENT ( #307, #684, ( #318 ) ) ;
#1344 = DIRECTION ( 'NONE',  ( 1.000000000000000000, -0.000000000000000000, 0.000000000000000000 ) ) ;
#1345 = DIRECTION ( 'NONE',  ( 1.000000000000000000, 0.000000000000000000, -0.000000000000000000 ) ) ;
#1346 = ADVANCED_FACE ( 'NONE', ( #615 ), #1383, .T. ) ;
#1347 = ORIENTED_EDGE ( 'NONE', *, *, #381, .T. ) ;
#1348 = CARTESIAN_POINT ( 'NONE',  ( -2.350000000000000089, -1.999999999999999556, 3.000000000000000000 ) ) ;
#1349 = AXIS2_PLACEMENT_3D ( 'NONE', #1167, #539, #1043 ) ;
#1350 = DIRECTION ( 'NONE',  ( -1.000000000000000000, 1.747729060459022802E-16, -0.000000000000000000 ) ) ;
#1351 = EDGE_LOOP ( 'NONE', ( #1526, #619, #314, #1170 ) ) ;
#1352 = DIRECTION ( 'NONE',  ( -1.000000000000000000, 0.000000000000000000, 0.000000000000000000 ) ) ;
#1353 = FACE_OUTER_BOUND ( 'NONE', #905, .T. ) ;
#1354 = DIRECTION ( 'NONE',  ( 0.000000000000000000, 0.000000000000000000, 1.000000000000000000 ) ) ;
#1355 = AXIS2_PLACEMENT_3D ( 'NONE', #723, #1123, #94 ) ;
#1356 = CARTESIAN_POINT ( 'NONE',  ( -2.149999999999999911, -1.499999999999999556, 0.000000000000000000 ) ) ;
#1357 = ORIENTED_EDGE ( 'NONE', *, *, #1007, .F. ) ;
#1358 = CARTESIAN_POINT ( 'NONE',  ( -2.000000000000027089, -1.976969600708558650, -9.699503733421092585E-14 ) ) ;
#1359 = EDGE_CURVE ( 'NONE', #361, #320, #594, .T. ) ;
#1360 = EDGE_LOOP ( 'NONE', ( #256, #236, #1607, #1275, #1005, #1282, #1391 ) ) ;
#1361 = CIRCLE ( 'NONE', #1208, 0.5000000000000000000 ) ;
#1362 = DIRECTION ( 'NONE',  ( -1.000000000000000000, 1.747729060459022802E-16, 0.000000000000000000 ) ) ;
#1363 = DIRECTION ( 'NONE',  ( 0.000000000000000000, 0.000000000000000000, -1.000000000000000000 ) ) ;
#1364 = ORIENTED_EDGE ( 'NONE', *, *, #931, .T. ) ;
#1365 = VERTEX_POINT ( 'NONE', #108 ) ;
#1366 = PLANE ( 'NONE',  #1297 ) ;
#1367 = FACE_OUTER_BOUND ( 'NONE', #148, .T. ) ;
#1368 = CARTESIAN_POINT ( 'NONE',  ( -2.849999999999999645, -0.5000000000000000000, -3.000000000000000444 ) ) ;
#1369 = CC_DESIGN_APPROVAL ( #1231, ( #1461 ) ) ;
#1370 = ORIENTED_EDGE ( 'NONE', *, *, #584, .T. ) ;
#1371 = CARTESIAN_POINT ( 'NONE',  ( 1.898559039263632231, -2.000000000000019540, 0.9176420762947098408 ) ) ;
#1372 = ADVANCED_FACE ( 'NONE', ( #890 ), #1480, .F. ) ;
#1373 = DIRECTION ( 'NONE',  ( 0.000000000000000000, -0.000000000000000000, -1.000000000000000000 ) ) ;
#1374 = CARTESIAN_POINT ( 'NONE',  ( 5.500000000000000000, 3.499999999999999112, -3.000000000000000444 ) ) ;
#1375 = CIRCLE ( 'NONE', #1551, 0.5000000000000004441 ) ;
#1376 = VERTEX_POINT ( 'NONE', #741 ) ;
#1377 = ORIENTED_EDGE ( 'NONE', *, *, #49, .F. ) ;
#1378 = SPHERICAL_SURFACE ( 'NONE', #1563, 0.5000000000000000000 ) ;
#1379 = CARTESIAN_POINT ( 'NONE',  ( 2.849999999999999645, 0.4999999999999997780, -3.500000000000000000 ) ) ;
#1380 = ORIENTED_EDGE ( 'NONE', *, *, #502, .T. ) ;
#1381 = CARTESIAN_POINT ( 'NONE',  ( -1.850000000000000089, -2.000000000000000000, -1.095445115010332149 ) ) ;
#1382 = DIRECTION ( 'NONE',  ( -0.000000000000000000, -0.000000000000000000, -1.000000000000000000 ) ) ;
#1383 = CYLINDRICAL_SURFACE ( 'NONE', #1572, 0.5000000000000000000 ) ;
#1384 = ORIENTED_EDGE ( 'NONE', *, *, #558, .T. ) ;
#1385 = PLANE ( 'NONE',  #348 ) ;
#1386 = DIRECTION ( 'NONE',  ( 1.000000000000000000, -0.000000000000000000, -0.000000000000000000 ) ) ;
#1387 = ORIENTED_EDGE ( 'NONE', *, *, #1401, .T. ) ;
#1388 = CARTESIAN_POINT ( 'NONE',  ( 1.849999999999999645, -0.5000000000000002220, -3.000000000000000444 ) ) ;
#1389 = CARTESIAN_POINT ( 'NONE',  ( 1.999999999998125721, -1.976969600709695296, -0.1851859860781601141 ) ) ;
#1390 = DIRECTION ( 'NONE',  ( -4.336808689942017736E-16, -1.000000000000000000, -8.673617379884035472E-16 ) ) ;
#1391 = ORIENTED_EDGE ( 'NONE', *, *, #1316, .F. ) ;
#1392 = EDGE_CURVE ( 'NONE', #1402, #389, #468, .T. ) ;
#1393 = VERTEX_POINT ( 'NONE', #239 ) ;
#1394 = EDGE_LOOP ( 'NONE', ( #1539, #725, #260 ) ) ;
#1395 = AXIS2_PLACEMENT_3D ( 'NONE', #358, #18, #238 ) ;
#1396 = ORIENTED_EDGE ( 'NONE', *, *, #1558, .F. ) ;
#1397 = DIRECTION ( 'NONE',  ( 0.000000000000000000, -1.000000000000000000, 0.000000000000000000 ) ) ;
#1398 = PLANE ( 'NONE',  #655 ) ;
#1399 = VECTOR ( 'NONE', #632, 1000.000000000000000 ) ;
#1400 = DIRECTION ( 'NONE',  ( -1.000000000000000000, 1.314184451497581013E-16, 0.000000000000000000 ) ) ;
#1401 = EDGE_CURVE ( 'NONE', #1247, #412, #371, .T. ) ;
#1402 = VERTEX_POINT ( 'NONE', #19 ) ;
#1403 = EDGE_CURVE ( 'NONE', #389, #612, #1144, .T. ) ;
#1404 = VERTEX_POINT ( 'NONE', #1255 ) ;
#1405 = AXIS2_PLACEMENT_3D ( 'NONE', #978, #1474, #734 ) ;
#1406 = AXIS2_PLACEMENT_3D ( 'NONE', #916, #263, #1400 ) ;
#1407 = PERSON_AND_ORGANIZATION_ROLE ( 'design_owner' ) ;
#1408 = DIRECTION ( 'NONE',  ( 0.000000000000000000, -1.000000000000000000, 0.000000000000000000 ) ) ;
#1409 = CARTESIAN_POINT ( 'NONE',  ( -2.849999999999999645, -0.5000000000000000000, 3.000000000000000000 ) ) ;
#1410 = ORIENTED_EDGE ( 'NONE', *, *, #1586, .F. ) ;
#1411 = AXIS2_PLACEMENT_3D ( 'NONE', #1578, #837, #856 ) ;
#1412 = ORIENTED_EDGE ( 'NONE', *, *, #185, .F. ) ;
#1413 = VECTOR ( 'NONE', #867, 1000.000000000000000 ) ;
#1414 = EDGE_CURVE ( 'NONE', #265, #1264, #408, .T. ) ;
#1415 = APPROVAL_DATE_TIME ( #1541, #1231 ) ;
#1416 = CARTESIAN_POINT ( 'NONE',  ( 0.000000000000000000, -1.499999999999999778, 0.000000000000000000 ) ) ;
#1417 = CIRCLE ( 'NONE', #940, 0.5000000000000004441 ) ;
#1418 = AXIS2_PLACEMENT_3D ( 'NONE', #57, #71, #706 ) ;
#1419 = CARTESIAN_POINT ( 'NONE',  ( 2.349999999999999645, -0.5000000000000001110, 3.000000000000000000 ) ) ;
#1420 = ORIENTED_EDGE ( 'NONE', *, *, #1030, .T. ) ;
#1421 = ORIENTED_EDGE ( 'NONE', *, *, #913, .F. ) ;
#1422 = CALENDAR_DATE ( 2025, 23, 5 ) ;
#1423 = DIRECTION ( 'NONE',  ( -1.000000000000000000, 1.747729060459022802E-16, -0.000000000000000000 ) ) ;
#1424 = EDGE_CURVE ( 'NONE', #677, #806, #1171, .T. ) ;
#1425 = EDGE_CURVE ( 'NONE', #1562, #325, #143, .T. ) ;
#1426 = CYLINDRICAL_SURFACE ( 'NONE', #779, 0.5000000000000000000 ) ;
#1427 = ORIENTED_EDGE ( 'NONE', *, *, #341, .T. ) ;
#1428 = ORIENTED_EDGE ( 'NONE', *, *, #384, .F. ) ;
#1429 = SECURITY_CLASSIFICATION_LEVEL ( 'unclassified' ) ;
#1430 = CARTESIAN_POINT ( 'NONE',  ( -5.500000000000000000, 0.000000000000000000, 3.000000000000000000 ) ) ;
#1431 = ADVANCED_FACE ( 'NONE', ( #121 ), #1128, .F. ) ;
#1432 = CARTESIAN_POINT ( 'NONE',  ( 5.500000000000000000, 0.4999999999999994449, -3.000000000000000444 ) ) ;
#1433 = VECTOR ( 'NONE', #793, 1000.000000000000000 ) ;
#1434 = CARTESIAN_POINT ( 'NONE',  ( -1.849999999999999645, -1.084202172485505174E-16, -3.500000000000000000 ) ) ;
#1435 = ORIENTED_EDGE ( 'NONE', *, *, #170, .F. ) ;
#1436 = PERSON_AND_ORGANIZATION ( #676, #424 ) ;
#1437 = DIRECTION ( 'NONE',  ( 1.000000000000000000, 0.000000000000000000, 0.000000000000000000 ) ) ;
#1438 = VECTOR ( 'NONE', #65, 1000.000000000000000 ) ;
#1439 = ORIENTED_EDGE ( 'NONE', *, *, #1101, .F. ) ;
#1440 = DIRECTION ( 'NONE',  ( 1.000000000000000000, 0.000000000000000000, -0.000000000000000000 ) ) ;
#1441 = FACE_OUTER_BOUND ( 'NONE', #133, .T. ) ;
#1442 = ADVANCED_FACE ( 'NONE', ( #1511 ), #1039, .T. ) ;
#1443 = AXIS2_PLACEMENT_3D ( 'NONE', #961, #95, #1604 ) ;
#1444 = VERTEX_POINT ( 'NONE', #131 ) ;
#1445 = DIRECTION ( 'NONE',  ( 0.000000000000000000, -1.000000000000000000, 0.000000000000000000 ) ) ;
#1446 = AXIS2_PLACEMENT_3D ( 'NONE', #1004, #1267, #747 ) ;
#1447 = CARTESIAN_POINT ( 'NONE',  ( 2.849999999999999645, -8.738645302295127567E-17, 3.000000000000000000 ) ) ;
#1448 = EDGE_LOOP ( 'NONE', ( #783, #1460, #1046, #509, #861 ) ) ;
#1449 = CIRCLE ( 'NONE', #1194, 0.5000000000000004441 ) ;
#1450 = EDGE_LOOP ( 'NONE', ( #758, #1605, #482, #1143 ) ) ;
#1451 = DIRECTION ( 'NONE',  ( -4.336808689942017736E-16, 1.000000000000000000, -0.000000000000000000 ) ) ;
#1452 = CARTESIAN_POINT ( 'NONE',  ( 2.849999999999999645, -0.5000000000000000000, -3.000000000000000444 ) ) ;
#1453 = CARTESIAN_POINT ( 'NONE',  ( -5.500000000000000000, -5.505346540445921616E-16, 3.000000000000000000 ) ) ;
#1454 = EDGE_CURVE ( 'NONE', #1024, #606, #538, .T. ) ;
#1455 = ADVANCED_FACE ( 'NONE', ( #626 ), #277, .T. ) ;
#1456 = CARTESIAN_POINT ( 'NONE',  ( -5.500000000000000000, 0.4999999999999993339, -3.000000000000000000 ) ) ;
#1457 = CARTESIAN_POINT ( 'NONE',  ( 0.000000000000000000, -2.000000000000000000, 0.000000000000000000 ) ) ;
#1458 = DIRECTION ( 'NONE',  ( -0.000000000000000000, -0.000000000000000000, -1.000000000000000000 ) ) ;
#1459 = DIRECTION ( 'NONE',  ( 1.000000000000000000, 0.000000000000000000, 0.000000000000000000 ) ) ;
#1460 = ORIENTED_EDGE ( 'NONE', *, *, #1414, .T. ) ;
#1461 = PRODUCT_DEFINITION ( 'UNKNOWN', '', #1008, #407 ) ;
#1462 = CARTESIAN_POINT ( 'NONE',  ( 2.849999999999999645, 0.4999999999999997780, 3.500000000000000000 ) ) ;
#1463 = EDGE_CURVE ( 'NONE', #1365, #1304, #271, .T. ) ;
#1464 = LINE ( 'NONE', #722, #229 ) ;
#1465 = FACE_OUTER_BOUND ( 'NONE', #105, .T. ) ;
#1466 = LINE ( 'NONE', #1097, #75 ) ;
#1467 = DIRECTION ( 'NONE',  ( 0.000000000000000000, 0.000000000000000000, -1.000000000000000000 ) ) ;
#1468 = EDGE_LOOP ( 'NONE', ( #943, #1032, #1496, #181 ) ) ;
#1469 = DIRECTION ( 'NONE',  ( 0.000000000000000000, 8.673617379884035472E-16, -1.000000000000000000 ) ) ;
#1470 = AXIS2_PLACEMENT_3D ( 'NONE', #853, #353, #989 ) ;
#1471 = EDGE_CURVE ( 'NONE', #1304, #612, #1141, .T. ) ;
#1472 = CLOSED_SHELL ( 'NONE', ( #716, #1018, #224, #54, #352, #1533, #1488, #158, #973, #20, #186, #1431, #405, #525, #673, #1514, #46, #1176, #1372, #201, #964, #1335, #62, #1276, #402, #215, #284, #1303, #1308, #688, #651, #1161, #1543, #432, #1442, #459, #135, #1084, #1083, #1346, #621, #1122, #794, #273, #691, #575, #324, #882, #429, #1455, #337, #107, #548, #666, #647, #938, #634 ) ) ;
#1473 = SHAPE_DEFINITION_REPRESENTATION ( #500, #466 ) ;
#1474 = DIRECTION ( 'NONE',  ( 0.000000000000000000, 0.000000000000000000, -1.000000000000000000 ) ) ;
#1475 = CARTESIAN_POINT ( 'NONE',  ( 5.500000000000000000, 3.499999999999999112, 3.500000000000000000 ) ) ;
#1476 = EDGE_LOOP ( 'NONE', ( #199, #129, #362, #443 ) ) ;
#1477 = DIRECTION ( 'NONE',  ( 0.000000000000000000, 1.000000000000000000, 0.000000000000000000 ) ) ;
#1478 = ORIENTED_EDGE ( 'NONE', *, *, #1403, .F. ) ;
#1479 = CARTESIAN_POINT ( 'NONE',  ( 5.500000000000000000, 0.4999999999999993339, -3.000000000000000000 ) ) ;
#1480 = CYLINDRICAL_SURFACE ( 'NONE', #1111, 0.5000000000000000000 ) ;
#1481 = ORIENTED_EDGE ( 'NONE', *, *, #16, .T. ) ;
#1482 = CIRCLE ( 'NONE', #991, 0.5000000000000000000 ) ;
#1483 = ORIENTED_EDGE ( 'NONE', *, *, #1571, .T. ) ;
#1484 = DIRECTION ( 'NONE',  ( -2.168404344971009854E-16, 1.000000000000000000, 0.000000000000000000 ) ) ;
#1485 = CARTESIAN_POINT ( 'NONE',  ( -2.849999999999999645, -0.5000000000000000000, -3.000000000000000444 ) ) ;
#1486 = VECTOR ( 'NONE', #864, 1000.000000000000000 ) ;
#1487 = CARTESIAN_POINT ( 'NONE',  ( -5.500000000000000000, 3.499999999999999112, -3.000000000000000000 ) ) ;
#1488 = ADVANCED_FACE ( 'NONE', ( #523 ), #1009, .F. ) ;
#1489 = EDGE_LOOP ( 'NONE', ( #1520, #251, #394 ) ) ;
#1490 = DIRECTION ( 'NONE',  ( 0.000000000000000000, 0.000000000000000000, -1.000000000000000000 ) ) ;
#1491 = EDGE_CURVE ( 'NONE', #325, #612, #110, .T. ) ;
#1492 = AXIS2_PLACEMENT_3D ( 'NONE', #1115, #828, #1327 ) ;
#1493 = DIRECTION ( 'NONE',  ( 0.000000000000000000, 1.000000000000000000, 0.000000000000000000 ) ) ;
#1494 = DIRECTION ( 'NONE',  ( -1.000000000000000000, 0.000000000000000000, 0.000000000000000000 ) ) ;
#1495 = ORIENTED_EDGE ( 'NONE', *, *, #485, .T. ) ;
#1496 = ORIENTED_EDGE ( 'NONE', *, *, #762, .T. ) ;
#1497 = CARTESIAN_POINT ( 'NONE',  ( -1.849999999999999645, 4.011548038196366406E-16, 3.500000000000000000 ) ) ;
#1498 = CARTESIAN_POINT ( 'NONE',  ( 5.500000000000000000, 0.4999999999999993339, 3.500000000000000000 ) ) ;
#1499 = DIRECTION ( 'NONE',  ( -2.168404344971008868E-16, 1.000000000000000000, 0.000000000000000000 ) ) ;
#1500 = AXIS2_PLACEMENT_3D ( 'NONE', #1173, #906, #813 ) ;
#1501 = EDGE_LOOP ( 'NONE', ( #1506, #1396, #798, #1022 ) ) ;
#1502 = CARTESIAN_POINT ( 'NONE',  ( 1.987066053664196419, -1.981540916314205036, 0.3698458080899589273 ) ) ;
#1503 = CARTESIAN_POINT ( 'NONE',  ( 5.500000000000000000, 3.499999999999999112, -3.000000000000000444 ) ) ;
#1504 = DIRECTION ( 'NONE',  ( 1.000000000000000000, 0.000000000000000000, 0.000000000000000000 ) ) ;
#1505 = VECTOR ( 'NONE', #1198, 1000.000000000000000 ) ;
#1506 = ORIENTED_EDGE ( 'NONE', *, *, #147, .F. ) ;
#1507 = DIRECTION ( 'NONE',  ( -0.000000000000000000, -0.000000000000000000, 1.000000000000000000 ) ) ;
#1508 = LINE ( 'NONE', #1250, #278 ) ;
#1509 = EDGE_LOOP ( 'NONE', ( #1364, #587, #34, #743 ) ) ;
#1510 = DIRECTION ( 'NONE',  ( 1.000000000000000000, 0.000000000000000000, 0.000000000000000000 ) ) ;
#1511 = FACE_OUTER_BOUND ( 'NONE', #601, .T. ) ;
#1512 = AXIS2_PLACEMENT_3D ( 'NONE', #399, #287, #1158 ) ;
#1513 = DIRECTION ( 'NONE',  ( 0.000000000000000000, 0.000000000000000000, -1.000000000000000000 ) ) ;
#1514 = ADVANCED_FACE ( 'NONE', ( #382 ), #769, .T. ) ;
#1515 = ORIENTED_EDGE ( 'NONE', *, *, #1098, .T. ) ;
#1516 = EDGE_CURVE ( 'NONE', #1264, #180, #1278, .T. ) ;
#1517 = CARTESIAN_POINT ( 'NONE',  ( -1.987007167428582965, -1.981559572128747559, 0.3704976903588266812 ) ) ;
#1518 = EDGE_LOOP ( 'NONE', ( #1057, #1528, #367, #1587 ) ) ;
#1519 = CARTESIAN_POINT ( 'NONE',  ( -5.500000000000000000, 0.4999999999999993339, 3.500000000000000000 ) ) ;
#1520 = ORIENTED_EDGE ( 'NONE', *, *, #767, .T. ) ;
#1521 = CARTESIAN_POINT ( 'NONE',  ( 6.000000000000000000, -6.379211070675434126E-16, 3.500000000000000000 ) ) ;
#1522 = LINE ( 'NONE', #1286, #1433 ) ;
#1523 = ORIENTED_EDGE ( 'NONE', *, *, #784, .T. ) ;
#1524 = PRODUCT_RELATED_PRODUCT_CATEGORY ( 'detail', '', ( #749 ) ) ;
#1525 = ORIENTED_EDGE ( 'NONE', *, *, #87, .F. ) ;
#1526 = ORIENTED_EDGE ( 'NONE', *, *, #515, .T. ) ;
#1527 = LOCAL_TIME ( 10, 41, 5.000000000000000000, #294 ) ;
#1528 = ORIENTED_EDGE ( 'NONE', *, *, #109, .F. ) ;
#1529 = PERSON_AND_ORGANIZATION ( #676, #424 ) ;
#1530 = DIRECTION ( 'NONE',  ( 0.000000000000000000, 0.000000000000000000, -1.000000000000000000 ) ) ;
#1531 = VECTOR ( 'NONE', #1020, 1000.000000000000000 ) ;
#1532 = CARTESIAN_POINT ( 'NONE',  ( -1.936526353842854098, -1.993136670230768459, 0.7356052251366371753 ) ) ;
#1533 = ADVANCED_FACE ( 'NONE', ( #516, #1242 ), #159, .F. ) ;
#1534 = EDGE_LOOP ( 'NONE', ( #410, #543, #1299, #425 ) ) ;
#1535 = AXIS2_PLACEMENT_3D ( 'NONE', #959, #1333, #710 ) ;
#1536 = CARTESIAN_POINT ( 'NONE',  ( 1.936523892464522056, -1.993137153717716270, -0.7356194803197422249 ) ) ;
#1537 = DIRECTION ( 'NONE',  ( -1.224646799147353207E-16, 1.130012527798280363E-32, 1.000000000000000000 ) ) ;
#1538 = DIRECTION ( 'NONE',  ( -1.000000000000000000, 9.227252531791526626E-17, 0.000000000000000000 ) ) ;
#1539 = ORIENTED_EDGE ( 'NONE', *, *, #1168, .T. ) ;
#1540 = EDGE_CURVE ( 'NONE', #1562, #120, #1035, .T. ) ;
#1541 = DATE_AND_TIME ( #166, #795 ) ;
#1542 = LINE ( 'NONE', #921, #586 ) ;
#1543 = ADVANCED_FACE ( 'NONE', ( #26 ), #142, .T. ) ;
#1544 = VECTOR ( 'NONE', #1164, 1000.000000000000000 ) ;
#1545 = CARTESIAN_POINT ( 'NONE',  ( 6.000000000000000000, 3.499999999999999112, 3.000000000000000000 ) ) ;
#1546 = AXIS2_PLACEMENT_3D ( 'NONE', #726, #106, #1566 ) ;
#1547 = ORIENTED_EDGE ( 'NONE', *, *, #893, .F. ) ;
#1548 = CARTESIAN_POINT ( 'NONE',  ( -5.500000000000000000, -5.505346540445921616E-16, 3.500000000000000000 ) ) ;
#1549 = CARTESIAN_POINT ( 'NONE',  ( -1.849999999999999867, -0.5000000000000002220, 3.500000000000000000 ) ) ;
#1550 = LINE ( 'NONE', #433, #281 ) ;
#1551 = AXIS2_PLACEMENT_3D ( 'NONE', #886, #264, #146 ) ;
#1552 = FACE_OUTER_BOUND ( 'NONE', #32, .T. ) ;
#1553 = AXIS2_PLACEMENT_3D ( 'NONE', #484, #1484, #1591 ) ;
#1554 = ORIENTED_EDGE ( 'NONE', *, *, #355, .F. ) ;
#1555 = DATE_TIME_ROLE ( 'creation_date' ) ;
#1556 = ORIENTED_EDGE ( 'NONE', *, *, #1424, .T. ) ;
#1557 = FACE_OUTER_BOUND ( 'NONE', #1518, .T. ) ;
#1558 = EDGE_CURVE ( 'NONE', #246, #356, #370, .T. ) ;
#1559 = CARTESIAN_POINT ( 'NONE',  ( -1.849999999999999645, 4.011548038196366406E-16, 3.000000000000000000 ) ) ;
#1560 = CIRCLE ( 'NONE', #935, 0.5000000000000000000 ) ;
#1561 = CARTESIAN_POINT ( 'NONE',  ( 1.849999999999999867, -1.500000000000000000, -3.000000000000000000 ) ) ;
#1562 = VERTEX_POINT ( 'NONE', #1019 ) ;
#1563 = AXIS2_PLACEMENT_3D ( 'NONE', #1114, #234, #1354 ) ;
#1564 = FACE_OUTER_BOUND ( 'NONE', #298, .T. ) ;
#1565 = DIRECTION ( 'NONE',  ( 0.000000000000000000, 0.000000000000000000, -1.000000000000000000 ) ) ;
#1566 = DIRECTION ( 'NONE',  ( -1.000000000000000000, 0.000000000000000000, 0.000000000000000000 ) ) ;
#1567 = ORIENTED_EDGE ( 'NONE', *, *, #59, .F. ) ;
#1568 = COORDINATED_UNIVERSAL_TIME_OFFSET ( 1, 0, .AHEAD. ) ;
#1569 = DIRECTION ( 'NONE',  ( 1.000000000000000000, 0.000000000000000000, 0.000000000000000000 ) ) ;
#1570 = DIRECTION ( 'NONE',  ( -1.000000000000000000, -2.168404344971008868E-16, 0.000000000000000000 ) ) ;
#1571 = EDGE_CURVE ( 'NONE', #1376, #460, #611, .T. ) ;
#1572 = AXIS2_PLACEMENT_3D ( 'NONE', #1119, #1513, #228 ) ;
#1573 = DIRECTION ( 'NONE',  ( 0.000000000000000000, 0.000000000000000000, 1.000000000000000000 ) ) ;
#1574 = ORIENTED_EDGE ( 'NONE', *, *, #843, .T. ) ;
#1575 = CARTESIAN_POINT ( 'NONE',  ( -4.613626265895763313E-17, -2.000000000000000000, 0.000000000000000000 ) ) ;
#1576 = DIRECTION ( 'NONE',  ( -1.000000000000000000, 0.000000000000000000, 0.000000000000000000 ) ) ;
#1577 = DIRECTION ( 'NONE',  ( 1.000000000000000000, -0.000000000000000000, -0.000000000000000000 ) ) ;
#1578 = CARTESIAN_POINT ( 'NONE',  ( 5.500000000000000000, 0.4999999999999993339, 3.000000000000000000 ) ) ;
#1579 = CC_DESIGN_PERSON_AND_ORGANIZATION_ASSIGNMENT ( #664, #1166, ( #1461 ) ) ;
#1580 = CARTESIAN_POINT ( 'NONE',  ( 5.500000000000000000, 3.499999999999999112, 3.000000000000000000 ) ) ;
#1581 = DIRECTION ( 'NONE',  ( -0.000000000000000000, -0.000000000000000000, -1.000000000000000000 ) ) ;
#1582 = DIRECTION ( 'NONE',  ( 0.000000000000000000, 0.000000000000000000, 1.000000000000000000 ) ) ;
#1583 = DIRECTION ( 'NONE',  ( -2.168404344971008868E-16, 1.000000000000000000, 0.000000000000000000 ) ) ;
#1584 = EDGE_LOOP ( 'NONE', ( #39, #163, #508, #1196 ) ) ;
#1585 = DIRECTION ( 'NONE',  ( -1.000000000000000000, 0.000000000000000000, 0.000000000000000000 ) ) ;
#1586 = EDGE_CURVE ( 'NONE', #812, #179, #1184, .T. ) ;
#1587 = ORIENTED_EDGE ( 'NONE', *, *, #1301, .F. ) ;
#1588 = CC_DESIGN_SECURITY_CLASSIFICATION ( #318, ( #1008 ) ) ;
#1589 = ORIENTED_EDGE ( 'NONE', *, *, #913, .T. ) ;
#1590 = DIRECTION ( 'NONE',  ( 0.000000000000000000, 1.000000000000000000, 0.000000000000000000 ) ) ;
#1591 = DIRECTION ( 'NONE',  ( -1.000000000000000000, -2.168404344971008868E-16, 0.000000000000000000 ) ) ;
#1592 = SPHERICAL_SURFACE ( 'NONE', #494, 0.5000000000000000000 ) ;
#1593 = DIRECTION ( 'NONE',  ( 0.000000000000000000, 1.000000000000000000, 0.000000000000000000 ) ) ;
#1594 = ORIENTED_EDGE ( 'NONE', *, *, #910, .T. ) ;
#1595 = CARTESIAN_POINT ( 'NONE',  ( 0.000000000000000000, 4.000000000000000000, -2.149999999999999911 ) ) ;
#1596 = AXIS2_PLACEMENT_3D ( 'NONE', #877, #1386, #137 ) ;
#1597 = CARTESIAN_POINT ( 'NONE',  ( -1.849999999999999867, -1.499999999999999556, -3.000000000000000000 ) ) ;
#1598 = ORIENTED_EDGE ( 'NONE', *, *, #49, .T. ) ;
#1599 = EDGE_CURVE ( 'NONE', #812, #689, #1210, .T. ) ;
#1600 = VERTEX_POINT ( 'NONE', #35 ) ;
#1601 = CIRCLE ( 'NONE', #908, 0.5000000000000000000 ) ;
#1602 = CARTESIAN_POINT ( 'NONE',  ( -5.500000000000000000, 3.499999999999999112, 3.000000000000000000 ) ) ;
#1603 = CARTESIAN_POINT ( 'NONE',  ( -5.500000000000000000, 0.4999999999999994449, -3.000000000000000444 ) ) ;
#1604 = DIRECTION ( 'NONE',  ( -1.000000000000000000, 0.000000000000000000, 0.000000000000000000 ) ) ;
#1605 = ORIENTED_EDGE ( 'NONE', *, *, #618, .F. ) ;
#1606 = CARTESIAN_POINT ( 'NONE',  ( -2.350000000000000089, -1.999999999999999556, -3.000000000000000444 ) ) ;
#1607 = ORIENTED_EDGE ( 'NONE', *, *, #682, .F. ) ;
#1608 = DIRECTION ( 'NONE',  ( 0.000000000000000000, 0.000000000000000000, 1.000000000000000000 ) ) ;
#1609 = FACE_OUTER_BOUND ( 'NONE', #138, .T. ) ;
#1610 = CIRCLE ( 'NONE', #914, 1.000000000000000000 ) ;
#1611 = CIRCLE ( 'NONE', #1202, 0.5000000000000000000 ) ;
ENDSEC;
END-ISO-10303-21;
