ISO-10303-21;
HEADER;
FILE_DESCRIPTION (( 'STEP AP203' ),
    '1' );
FILE_NAME ('piece_serrage_rails_mobiles.STEP',
    '2025-05-23T08:38:30',
    ( '' ),
    ( '' ),
    'SwSTEP 2.0',
    'SolidWorks 2023',
    '' );
FILE_SCHEMA (( 'CONFIG_CONTROL_DESIGN' ));
ENDSEC;

DATA;
#1 = PERSON_AND_ORGANIZATION ( #1539, #576 ) ;
#2 = ORIENTED_EDGE ( 'NONE', *, *, #1216, .F. ) ;
#3 = CARTESIAN_POINT ( 'NONE',  ( 5.500000000000000000, 0.4999999999999993339, -3.000000000000000000 ) ) ;
#4 = DIRECTION ( 'NONE',  ( -1.000000000000000000, 0.000000000000000000, 0.000000000000000000 ) ) ;
#5 = ORIENTED_EDGE ( 'NONE', *, *, #445, .T. ) ;
#6 = DIRECTION ( 'NONE',  ( 0.000000000000000000, 0.000000000000000000, 1.000000000000000000 ) ) ;
#7 = EDGE_CURVE ( 'NONE', #71, #313, #805, .T. ) ;
#8 = EDGE_LOOP ( 'NONE', ( #522, #1185, #65, #1230 ) ) ;
#9 = APPROVAL_STATUS ( 'not_yet_approved' ) ;
#10 = ORIENTED_EDGE ( 'NONE', *, *, #1126, .T. ) ;
#11 = CARTESIAN_POINT ( 'NONE',  ( -2.849999999999999645, 0.4999999999999998890, -3.000000000000000444 ) ) ;
#12 = DIRECTION ( 'NONE',  ( -1.000000000000000000, 0.000000000000000000, 0.000000000000000000 ) ) ;
#13 = DIRECTION ( 'NONE',  ( 0.000000000000000000, 0.000000000000000000, 1.000000000000000000 ) ) ;
#14 = ORIENTED_EDGE ( 'NONE', *, *, #335, .T. ) ;
#15 = SPHERICAL_SURFACE ( 'NONE', #1258, 0.5000000000000000000 ) ;
#16 = CARTESIAN_POINT ( 'NONE',  ( 5.500000000000000000, 0.4999999999999994449, -3.000000000000000444 ) ) ;
#17 = ORIENTED_EDGE ( 'NONE', *, *, #1025, .T. ) ;
#18 = ADVANCED_FACE ( 'NONE', ( #1052 ), #1547, .F. ) ;
#19 = VERTEX_POINT ( 'NONE', #1433 ) ;
#20 = AXIS2_PLACEMENT_3D ( 'NONE', #1507, #401, #897 ) ;
#21 = AXIS2_PLACEMENT_3D ( 'NONE', #1355, #617, #1255 ) ;
#22 = AXIS2_PLACEMENT_3D ( 'NONE', #1310, #1063, #1400 ) ;
#23 = CC_DESIGN_SECURITY_CLASSIFICATION ( #306, ( #818 ) ) ;
#24 = CIRCLE ( 'NONE', #91, 1.000000000000000000 ) ;
#25 = DIRECTION ( 'NONE',  ( -0.000000000000000000, -0.000000000000000000, -1.000000000000000000 ) ) ;
#26 = ORIENTED_EDGE ( 'NONE', *, *, #1018, .F. ) ;
#27 = DIRECTION ( 'NONE',  ( -1.000000000000000000, 0.000000000000000000, -0.000000000000000000 ) ) ;
#28 = LINE ( 'NONE', #780, #1051 ) ;
#29 = ORIENTED_EDGE ( 'NONE', *, *, #713, .T. ) ;
#30 = MECHANICAL_CONTEXT ( 'NONE', #1422, 'mechanical' ) ;
#31 = VERTEX_POINT ( 'NONE', #812 ) ;
#32 = FACE_OUTER_BOUND ( 'NONE', #80, .T. ) ;
#33 = APPROVAL ( #291, 'UNSPECIFIED' ) ;
#34 = EDGE_CURVE ( 'NONE', #98, #1189, #923, .T. ) ;
#35 = DIRECTION ( 'NONE',  ( -0.000000000000000000, -1.000000000000000000, -0.000000000000000000 ) ) ;
#36 = CARTESIAN_POINT ( 'NONE',  ( 1.849999999999999645, -0.5000000000000000000, 3.500000000000000000 ) ) ;
#37 = ORIENTED_EDGE ( 'NONE', *, *, #1450, .F. ) ;
#38 = ORIENTED_EDGE ( 'NONE', *, *, #814, .F. ) ;
#39 = DIRECTION ( 'NONE',  ( 0.000000000000000000, 0.000000000000000000, 1.000000000000000000 ) ) ;
#40 = ADVANCED_FACE ( 'NONE', ( #1294 ), #332, .T. ) ;
#41 = DIRECTION ( 'NONE',  ( 0.000000000000000000, 0.000000000000000000, -1.000000000000000000 ) ) ;
#42 = CARTESIAN_POINT ( 'NONE',  ( 0.000000000000000000, -4.500000000000000000, 0.000000000000000000 ) ) ;
#43 = CARTESIAN_POINT ( 'NONE',  ( 2.849999999999999645, 0.4999999999999997780, -3.500000000000000000 ) ) ;
#44 = PERSON_AND_ORGANIZATION ( #1539, #576 ) ;
#45 = ORIENTED_EDGE ( 'NONE', *, *, #113, .F. ) ;
#46 = CARTESIAN_POINT ( 'NONE',  ( 0.000000000000000000, 3.499999999999998668, 0.000000000000000000 ) ) ;
#47 = CIRCLE ( 'NONE', #72, 0.5000000000000004441 ) ;
#48 = CIRCLE ( 'NONE', #947, 0.5000000000000000000 ) ;
#49 = AXIS2_PLACEMENT_3D ( 'NONE', #675, #69, #1042 ) ;
#50 = CIRCLE ( 'NONE', #1306, 0.5000000000000000000 ) ;
#51 = EDGE_CURVE ( 'NONE', #1012, #911, #544, .T. ) ;
#52 = PLANE ( 'NONE',  #973 ) ;
#53 = AXIS2_PLACEMENT_3D ( 'NONE', #1019, #180, #163 ) ;
#54 = FACE_OUTER_BOUND ( 'NONE', #1269, .T. ) ;
#55 = ADVANCED_FACE ( 'NONE', ( #209 ), #435, .F. ) ;
#56 = CARTESIAN_POINT ( 'NONE',  ( -5.500000000000000000, -6.379211070675434126E-16, -3.000000000000000444 ) ) ;
#57 = ORIENTED_EDGE ( 'NONE', *, *, #1010, .F. ) ;
#58 = CARTESIAN_POINT ( 'NONE',  ( 5.500000000000000000, 0.4999999999999993339, 3.500000000000000000 ) ) ;
#59 = ORIENTED_EDGE ( 'NONE', *, *, #1559, .T. ) ;
#60 = DIRECTION ( 'NONE',  ( 0.000000000000000000, 0.000000000000000000, -1.000000000000000000 ) ) ;
#61 = CYLINDRICAL_SURFACE ( 'NONE', #426, 0.5000000000000000000 ) ;
#62 = CARTESIAN_POINT ( 'NONE',  ( -2.849999999999999645, 0.4999999999999997780, 3.000000000000000000 ) ) ;
#63 = EDGE_CURVE ( 'NONE', #627, #374, #299, .T. ) ;
#64 = DIRECTION ( 'NONE',  ( 1.000000000000000000, -1.747729060459023048E-16, 0.000000000000000000 ) ) ;
#65 = ORIENTED_EDGE ( 'NONE', *, *, #1184, .T. ) ;
#66 = CARTESIAN_POINT ( 'NONE',  ( 8.738645302295121404E-17, 0.5000000000000003331, 3.500000000000000000 ) ) ;
#67 = DIRECTION ( 'NONE',  ( -1.000000000000000000, 0.000000000000000000, 0.000000000000000000 ) ) ;
#68 = LINE ( 'NONE', #1535, #149 ) ;
#69 = DIRECTION ( 'NONE',  ( 0.000000000000000000, 1.000000000000000000, 0.000000000000000000 ) ) ;
#70 = EDGE_CURVE ( 'NONE', #98, #19, #1590, .T. ) ;
#71 = VERTEX_POINT ( 'NONE', #944 ) ;
#72 = AXIS2_PLACEMENT_3D ( 'NONE', #466, #584, #981 ) ;
#73 = AXIS2_PLACEMENT_3D ( 'NONE', #390, #1505, #39 ) ;
#74 = AXIS2_PLACEMENT_3D ( 'NONE', #740, #1588, #470 ) ;
#75 = DIRECTION ( 'NONE',  ( 0.000000000000000000, 0.000000000000000000, 1.000000000000000000 ) ) ;
#76 = DIRECTION ( 'NONE',  ( 0.000000000000000000, 0.000000000000000000, 1.000000000000000000 ) ) ;
#77 = CIRCLE ( 'NONE', #228, 0.5000000000000004441 ) ;
#78 = CYLINDRICAL_SURFACE ( 'NONE', #686, 0.5000000000000001110 ) ;
#79 = ORIENTED_EDGE ( 'NONE', *, *, #1415, .F. ) ;
#80 = EDGE_LOOP ( 'NONE', ( #1550, #156, #1561, #258, #1195, #758 ) ) ;
#81 = EDGE_CURVE ( 'NONE', #1468, #1012, #68, .T. ) ;
#82 = DIRECTION ( 'NONE',  ( -0.000000000000000000, -0.000000000000000000, 1.000000000000000000 ) ) ;
#83 = DIRECTION ( 'NONE',  ( 0.000000000000000000, -1.000000000000000000, 0.000000000000000000 ) ) ;
#84 = ORIENTED_EDGE ( 'NONE', *, *, #620, .F. ) ;
#85 = ORIENTED_EDGE ( 'NONE', *, *, #81, .T. ) ;
#86 = ADVANCED_FACE ( 'NONE', ( #442 ), #1565, .T. ) ;
#87 = FACE_OUTER_BOUND ( 'NONE', #960, .T. ) ;
#88 = CYLINDRICAL_SURFACE ( 'NONE', #253, 0.5000000000000000000 ) ;
#89 = SPHERICAL_SURFACE ( 'NONE', #926, 0.5000000000000000000 ) ;
#90 = ORIENTED_EDGE ( 'NONE', *, *, #611, .T. ) ;
#91 = AXIS2_PLACEMENT_3D ( 'NONE', #672, #1171, #67 ) ;
#92 = CARTESIAN_POINT ( 'NONE',  ( 2.349999999999999645, 0.000000000000000000, -3.000000000000000444 ) ) ;
#93 = DIRECTION ( 'NONE',  ( 1.000000000000000000, -9.637352644315594010E-17, 0.000000000000000000 ) ) ;
#94 = VECTOR ( 'NONE', #1462, 1000.000000000000000 ) ;
#95 = SPHERICAL_SURFACE ( 'NONE', #706, 0.5000000000000000000 ) ;
#96 = ORIENTED_EDGE ( 'NONE', *, *, #335, .F. ) ;
#97 = VECTOR ( 'NONE', #342, 1000.000000000000000 ) ;
#98 = VERTEX_POINT ( 'NONE', #1069 ) ;
#99 = CYLINDRICAL_SURFACE ( 'NONE', #1222, 0.5000000000000004441 ) ;
#100 = VECTOR ( 'NONE', #1525, 1000.000000000000000 ) ;
#101 = CARTESIAN_POINT ( 'NONE',  ( 0.000000000000000000, 3.999999999999999112, 0.000000000000000000 ) ) ;
#102 = CYLINDRICAL_SURFACE ( 'NONE', #816, 0.5000000000000001110 ) ;
#103 = ORIENTED_EDGE ( 'NONE', *, *, #122, .T. ) ;
#104 = ORIENTED_EDGE ( 'NONE', *, *, #294, .T. ) ;
#105 = ADVANCED_FACE ( 'NONE', ( #679 ), #323, .T. ) ;
#106 = CARTESIAN_POINT ( 'NONE',  ( 1.898649428576506537, -4.500000000000019540, 0.9173111081631295516 ) ) ;
#107 = CYLINDRICAL_SURFACE ( 'NONE', #683, 0.5000000000000000000 ) ;
#108 = LINE ( 'NONE', #1465, #203 ) ;
#109 = CYLINDRICAL_SURFACE ( 'NONE', #1380, 0.5000000000000000000 ) ;
#110 = ORIENTED_EDGE ( 'NONE', *, *, #391, .T. ) ;
#111 = FACE_OUTER_BOUND ( 'NONE', #1120, .T. ) ;
#112 = ADVANCED_FACE ( 'NONE', ( #1178 ), #89, .T. ) ;
#113 = EDGE_CURVE ( 'NONE', #1150, #1138, #568, .T. ) ;
#114 = LINE ( 'NONE', #1345, #1301 ) ;
#115 = ORIENTED_EDGE ( 'NONE', *, *, #1575, .F. ) ;
#116 = CARTESIAN_POINT ( 'NONE',  ( 2.632990618166809235E-16, 3.999999999999998224, 2.149999999999999911 ) ) ;
#117 = AXIS2_PLACEMENT_3D ( 'NONE', #1401, #1276, #1536 ) ;
#118 = VERTEX_POINT ( 'NONE', #182 ) ;
#119 = LINE ( 'NONE', #607, #638 ) ;
#120 = APPROVAL_PERSON_ORGANIZATION ( #1007, #518, #855 ) ;
#121 = AXIS2_PLACEMENT_3D ( 'NONE', #1206, #1062, #455 ) ;
#122 = EDGE_CURVE ( 'NONE', #1443, #1324, #998, .T. ) ;
#123 = CARTESIAN_POINT ( 'NONE',  ( -6.000000000000000000, 3.999999999999999112, -3.000000000000000444 ) ) ;
#124 = EDGE_LOOP ( 'NONE', ( #1377, #786, #618 ) ) ;
#125 = FACE_OUTER_BOUND ( 'NONE', #574, .T. ) ;
#126 = DIRECTION ( 'NONE',  ( 1.000000000000000000, 0.000000000000000000, 0.000000000000000000 ) ) ;
#127 = ORIENTED_EDGE ( 'NONE', *, *, #785, .T. ) ;
#128 = FACE_OUTER_BOUND ( 'NONE', #283, .T. ) ;
#129 = LINE ( 'NONE', #741, #354 ) ;
#130 = CC_DESIGN_PERSON_AND_ORGANIZATION_ASSIGNMENT ( #1107, #1359, ( #854 ) ) ;
#131 = ORIENTED_EDGE ( 'NONE', *, *, #1041, .F. ) ;
#132 = CARTESIAN_POINT ( 'NONE',  ( 2.849999999999999645, -8.738645302295115241E-17, -3.000000000000000444 ) ) ;
#133 = ORIENTED_EDGE ( 'NONE', *, *, #1528, .F. ) ;
#134 = CALENDAR_DATE ( 2025, 23, 5 ) ;
#135 = ORIENTED_EDGE ( 'NONE', *, *, #1147, .T. ) ;
#136 = FACE_OUTER_BOUND ( 'NONE', #393, .T. ) ;
#137 = DIRECTION ( 'NONE',  ( 1.000000000000000000, 0.000000000000000000, 0.000000000000000000 ) ) ;
#138 = VERTEX_POINT ( 'NONE', #1442 ) ;
#139 = CARTESIAN_POINT ( 'NONE',  ( 5.500000000000000000, 0.4999999999999994449, 3.000000000000000000 ) ) ;
#140 = APPLICATION_CONTEXT ( 'configuration controlled 3d designs of mechanical parts and assemblies' ) ;
#141 = CARTESIAN_POINT ( 'NONE',  ( -1.849999999999999645, 1.782910239198384713E-16, 3.500000000000000000 ) ) ;
#142 = EDGE_LOOP ( 'NONE', ( #860, #1504, #940, #873 ) ) ;
#143 = DIRECTION ( 'NONE',  ( -1.000000000000000000, 0.000000000000000000, 0.000000000000000000 ) ) ;
#144 = ORIENTED_EDGE ( 'NONE', *, *, #608, .T. ) ;
#145 = ADVANCED_FACE ( 'NONE', ( #1333 ), #834, .T. ) ;
#146 = DIRECTION ( 'NONE',  ( 0.000000000000000000, 1.000000000000000000, -0.000000000000000000 ) ) ;
#147 = AXIS2_PLACEMENT_3D ( 'NONE', #1155, #1367, #900 ) ;
#148 = AXIS2_PLACEMENT_3D ( 'NONE', #314, #942, #60 ) ;
#149 = VECTOR ( 'NONE', #1194, 1000.000000000000000 ) ;
#150 = LOCAL_TIME ( 10, 38, 30.00000000000000000, #259 ) ;
#151 = AXIS2_PLACEMENT_3D ( 'NONE', #101, #965, #202 ) ;
#152 = CIRCLE ( 'NONE', #770, 0.5000000000000000000 ) ;
#153 = CYLINDRICAL_SURFACE ( 'NONE', #839, 0.5000000000000000000 ) ;
#154 = DIRECTION ( 'NONE',  ( 0.000000000000000000, 0.000000000000000000, -1.000000000000000000 ) ) ;
#155 = DIRECTION ( 'NONE',  ( 0.000000000000000000, 1.000000000000000000, 0.000000000000000000 ) ) ;
#156 = ORIENTED_EDGE ( 'NONE', *, *, #1473, .F. ) ;
#157 = ORIENTED_EDGE ( 'NONE', *, *, #113, .T. ) ;
#158 = LINE ( 'NONE', #1024, #555 ) ;
#159 = ADVANCED_FACE ( 'NONE', ( #1572 ), #1074, .F. ) ;
#160 = DIRECTION ( 'NONE',  ( -1.000000000000000000, 0.000000000000000000, 0.000000000000000000 ) ) ;
#161 = DIRECTION ( 'NONE',  ( 0.000000000000000000, 1.000000000000000000, 0.000000000000000000 ) ) ;
#162 = ORIENTED_EDGE ( 'NONE', *, *, #490, .F. ) ;
#163 = DIRECTION ( 'NONE',  ( 0.000000000000000000, 0.000000000000000000, -1.000000000000000000 ) ) ;
#164 = ORIENTED_EDGE ( 'NONE', *, *, #866, .F. ) ;
#165 = DIRECTION ( 'NONE',  ( 0.000000000000000000, 0.000000000000000000, -1.000000000000000000 ) ) ;
#166 = EDGE_CURVE ( 'NONE', #469, #889, #225, .T. ) ;
#167 = EDGE_CURVE ( 'NONE', #739, #1012, #531, .T. ) ;
#168 = DIRECTION ( 'NONE',  ( 0.000000000000000000, 1.000000000000000000, 0.000000000000000000 ) ) ;
#169 = DIRECTION ( 'NONE',  ( 1.000000000000000000, 0.000000000000000000, 0.000000000000000000 ) ) ;
#170 = DIRECTION ( 'NONE',  ( 0.000000000000000000, 0.000000000000000000, 1.000000000000000000 ) ) ;
#171 = CALENDAR_DATE ( 2025, 23, 5 ) ;
#172 = ORIENTED_EDGE ( 'NONE', *, *, #913, .T. ) ;
#173 = CARTESIAN_POINT ( 'NONE',  ( 0.000000000000000000, 0.000000000000000000, 3.500000000000000000 ) ) ;
#174 = ORIENTED_EDGE ( 'NONE', *, *, #1278, .T. ) ;
#175 = AXIS2_PLACEMENT_3D ( 'NONE', #1139, #777, #1151 ) ;
#176 = VECTOR ( 'NONE', #281, 1000.000000000000000 ) ;
#177 = ADVANCED_FACE ( 'NONE', ( #953 ), #102, .T. ) ;
#178 = AXIS2_PLACEMENT_3D ( 'NONE', #1407, #1280, #1543 ) ;
#179 = CARTESIAN_POINT ( 'NONE',  ( 5.500000000000000000, 0.4999999999999993339, 3.000000000000000000 ) ) ;
#180 = DIRECTION ( 'NONE',  ( 0.000000000000000000, -1.000000000000000000, 0.000000000000000000 ) ) ;
#181 = DATE_AND_TIME ( #171, #707 ) ;
#182 = CARTESIAN_POINT ( 'NONE',  ( 5.500000000000000000, 3.999999999999999112, -3.000000000000000444 ) ) ;
#183 = DIRECTION ( 'NONE',  ( -0.000000000000000000, 1.000000000000000000, -0.000000000000000000 ) ) ;
#184 = ORIENTED_EDGE ( 'NONE', *, *, #976, .T. ) ;
#185 = EDGE_CURVE ( 'NONE', #1587, #1468, #1090, .T. ) ;
#186 = CARTESIAN_POINT ( 'NONE',  ( 2.849999999999999645, -0.5000000000000000000, -3.500000000000000000 ) ) ;
#187 = DIRECTION ( 'NONE',  ( -0.000000000000000000, 1.000000000000000000, -0.000000000000000000 ) ) ;
#188 = CARTESIAN_POINT ( 'NONE',  ( 0.000000000000000000, -4.500000000000000000, 0.000000000000000000 ) ) ;
#189 = CARTESIAN_POINT ( 'NONE',  ( -5.500000000000000000, -5.505346540445921616E-16, 3.000000000000000000 ) ) ;
#190 = ORIENTED_EDGE ( 'NONE', *, *, #692, .T. ) ;
#191 = CARTESIAN_POINT ( 'NONE',  ( 0.000000000000000000, 3.499999999999998668, 0.000000000000000000 ) ) ;
#192 = CARTESIAN_POINT ( 'NONE',  ( -5.500000000000000000, 3.499999999999999112, 3.500000000000000000 ) ) ;
#193 = CARTESIAN_POINT ( 'NONE',  ( 2.349999999999999645, 0.000000000000000000, 3.500000000000000000 ) ) ;
#194 = CARTESIAN_POINT ( 'NONE',  ( -2.849999999999999645, -8.738645302295115241E-17, 3.000000000000000000 ) ) ;
#195 = ORIENTED_EDGE ( 'NONE', *, *, #1349, .F. ) ;
#196 = ADVANCED_FACE ( 'NONE', ( #1578 ), #95, .T. ) ;
#197 = EDGE_LOOP ( 'NONE', ( #1220, #569, #269 ) ) ;
#198 = CIRCLE ( 'NONE', #1100, 0.5000000000000000000 ) ;
#199 = AXIS2_PLACEMENT_3D ( 'NONE', #636, #1389, #165 ) ;
#200 = CIRCLE ( 'NONE', #1101, 0.5000000000000000000 ) ;
#201 = SPHERICAL_SURFACE ( 'NONE', #1252, 0.5000000000000000000 ) ;
#202 = DIRECTION ( 'NONE',  ( 0.000000000000000000, 0.000000000000000000, -1.000000000000000000 ) ) ;
#203 = VECTOR ( 'NONE', #265, 1000.000000000000000 ) ;
#204 = DIRECTION ( 'NONE',  ( -0.000000000000000000, -1.000000000000000000, -0.000000000000000000 ) ) ;
#205 = ORIENTED_EDGE ( 'NONE', *, *, #1223, .F. ) ;
#206 = EDGE_CURVE ( 'NONE', #226, #1429, #966, .T. ) ;
#207 = DIRECTION ( 'NONE',  ( 1.000000000000000000, 0.000000000000000000, 0.000000000000000000 ) ) ;
#208 = DIRECTION ( 'NONE',  ( -0.000000000000000000, -1.000000000000000000, -0.000000000000000000 ) ) ;
#209 = FACE_OUTER_BOUND ( 'NONE', #547, .T. ) ;
#210 = ORIENTED_EDGE ( 'NONE', *, *, #333, .T. ) ;
#211 = ADVANCED_FACE ( 'NONE', ( #486 ), #1475, .F. ) ;
#212 = EDGE_CURVE ( 'NONE', #421, #320, #1215, .T. ) ;
#213 = DIRECTION ( 'NONE',  ( 0.000000000000000000, -0.000000000000000000, -1.000000000000000000 ) ) ;
#214 = CARTESIAN_POINT ( 'NONE',  ( 2.849999999999999645, -0.5000000000000000000, -3.000000000000000444 ) ) ;
#215 = CARTESIAN_POINT ( 'NONE',  ( -5.500000000000000000, 3.499999999999999112, 3.000000000000000000 ) ) ;
#216 = VERTEX_POINT ( 'NONE', #1109 ) ;
#217 = EDGE_LOOP ( 'NONE', ( #1291, #744, #746, #1482 ) ) ;
#218 = DIRECTION ( 'NONE',  ( 1.000000000000000000, 1.747729060459023048E-16, 0.000000000000000000 ) ) ;
#219 = CIRCLE ( 'NONE', #737, 0.5000000000000000000 ) ;
#220 = FACE_OUTER_BOUND ( 'NONE', #485, .T. ) ;
#221 = EDGE_CURVE ( 'NONE', #1277, #502, #1303, .T. ) ;
#222 = CARTESIAN_POINT ( 'NONE',  ( 1.849999999999999645, -0.5000000000000000000, -3.500000000000000000 ) ) ;
#223 = AXIS2_PLACEMENT_3D ( 'NONE', #1490, #751, #1119 ) ;
#224 = CARTESIAN_POINT ( 'NONE',  ( 0.000000000000000000, -4.000000000000000000, 2.149999999999999911 ) ) ;
#225 = CIRCLE ( 'NONE', #505, 0.5000000000000000000 ) ;
#226 = VERTEX_POINT ( 'NONE', #479 ) ;
#227 = AXIS2_PLACEMENT_3D ( 'NONE', #912, #551, #425 ) ;
#228 = AXIS2_PLACEMENT_3D ( 'NONE', #239, #6, #761 ) ;
#229 = ORIENTED_EDGE ( 'NONE', *, *, #1537, .T. ) ;
#230 = DIRECTION ( 'NONE',  ( 0.000000000000000000, 0.000000000000000000, 1.000000000000000000 ) ) ;
#231 = AXIS2_PLACEMENT_3D ( 'NONE', #1288, #187, #1521 ) ;
#232 = FACE_BOUND ( 'NONE', #1105, .T. ) ;
#233 = CARTESIAN_POINT ( 'NONE',  ( 6.000000000000000000, 3.999999999999999112, -3.000000000000000444 ) ) ;
#234 = ADVANCED_FACE ( 'NONE', ( #968 ), #857, .T. ) ;
#235 = ORIENTED_EDGE ( 'NONE', *, *, #285, .T. ) ;
#236 = CARTESIAN_POINT ( 'NONE',  ( 1.936540497843083797, -4.493132148785039526, 0.7354469975124023895 ) ) ;
#237 = FACE_OUTER_BOUND ( 'NONE', #8, .T. ) ;
#238 = ORIENTED_EDGE ( 'NONE', *, *, #1018, .T. ) ;
#239 = CARTESIAN_POINT ( 'NONE',  ( -5.500000000000000000, 0.4999999999999993339, 3.000000000000000000 ) ) ;
#240 = DIRECTION ( 'NONE',  ( 0.000000000000000000, -1.000000000000000000, 0.000000000000000000 ) ) ;
#241 = ORIENTED_EDGE ( 'NONE', *, *, #684, .F. ) ;
#242 = CARTESIAN_POINT ( 'NONE',  ( 1.898649428576505205, -4.500000000000023981, -0.9173111081631294406 ) ) ;
#243 = PRODUCT ( 'piece_serrage_rails_mobiles', 'piece_serrage_rails_mobiles', '', ( #30 ) ) ;
#244 = EDGE_CURVE ( 'NONE', #256, #967, #200, .T. ) ;
#245 = DIRECTION ( 'NONE',  ( -0.000000000000000000, -1.000000000000000000, -0.000000000000000000 ) ) ;
#246 = EDGE_LOOP ( 'NONE', ( #1285, #37, #1305, #1021 ) ) ;
#247 = CARTESIAN_POINT ( 'NONE',  ( 6.000000000000000000, 0.4999999999999993339, -3.000000000000000444 ) ) ;
#248 = CIRCLE ( 'NONE', #1585, 0.5000000000000000000 ) ;
#249 = EDGE_LOOP ( 'NONE', ( #358, #670, #1297, #723 ) ) ;
#250 = DIRECTION ( 'NONE',  ( -0.000000000000000000, 1.000000000000000000, -0.000000000000000000 ) ) ;
#251 = SPHERICAL_SURFACE ( 'NONE', #73, 0.5000000000000000000 ) ;
#252 = CIRCLE ( 'NONE', #199, 0.5000000000000000000 ) ;
#253 = AXIS2_PLACEMENT_3D ( 'NONE', #710, #1073, #93 ) ;
#254 = EDGE_CURVE ( 'NONE', #1138, #450, #832, .T. ) ;
#255 = DIRECTION ( 'NONE',  ( 0.000000000000000000, 0.000000000000000000, -1.000000000000000000 ) ) ;
#256 = VERTEX_POINT ( 'NONE', #1483 ) ;
#257 = CARTESIAN_POINT ( 'NONE',  ( -5.500000000000000000, 3.499999999999999112, 3.000000000000000000 ) ) ;
#258 = ORIENTED_EDGE ( 'NONE', *, *, #1140, .F. ) ;
#259 = COORDINATED_UNIVERSAL_TIME_OFFSET ( 1, 0, .AHEAD. ) ;
#260 = ORIENTED_EDGE ( 'NONE', *, *, #1246, .F. ) ;
#261 = ORIENTED_EDGE ( 'NONE', *, *, #1025, .F. ) ;
#262 = DIRECTION ( 'NONE',  ( 0.000000000000000000, 0.000000000000000000, -1.000000000000000000 ) ) ;
#263 = EDGE_LOOP ( 'NONE', ( #229, #131, #748, #610 ) ) ;
#264 = ADVANCED_FACE ( 'NONE', ( #128 ), #99, .T. ) ;
#265 = DIRECTION ( 'NONE',  ( -0.000000000000000000, -0.000000000000000000, 1.000000000000000000 ) ) ;
#266 = LINE ( 'NONE', #141, #1128 ) ;
#267 = ORIENTED_EDGE ( 'NONE', *, *, #167, .T. ) ;
#268 = APPROVAL_DATE_TIME ( #1240, #697 ) ;
#269 = ORIENTED_EDGE ( 'NONE', *, *, #167, .F. ) ;
#270 = CARTESIAN_POINT ( 'NONE',  ( 1.849999999999999645, 1.782910239198384713E-16, 3.500000000000000000 ) ) ;
#271 = DIRECTION ( 'NONE',  ( 1.000000000000000000, 0.000000000000000000, -0.000000000000000000 ) ) ;
#272 = DIRECTION ( 'NONE',  ( 0.000000000000000000, 0.000000000000000000, 1.000000000000000000 ) ) ;
#273 = ADVANCED_FACE ( 'NONE', ( #111 ), #494, .T. ) ;
#274 = DIRECTION ( 'NONE',  ( 0.000000000000000000, 0.000000000000000000, 1.000000000000000000 ) ) ;
#275 = VERTEX_POINT ( 'NONE', #830 ) ;
#276 = ORIENTED_EDGE ( 'NONE', *, *, #1174, .T. ) ;
#277 = DIRECTION ( 'NONE',  ( -1.000000000000000000, 0.000000000000000000, -0.000000000000000000 ) ) ;
#278 = VECTOR ( 'NONE', #988, 1000.000000000000000 ) ;
#279 = AXIS2_PLACEMENT_3D ( 'NONE', #1234, #1118, #12 ) ;
#280 = CIRCLE ( 'NONE', #872, 0.5000000000000000000 ) ;
#281 = DIRECTION ( 'NONE',  ( 1.000000000000000000, -1.747729060459023048E-16, 0.000000000000000000 ) ) ;
#282 = DIRECTION ( 'NONE',  ( -1.000000000000000000, 0.000000000000000000, 0.000000000000000000 ) ) ;
#283 = EDGE_LOOP ( 'NONE', ( #79, #1376, #372, #1532 ) ) ;
#284 = CARTESIAN_POINT ( 'NONE',  ( 1.850000000000000089, -4.000000000000000000, 3.500000000000000000 ) ) ;
#285 = EDGE_CURVE ( 'NONE', #275, #256, #721, .T. ) ;
#286 = ORIENTED_EDGE ( 'NONE', *, *, #254, .F. ) ;
#287 = DIRECTION ( 'NONE',  ( -9.637352644315595243E-17, 1.000000000000000000, 0.000000000000000000 ) ) ;
#288 = EDGE_CURVE ( 'NONE', #421, #1480, #48, .T. ) ;
#289 = CARTESIAN_POINT ( 'NONE',  ( 1.850000000000000089, -4.500000000000000000, 3.000000000000000000 ) ) ;
#290 = DIRECTION ( 'NONE',  ( 0.000000000000000000, 8.673617379884035472E-16, 1.000000000000000000 ) ) ;
#291 = APPROVAL_STATUS ( 'not_yet_approved' ) ;
#292 = ORIENTED_EDGE ( 'NONE', *, *, #63, .F. ) ;
#293 = DIRECTION ( 'NONE',  ( 1.000000000000000000, 0.000000000000000000, 0.000000000000000000 ) ) ;
#294 = EDGE_CURVE ( 'NONE', #516, #498, #1546, .T. ) ;
#295 = ORIENTED_EDGE ( 'NONE', *, *, #324, .F. ) ;
#296 = FACE_OUTER_BOUND ( 'NONE', #835, .T. ) ;
#297 = DIRECTION ( 'NONE',  ( -0.000000000000000000, -0.000000000000000000, 1.000000000000000000 ) ) ;
#298 = APPROVAL_DATE_TIME ( #181, #33 ) ;
#299 = LINE ( 'NONE', #311, #1078 ) ;
#300 = DIRECTION ( 'NONE',  ( 0.000000000000000000, 0.000000000000000000, 1.000000000000000000 ) ) ;
#301 = CIRCLE ( 'NONE', #704, 1.650000000000000133 ) ;
#302 = EDGE_LOOP ( 'NONE', ( #643, #334, #462, #1131, #929, #807, #753, #1347, #773, #982 ) ) ;
#303 = CIRCLE ( 'NONE', #1201, 0.5000000000000000000 ) ;
#304 = AXIS2_PLACEMENT_3D ( 'NONE', #1564, #343, #1207 ) ;
#305 = EDGE_CURVE ( 'NONE', #138, #1579, #119, .T. ) ;
#306 = SECURITY_CLASSIFICATION ( '', '', #775 ) ;
#307 = VECTOR ( 'NONE', #717, 1000.000000000000000 ) ;
#308 = CIRCLE ( 'NONE', #53, 0.5000000000000000000 ) ;
#309 = DIRECTION ( 'NONE',  ( -9.637352644315595243E-17, 1.000000000000000000, 0.000000000000000000 ) ) ;
#310 = CYLINDRICAL_SURFACE ( 'NONE', #231, 1.650000000000000133 ) ;
#311 = CARTESIAN_POINT ( 'NONE',  ( -2.350000000000000089, -4.500000000000000000, 3.000000000000000000 ) ) ;
#312 = CARTESIAN_POINT ( 'NONE',  ( -5.500000000000000000, 3.499999999999999112, 3.000000000000000000 ) ) ;
#313 = VERTEX_POINT ( 'NONE', #837 ) ;
#314 = CARTESIAN_POINT ( 'NONE',  ( -1.850000000000000089, -4.000000000000000000, 3.000000000000000000 ) ) ;
#315 = EDGE_CURVE ( 'NONE', #98, #989, #477, .T. ) ;
#316 = CARTESIAN_POINT ( 'NONE',  ( -2.849999999999999645, -0.5000000000000000000, 3.500000000000000000 ) ) ;
#317 = DIRECTION ( 'NONE',  ( 0.000000000000000000, 0.000000000000000000, -1.000000000000000000 ) ) ;
#318 = LINE ( 'NONE', #784, #408 ) ;
#319 = VERTEX_POINT ( 'NONE', #1210 ) ;
#320 = VERTEX_POINT ( 'NONE', #1452 ) ;
#321 = CARTESIAN_POINT ( 'NONE',  ( -2.849999999999999645, -0.5000000000000000000, 3.000000000000000000 ) ) ;
#322 = DIRECTION ( 'NONE',  ( -0.000000000000000000, 1.000000000000000000, -0.000000000000000000 ) ) ;
#323 = CYLINDRICAL_SURFACE ( 'NONE', #904, 0.5000000000000000000 ) ;
#324 = EDGE_CURVE ( 'NONE', #881, #498, #431, .T. ) ;
#325 = ORIENTED_EDGE ( 'NONE', *, *, #1343, .F. ) ;
#326 = ORIENTED_EDGE ( 'NONE', *, *, #1278, .F. ) ;
#327 = AXIS2_PLACEMENT_3D ( 'NONE', #191, #677, #688 ) ;
#328 = AXIS2_PLACEMENT_3D ( 'NONE', #1321, #461, #1447 ) ;
#329 = CYLINDRICAL_SURFACE ( 'NONE', #1279, 0.5000000000000000000 ) ;
#330 = CARTESIAN_POINT ( 'NONE',  ( 6.000000000000000000, 3.499999999999999112, -3.000000000000000444 ) ) ;
#331 = VECTOR ( 'NONE', #1247, 1000.000000000000000 ) ;
#332 = SPHERICAL_SURFACE ( 'NONE', #22, 0.5000000000000000000 ) ;
#333 = EDGE_CURVE ( 'NONE', #463, #1277, #441, .T. ) ;
#334 = ORIENTED_EDGE ( 'NONE', *, *, #1531, .T. ) ;
#335 = EDGE_CURVE ( 'NONE', #384, #463, #1446, .T. ) ;
#336 = LINE ( 'NONE', #66, #969 ) ;
#337 = CARTESIAN_POINT ( 'NONE',  ( -5.500000000000000000, 3.499999999999999112, -3.500000000000000000 ) ) ;
#338 = DIRECTION ( 'NONE',  ( -1.747729060459022802E-16, 1.000000000000000000, 0.000000000000000000 ) ) ;
#339 = EDGE_LOOP ( 'NONE', ( #1091, #1557, #1043, #691, #1593, #398 ) ) ;
#340 = EDGE_CURVE ( 'NONE', #515, #657, #467, .T. ) ;
#341 = DIRECTION ( 'NONE',  ( -1.000000000000000000, 0.000000000000000000, 0.000000000000000000 ) ) ;
#342 = DIRECTION ( 'NONE',  ( -1.000000000000000000, 1.747729060459023048E-16, -0.000000000000000000 ) ) ;
#343 = DIRECTION ( 'NONE',  ( 0.000000000000000000, 1.000000000000000000, 0.000000000000000000 ) ) ;
#344 = EDGE_LOOP ( 'NONE', ( #956, #1275, #115, #1368 ) ) ;
#345 = CARTESIAN_POINT ( 'NONE',  ( 1.850000000000000533, -4.500000000000000000, 1.095445115010331261 ) ) ;
#346 = EDGE_CURVE ( 'NONE', #369, #437, #1089, .T. ) ;
#347 = CIRCLE ( 'NONE', #503, 0.5000000000000000000 ) ;
#348 = CARTESIAN_POINT ( 'NONE',  ( 2.349999999999999645, -0.5000000000000000000, 3.500000000000000000 ) ) ;
#349 = CARTESIAN_POINT ( 'NONE',  ( 1.850000000000000089, -4.500000000000000000, -3.500000000000000000 ) ) ;
#350 = CIRCLE ( 'NONE', #1253, 0.5000000000000000000 ) ;
#351 = DIRECTION ( 'NONE',  ( 0.000000000000000000, 0.000000000000000000, 1.000000000000000000 ) ) ;
#352 = VECTOR ( 'NONE', #701, 1000.000000000000000 ) ;
#353 = VERTEX_POINT ( 'NONE', #330 ) ;
#354 = VECTOR ( 'NONE', #759, 1000.000000000000000 ) ;
#355 = ORIENTED_EDGE ( 'NONE', *, *, #244, .T. ) ;
#356 = CARTESIAN_POINT ( 'NONE',  ( 1.936644974645046702, -4.493115979513411240, -0.7350331743483827784 ) ) ;
#357 = DIRECTION ( 'NONE',  ( 1.000000000000000000, -0.000000000000000000, 0.000000000000000000 ) ) ;
#358 = ORIENTED_EDGE ( 'NONE', *, *, #890, .T. ) ;
#359 = DIRECTION ( 'NONE',  ( 1.000000000000000000, 0.000000000000000000, 0.000000000000000000 ) ) ;
#360 = EDGE_CURVE ( 'NONE', #657, #764, #1320, .T. ) ;
#361 = DIRECTION ( 'NONE',  ( 1.000000000000000000, 0.000000000000000000, 0.000000000000000000 ) ) ;
#362 = VERTEX_POINT ( 'NONE', #1198 ) ;
#363 = DIRECTION ( 'NONE',  ( 0.000000000000000000, 0.000000000000000000, -1.000000000000000000 ) ) ;
#364 = DIRECTION ( 'NONE',  ( 0.000000000000000000, 1.000000000000000000, 0.000000000000000000 ) ) ;
#365 = ORIENTED_EDGE ( 'NONE', *, *, #1575, .T. ) ;
#366 = CYLINDRICAL_SURFACE ( 'NONE', #509, 0.5000000000000000000 ) ;
#367 = ORIENTED_EDGE ( 'NONE', *, *, #564, .F. ) ;
#368 = CYLINDRICAL_SURFACE ( 'NONE', #637, 0.5000000000000000000 ) ;
#369 = VERTEX_POINT ( 'NONE', #1431 ) ;
#370 = EDGE_CURVE ( 'NONE', #216, #31, #735, .T. ) ;
#371 = CARTESIAN_POINT ( 'NONE',  ( 0.000000000000000000, -4.000000000000000000, 3.500000000000000000 ) ) ;
#372 = ORIENTED_EDGE ( 'NONE', *, *, #1197, .F. ) ;
#373 = DIRECTION ( 'NONE',  ( 0.000000000000000000, -1.000000000000000000, 0.000000000000000000 ) ) ;
#374 = VERTEX_POINT ( 'NONE', #943 ) ;
#375 = CIRCLE ( 'NONE', #1405, 0.5000000000000004441 ) ;
#376 = CALENDAR_DATE ( 2025, 23, 5 ) ;
#377 = VERTEX_POINT ( 'NONE', #1300 ) ;
#378 = ORIENTED_EDGE ( 'NONE', *, *, #7, .T. ) ;
#379 = CARTESIAN_POINT ( 'NONE',  ( -2.349999999999999645, -0.5000000000000000000, 3.000000000000000000 ) ) ;
#380 = CIRCLE ( 'NONE', #1282, 1.000000000000000000 ) ;
#381 = CIRCLE ( 'NONE', #1563, 0.5000000000000000000 ) ;
#382 = EDGE_CURVE ( 'NONE', #515, #353, #1033, .T. ) ;
#383 = FACE_OUTER_BOUND ( 'NONE', #539, .T. ) ;
#384 = VERTEX_POINT ( 'NONE', #222 ) ;
#385 = CARTESIAN_POINT ( 'NONE',  ( -1.850000000000000089, -4.500000000000000000, -3.000000000000000444 ) ) ;
#386 = CARTESIAN_POINT ( 'NONE',  ( 5.500000000000000000, 3.499999999999999112, 3.000000000000000000 ) ) ;
#387 = VERTEX_POINT ( 'NONE', #1083 ) ;
#388 = COORDINATED_UNIVERSAL_TIME_OFFSET ( 1, 0, .AHEAD. ) ;
#389 = ORIENTED_EDGE ( 'NONE', *, *, #481, .F. ) ;
#390 = CARTESIAN_POINT ( 'NONE',  ( -5.500000000000000000, 0.4999999999999993339, 3.000000000000000000 ) ) ;
#391 = EDGE_CURVE ( 'NONE', #1150, #463, #50, .T. ) ;
#392 = CARTESIAN_POINT ( 'NONE',  ( 5.500000000000000000, -6.379211070675434126E-16, -3.000000000000000444 ) ) ;
#393 = EDGE_LOOP ( 'NONE', ( #749, #1136, #817, #1160 ) ) ;
#394 = CARTESIAN_POINT ( 'NONE',  ( 1.850000000000000089, -4.000000000000000000, 3.500000000000000000 ) ) ;
#395 = DIRECTION ( 'NONE',  ( 0.000000000000000000, 0.000000000000000000, -1.000000000000000000 ) ) ;
#396 = ORIENTED_EDGE ( 'NONE', *, *, #844, .F. ) ;
#397 = PERSON_AND_ORGANIZATION_ROLE ( 'design_owner' ) ;
#398 = ORIENTED_EDGE ( 'NONE', *, *, #166, .F. ) ;
#399 = FACE_OUTER_BOUND ( 'NONE', #719, .T. ) ;
#400 = ADVANCED_FACE ( 'NONE', ( #694 ), #88, .T. ) ;
#401 = DIRECTION ( 'NONE',  ( 0.000000000000000000, -1.000000000000000000, 0.000000000000000000 ) ) ;
#402 = CARTESIAN_POINT ( 'NONE',  ( 5.500000000000000000, 0.4999999999999993339, 3.000000000000000000 ) ) ;
#403 = EDGE_LOOP ( 'NONE', ( #1361, #756, #443, #367, #190, #1076 ) ) ;
#404 = ADVANCED_FACE ( 'NONE', ( #1577 ), #578, .F. ) ;
#405 = LINE ( 'NONE', #649, #1058 ) ;
#406 = VERTEX_POINT ( 'NONE', #585 ) ;
#407 = CARTESIAN_POINT ( 'NONE',  ( -1.849999999999999645, -4.818676322157797621E-17, -3.500000000000000000 ) ) ;
#408 = VECTOR ( 'NONE', #1046, 1000.000000000000000 ) ;
#409 = AXIS2_PLACEMENT_3D ( 'NONE', #1340, #1595, #612 ) ;
#410 = DIRECTION ( 'NONE',  ( -0.000000000000000000, -0.000000000000000000, 1.000000000000000000 ) ) ;
#411 = CARTESIAN_POINT ( 'NONE',  ( 5.500000000000000000, 0.000000000000000000, 3.500000000000000000 ) ) ;
#412 = CARTESIAN_POINT ( 'NONE',  ( -5.500000000000000000, 0.4999999999999993339, 3.500000000000000000 ) ) ;
#413 = ORIENTED_EDGE ( 'NONE', *, *, #595, .F. ) ;
#414 = EDGE_CURVE ( 'NONE', #498, #516, #708, .T. ) ;
#415 = DIRECTION ( 'NONE',  ( 1.747729060459022802E-16, 1.000000000000000000, 0.000000000000000000 ) ) ;
#416 = LINE ( 'NONE', #908, #996 ) ;
#417 = DIRECTION ( 'NONE',  ( -1.000000000000000000, 0.000000000000000000, 0.000000000000000000 ) ) ;
#418 = DIRECTION ( 'NONE',  ( -1.000000000000000000, 0.000000000000000000, 0.000000000000000000 ) ) ;
#419 = FACE_OUTER_BOUND ( 'NONE', #263, .T. ) ;
#420 = EDGE_CURVE ( 'NONE', #911, #1587, #1332, .T. ) ;
#421 = VERTEX_POINT ( 'NONE', #1571 ) ;
#422 = LINE ( 'NONE', #1072, #1154 ) ;
#423 = DIRECTION ( 'NONE',  ( -0.000000000000000000, -0.000000000000000000, 1.000000000000000000 ) ) ;
#424 = DIRECTION ( 'NONE',  ( -1.000000000000000000, -9.637352644315595243E-17, 0.000000000000000000 ) ) ;
#425 = DIRECTION ( 'NONE',  ( 0.000000000000000000, 0.000000000000000000, 1.000000000000000000 ) ) ;
#426 = AXIS2_PLACEMENT_3D ( 'NONE', #921, #1510, #903 ) ;
#427 = EDGE_LOOP ( 'NONE', ( #365, #1232, #1523 ) ) ;
#428 = AXIS2_PLACEMENT_3D ( 'NONE', #1099, #987, #980 ) ;
#429 = EDGE_CURVE ( 'NONE', #491, #387, #1225, .T. ) ;
#430 = CIRCLE ( 'NONE', #1487, 0.5000000000000000000 ) ;
#431 = CIRCLE ( 'NONE', #1488, 0.5000000000000000000 ) ;
#432 = CIRCLE ( 'NONE', #838, 0.5000000000000000000 ) ;
#433 = CARTESIAN_POINT ( 'NONE',  ( -1.850000000000000089, -4.500000000000000000, -1.095445115010332149 ) ) ;
#434 = CARTESIAN_POINT ( 'NONE',  ( -1.898649428576657971, -4.500000000000546230, -0.9173111081631631913 ) ) ;
#435 = PLANE ( 'NONE',  #598 ) ;
#436 = PLANE ( 'NONE',  #1133 ) ;
#437 = VERTEX_POINT ( 'NONE', #337 ) ;
#438 = ORIENTED_EDGE ( 'NONE', *, *, #1184, .F. ) ;
#439 = EDGE_CURVE ( 'NONE', #587, #353, #1068, .T. ) ;
#440 = CYLINDRICAL_SURFACE ( 'NONE', #792, 0.5000000000000000000 ) ;
#441 = LINE ( 'NONE', #689, #819 ) ;
#442 = FACE_OUTER_BOUND ( 'NONE', #1169, .T. ) ;
#443 = ORIENTED_EDGE ( 'NONE', *, *, #166, .T. ) ;
#444 = ORIENTED_EDGE ( 'NONE', *, *, #1334, .T. ) ;
#445 = EDGE_CURVE ( 'NONE', #1587, #369, #1159, .T. ) ;
#446 = DIRECTION ( 'NONE',  ( 0.000000000000000000, 0.000000000000000000, -1.000000000000000000 ) ) ;
#447 = CARTESIAN_POINT ( 'NONE',  ( 5.500000000000000000, -6.379211070675434126E-16, -3.500000000000000000 ) ) ;
#448 = DIRECTION ( 'NONE',  ( -1.000000000000000000, 0.000000000000000000, -0.000000000000000000 ) ) ;
#449 = ADVANCED_FACE ( 'NONE', ( #1426 ), #366, .T. ) ;
#450 = VERTEX_POINT ( 'NONE', #1472 ) ;
#451 = TOROIDAL_SURFACE ( 'NONE', #925, 2.149999999999999911, 0.5000000000000000000 ) ;
#452 = VECTOR ( 'NONE', #183, 1000.000000000000000 ) ;
#453 = AXIS2_PLACEMENT_3D ( 'NONE', #591, #1219, #27 ) ;
#454 = DIRECTION ( 'NONE',  ( 0.000000000000000000, 0.000000000000000000, -1.000000000000000000 ) ) ;
#455 = DIRECTION ( 'NONE',  ( -1.000000000000000000, -1.747729060459023048E-16, 0.000000000000000000 ) ) ;
#456 = DIRECTION ( 'NONE',  ( -0.000000000000000000, -1.000000000000000000, 0.000000000000000000 ) ) ;
#457 = ORIENTED_EDGE ( 'NONE', *, *, #955, .T. ) ;
#458 = EDGE_CURVE ( 'NONE', #353, #98, #108, .T. ) ;
#459 = CARTESIAN_POINT ( 'NONE',  ( -5.500000000000000000, 3.499999999999999112, -3.000000000000000444 ) ) ;
#460 = DIRECTION ( 'NONE',  ( 1.000000000000000000, 0.000000000000000000, -1.224646799147353207E-16 ) ) ;
#461 = DIRECTION ( 'NONE',  ( 1.747729060459023048E-16, 1.000000000000000000, -0.000000000000000000 ) ) ;
#462 = ORIENTED_EDGE ( 'NONE', *, *, #913, .F. ) ;
#463 = VERTEX_POINT ( 'NONE', #1013 ) ;
#464 = DIRECTION ( 'NONE',  ( 1.000000000000000000, -0.000000000000000000, 1.224646799147353207E-16 ) ) ;
#465 = ADVANCED_FACE ( 'NONE', ( #733 ), #15, .T. ) ;
#466 = CARTESIAN_POINT ( 'NONE',  ( -5.500000000000000000, 3.499999999999999112, -3.000000000000000444 ) ) ;
#467 = LINE ( 'NONE', #447, #533 ) ;
#468 = CARTESIAN_POINT ( 'NONE',  ( -6.000000000000000000, 0.4999999999999993339, 3.500000000000000000 ) ) ;
#469 = VERTEX_POINT ( 'NONE', #1584 ) ;
#470 = DIRECTION ( 'NONE',  ( 0.000000000000000000, 0.000000000000000000, 1.000000000000000000 ) ) ;
#471 = EDGE_CURVE ( 'NONE', #71, #627, #1410, .T. ) ;
#472 = AXIS2_PLACEMENT_3D ( 'NONE', #487, #1227, #341 ) ;
#473 = DIRECTION ( 'NONE',  ( 0.000000000000000000, 0.000000000000000000, 1.000000000000000000 ) ) ;
#474 = ORIENTED_EDGE ( 'NONE', *, *, #955, .F. ) ;
#475 = DIRECTION ( 'NONE',  ( 0.000000000000000000, -0.000000000000000000, -1.000000000000000000 ) ) ;
#476 = CIRCLE ( 'NONE', #1257, 1.650000000000000133 ) ;
#477 = CIRCLE ( 'NONE', #842, 0.5000000000000004441 ) ;
#478 = ORIENTED_EDGE ( 'NONE', *, *, #34, .F. ) ;
#479 = CARTESIAN_POINT ( 'NONE',  ( -5.500000000000000000, 3.999999999999999112, -3.000000000000000444 ) ) ;
#480 = DIRECTION ( 'NONE',  ( -0.000000000000000000, -0.000000000000000000, 1.000000000000000000 ) ) ;
#481 = EDGE_CURVE ( 'NONE', #216, #406, #1106, .T. ) ;
#482 = ORIENTED_EDGE ( 'NONE', *, *, #1174, .F. ) ;
#483 = CARTESIAN_POINT ( 'NONE',  ( -6.000000000000000000, 0.4999999999999992784, -3.000000000000000444 ) ) ;
#484 = PERSON_AND_ORGANIZATION_ROLE ( 'creator' ) ;
#485 = EDGE_LOOP ( 'NONE', ( #554, #961, #1015, #1394 ) ) ;
#486 = FACE_OUTER_BOUND ( 'NONE', #142, .T. ) ;
#487 = CARTESIAN_POINT ( 'NONE',  ( 5.500000000000000000, 3.499999999999999112, 3.500000000000000000 ) ) ;
#488 = EDGE_LOOP ( 'NONE', ( #1464, #1346, #992, #1420, #157 ) ) ;
#489 = DIRECTION ( 'NONE',  ( 0.000000000000000000, 0.000000000000000000, 1.000000000000000000 ) ) ;
#490 = EDGE_CURVE ( 'NONE', #71, #685, #1328, .T. ) ;
#491 = VERTEX_POINT ( 'NONE', #132 ) ;
#492 =( NAMED_UNIT ( * ) PLANE_ANGLE_UNIT ( ) SI_UNIT ( $, .RADIAN. ) );
#493 = ORIENTED_EDGE ( 'NONE', *, *, #1075, .F. ) ;
#494 = CYLINDRICAL_SURFACE ( 'NONE', #730, 0.5000000000000004441 ) ;
#495 = ADVANCED_FACE ( 'NONE', ( #1500 ), #1121, .T. ) ;
#496 = CARTESIAN_POINT ( 'NONE',  ( 5.500000000000000000, 0.4999999999999993339, -3.000000000000000000 ) ) ;
#497 = DIRECTION ( 'NONE',  ( 0.000000000000000000, 1.000000000000000000, 0.000000000000000000 ) ) ;
#498 = VERTEX_POINT ( 'NONE', #116 ) ;
#499 = CARTESIAN_POINT ( 'NONE',  ( 0.000000000000000000, -4.500000000000000000, 0.000000000000000000 ) ) ;
#500 = AXIS2_PLACEMENT_3D ( 'NONE', #542, #207, #446 ) ;
#501 = DIRECTION ( 'NONE',  ( -1.000000000000000000, 0.000000000000000000, 0.000000000000000000 ) ) ;
#502 = VERTEX_POINT ( 'NONE', #385 ) ;
#503 = AXIS2_PLACEMENT_3D ( 'NONE', #831, #271, #255 ) ;
#504 = APPROVAL_ROLE ( '' ) ;
#505 = AXIS2_PLACEMENT_3D ( 'NONE', #224, #1453, #712 ) ;
#506 = ORIENTED_EDGE ( 'NONE', *, *, #7, .F. ) ;
#507 = DIRECTION ( 'NONE',  ( 0.000000000000000000, 0.000000000000000000, -1.000000000000000000 ) ) ;
#508 = CC_DESIGN_APPROVAL ( #697, ( #854 ) ) ;
#509 = AXIS2_PLACEMENT_3D ( 'NONE', #483, #1366, #745 ) ;
#510 = ADVANCED_FACE ( 'NONE', ( #125 ), #601, .T. ) ;
#511 = CARTESIAN_POINT ( 'NONE',  ( -1.850000000000000089, -4.000000000000000000, 3.000000000000000000 ) ) ;
#512 = EDGE_LOOP ( 'NONE', ( #1568, #1369, #1494, #85 ) ) ;
#513 = DIRECTION ( 'NONE',  ( 0.000000000000000000, 0.000000000000000000, -1.000000000000000000 ) ) ;
#514 = DIRECTION ( 'NONE',  ( 0.000000000000000000, 0.000000000000000000, -1.000000000000000000 ) ) ;
#515 = VERTEX_POINT ( 'NONE', #1113 ) ;
#516 = VERTEX_POINT ( 'NONE', #882 ) ;
#517 = CARTESIAN_POINT ( 'NONE',  ( -2.849999999999999645, 0.4999999999999997780, 3.500000000000000000 ) ) ;
#518 = APPROVAL ( #1097, 'UNSPECIFIED' ) ;
#519 = DIRECTION ( 'NONE',  ( 0.000000000000000000, 0.000000000000000000, 1.000000000000000000 ) ) ;
#520 = DIRECTION ( 'NONE',  ( 0.000000000000000000, 0.000000000000000000, -1.000000000000000000 ) ) ;
#521 = ORIENTED_EDGE ( 'NONE', *, *, #1216, .T. ) ;
#522 = ORIENTED_EDGE ( 'NONE', *, *, #652, .T. ) ;
#523 = LINE ( 'NONE', #270, #1156 ) ;
#524 = EDGE_CURVE ( 'NONE', #889, #450, #928, .T. ) ;
#525 = CARTESIAN_POINT ( 'NONE',  ( -6.000000000000000000, 3.999999999999999112, 3.000000000000000000 ) ) ;
#526 = CARTESIAN_POINT ( 'NONE',  ( -6.000000000000000000, 3.499999999999999112, -3.000000000000000444 ) ) ;
#527 = CARTESIAN_POINT ( 'NONE',  ( 0.000000000000000000, -4.000000000000000000, 0.000000000000000000 ) ) ;
#528 = ORIENTED_EDGE ( 'NONE', *, *, #910, .F. ) ;
#529 = DIRECTION ( 'NONE',  ( 0.000000000000000000, 0.000000000000000000, -1.000000000000000000 ) ) ;
#530 = AXIS2_PLACEMENT_3D ( 'NONE', #511, #25, #137 ) ;
#531 = CIRCLE ( 'NONE', #1406, 0.5000000000000000000 ) ;
#532 = AXIS2_PLACEMENT_3D ( 'NONE', #173, #540, #1173 ) ;
#533 = VECTOR ( 'NONE', #1314, 1000.000000000000000 ) ;
#534 = AXIS2_PLACEMENT_3D ( 'NONE', #1392, #1273, #417 ) ;
#535 = CARTESIAN_POINT ( 'NONE',  ( -5.500000000000000000, 3.499999999999999112, 3.000000000000000000 ) ) ;
#536 = EDGE_CURVE ( 'NONE', #1182, #71, #861, .T. ) ;
#537 = DIRECTION ( 'NONE',  ( 0.000000000000000000, 0.000000000000000000, -1.000000000000000000 ) ) ;
#538 = DIRECTION ( 'NONE',  ( 1.000000000000000000, 0.000000000000000000, 0.000000000000000000 ) ) ;
#539 = EDGE_LOOP ( 'NONE', ( #1059, #1000, #1175 ) ) ;
#540 = DIRECTION ( 'NONE',  ( 0.000000000000000000, 0.000000000000000000, -1.000000000000000000 ) ) ;
#541 = ORIENTED_EDGE ( 'NONE', *, *, #360, .T. ) ;
#542 = CARTESIAN_POINT ( 'NONE',  ( -6.000000000000000000, 3.499999999999999112, -3.000000000000000444 ) ) ;
#543 = FACE_OUTER_BOUND ( 'NONE', #1298, .T. ) ;
#544 = LINE ( 'NONE', #673, #1514 ) ;
#545 = DIRECTION ( 'NONE',  ( 0.000000000000000000, 0.000000000000000000, 1.000000000000000000 ) ) ;
#546 = EDGE_CURVE ( 'NONE', #1356, #1189, #1183, .T. ) ;
#547 = EDGE_LOOP ( 'NONE', ( #378, #856, #276, #1116 ) ) ;
#548 = LINE ( 'NONE', #803, #1513 ) ;
#549 = FACE_OUTER_BOUND ( 'NONE', #600, .T. ) ;
#550 = DIRECTION ( 'NONE',  ( 0.000000000000000000, 0.000000000000000000, -1.000000000000000000 ) ) ;
#551 = DIRECTION ( 'NONE',  ( -1.000000000000000000, 0.000000000000000000, 0.000000000000000000 ) ) ;
#552 = AXIS2_PLACEMENT_3D ( 'NONE', #1176, #82, #1430 ) ;
#553 = EDGE_CURVE ( 'NONE', #118, #353, #1353, .T. ) ;
#554 = ORIENTED_EDGE ( 'NONE', *, *, #553, .F. ) ;
#555 = VECTOR ( 'NONE', #507, 1000.000000000000000 ) ;
#556 = CLOSED_SHELL ( 'NONE', ( #571, #752, #18, #589, #1396, #1191, #918, #404, #211, #1424, #55, #159, #1372, #495, #787, #1152, #984, #264, #1581, #196, #930, #40, #465, #802, #993, #1304, #720, #273, #1102, #1060, #234, #1519, #1506, #1438, #1594, #1591, #449, #728, #177, #1444, #1111, #86, #963, #1047, #1208, #105, #767, #400, #957, #1295, #1235, #145, #112, #510, #1566, #1287, #674 ) ) ;
#557 = VECTOR ( 'NONE', #754, 1000.000000000000000 ) ;
#558 = VECTOR ( 'NONE', #654, 1000.000000000000000 ) ;
#559 = FACE_OUTER_BOUND ( 'NONE', #736, .T. ) ;
#560 = CARTESIAN_POINT ( 'NONE',  ( -5.500000000000000000, 3.999999999999999112, -3.500000000000000000 ) ) ;
#561 = CARTESIAN_POINT ( 'NONE',  ( 2.350000000000000089, -4.000000000000000000, 3.500000000000000000 ) ) ;
#562 = ORIENTED_EDGE ( 'NONE', *, *, #1318, .F. ) ;
#563 = EDGE_LOOP ( 'NONE', ( #1065, #919, #676, #482 ) ) ;
#564 = EDGE_CURVE ( 'NONE', #1040, #889, #1518, .T. ) ;
#565 = EDGE_CURVE ( 'NONE', #1468, #1342, #77, .T. ) ;
#566 = CYLINDRICAL_SURFACE ( 'NONE', #500, 0.5000000000000000000 ) ;
#567 = DIRECTION ( 'NONE',  ( -0.000000000000000000, -0.000000000000000000, 1.000000000000000000 ) ) ;
#568 = LINE ( 'NONE', #823, #1055 ) ;
#569 = ORIENTED_EDGE ( 'NONE', *, *, #1415, .T. ) ;
#570 = CYLINDRICAL_SURFACE ( 'NONE', #178, 0.5000000000000004441 ) ;
#571 = ADVANCED_FACE ( 'NONE', ( #724 ), #1134, .T. ) ;
#572 = CARTESIAN_POINT ( 'NONE',  ( 1.850000000000000089, -4.000000000000000000, -3.000000000000000444 ) ) ;
#573 = CARTESIAN_POINT ( 'NONE',  ( -1.850000000000000089, -4.000000000000000000, 3.000000000000000000 ) ) ;
#574 = EDGE_LOOP ( 'NONE', ( #849, #1023, #286, #45, #979, #506 ) ) ;
#575 = CIRCLE ( 'NONE', #327, 1.650000000000000133 ) ;
#576 = ORGANIZATION ( 'UNSPECIFIED', 'UNSPECIFIED', '' ) ;
#577 = CIRCLE ( 'NONE', #1439, 0.5000000000000000000 ) ;
#578 = PLANE ( 'NONE',  #121 ) ;
#579 = CIRCLE ( 'NONE', #1549, 0.5000000000000000000 ) ;
#580 = CARTESIAN_POINT ( 'NONE',  ( 5.500000000000000000, 3.499999999999999112, 3.000000000000000000 ) ) ;
#581 = CC_DESIGN_PERSON_AND_ORGANIZATION_ASSIGNMENT ( #1032, #782, ( #306 ) ) ;
#582 = EDGE_LOOP ( 'NONE', ( #110, #1172, #852 ) ) ;
#583 = DIRECTION ( 'NONE',  ( 9.637352644315595243E-17, 1.000000000000000000, -0.000000000000000000 ) ) ;
#584 = DIRECTION ( 'NONE',  ( 0.000000000000000000, 0.000000000000000000, -1.000000000000000000 ) ) ;
#585 = CARTESIAN_POINT ( 'NONE',  ( -2.350000000000000089, -4.000000000000000000, -3.000000000000000444 ) ) ;
#586 = DIRECTION ( 'NONE',  ( 1.000000000000000000, 1.747729060459023048E-16, 0.000000000000000000 ) ) ;
#587 = VERTEX_POINT ( 'NONE', #247 ) ;
#588 = DIRECTION ( 'NONE',  ( -0.000000000000000000, -0.000000000000000000, 1.000000000000000000 ) ) ;
#589 = ADVANCED_FACE ( 'NONE', ( #1265 ), #52, .F. ) ;
#590 = CARTESIAN_POINT ( 'NONE',  ( 1.850000000000000089, -4.500000000000000000, -3.000000000000000444 ) ) ;
#591 = CARTESIAN_POINT ( 'NONE',  ( 0.000000000000000000, 0.000000000000000000, -3.500000000000000000 ) ) ;
#592 = DIRECTION ( 'NONE',  ( -1.000000000000000000, 1.747729060459023048E-16, 0.000000000000000000 ) ) ;
#593 = ORIENTED_EDGE ( 'NONE', *, *, #945, .T. ) ;
#594 = DIRECTION ( 'NONE',  ( 0.000000000000000000, 0.000000000000000000, -1.000000000000000000 ) ) ;
#595 = EDGE_CURVE ( 'NONE', #216, #256, #280, .T. ) ;
#596 = B_SPLINE_CURVE_WITH_KNOTS ( 'NONE', 3,
 ( #781, #1022, #1545, #932, #774, #798, #667, #915, #434, #1157 ),
 .UNSPECIFIED., .F., .F.,
 ( 4, 2, 2, 2, 4 ),
 ( -6.265259513576563423E-06, 0.0005477079922145018914, 0.001101681243942580733, 0.001655654495670659358, 0.002209627747398738417 ),
 .UNSPECIFIED. ) ;
#597 = CIRCLE ( 'NONE', #148, 0.5000000000000000000 ) ;
#598 = AXIS2_PLACEMENT_3D ( 'NONE', #193, #424, #1289 ) ;
#599 = CYLINDRICAL_SURFACE ( 'NONE', #472, 0.5000000000000004441 ) ;
#600 = EDGE_LOOP ( 'NONE', ( #1502, #528, #38, #478 ) ) ;
#601 = CYLINDRICAL_SURFACE ( 'NONE', #1460, 0.5000000000000000000 ) ;
#602 = AXIS2_PLACEMENT_3D ( 'NONE', #718, #1503, #361 ) ;
#603 = AXIS2_PLACEMENT_3D ( 'NONE', #799, #668, #1283 ) ;
#604 = VECTOR ( 'NONE', #853, 1000.000000000000000 ) ;
#605 = DIRECTION ( 'NONE',  ( 0.000000000000000000, 0.000000000000000000, 1.000000000000000000 ) ) ;
#606 = ORIENTED_EDGE ( 'NONE', *, *, #420, .F. ) ;
#607 = CARTESIAN_POINT ( 'NONE',  ( -2.349999999999999645, 0.000000000000000000, 3.000000000000000000 ) ) ;
#608 = EDGE_CURVE ( 'NONE', #491, #1092, #653, .T. ) ;
#609 = CARTESIAN_POINT ( 'NONE',  ( 2.349999999999999645, -0.5000000000000000000, 3.000000000000000000 ) ) ;
#610 = ORIENTED_EDGE ( 'NONE', *, *, #1238, .F. ) ;
#611 = EDGE_CURVE ( 'NONE', #967, #31, #380, .T. ) ;
#612 = DIRECTION ( 'NONE',  ( -1.000000000000000000, 0.000000000000000000, 0.000000000000000000 ) ) ;
#613 =( LENGTH_UNIT ( ) NAMED_UNIT ( * ) SI_UNIT ( .MILLI., .METRE. ) );
#614 = ORIENTED_EDGE ( 'NONE', *, *, #1497, .T. ) ;
#615 = DIRECTION ( 'NONE',  ( 0.000000000000000000, 0.000000000000000000, -1.000000000000000000 ) ) ;
#616 = DIRECTION ( 'NONE',  ( 0.000000000000000000, 0.000000000000000000, -1.000000000000000000 ) ) ;
#617 = DIRECTION ( 'NONE',  ( 0.000000000000000000, -1.000000000000000000, -0.000000000000000000 ) ) ;
#618 = ORIENTED_EDGE ( 'NONE', *, *, #1147, .F. ) ;
#619 = CARTESIAN_POINT ( 'NONE',  ( 1.850000000000000089, -4.000000000000000000, 3.000000000000000000 ) ) ;
#620 = EDGE_CURVE ( 'NONE', #515, #118, #577, .T. ) ;
#621 = CARTESIAN_POINT ( 'NONE',  ( -2.849999999999999645, 0.4999999999999997780, -3.500000000000000000 ) ) ;
#622 = ORIENTED_EDGE ( 'NONE', *, *, #611, .F. ) ;
#623 = DATE_AND_TIME ( #134, #150 ) ;
#624 = ORIENTED_EDGE ( 'NONE', *, *, #1403, .T. ) ;
#625 = CYLINDRICAL_SURFACE ( 'NONE', #1459, 0.5000000000000000000 ) ;
#626 = CARTESIAN_POINT ( 'NONE',  ( 0.000000000000000000, -4.000000000000000000, 0.000000000000000000 ) ) ;
#627 = VERTEX_POINT ( 'NONE', #289 ) ;
#628 = DIRECTION ( 'NONE',  ( 0.000000000000000000, 0.000000000000000000, -1.000000000000000000 ) ) ;
#629 = VECTOR ( 'NONE', #1409, 1000.000000000000000 ) ;
#630 = FACE_OUTER_BOUND ( 'NONE', #512, .T. ) ;
#631 = EDGE_LOOP ( 'NONE', ( #895, #682, #862 ) ) ;
#632 = CIRCLE ( 'NONE', #21, 0.5000000000000000000 ) ;
#633 = CARTESIAN_POINT ( 'NONE',  ( -6.000000000000000000, 0.4999999999999993339, -3.000000000000000444 ) ) ;
#634 = EDGE_CURVE ( 'NONE', #739, #1429, #219, .T. ) ;
#635 = ORIENTED_EDGE ( 'NONE', *, *, #1126, .F. ) ;
#636 = CARTESIAN_POINT ( 'NONE',  ( -1.850000000000000089, -4.000000000000000000, -3.000000000000000444 ) ) ;
#637 = AXIS2_PLACEMENT_3D ( 'NONE', #757, #978, #126 ) ;
#638 = VECTOR ( 'NONE', #583, 1000.000000000000000 ) ;
#639 = AXIS2_PLACEMENT_3D ( 'NONE', #1266, #169, #1038 ) ;
#640 = CARTESIAN_POINT ( 'NONE',  ( -1.850000000000000089, -4.000000000000000000, 3.000000000000000000 ) ) ;
#641 = DIRECTION ( 'NONE',  ( 0.000000000000000000, 0.000000000000000000, 1.000000000000000000 ) ) ;
#642 = DIRECTION ( 'NONE',  ( 0.000000000000000000, -1.000000000000000000, 0.000000000000000000 ) ) ;
#643 = ORIENTED_EDGE ( 'NONE', *, *, #1312, .T. ) ;
#644 = COORDINATED_UNIVERSAL_TIME_OFFSET ( 1, 0, .AHEAD. ) ;
#645 = ORIENTED_EDGE ( 'NONE', *, *, #1334, .F. ) ;
#646 = DIRECTION ( 'NONE',  ( 0.000000000000000000, 0.000000000000000000, 1.000000000000000000 ) ) ;
#647 = CARTESIAN_POINT ( 'NONE',  ( 5.500000000000000000, 3.499999999999999112, -3.000000000000000000 ) ) ;
#648 = DIRECTION ( 'NONE',  ( -0.000000000000000000, -0.000000000000000000, 1.000000000000000000 ) ) ;
#649 = CARTESIAN_POINT ( 'NONE',  ( 5.500000000000000000, -5.505346540445921616E-16, 3.500000000000000000 ) ) ;
#650 = ORIENTED_EDGE ( 'NONE', *, *, #565, .T. ) ;
#651 = FACE_OUTER_BOUND ( 'NONE', #1573, .T. ) ;
#652 = EDGE_CURVE ( 'NONE', #1429, #989, #1037, .T. ) ;
#653 = LINE ( 'NONE', #1141, #176 ) ;
#654 = DIRECTION ( 'NONE',  ( 1.000000000000000000, 1.747729060459023048E-16, 0.000000000000000000 ) ) ;
#655 = DIRECTION ( 'NONE',  ( 0.000000000000000000, 0.000000000000000000, 1.000000000000000000 ) ) ;
#656 = COORDINATED_UNIVERSAL_TIME_OFFSET ( 1, 0, .AHEAD. ) ;
#657 = VERTEX_POINT ( 'NONE', #1256 ) ;
#658 = DIRECTION ( 'NONE',  ( 0.000000000000000000, 0.000000000000000000, 1.000000000000000000 ) ) ;
#659 = CIRCLE ( 'NONE', #552, 0.5000000000000000000 ) ;
#660 = CIRCLE ( 'NONE', #1457, 0.5000000000000000000 ) ;
#661 = AXIS2_PLACEMENT_3D ( 'NONE', #983, #1374, #1357 ) ;
#662 = AXIS2_PLACEMENT_3D ( 'NONE', #42, #155, #274 ) ;
#663 = ORIENTED_EDGE ( 'NONE', *, *, #858, .F. ) ;
#664 = CC_DESIGN_PERSON_AND_ORGANIZATION_ASSIGNMENT ( #1115, #397, ( #243 ) ) ;
#665 = DIRECTION ( 'NONE',  ( 1.000000000000000000, -0.000000000000000000, -0.000000000000000000 ) ) ;
#666 = EDGE_CURVE ( 'NONE', #1182, #877, #1036, .T. ) ;
#667 = CARTESIAN_POINT ( 'NONE',  ( -1.986946099130543431, -4.481574853854731089, -0.3709952504848330612 ) ) ;
#668 = DIRECTION ( 'NONE',  ( -0.000000000000000000, -1.000000000000000000, -0.000000000000000000 ) ) ;
#669 = DIRECTION ( 'NONE',  ( 0.000000000000000000, -0.000000000000000000, 1.000000000000000000 ) ) ;
#670 = ORIENTED_EDGE ( 'NONE', *, *, #608, .F. ) ;
#671 = DIRECTION ( 'NONE',  ( -0.000000000000000000, -1.000000000000000000, 0.000000000000000000 ) ) ;
#672 = CARTESIAN_POINT ( 'NONE',  ( -2.849999999999999645, -0.5000000000000000000, 3.500000000000000000 ) ) ;
#673 = CARTESIAN_POINT ( 'NONE',  ( -6.000000000000000000, 3.499999999999999112, 3.500000000000000000 ) ) ;
#674 = ADVANCED_FACE ( 'NONE', ( #1026 ), #1006, .T. ) ;
#675 = CARTESIAN_POINT ( 'NONE',  ( 0.000000000000000000, -4.500000000000000000, 0.000000000000000000 ) ) ;
#676 = ORIENTED_EDGE ( 'NONE', *, *, #713, .F. ) ;
#677 = DIRECTION ( 'NONE',  ( -0.000000000000000000, 1.000000000000000000, -0.000000000000000000 ) ) ;
#678 = CARTESIAN_POINT ( 'NONE',  ( 5.500000000000000000, 0.000000000000000000, 3.000000000000000000 ) ) ;
#679 = FACE_OUTER_BOUND ( 'NONE', #1239, .T. ) ;
#680 = CARTESIAN_POINT ( 'NONE',  ( 6.000000000000000000, -6.379211070675434126E-16, 3.500000000000000000 ) ) ;
#681 = CC_DESIGN_DATE_AND_TIME_ASSIGNMENT ( #1522, #1393, ( #306 ) ) ;
#682 = ORIENTED_EDGE ( 'NONE', *, *, #814, .T. ) ;
#683 = AXIS2_PLACEMENT_3D ( 'NONE', #1331, #716, #698 ) ;
#684 = EDGE_CURVE ( 'NONE', #801, #1468, #308, .T. ) ;
#685 = VERTEX_POINT ( 'NONE', #284 ) ;
#686 = AXIS2_PLACEMENT_3D ( 'NONE', #917, #64, #415 ) ;
#687 = AXIS2_PLACEMENT_3D ( 'NONE', #214, #567, #952 ) ;
#688 = DIRECTION ( 'NONE',  ( 0.000000000000000000, 0.000000000000000000, -1.000000000000000000 ) ) ;
#689 = CARTESIAN_POINT ( 'NONE',  ( -2.350000000000000089, -4.000000000000000000, -3.500000000000000000 ) ) ;
#690 = DIRECTION ( 'NONE',  ( -1.000000000000000000, 0.000000000000000000, 0.000000000000000000 ) ) ;
#691 = ORIENTED_EDGE ( 'NONE', *, *, #254, .T. ) ;
#692 = EDGE_CURVE ( 'NONE', #1040, #1005, #596, .T. ) ;
#693 = CARTESIAN_POINT ( 'NONE',  ( 5.500000000000000000, 3.999999999999999112, 3.000000000000000000 ) ) ;
#694 = FACE_OUTER_BOUND ( 'NONE', #1123, .T. ) ;
#695 = DIRECTION ( 'NONE',  ( 0.000000000000000000, 0.000000000000000000, -1.000000000000000000 ) ) ;
#696 = EDGE_LOOP ( 'NONE', ( #295, #905, #444, #975 ) ) ;
#697 = APPROVAL ( #9, 'UNSPECIFIED' ) ;
#698 = DIRECTION ( 'NONE',  ( 1.000000000000000000, 9.637352644315595243E-17, 0.000000000000000000 ) ) ;
#699 = MANIFOLD_SOLID_BREP ( 'Congé2', #556 ) ;
#700 = DIRECTION ( 'NONE',  ( -1.224646799147353454E-16, 0.000000000000000000, -1.000000000000000000 ) ) ;
#701 = DIRECTION ( 'NONE',  ( -0.000000000000000000, -0.000000000000000000, 1.000000000000000000 ) ) ;
#702 = EDGE_LOOP ( 'NONE', ( #1218, #1499, #133, #389 ) ) ;
#703 = CARTESIAN_POINT ( 'NONE',  ( 0.000000000000000000, 3.999999999999999112, 0.000000000000000000 ) ) ;
#704 = AXIS2_PLACEMENT_3D ( 'NONE', #1014, #1501, #75 ) ;
#705 = CIRCLE ( 'NONE', #530, 0.5000000000000000000 ) ;
#706 = AXIS2_PLACEMENT_3D ( 'NONE', #580, #1084, #962 ) ;
#707 = LOCAL_TIME ( 10, 38, 30.00000000000000000, #656 ) ;
#708 = CIRCLE ( 'NONE', #151, 2.149999999999999911 ) ;
#709 = CARTESIAN_POINT ( 'NONE',  ( -6.000000000000000000, 3.999999999999999112, 3.500000000000000000 ) ) ;
#710 = CARTESIAN_POINT ( 'NONE',  ( -1.849999999999999645, 1.782910239198384713E-16, 3.000000000000000000 ) ) ;
#711 = CIRCLE ( 'NONE', #1540, 1.650000000000000133 ) ;
#712 = DIRECTION ( 'NONE',  ( 0.000000000000000000, 0.000000000000000000, 1.000000000000000000 ) ) ;
#713 = EDGE_CURVE ( 'NONE', #1182, #377, #1204, .T. ) ;
#714 = ORIENTED_EDGE ( 'NONE', *, *, #122, .F. ) ;
#715 = DIRECTION ( 'NONE',  ( 1.000000000000000000, 0.000000000000000000, 0.000000000000000000 ) ) ;
#716 = DIRECTION ( 'NONE',  ( 9.637352644315595243E-17, -1.000000000000000000, 0.000000000000000000 ) ) ;
#717 = DIRECTION ( 'NONE',  ( 0.000000000000000000, 1.000000000000000000, 0.000000000000000000 ) ) ;
#718 = CARTESIAN_POINT ( 'NONE',  ( 0.000000000000000000, 0.000000000000000000, 0.000000000000000000 ) ) ;
#719 = EDGE_LOOP ( 'NONE', ( #1070, #172, #1125, #29 ) ) ;
#720 = ADVANCED_FACE ( 'NONE', ( #1293 ), #1031, .T. ) ;
#721 = LINE ( 'NONE', #1317, #1434 ) ;
#722 = DIRECTION ( 'NONE',  ( 0.000000000000000000, -0.000000000000000000, -1.000000000000000000 ) ) ;
#723 = ORIENTED_EDGE ( 'NONE', *, *, #360, .F. ) ;
#724 = FACE_OUTER_BOUND ( 'NONE', #1209, .T. ) ;
#725 = EDGE_LOOP ( 'NONE', ( #184, #829, #1311, #776 ) ) ;
#726 = CARTESIAN_POINT ( 'NONE',  ( -5.500000000000000000, 0.4999999999999993339, 3.500000000000000000 ) ) ;
#727 = EDGE_CURVE ( 'NONE', #450, #627, #1534, .T. ) ;
#728 = ADVANCED_FACE ( 'NONE', ( #543 ), #1417, .F. ) ;
#729 = AXIS2_PLACEMENT_3D ( 'NONE', #797, #665, #1165 ) ;
#730 = AXIS2_PLACEMENT_3D ( 'NONE', #726, #994, #1337 ) ;
#731 = CARTESIAN_POINT ( 'NONE',  ( -1.850000000000000089, -4.500000000000000000, 3.500000000000000000 ) ) ;
#732 = EDGE_LOOP ( 'NONE', ( #1428, #1471, #1250, #1529, #1228 ) ) ;
#733 = FACE_OUTER_BOUND ( 'NONE', #197, .T. ) ;
#734 = VECTOR ( 'NONE', #616, 1000.000000000000000 ) ;
#735 = CIRCLE ( 'NONE', #1436, 0.5000000000000000000 ) ;
#736 = EDGE_LOOP ( 'NONE', ( #267, #1421, #241, #663 ) ) ;
#737 = AXIS2_PLACEMENT_3D ( 'NONE', #535, #1148, #641 ) ;
#738 = APPLICATION_PROTOCOL_DEFINITION ( 'international standard', 'config_control_design', 1994, #140 ) ;
#739 = VERTEX_POINT ( 'NONE', #192 ) ;
#740 = CARTESIAN_POINT ( 'NONE',  ( -1.850000000000000089, -4.000000000000000000, -3.000000000000000000 ) ) ;
#741 = CARTESIAN_POINT ( 'NONE',  ( 2.849999999999999645, -8.738645302295114009E-17, -3.500000000000000000 ) ) ;
#742 = EDGE_CURVE ( 'NONE', #1092, #1356, #405, .T. ) ;
#743 = DIRECTION ( 'NONE',  ( 0.000000000000000000, -1.000000000000000000, 0.000000000000000000 ) ) ;
#744 = ORIENTED_EDGE ( 'NONE', *, *, #1450, .T. ) ;
#745 = DIRECTION ( 'NONE',  ( 0.000000000000000000, -1.000000000000000000, 0.000000000000000000 ) ) ;
#746 = ORIENTED_EDGE ( 'NONE', *, *, #439, .T. ) ;
#747 =( NAMED_UNIT ( * ) SI_UNIT ( $, .STERADIAN. ) SOLID_ANGLE_UNIT ( ) );
#748 = ORIENTED_EDGE ( 'NONE', *, *, #1363, .F. ) ;
#749 = ORIENTED_EDGE ( 'NONE', *, *, #972, .F. ) ;
#750 = CARTESIAN_POINT ( 'NONE',  ( 2.849999999999999645, -0.5000000000000000000, 3.000000000000000000 ) ) ;
#751 = DIRECTION ( 'NONE',  ( 0.000000000000000000, 1.000000000000000000, 0.000000000000000000 ) ) ;
#752 = ADVANCED_FACE ( 'NONE', ( #909 ), #1569, .T. ) ;
#753 = ORIENTED_EDGE ( 'NONE', *, *, #858, .T. ) ;
#754 = DIRECTION ( 'NONE',  ( -9.637352644315595243E-17, -1.000000000000000000, 0.000000000000000000 ) ) ;
#755 = CARTESIAN_POINT ( 'NONE',  ( 2.849999999999999645, -0.5000000000000000000, 3.500000000000000000 ) ) ;
#756 = ORIENTED_EDGE ( 'NONE', *, *, #976, .F. ) ;
#757 = CARTESIAN_POINT ( 'NONE',  ( 2.849999999999999645, -0.5000000000000000000, 3.500000000000000000 ) ) ;
#758 = ORIENTED_EDGE ( 'NONE', *, *, #778, .F. ) ;
#759 = DIRECTION ( 'NONE',  ( 0.000000000000000000, 0.000000000000000000, -1.000000000000000000 ) ) ;
#760 = SPHERICAL_SURFACE ( 'NONE', #223, 0.5000000000000000000 ) ;
#761 = DIRECTION ( 'NONE',  ( 1.000000000000000000, 0.000000000000000000, 0.000000000000000000 ) ) ;
#762 = AXIS2_PLACEMENT_3D ( 'NONE', #1319, #245, #473 ) ;
#763 = CARTESIAN_POINT ( 'NONE',  ( -5.500000000000000000, 0.000000000000000000, 3.500000000000000000 ) ) ;
#764 = VERTEX_POINT ( 'NONE', #43 ) ;
#765 = VECTOR ( 'NONE', #1009, 1000.000000000000000 ) ;
#766 = ORIENTED_EDGE ( 'NONE', *, *, #221, .F. ) ;
#767 = ADVANCED_FACE ( 'NONE', ( #1527 ), #61, .T. ) ;
#768 = DIRECTION ( 'NONE',  ( -1.000000000000000000, 0.000000000000000000, 0.000000000000000000 ) ) ;
#769 = AXIS2_PLACEMENT_3D ( 'NONE', #139, #272, #359 ) ;
#770 = AXIS2_PLACEMENT_3D ( 'NONE', #386, #883, #514 ) ;
#771 = DIRECTION ( 'NONE',  ( 0.000000000000000000, -0.000000000000000000, 1.000000000000000000 ) ) ;
#772 = PLANE ( 'NONE',  #639 ) ;
#773 = ORIENTED_EDGE ( 'NONE', *, *, #796, .F. ) ;
#774 = CARTESIAN_POINT ( 'NONE',  ( -2.000081143722705512, -4.476944082261377744, 0.1837063841503404071 ) ) ;
#775 = SECURITY_CLASSIFICATION_LEVEL ( 'unclassified' ) ;
#776 = ORIENTED_EDGE ( 'NONE', *, *, #1388, .F. ) ;
#777 = DIRECTION ( 'NONE',  ( -1.000000000000000000, -0.000000000000000000, 0.000000000000000000 ) ) ;
#778 = EDGE_CURVE ( 'NONE', #406, #138, #1398, .T. ) ;
#779 = DIRECTION ( 'NONE',  ( -1.000000000000000000, 0.000000000000000000, 0.000000000000000000 ) ) ;
#780 = CARTESIAN_POINT ( 'NONE',  ( 6.000000000000000000, 3.499999999999999112, -3.500000000000000000 ) ) ;
#781 = CARTESIAN_POINT ( 'NONE',  ( -1.850000000000000089, -4.500000000000000000, 1.095445115010332149 ) ) ;
#782 = PERSON_AND_ORGANIZATION_ROLE ( 'classification_officer' ) ;
#783 = EDGE_LOOP ( 'NONE', ( #1551, #1112, #326, #1556 ) ) ;
#784 = CARTESIAN_POINT ( 'NONE',  ( -2.349999999999999645, -0.5000000000000000000, -3.500000000000000000 ) ) ;
#785 = EDGE_CURVE ( 'NONE', #421, #469, #711, .T. ) ;
#786 = ORIENTED_EDGE ( 'NONE', *, *, #1246, .T. ) ;
#787 = ADVANCED_FACE ( 'NONE', ( #1166 ), #310, .F. ) ;
#788 = CARTESIAN_POINT ( 'NONE',  ( 0.000000000000000000, -4.500000000000000888, 2.149999999999999911 ) ) ;
#789 = CARTESIAN_POINT ( 'NONE',  ( -2.350000000000000089, -4.000000000000000000, 3.500000000000000000 ) ) ;
#790 = DIRECTION ( 'NONE',  ( -0.000000000000000000, -0.000000000000000000, 1.000000000000000000 ) ) ;
#791 = CARTESIAN_POINT ( 'NONE',  ( 0.000000000000000000, 3.499999999999998668, -2.149999999999999911 ) ) ;
#792 = AXIS2_PLACEMENT_3D ( 'NONE', #920, #309, #1308 ) ;
#793 = VECTOR ( 'NONE', #322, 1000.000000000000000 ) ;
#794 = AXIS2_PLACEMENT_3D ( 'NONE', #56, #1045, #170 ) ;
#795 = ORIENTED_EDGE ( 'NONE', *, *, #742, .T. ) ;
#796 = EDGE_CURVE ( 'NONE', #319, #1443, #24, .T. ) ;
#797 = CARTESIAN_POINT ( 'NONE',  ( -5.500000000000000000, 0.4999999999999994449, 3.000000000000000000 ) ) ;
#798 = CARTESIAN_POINT ( 'NONE',  ( -1.999918083282191672, -4.476995362252358390, -0.1872231799262155660 ) ) ;
#799 = CARTESIAN_POINT ( 'NONE',  ( 5.500000000000000000, 3.499999999999999112, 3.000000000000000000 ) ) ;
#800 = CARTESIAN_POINT ( 'NONE',  ( -2.350000000000000089, -4.500000000000000000, 3.500000000000000000 ) ) ;
#801 = VERTEX_POINT ( 'NONE', #412 ) ;
#802 = ADVANCED_FACE ( 'NONE', ( #549 ), #1050, .T. ) ;
#803 = CARTESIAN_POINT ( 'NONE',  ( -6.000000000000000000, -6.379211070675434126E-16, 3.000000000000000000 ) ) ;
#804 = DIRECTION ( 'NONE',  ( 0.000000000000000000, 0.000000000000000000, 1.000000000000000000 ) ) ;
#805 = LINE ( 'NONE', #561, #840 ) ;
#806 = FACE_OUTER_BOUND ( 'NONE', #217, .T. ) ;
#807 = ORIENTED_EDGE ( 'NONE', *, *, #1029, .T. ) ;
#808 = ORIENTED_EDGE ( 'NONE', *, *, #244, .F. ) ;
#809 = DESIGN_CONTEXT ( 'detailed design', #140, 'design' ) ;
#810 = FACE_OUTER_BOUND ( 'NONE', #631, .T. ) ;
#811 = CARTESIAN_POINT ( 'NONE',  ( -1.849999999999999645, -0.5000000000000000000, -3.000000000000000000 ) ) ;
#812 = CARTESIAN_POINT ( 'NONE',  ( -1.849999999999999645, -0.5000000000000000000, -3.500000000000000000 ) ) ;
#813 = ORIENTED_EDGE ( 'NONE', *, *, #620, .T. ) ;
#814 = EDGE_CURVE ( 'NONE', #1189, #1437, #579, .T. ) ;
#815 = CIRCLE ( 'NONE', #117, 0.5000000000000000000 ) ;
#816 = AXIS2_PLACEMENT_3D ( 'NONE', #1315, #586, #338 ) ;
#817 = ORIENTED_EDGE ( 'NONE', *, *, #634, .F. ) ;
#818 = PRODUCT_DEFINITION_FORMATION_WITH_SPECIFIED_SOURCE ( 'ANY', '', #243, .NOT_KNOWN. ) ;
#819 = VECTOR ( 'NONE', #827, 1000.000000000000000 ) ;
#820 = AXIS2_PLACEMENT_3D ( 'NONE', #1479, #373, #870 ) ;
#821 = DIRECTION ( 'NONE',  ( 0.000000000000000000, -1.000000000000000000, 0.000000000000000000 ) ) ;
#822 = DIRECTION ( 'NONE',  ( 1.000000000000000000, 0.000000000000000000, 0.000000000000000000 ) ) ;
#823 = CARTESIAN_POINT ( 'NONE',  ( 1.850000000000000533, -4.500000000000000000, 3.500000000000000000 ) ) ;
#824 = ORIENTED_EDGE ( 'NONE', *, *, #391, .F. ) ;
#825 = EDGE_CURVE ( 'NONE', #1138, #1480, #1137, .T. ) ;
#826 = LINE ( 'NONE', #123, #278 ) ;
#827 = DIRECTION ( 'NONE',  ( -1.000000000000000000, -0.000000000000000000, -0.000000000000000000 ) ) ;
#828 = DIRECTION ( 'NONE',  ( 0.000000000000000000, 0.000000000000000000, -1.000000000000000000 ) ) ;
#829 = ORIENTED_EDGE ( 'NONE', *, *, #212, .T. ) ;
#830 = CARTESIAN_POINT ( 'NONE',  ( -5.500000000000000000, -5.505346540445921616E-16, -3.000000000000000444 ) ) ;
#831 = CARTESIAN_POINT ( 'NONE',  ( 1.850000000000000089, -4.000000000000000000, 3.000000000000000000 ) ) ;
#832 = B_SPLINE_CURVE_WITH_KNOTS ( 'NONE', 3,
 ( #1344, #242, #356, #1233, #1449, #1574, #864, #236, #106, #345 ),
 .UNSPECIFIED., .F., .F.,
 ( 4, 2, 2, 2, 4 ),
 ( -6.265259513591530496E-06, 0.0005477079922144853031, 0.001101681243942562085, 0.001655654495670638758, 0.002209627747398715432 ),
 .UNSPECIFIED. ) ;
#833 = DIRECTION ( 'NONE',  ( 0.000000000000000000, 0.000000000000000000, 1.000000000000000000 ) ) ;
#834 = SPHERICAL_SURFACE ( 'NONE', #304, 0.5000000000000000000 ) ;
#835 = EDGE_LOOP ( 'NONE', ( #103, #17, #26, #1336 ) ) ;
#836 = EDGE_LOOP ( 'NONE', ( #813, #1455, #936 ) ) ;
#837 = CARTESIAN_POINT ( 'NONE',  ( 2.350000000000000089, -4.000000000000000000, -3.000000000000000444 ) ) ;
#838 = AXIS2_PLACEMENT_3D ( 'NONE', #16, #1508, #537 ) ;
#839 = AXIS2_PLACEMENT_3D ( 'NONE', #392, #743, #1243 ) ;
#840 = VECTOR ( 'NONE', #550, 1000.000000000000000 ) ;
#841 =( GEOMETRIC_REPRESENTATION_CONTEXT ( 3 ) GLOBAL_UNCERTAINTY_ASSIGNED_CONTEXT ( ( #1423 ) ) GLOBAL_UNIT_ASSIGNED_CONTEXT ( ( #613, #492, #747 ) ) REPRESENTATION_CONTEXT ( 'NONE', 'WORKASPACE' ) );
#842 = AXIS2_PLACEMENT_3D ( 'NONE', #1325, #230, #715 ) ;
#843 = PLANE ( 'NONE',  #1326 ) ;
#844 = EDGE_CURVE ( 'NONE', #801, #1443, #1384, .T. ) ;
#845 = DIRECTION ( 'NONE',  ( 0.000000000000000000, -1.000000000000000000, -0.000000000000000000 ) ) ;
#846 = AXIS2_PLACEMENT_3D ( 'NONE', #1391, #914, #290 ) ;
#847 = DIRECTION ( 'NONE',  ( 1.000000000000000000, 0.000000000000000000, -0.000000000000000000 ) ) ;
#848 = ORIENTED_EDGE ( 'NONE', *, *, #1086, .T. ) ;
#849 = ORIENTED_EDGE ( 'NONE', *, *, #471, .T. ) ;
#850 = DIRECTION ( 'NONE',  ( -1.000000000000000000, 0.000000000000000000, 0.000000000000000000 ) ) ;
#851 = FACE_OUTER_BOUND ( 'NONE', #582, .T. ) ;
#852 = ORIENTED_EDGE ( 'NONE', *, *, #1094, .F. ) ;
#853 = DIRECTION ( 'NONE',  ( 9.637352644315595243E-17, -1.000000000000000000, -0.000000000000000000 ) ) ;
#854 = PRODUCT_DEFINITION ( 'UNKNOWN', '', #818, #809 ) ;
#855 = APPROVAL_ROLE ( '' ) ;
#856 = ORIENTED_EDGE ( 'NONE', *, *, #1223, .T. ) ;
#857 = SPHERICAL_SURFACE ( 'NONE', #971, 0.5000000000000000000 ) ;
#858 = EDGE_CURVE ( 'NONE', #739, #801, #1142, .T. ) ;
#859 = DIRECTION ( 'NONE',  ( -1.000000000000000000, 0.000000000000000000, 0.000000000000000000 ) ) ;
#860 = ORIENTED_EDGE ( 'NONE', *, *, #1343, .T. ) ;
#861 = LINE ( 'NONE', #1492, #604 ) ;
#862 = ORIENTED_EDGE ( 'NONE', *, *, #1537, .F. ) ;
#863 = ORIENTED_EDGE ( 'NONE', *, *, #1075, .T. ) ;
#864 = CARTESIAN_POINT ( 'NONE',  ( 1.986946099130543875, -4.481574853854731089, 0.3709952504848305632 ) ) ;
#865 = CARTESIAN_POINT ( 'NONE',  ( -6.000000000000000000, 0.4999999999999992784, -3.500000000000000000 ) ) ;
#866 = EDGE_CURVE ( 'NONE', #319, #986, #266, .T. ) ;
#867 = VECTOR ( 'NONE', #1313, 1000.000000000000000 ) ;
#868 = DIRECTION ( 'NONE',  ( 0.000000000000000000, 0.000000000000000000, 1.000000000000000000 ) ) ;
#869 = ORIENTED_EDGE ( 'NONE', *, *, #70, .F. ) ;
#870 = DIRECTION ( 'NONE',  ( 0.000000000000000000, 0.000000000000000000, -1.000000000000000000 ) ) ;
#871 = CIRCLE ( 'NONE', #175, 0.5000000000000000000 ) ;
#872 = AXIS2_PLACEMENT_3D ( 'NONE', #1390, #410, #779 ) ;
#873 = ORIENTED_EDGE ( 'NONE', *, *, #305, .T. ) ;
#874 = CIRCLE ( 'NONE', #1081, 1.000000000000000000 ) ;
#875 = APPLICATION_PROTOCOL_DEFINITION ( 'international standard', 'config_control_design', 1994, #1422 ) ;
#876 = ORIENTED_EDGE ( 'NONE', *, *, #1307, .T. ) ;
#877 = VERTEX_POINT ( 'NONE', #36 ) ;
#878 = FACE_OUTER_BOUND ( 'NONE', #884, .T. ) ;
#879 = CC_DESIGN_PERSON_AND_ORGANIZATION_ASSIGNMENT ( #985, #1262, ( #818 ) ) ;
#880 = DIRECTION ( 'NONE',  ( -1.000000000000000000, 0.000000000000000000, 0.000000000000000000 ) ) ;
#881 = VERTEX_POINT ( 'NONE', #1020 ) ;
#882 = CARTESIAN_POINT ( 'NONE',  ( 0.000000000000000000, 3.999999999999998224, -2.149999999999999911 ) ) ;
#883 = DIRECTION ( 'NONE',  ( 1.000000000000000000, 0.000000000000000000, 0.000000000000000000 ) ) ;
#884 = EDGE_LOOP ( 'NONE', ( #10, #5, #1248 ) ) ;
#885 = DATE_AND_TIME ( #1341, #1056 ) ;
#886 = EDGE_LOOP ( 'NONE', ( #863, #593, #235, #521 ) ) ;
#887 = CARTESIAN_POINT ( 'NONE',  ( 2.849999999999999645, 0.4999999999999997780, -3.000000000000000000 ) ) ;
#888 = LINE ( 'NONE', #371, #898 ) ;
#889 = VERTEX_POINT ( 'NONE', #788 ) ;
#890 = EDGE_CURVE ( 'NONE', #657, #1092, #432, .T. ) ;
#891 = DIRECTION ( 'NONE',  ( -1.000000000000000000, 0.000000000000000000, 0.000000000000000000 ) ) ;
#892 = CARTESIAN_POINT ( 'NONE',  ( -2.849999999999999645, -0.5000000000000000000, 3.000000000000000000 ) ) ;
#893 = ORIENTED_EDGE ( 'NONE', *, *, #1307, .F. ) ;
#894 = SHAPE_DEFINITION_REPRESENTATION ( #1466, #1399 ) ;
#895 = ORIENTED_EDGE ( 'NONE', *, *, #546, .T. ) ;
#896 = CARTESIAN_POINT ( 'NONE',  ( -5.500000000000000000, 0.4999999999999993339, -3.000000000000000000 ) ) ;
#897 = DIRECTION ( 'NONE',  ( 0.000000000000000000, 0.000000000000000000, -1.000000000000000000 ) ) ;
#898 = VECTOR ( 'NONE', #1371, 1000.000000000000000 ) ;
#899 = EDGE_CURVE ( 'NONE', #587, #1092, #1329, .T. ) ;
#900 = DIRECTION ( 'NONE',  ( -1.000000000000000000, 0.000000000000000000, 0.000000000000000000 ) ) ;
#901 = ORIENTED_EDGE ( 'NONE', *, *, #684, .T. ) ;
#902 = VECTOR ( 'NONE', #1145, 1000.000000000000000 ) ;
#903 = DIRECTION ( 'NONE',  ( -1.000000000000000000, 9.637352644315595243E-17, 0.000000000000000000 ) ) ;
#904 = AXIS2_PLACEMENT_3D ( 'NONE', #1188, #418, #1555 ) ;
#905 = ORIENTED_EDGE ( 'NONE', *, *, #1485, .F. ) ;
#906 = DIRECTION ( 'NONE',  ( -0.000000000000000000, 1.000000000000000000, -0.000000000000000000 ) ) ;
#907 = DIRECTION ( 'NONE',  ( 1.000000000000000000, 0.000000000000000000, 0.000000000000000000 ) ) ;
#908 = CARTESIAN_POINT ( 'NONE',  ( -5.500000000000000000, -5.505346540445921616E-16, 3.500000000000000000 ) ) ;
#909 = FACE_OUTER_BOUND ( 'NONE', #339, .T. ) ;
#910 = EDGE_CURVE ( 'NONE', #1437, #19, #1259, .T. ) ;
#911 = VERTEX_POINT ( 'NONE', #526 ) ;
#912 = CARTESIAN_POINT ( 'NONE',  ( 2.849999999999999645, 0.4999999999999998890, 3.000000000000000000 ) ) ;
#913 = EDGE_CURVE ( 'NONE', #362, #877, #1404, .T. ) ;
#914 = DIRECTION ( 'NONE',  ( 1.000000000000000000, -0.000000000000000000, 0.000000000000000000 ) ) ;
#915 = CARTESIAN_POINT ( 'NONE',  ( -1.936540497843082909, -4.493132148785037749, -0.7354469975124044989 ) ) ;
#916 = DIRECTION ( 'NONE',  ( 1.000000000000000000, 0.000000000000000000, 0.000000000000000000 ) ) ;
#917 = CARTESIAN_POINT ( 'NONE',  ( 8.738645302295121404E-17, 0.5000000000000003331, 3.000000000000000000 ) ) ;
#918 = ADVANCED_FACE ( 'NONE', ( #630 ), #772, .F. ) ;
#919 = ORIENTED_EDGE ( 'NONE', *, *, #1559, .F. ) ;
#920 = CARTESIAN_POINT ( 'NONE',  ( 1.849999999999999645, 1.782910239198384713E-16, 3.000000000000000000 ) ) ;
#921 = CARTESIAN_POINT ( 'NONE',  ( -1.849999999999999645, -4.818676322157797621E-17, -3.000000000000000444 ) ) ;
#922 = AXIS2_PLACEMENT_3D ( 'NONE', #678, #1177, #76 ) ;
#923 = LINE ( 'NONE', #1418, #1181 ) ;
#924 = FACE_OUTER_BOUND ( 'NONE', #302, .T. ) ;
#925 = AXIS2_PLACEMENT_3D ( 'NONE', #626, #497, #868 ) ;
#926 = AXIS2_PLACEMENT_3D ( 'NONE', #573, #1302, #916 ) ;
#927 = CC_DESIGN_APPROVAL ( #33, ( #306 ) ) ;
#928 = CIRCLE ( 'NONE', #1103, 2.149999999999999911 ) ;
#929 = ORIENTED_EDGE ( 'NONE', *, *, #910, .T. ) ;
#930 = ADVANCED_FACE ( 'NONE', ( #1028 ), #1520, .T. ) ;
#931 = CARTESIAN_POINT ( 'NONE',  ( -1.850000000000000089, -4.500000000000000000, 1.095445115010332149 ) ) ;
#932 = CARTESIAN_POINT ( 'NONE',  ( -1.987128039610709163, -4.481525307367362210, 0.3693362257701434670 ) ) ;
#933 = CARTESIAN_POINT ( 'NONE',  ( -2.849999999999999645, -0.5000000000000000000, -3.000000000000000444 ) ) ;
#934 = CARTESIAN_POINT ( 'NONE',  ( -5.500000000000000000, 3.999999999999999112, 3.000000000000000000 ) ) ;
#935 = ORIENTED_EDGE ( 'NONE', *, *, #305, .F. ) ;
#936 = ORIENTED_EDGE ( 'NONE', *, *, #382, .F. ) ;
#937 = FACE_OUTER_BOUND ( 'NONE', #783, .T. ) ;
#938 = DIRECTION ( 'NONE',  ( 0.000000000000000000, 0.000000000000000000, -1.000000000000000000 ) ) ;
#939 = EDGE_LOOP ( 'NONE', ( #1199, #1474, #869 ) ) ;
#940 = ORIENTED_EDGE ( 'NONE', *, *, #778, .T. ) ;
#941 = ORIENTED_EDGE ( 'NONE', *, *, #346, .F. ) ;
#942 = DIRECTION ( 'NONE',  ( 0.000000000000000000, -1.000000000000000000, 0.000000000000000000 ) ) ;
#943 = CARTESIAN_POINT ( 'NONE',  ( -1.850000000000000089, -4.500000000000000000, 3.000000000000000000 ) ) ;
#944 = CARTESIAN_POINT ( 'NONE',  ( 2.350000000000000089, -4.000000000000000000, 3.000000000000000000 ) ) ;
#945 = EDGE_CURVE ( 'NONE', #1342, #275, #416, .T. ) ;
#946 = EDGE_LOOP ( 'NONE', ( #260, #438, #84, #474 ) ) ;
#947 = AXIS2_PLACEMENT_3D ( 'NONE', #1087, #464, #1580 ) ;
#948 = TOROIDAL_SURFACE ( 'NONE', #1544, 1.000000000000000000, 0.5000000000000000000 ) ;
#949 = VECTOR ( 'NONE', #83, 1000.000000000000000 ) ;
#950 = AXIS2_PLACEMENT_3D ( 'NONE', #1526, #1397, #1375 ) ;
#951 = DIRECTION ( 'NONE',  ( 0.000000000000000000, 0.000000000000000000, 1.000000000000000000 ) ) ;
#952 = DIRECTION ( 'NONE',  ( -1.000000000000000000, 0.000000000000000000, 0.000000000000000000 ) ) ;
#953 = FACE_OUTER_BOUND ( 'NONE', #1108, .T. ) ;
#954 = ORIENTED_EDGE ( 'NONE', *, *, #333, .F. ) ;
#955 = EDGE_CURVE ( 'NONE', #437, #515, #28, .T. ) ;
#956 = ORIENTED_EDGE ( 'NONE', *, *, #382, .T. ) ;
#957 = ADVANCED_FACE ( 'NONE', ( #54 ), #1004, .T. ) ;
#958 = DIRECTION ( 'NONE',  ( -1.000000000000000000, 0.000000000000000000, 0.000000000000000000 ) ) ;
#959 = CARTESIAN_POINT ( 'NONE',  ( 2.632990618166809235E-16, 3.499999999999998668, 2.149999999999999911 ) ) ;
#960 = EDGE_LOOP ( 'NONE', ( #991, #1016, #162, #1163 ) ) ;
#961 = ORIENTED_EDGE ( 'NONE', *, *, #1463, .F. ) ;
#962 = DIRECTION ( 'NONE',  ( 0.000000000000000000, 0.000000000000000000, 1.000000000000000000 ) ) ;
#963 = ADVANCED_FACE ( 'NONE', ( #296 ), #1461, .T. ) ;
#964 = FACE_OUTER_BOUND ( 'NONE', #1322, .T. ) ;
#965 = DIRECTION ( 'NONE',  ( 0.000000000000000000, -1.000000000000000000, 0.000000000000000000 ) ) ;
#966 = LINE ( 'NONE', #1117, #1458 ) ;
#967 = VERTEX_POINT ( 'NONE', #621 ) ;
#968 = FACE_OUTER_BOUND ( 'NONE', #427, .T. ) ;
#969 = VECTOR ( 'NONE', #1292, 1000.000000000000000 ) ;
#970 = VECTOR ( 'NONE', #1242, 1000.000000000000000 ) ;
#971 = AXIS2_PLACEMENT_3D ( 'NONE', #3, #1469, #1221 ) ;
#972 = EDGE_CURVE ( 'NONE', #989, #19, #152, .T. ) ;
#973 = AXIS2_PLACEMENT_3D ( 'NONE', #1517, #168, #771 ) ;
#974 = CARTESIAN_POINT ( 'NONE',  ( -2.849999999999999645, -8.738645302295114009E-17, 3.500000000000000000 ) ) ;
#975 = ORIENTED_EDGE ( 'NONE', *, *, #414, .F. ) ;
#976 = EDGE_CURVE ( 'NONE', #469, #421, #301, .T. ) ;
#977 = DIRECTION ( 'NONE',  ( 0.000000000000000000, -1.000000000000000000, 0.000000000000000000 ) ) ;
#978 = DIRECTION ( 'NONE',  ( 0.000000000000000000, 0.000000000000000000, 1.000000000000000000 ) ) ;
#979 = ORIENTED_EDGE ( 'NONE', *, *, #1094, .T. ) ;
#980 = DIRECTION ( 'NONE',  ( 9.637352644315595243E-17, 1.000000000000000000, 0.000000000000000000 ) ) ;
#981 = DIRECTION ( 'NONE',  ( -1.000000000000000000, 0.000000000000000000, 0.000000000000000000 ) ) ;
#982 = ORIENTED_EDGE ( 'NONE', *, *, #866, .T. ) ;
#983 = CARTESIAN_POINT ( 'NONE',  ( 0.000000000000000000, -4.500000000000000000, 0.000000000000000000 ) ) ;
#984 = ADVANCED_FACE ( 'NONE', ( #1192 ), #566, .T. ) ;
#985 = PERSON_AND_ORGANIZATION ( #1539, #576 ) ;
#986 = VERTEX_POINT ( 'NONE', #1416 ) ;
#987 = DIRECTION ( 'NONE',  ( 1.000000000000000000, -9.637352644315595243E-17, 0.000000000000000000 ) ) ;
#988 = DIRECTION ( 'NONE',  ( -1.000000000000000000, 0.000000000000000000, 0.000000000000000000 ) ) ;
#989 = VERTEX_POINT ( 'NONE', #693 ) ;
#990 = DIRECTION ( 'NONE',  ( 1.000000000000000000, 0.000000000000000000, 0.000000000000000000 ) ) ;
#991 = ORIENTED_EDGE ( 'NONE', *, *, #666, .T. ) ;
#992 = ORIENTED_EDGE ( 'NONE', *, *, #1473, .T. ) ;
#993 = ADVANCED_FACE ( 'NONE', ( #1425 ), #570, .T. ) ;
#994 = DIRECTION ( 'NONE',  ( 0.000000000000000000, 0.000000000000000000, -1.000000000000000000 ) ) ;
#995 = DIRECTION ( 'NONE',  ( 0.000000000000000000, -1.000000000000000000, 0.000000000000000000 ) ) ;
#996 = VECTOR ( 'NONE', #395, 1000.000000000000000 ) ;
#997 = AXIS2_PLACEMENT_3D ( 'NONE', #1082, #364, #859 ) ;
#998 = CIRCLE ( 'NONE', #1381, 0.5000000000000000000 ) ;
#999 = DIRECTION ( 'NONE',  ( -1.000000000000000000, 0.000000000000000000, 0.000000000000000000 ) ) ;
#1000 = ORIENTED_EDGE ( 'NONE', *, *, #1263, .T. ) ;
#1001 = CARTESIAN_POINT ( 'NONE',  ( 1.850000000000000089, -4.000000000000000000, 3.000000000000000000 ) ) ;
#1002 = APPROVAL_PERSON_ORGANIZATION ( #1335, #697, #504 ) ;
#1003 = AXIS2_PLACEMENT_3D ( 'NONE', #1441, #845, #1193 ) ;
#1004 = CYLINDRICAL_SURFACE ( 'NONE', #950, 0.5000000000000000000 ) ;
#1005 = VERTEX_POINT ( 'NONE', #433 ) ;
#1006 = TOROIDAL_SURFACE ( 'NONE', #20, 2.149999999999999911, 0.5000000000000000000 ) ;
#1007 = PERSON_AND_ORGANIZATION ( #1539, #576 ) ;
#1008 = EDGE_LOOP ( 'NONE', ( #135, #941, #1448, #606 ) ) ;
#1009 = DIRECTION ( 'NONE',  ( -1.000000000000000000, -1.747729060459023048E-16, -0.000000000000000000 ) ) ;
#1010 = EDGE_CURVE ( 'NONE', #384, #764, #874, .T. ) ;
#1011 = FACE_OUTER_BOUND ( 'NONE', #403, .T. ) ;
#1012 = VERTEX_POINT ( 'NONE', #1067 ) ;
#1013 = CARTESIAN_POINT ( 'NONE',  ( 1.850000000000000089, -4.000000000000000000, -3.500000000000000000 ) ) ;
#1014 = CARTESIAN_POINT ( 'NONE',  ( 0.000000000000000000, -4.000000000000000000, 0.000000000000000000 ) ) ;
#1015 = ORIENTED_EDGE ( 'NONE', *, *, #315, .F. ) ;
#1016 = ORIENTED_EDGE ( 'NONE', *, *, #1531, .F. ) ;
#1017 = CYLINDRICAL_SURFACE ( 'NONE', #279, 0.5000000000000000000 ) ;
#1018 = EDGE_CURVE ( 'NONE', #319, #1579, #381, .T. ) ;
#1019 = CARTESIAN_POINT ( 'NONE',  ( -5.500000000000000000, 0.4999999999999993339, 3.000000000000000000 ) ) ;
#1020 = CARTESIAN_POINT ( 'NONE',  ( 0.000000000000000000, 3.499999999999998668, 1.650000000000000133 ) ) ;
#1021 = ORIENTED_EDGE ( 'NONE', *, *, #742, .F. ) ;
#1022 = CARTESIAN_POINT ( 'NONE',  ( -1.898649428576657083, -4.500000000000545342, 0.9173111081631631913 ) ) ;
#1023 = ORIENTED_EDGE ( 'NONE', *, *, #727, .F. ) ;
#1024 = CARTESIAN_POINT ( 'NONE',  ( 5.500000000000000000, 3.999999999999999112, 3.500000000000000000 ) ) ;
#1025 = EDGE_CURVE ( 'NONE', #1324, #1579, #248, .T. ) ;
#1026 = FACE_OUTER_BOUND ( 'NONE', #696, .T. ) ;
#1027 = CIRCLE ( 'NONE', #49, 2.149999999999999911 ) ;
#1028 = FACE_OUTER_BOUND ( 'NONE', #836, .T. ) ;
#1029 = EDGE_CURVE ( 'NONE', #19, #739, #422, .T. ) ;
#1030 = CIRCLE ( 'NONE', #227, 0.5000000000000000000 ) ;
#1031 = CYLINDRICAL_SURFACE ( 'NONE', #794, 0.5000000000000000000 ) ;
#1032 = PERSON_AND_ORGANIZATION ( #1539, #576 ) ;
#1033 = CIRCLE ( 'NONE', #1003, 0.5000000000000000000 ) ;
#1034 = ORIENTED_EDGE ( 'NONE', *, *, #340, .T. ) ;
#1035 = LINE ( 'NONE', #865, #765 ) ;
#1036 = CIRCLE ( 'NONE', #1162, 0.5000000000000000000 ) ;
#1037 = LINE ( 'NONE', #525, #100 ) ;
#1038 = DIRECTION ( 'NONE',  ( 0.000000000000000000, 0.000000000000000000, -1.000000000000000000 ) ) ;
#1039 = DIRECTION ( 'NONE',  ( 0.000000000000000000, 0.000000000000000000, 1.000000000000000000 ) ) ;
#1040 = VERTEX_POINT ( 'NONE', #931 ) ;
#1041 = EDGE_CURVE ( 'NONE', #362, #1437, #336, .T. ) ;
#1042 = DIRECTION ( 'NONE',  ( 0.000000000000000000, 0.000000000000000000, 1.000000000000000000 ) ) ;
#1043 = ORIENTED_EDGE ( 'NONE', *, *, #825, .F. ) ;
#1044 = CARTESIAN_POINT ( 'NONE',  ( -1.849999999999999645, -0.5000000000000000000, 3.000000000000000000 ) ) ;
#1045 = DIRECTION ( 'NONE',  ( -0.000000000000000000, 1.000000000000000000, 0.000000000000000000 ) ) ;
#1046 = DIRECTION ( 'NONE',  ( 0.000000000000000000, 0.000000000000000000, -1.000000000000000000 ) ) ;
#1047 = ADVANCED_FACE ( 'NONE', ( #87 ), #440, .T. ) ;
#1048 = ORIENTED_EDGE ( 'NONE', *, *, #1271, .F. ) ;
#1049 = DIRECTION ( 'NONE',  ( -1.000000000000000000, -1.747729060459023048E-16, -0.000000000000000000 ) ) ;
#1050 = CYLINDRICAL_SURFACE ( 'NONE', #922, 0.5000000000000000000 ) ;
#1051 = VECTOR ( 'NONE', #1272, 1000.000000000000000 ) ;
#1052 = FACE_OUTER_BOUND ( 'NONE', #725, .T. ) ;
#1053 = PLANE ( 'NONE',  #532 ) ;
#1054 = AXIS2_PLACEMENT_3D ( 'NONE', #640, #880, #1364 ) ;
#1055 = VECTOR ( 'NONE', #790, 1000.000000000000000 ) ;
#1056 = LOCAL_TIME ( 10, 38, 30.00000000000000000, #388 ) ;
#1057 = VECTOR ( 'NONE', #1560, 1000.000000000000000 ) ;
#1058 = VECTOR ( 'NONE', #297, 1000.000000000000000 ) ;
#1059 = ORIENTED_EDGE ( 'NONE', *, *, #490, .T. ) ;
#1060 = ADVANCED_FACE ( 'NONE', ( #810 ), #201, .T. ) ;
#1061 = CARTESIAN_POINT ( 'NONE',  ( -5.500000000000000000, 0.000000000000000000, 3.000000000000000000 ) ) ;
#1062 = DIRECTION ( 'NONE',  ( -1.747729060459023048E-16, 1.000000000000000000, 0.000000000000000000 ) ) ;
#1063 = DIRECTION ( 'NONE',  ( 1.000000000000000000, -0.000000000000000000, 0.000000000000000000 ) ) ;
#1064 = ORIENTED_EDGE ( 'NONE', *, *, #185, .F. ) ;
#1065 = ORIENTED_EDGE ( 'NONE', *, *, #429, .F. ) ;
#1066 = EDGE_CURVE ( 'NONE', #801, #1342, #1350, .T. ) ;
#1067 = CARTESIAN_POINT ( 'NONE',  ( -6.000000000000000000, 3.499999999999999112, 3.000000000000000000 ) ) ;
#1068 = LINE ( 'NONE', #233, #307 ) ;
#1069 = CARTESIAN_POINT ( 'NONE',  ( 6.000000000000000000, 3.499999999999999112, 3.000000000000000000 ) ) ;
#1070 = ORIENTED_EDGE ( 'NONE', *, *, #1363, .T. ) ;
#1071 = EDGE_CURVE ( 'NONE', #986, #138, #597, .T. ) ;
#1072 = CARTESIAN_POINT ( 'NONE',  ( 0.000000000000000000, 3.499999999999999112, 3.500000000000000000 ) ) ;
#1073 = DIRECTION ( 'NONE',  ( -9.637352644315595243E-17, -1.000000000000000000, 0.000000000000000000 ) ) ;
#1074 = PLANE ( 'NONE',  #328 ) ;
#1075 = EDGE_CURVE ( 'NONE', #1324, #1342, #548, .T. ) ;
#1076 = ORIENTED_EDGE ( 'NONE', *, *, #1351, .F. ) ;
#1077 = VECTOR ( 'NONE', #480, 1000.000000000000000 ) ;
#1078 = VECTOR ( 'NONE', #448, 1000.000000000000000 ) ;
#1079 = AXIS2_PLACEMENT_3D ( 'NONE', #496, #995, #1484 ) ;
#1080 = AXIS2_PLACEMENT_3D ( 'NONE', #1001, #977, #628 ) ;
#1081 = AXIS2_PLACEMENT_3D ( 'NONE', #186, #454, #1170 ) ;
#1082 = CARTESIAN_POINT ( 'NONE',  ( 1.850000000000000089, -4.000000000000000000, -3.000000000000000000 ) ) ;
#1083 = CARTESIAN_POINT ( 'NONE',  ( 2.349999999999999645, -0.5000000000000000000, -3.000000000000000444 ) ) ;
#1084 = DIRECTION ( 'NONE',  ( 1.000000000000000000, 0.000000000000000000, 0.000000000000000000 ) ) ;
#1085 = EDGE_LOOP ( 'NONE', ( #14, #210, #614, #622, #1214, #1509, #457, #1034, #541, #57 ) ) ;
#1086 = EDGE_CURVE ( 'NONE', #881, #320, #575, .T. ) ;
#1087 = CARTESIAN_POINT ( 'NONE',  ( 2.632990618166809235E-16, -4.000000000000000000, -2.149999999999999911 ) ) ;
#1088 = CARTESIAN_POINT ( 'NONE',  ( -5.500000000000000000, 0.4999999999999994449, -3.000000000000000444 ) ) ;
#1089 = LINE ( 'NONE', #560, #793 ) ;
#1090 = LINE ( 'NONE', #468, #352 ) ;
#1091 = ORIENTED_EDGE ( 'NONE', *, *, #785, .F. ) ;
#1092 = VERTEX_POINT ( 'NONE', #1186 ) ;
#1093 = DIRECTION ( 'NONE',  ( 1.000000000000000000, 0.000000000000000000, 0.000000000000000000 ) ) ;
#1094 = EDGE_CURVE ( 'NONE', #1150, #313, #659, .T. ) ;
#1095 = DIRECTION ( 'NONE',  ( -9.637352644315595243E-17, 1.000000000000000000, 0.000000000000000000 ) ) ;
#1096 = DIRECTION ( 'NONE',  ( 0.000000000000000000, 1.000000000000000000, 0.000000000000000000 ) ) ;
#1097 = APPROVAL_STATUS ( 'not_yet_approved' ) ;
#1098 = ORIENTED_EDGE ( 'NONE', *, *, #285, .F. ) ;
#1099 = CARTESIAN_POINT ( 'NONE',  ( -2.349999999999999645, 0.000000000000000000, 3.500000000000000000 ) ) ;
#1100 = AXIS2_PLACEMENT_3D ( 'NONE', #791, #1395, #545 ) ;
#1101 = AXIS2_PLACEMENT_3D ( 'NONE', #11, #1093, #363 ) ;
#1102 = ADVANCED_FACE ( 'NONE', ( #559 ), #329, .T. ) ;
#1103 = AXIS2_PLACEMENT_3D ( 'NONE', #499, #1096, #1229 ) ;
#1104 = DIRECTION ( 'NONE',  ( -1.000000000000000000, 0.000000000000000000, 0.000000000000000000 ) ) ;
#1105 = EDGE_LOOP ( 'NONE', ( #104, #1241 ) ) ;
#1106 = LINE ( 'NONE', #1245, #557 ) ;
#1107 = PERSON_AND_ORGANIZATION ( #1539, #576 ) ;
#1108 = EDGE_LOOP ( 'NONE', ( #1339, #493, #714, #396 ) ) ;
#1109 = CARTESIAN_POINT ( 'NONE',  ( -2.349999999999999645, -0.5000000000000000000, -3.000000000000000444 ) ) ;
#1110 = DIRECTION ( 'NONE',  ( 0.000000000000000000, 0.000000000000000000, -1.000000000000000000 ) ) ;
#1111 = ADVANCED_FACE ( 'NONE', ( #937 ), #1454, .T. ) ;
#1112 = ORIENTED_EDGE ( 'NONE', *, *, #429, .T. ) ;
#1113 = CARTESIAN_POINT ( 'NONE',  ( 5.500000000000000000, 3.499999999999999112, -3.500000000000000000 ) ) ;
#1114 = ORIENTED_EDGE ( 'NONE', *, *, #370, .F. ) ;
#1115 = PERSON_AND_ORGANIZATION ( #1539, #576 ) ;
#1116 = ORIENTED_EDGE ( 'NONE', *, *, #536, .T. ) ;
#1117 = CARTESIAN_POINT ( 'NONE',  ( -5.500000000000000000, 3.999999999999999112, 3.500000000000000000 ) ) ;
#1118 = DIRECTION ( 'NONE',  ( 0.000000000000000000, 0.000000000000000000, -1.000000000000000000 ) ) ;
#1119 = DIRECTION ( 'NONE',  ( 1.000000000000000000, 0.000000000000000000, 0.000000000000000000 ) ) ;
#1120 = EDGE_LOOP ( 'NONE', ( #1583, #1064, #635, #1511 ) ) ;
#1121 = PLANE ( 'NONE',  #453 ) ;
#1122 = DIRECTION ( 'NONE',  ( 0.000000000000000000, 0.000000000000000000, -1.000000000000000000 ) ) ;
#1123 = EDGE_LOOP ( 'NONE', ( #238, #935, #1538, #164 ) ) ;
#1124 = CARTESIAN_POINT ( 'NONE',  ( 0.000000000000000000, 3.499999999999999112, 3.000000000000000000 ) ) ;
#1125 = ORIENTED_EDGE ( 'NONE', *, *, #666, .F. ) ;
#1126 = EDGE_CURVE ( 'NONE', #275, #1587, #375, .T. ) ;
#1127 = LINE ( 'NONE', #407, #902 ) ;
#1128 = VECTOR ( 'NONE', #1493, 1000.000000000000000 ) ;
#1129 = CIRCLE ( 'NONE', #1054, 0.5000000000000000000 ) ;
#1130 = CARTESIAN_POINT ( 'NONE',  ( -1.850000000000000089, -4.000000000000000000, -3.500000000000000000 ) ) ;
#1131 = ORIENTED_EDGE ( 'NONE', *, *, #1041, .T. ) ;
#1132 = DIRECTION ( 'NONE',  ( 1.000000000000000000, 0.000000000000000000, 0.000000000000000000 ) ) ;
#1133 = AXIS2_PLACEMENT_3D ( 'NONE', #680, #1530, #658 ) ;
#1134 = TOROIDAL_SURFACE ( 'NONE', #820, 2.149999999999999911, 0.5000000000000000000 ) ;
#1135 = CARTESIAN_POINT ( 'NONE',  ( -8.738645302295121404E-17, 0.5000000000000003331, 3.500000000000000000 ) ) ;
#1136 = ORIENTED_EDGE ( 'NONE', *, *, #652, .F. ) ;
#1137 = CIRCLE ( 'NONE', #662, 2.149999999999999911 ) ;
#1138 = VERTEX_POINT ( 'NONE', #1582 ) ;
#1139 = CARTESIAN_POINT ( 'NONE',  ( 5.500000000000000000, 0.4999999999999993339, 3.000000000000000000 ) ) ;
#1140 = EDGE_CURVE ( 'NONE', #374, #1040, #1451, .T. ) ;
#1141 = CARTESIAN_POINT ( 'NONE',  ( 6.000000000000000000, -6.379211070675434126E-16, -3.000000000000000444 ) ) ;
#1142 = LINE ( 'NONE', #763, #331 ) ;
#1143 = ORIENTED_EDGE ( 'NONE', *, *, #1086, .F. ) ;
#1144 = EDGE_LOOP ( 'NONE', ( #1495, #127, #1264, #848 ) ) ;
#1145 = DIRECTION ( 'NONE',  ( 9.637352644315595243E-17, 1.000000000000000000, -0.000000000000000000 ) ) ;
#1146 = CC_DESIGN_PERSON_AND_ORGANIZATION_ASSIGNMENT ( #1, #484, ( #818 ) ) ;
#1147 = EDGE_CURVE ( 'NONE', #911, #437, #1541, .T. ) ;
#1148 = DIRECTION ( 'NONE',  ( -1.000000000000000000, 0.000000000000000000, 0.000000000000000000 ) ) ;
#1149 = CARTESIAN_POINT ( 'NONE',  ( 0.000000000000000000, -4.000000000000000000, 0.000000000000000000 ) ) ;
#1150 = VERTEX_POINT ( 'NONE', #590 ) ;
#1151 = DIRECTION ( 'NONE',  ( 0.000000000000000000, 0.000000000000000000, -1.000000000000000000 ) ) ;
#1152 = ADVANCED_FACE ( 'NONE', ( #220 ), #599, .T. ) ;
#1153 = CARTESIAN_POINT ( 'NONE',  ( -2.849999999999999645, -0.5000000000000000000, -3.500000000000000000 ) ) ;
#1154 = VECTOR ( 'NONE', #1299, 1000.000000000000000 ) ;
#1155 = CARTESIAN_POINT ( 'NONE',  ( 5.500000000000000000, 0.4999999999999993339, -3.000000000000000444 ) ) ;
#1156 = VECTOR ( 'NONE', #287, 1000.000000000000000 ) ;
#1157 = CARTESIAN_POINT ( 'NONE',  ( -1.850000000000000089, -4.500000000000000000, -1.095445115010332149 ) ) ;
#1158 = APPROVAL_ROLE ( '' ) ;
#1159 = CIRCLE ( 'NONE', #1203, 0.5000000000000000000 ) ;
#1160 = ORIENTED_EDGE ( 'NONE', *, *, #1029, .F. ) ;
#1161 = PLANE ( 'NONE',  #1589 ) ;
#1162 = AXIS2_PLACEMENT_3D ( 'NONE', #1382, #35, #519 ) ;
#1163 = ORIENTED_EDGE ( 'NONE', *, *, #536, .F. ) ;
#1164 = CC_DESIGN_DATE_AND_TIME_ASSIGNMENT ( #623, #1213, ( #854 ) ) ;
#1165 = DIRECTION ( 'NONE',  ( 0.000000000000000000, 0.000000000000000000, 1.000000000000000000 ) ) ;
#1166 = FACE_OUTER_BOUND ( 'NONE', #1144, .T. ) ;
#1167 = DIRECTION ( 'NONE',  ( 0.000000000000000000, 0.000000000000000000, 1.000000000000000000 ) ) ;
#1168 = DIRECTION ( 'NONE',  ( 0.000000000000000000, 1.000000000000000000, 0.000000000000000000 ) ) ;
#1169 = EDGE_LOOP ( 'NONE', ( #355, #90, #1114, #1267 ) ) ;
#1170 = DIRECTION ( 'NONE',  ( -1.000000000000000000, 0.000000000000000000, 0.000000000000000000 ) ) ;
#1171 = DIRECTION ( 'NONE',  ( -0.000000000000000000, -0.000000000000000000, 1.000000000000000000 ) ) ;
#1172 = ORIENTED_EDGE ( 'NONE', *, *, #1349, .T. ) ;
#1173 = DIRECTION ( 'NONE',  ( -1.000000000000000000, 0.000000000000000000, -0.000000000000000000 ) ) ;
#1174 = EDGE_CURVE ( 'NONE', #387, #1182, #1576, .T. ) ;
#1175 = ORIENTED_EDGE ( 'NONE', *, *, #471, .F. ) ;
#1176 = CARTESIAN_POINT ( 'NONE',  ( 1.850000000000000089, -4.000000000000000000, -3.000000000000000444 ) ) ;
#1177 = DIRECTION ( 'NONE',  ( 0.000000000000000000, 1.000000000000000000, 0.000000000000000000 ) ) ;
#1178 = FACE_OUTER_BOUND ( 'NONE', #1478, .T. ) ;
#1179 = DIRECTION ( 'NONE',  ( 1.000000000000000000, -0.000000000000000000, 0.000000000000000000 ) ) ;
#1180 = CIRCLE ( 'NONE', #1079, 0.5000000000000000000 ) ;
#1181 = VECTOR ( 'NONE', #204, 1000.000000000000000 ) ;
#1182 = VERTEX_POINT ( 'NONE', #609 ) ;
#1183 = CIRCLE ( 'NONE', #769, 0.5000000000000004441 ) ;
#1184 = EDGE_CURVE ( 'NONE', #118, #226, #826, .T. ) ;
#1185 = ORIENTED_EDGE ( 'NONE', *, *, #1463, .T. ) ;
#1186 = CARTESIAN_POINT ( 'NONE',  ( 5.500000000000000000, -5.505346540445921616E-16, -3.000000000000000444 ) ) ;
#1187 = CARTESIAN_POINT ( 'NONE',  ( -6.000000000000000000, -6.379211070675434126E-16, -3.000000000000000444 ) ) ;
#1188 = CARTESIAN_POINT ( 'NONE',  ( -2.350000000000000089, -4.000000000000000000, -3.000000000000000444 ) ) ;
#1189 = VERTEX_POINT ( 'NONE', #1477 ) ;
#1190 = EDGE_CURVE ( 'NONE', #502, #1150, #1592, .T. ) ;
#1191 = ADVANCED_FACE ( 'NONE', ( #237, #232 ), #843, .F. ) ;
#1192 = FACE_OUTER_BOUND ( 'NONE', #946, .T. ) ;
#1193 = DIRECTION ( 'NONE',  ( 0.000000000000000000, 0.000000000000000000, 1.000000000000000000 ) ) ;
#1194 = DIRECTION ( 'NONE',  ( -0.000000000000000000, 1.000000000000000000, -0.000000000000000000 ) ) ;
#1195 = ORIENTED_EDGE ( 'NONE', *, *, #1271, .T. ) ;
#1196 = LINE ( 'NONE', #974, #94 ) ;
#1197 = EDGE_CURVE ( 'NONE', #911, #226, #47, .T. ) ;
#1198 = CARTESIAN_POINT ( 'NONE',  ( 2.849999999999999645, 0.4999999999999997780, 3.500000000000000000 ) ) ;
#1199 = ORIENTED_EDGE ( 'NONE', *, *, #315, .T. ) ;
#1200 = DIRECTION ( 'NONE',  ( 0.000000000000000000, -1.000000000000000000, 0.000000000000000000 ) ) ;
#1201 = AXIS2_PLACEMENT_3D ( 'NONE', #459, #958, #1445 ) ;
#1202 = APPROVAL_PERSON_ORGANIZATION ( #44, #33, #1158 ) ;
#1203 = AXIS2_PLACEMENT_3D ( 'NONE', #1212, #1554, #938 ) ;
#1204 = CIRCLE ( 'NONE', #534, 0.5000000000000000000 ) ;
#1205 = DIRECTION ( 'NONE',  ( 0.000000000000000000, -1.000000000000000000, 0.000000000000000000 ) ) ;
#1206 = CARTESIAN_POINT ( 'NONE',  ( -6.000000000000000000, -6.379211070675434126E-16, 3.500000000000000000 ) ) ;
#1207 = DIRECTION ( 'NONE',  ( -1.000000000000000000, 0.000000000000000000, 0.000000000000000000 ) ) ;
#1208 = ADVANCED_FACE ( 'NONE', ( #964 ), #107, .T. ) ;
#1209 = EDGE_LOOP ( 'NONE', ( #1143, #1491, #1402, #645 ) ) ;
#1210 = CARTESIAN_POINT ( 'NONE',  ( -1.849999999999999645, -0.5000000000000000000, 3.500000000000000000 ) ) ;
#1211 = CARTESIAN_POINT ( 'NONE',  ( 2.849999999999999645, -0.5000000000000000000, -3.000000000000000444 ) ) ;
#1212 = CARTESIAN_POINT ( 'NONE',  ( -5.500000000000000000, 0.4999999999999993339, -3.000000000000000444 ) ) ;
#1213 = DATE_TIME_ROLE ( 'creation_date' ) ;
#1214 = ORIENTED_EDGE ( 'NONE', *, *, #1552, .T. ) ;
#1215 = LINE ( 'NONE', #1456, #1327 ) ;
#1216 = EDGE_CURVE ( 'NONE', #256, #1324, #1196, .T. ) ;
#1217 = LINE ( 'NONE', #92, #1379 ) ;
#1218 = ORIENTED_EDGE ( 'NONE', *, *, #370, .T. ) ;
#1219 = DIRECTION ( 'NONE',  ( 0.000000000000000000, 0.000000000000000000, -1.000000000000000000 ) ) ;
#1220 = ORIENTED_EDGE ( 'NONE', *, *, #634, .T. ) ;
#1221 = DIRECTION ( 'NONE',  ( 0.000000000000000000, 0.000000000000000000, -1.000000000000000000 ) ) ;
#1222 = AXIS2_PLACEMENT_3D ( 'NONE', #1348, #615, #850 ) ;
#1223 = EDGE_CURVE ( 'NONE', #313, #387, #1217, .T. ) ;
#1224 = CC_DESIGN_APPROVAL ( #518, ( #818 ) ) ;
#1225 = CIRCLE ( 'NONE', #687, 0.5000000000000000000 ) ;
#1226 = AXIS2_PLACEMENT_3D ( 'NONE', #755, #648, #282 ) ;
#1227 = DIRECTION ( 'NONE',  ( 0.000000000000000000, 0.000000000000000000, -1.000000000000000000 ) ) ;
#1228 = ORIENTED_EDGE ( 'NONE', *, *, #63, .T. ) ;
#1229 = DIRECTION ( 'NONE',  ( 0.000000000000000000, 0.000000000000000000, 1.000000000000000000 ) ) ;
#1230 = ORIENTED_EDGE ( 'NONE', *, *, #206, .T. ) ;
#1231 = CARTESIAN_POINT ( 'NONE',  ( 6.000000000000000000, 0.4999999999999992784, -3.000000000000000444 ) ) ;
#1232 = ORIENTED_EDGE ( 'NONE', *, *, #899, .T. ) ;
#1233 = CARTESIAN_POINT ( 'NONE',  ( 1.987128039610708718, -4.481525307367363986, -0.3693362257701454654 ) ) ;
#1234 = CARTESIAN_POINT ( 'NONE',  ( -1.850000000000000089, -4.000000000000000000, 3.500000000000000000 ) ) ;
#1235 = ADVANCED_FACE ( 'NONE', ( #851 ), #1470, .T. ) ;
#1236 = CARTESIAN_POINT ( 'NONE',  ( -1.850000000000000089, -4.000000000000000000, -3.000000000000000444 ) ) ;
#1237 = EDGE_LOOP ( 'NONE', ( #1387, #1414, #562 ) ) ;
#1238 = EDGE_CURVE ( 'NONE', #1356, #377, #114, .T. ) ;
#1239 = EDGE_LOOP ( 'NONE', ( #766, #954, #824, #1360 ) ) ;
#1240 = DATE_AND_TIME ( #376, #1515 ) ;
#1241 = ORIENTED_EDGE ( 'NONE', *, *, #414, .T. ) ;
#1242 = DIRECTION ( 'NONE',  ( 0.000000000000000000, 0.000000000000000000, -1.000000000000000000 ) ) ;
#1243 = DIRECTION ( 'NONE',  ( 0.000000000000000000, 0.000000000000000000, -1.000000000000000000 ) ) ;
#1244 = ORIENTED_EDGE ( 'NONE', *, *, #1071, .T. ) ;
#1245 = CARTESIAN_POINT ( 'NONE',  ( -2.350000000000000089, -4.500000000000000000, -3.000000000000000444 ) ) ;
#1246 = EDGE_CURVE ( 'NONE', #226, #437, #303, .T. ) ;
#1247 = DIRECTION ( 'NONE',  ( 0.000000000000000000, -1.000000000000000000, 0.000000000000000000 ) ) ;
#1248 = ORIENTED_EDGE ( 'NONE', *, *, #1403, .F. ) ;
#1249 = APPROVAL_DATE_TIME ( #885, #518 ) ;
#1250 = ORIENTED_EDGE ( 'NONE', *, *, #524, .T. ) ;
#1251 = CARTESIAN_POINT ( 'NONE',  ( -1.850000000000000089, -4.500000000000000000, 3.500000000000000000 ) ) ;
#1252 = AXIS2_PLACEMENT_3D ( 'NONE', #179, #1286, #1440 ) ;
#1253 = AXIS2_PLACEMENT_3D ( 'NONE', #1236, #13, #999 ) ;
#1254 = AXIS2_PLACEMENT_3D ( 'NONE', #933, #317, #690 ) ;
#1255 = DIRECTION ( 'NONE',  ( 0.000000000000000000, 0.000000000000000000, 1.000000000000000000 ) ) ;
#1256 = CARTESIAN_POINT ( 'NONE',  ( 5.500000000000000000, 0.4999999999999993339, -3.500000000000000000 ) ) ;
#1257 = AXIS2_PLACEMENT_3D ( 'NONE', #46, #906, #529 ) ;
#1258 = AXIS2_PLACEMENT_3D ( 'NONE', #257, #1132, #489 ) ;
#1259 = LINE ( 'NONE', #411, #1489 ) ;
#1260 = ORIENTED_EDGE ( 'NONE', *, *, #1312, .F. ) ;
#1261 = AXIS2_PLACEMENT_3D ( 'NONE', #1149, #1268, #1039 ) ;
#1262 = PERSON_AND_ORGANIZATION_ROLE ( 'design_supplier' ) ;
#1263 = EDGE_CURVE ( 'NONE', #685, #627, #347, .T. ) ;
#1264 = ORIENTED_EDGE ( 'NONE', *, *, #1388, .T. ) ;
#1265 = FACE_OUTER_BOUND ( 'NONE', #488, .T. ) ;
#1266 = CARTESIAN_POINT ( 'NONE',  ( -6.000000000000000000, -6.379211070675434126E-16, 3.500000000000000000 ) ) ;
#1267 = ORIENTED_EDGE ( 'NONE', *, *, #595, .T. ) ;
#1268 = DIRECTION ( 'NONE',  ( 0.000000000000000000, 1.000000000000000000, 0.000000000000000000 ) ) ;
#1269 = EDGE_LOOP ( 'NONE', ( #1373, #1260, #893, #292 ) ) ;
#1270 = LINE ( 'NONE', #1524, #734 ) ;
#1271 = EDGE_CURVE ( 'NONE', #374, #138, #705, .T. ) ;
#1272 = DIRECTION ( 'NONE',  ( 1.000000000000000000, -0.000000000000000000, -0.000000000000000000 ) ) ;
#1273 = DIRECTION ( 'NONE',  ( 0.000000000000000000, 0.000000000000000000, -1.000000000000000000 ) ) ;
#1274 = CALENDAR_DATE ( 2025, 23, 5 ) ;
#1275 = ORIENTED_EDGE ( 'NONE', *, *, #439, .F. ) ;
#1276 = DIRECTION ( 'NONE',  ( 0.000000000000000000, -1.000000000000000000, 0.000000000000000000 ) ) ;
#1277 = VERTEX_POINT ( 'NONE', #1130 ) ;
#1278 = EDGE_CURVE ( 'NONE', #384, #387, #632, .T. ) ;
#1279 = AXIS2_PLACEMENT_3D ( 'NONE', #1061, #821, #1553 ) ;
#1280 = DIRECTION ( 'NONE',  ( 0.000000000000000000, 0.000000000000000000, -1.000000000000000000 ) ) ;
#1281 = DIRECTION ( 'NONE',  ( -0.000000000000000000, -1.000000000000000000, -0.000000000000000000 ) ) ;
#1282 = AXIS2_PLACEMENT_3D ( 'NONE', #1153, #41, #160 ) ;
#1283 = DIRECTION ( 'NONE',  ( 0.000000000000000000, 0.000000000000000000, 1.000000000000000000 ) ) ;
#1284 = CARTESIAN_POINT ( 'NONE',  ( 5.500000000000000000, -5.505346540445921616E-16, 3.000000000000000000 ) ) ;
#1285 = ORIENTED_EDGE ( 'NONE', *, *, #899, .F. ) ;
#1286 = DIRECTION ( 'NONE',  ( -0.000000000000000000, 1.000000000000000000, 0.000000000000000000 ) ) ;
#1287 = ADVANCED_FACE ( 'NONE', ( #1011 ), #451, .T. ) ;
#1288 = CARTESIAN_POINT ( 'NONE',  ( 0.000000000000000000, -4.500000000000000000, 0.000000000000000000 ) ) ;
#1289 = DIRECTION ( 'NONE',  ( 9.637352644315595243E-17, -1.000000000000000000, 0.000000000000000000 ) ) ;
#1290 = DIRECTION ( 'NONE',  ( 0.000000000000000000, -0.000000000000000000, 1.000000000000000000 ) ) ;
#1291 = ORIENTED_EDGE ( 'NONE', *, *, #34, .T. ) ;
#1292 = DIRECTION ( 'NONE',  ( 1.000000000000000000, -1.747729060459023048E-16, 0.000000000000000000 ) ) ;
#1293 = FACE_OUTER_BOUND ( 'NONE', #1008, .T. ) ;
#1294 = FACE_OUTER_BOUND ( 'NONE', #124, .T. ) ;
#1295 = ADVANCED_FACE ( 'NONE', ( #383 ), #760, .T. ) ;
#1296 = LINE ( 'NONE', #1419, #452 ) ;
#1297 = ORIENTED_EDGE ( 'NONE', *, *, #1476, .F. ) ;
#1298 = EDGE_LOOP ( 'NONE', ( #261, #2, #413, #325 ) ) ;
#1299 = DIRECTION ( 'NONE',  ( -1.000000000000000000, 0.000000000000000000, 0.000000000000000000 ) ) ;
#1300 = CARTESIAN_POINT ( 'NONE',  ( 2.849999999999999645, -8.738645302295115241E-17, 3.000000000000000000 ) ) ;
#1301 = VECTOR ( 'NONE', #1570, 1000.000000000000000 ) ;
#1302 = DIRECTION ( 'NONE',  ( 0.000000000000000000, 1.000000000000000000, 0.000000000000000000 ) ) ;
#1303 = CIRCLE ( 'NONE', #74, 0.5000000000000000000 ) ;
#1304 = ADVANCED_FACE ( 'NONE', ( #1498 ), #153, .T. ) ;
#1305 = ORIENTED_EDGE ( 'NONE', *, *, #546, .F. ) ;
#1306 = AXIS2_PLACEMENT_3D ( 'NONE', #572, #822, #1309 ) ;
#1307 = EDGE_CURVE ( 'NONE', #374, #986, #1129, .T. ) ;
#1308 = DIRECTION ( 'NONE',  ( -1.000000000000000000, -9.637352644315594010E-17, 0.000000000000000000 ) ) ;
#1309 = DIRECTION ( 'NONE',  ( 0.000000000000000000, 0.000000000000000000, -1.000000000000000000 ) ) ;
#1310 = CARTESIAN_POINT ( 'NONE',  ( -5.500000000000000000, 3.499999999999999112, -3.000000000000000000 ) ) ;
#1311 = ORIENTED_EDGE ( 'NONE', *, *, #1485, .T. ) ;
#1312 = EDGE_CURVE ( 'NONE', #986, #685, #888, .T. ) ;
#1313 = DIRECTION ( 'NONE',  ( 0.000000000000000000, 0.000000000000000000, -1.000000000000000000 ) ) ;
#1314 = DIRECTION ( 'NONE',  ( 0.000000000000000000, -1.000000000000000000, -0.000000000000000000 ) ) ;
#1315 = CARTESIAN_POINT ( 'NONE',  ( -8.738645302295121404E-17, 0.5000000000000003331, 3.000000000000000000 ) ) ;
#1316 = EDGE_LOOP ( 'NONE', ( #59, #144, #795, #1365 ) ) ;
#1317 = CARTESIAN_POINT ( 'NONE',  ( -2.349999999999999645, -4.814824860968089633E-32, -3.000000000000000444 ) ) ;
#1318 = EDGE_CURVE ( 'NONE', #406, #502, #350, .T. ) ;
#1319 = CARTESIAN_POINT ( 'NONE',  ( -5.500000000000000000, 3.499999999999999112, -3.000000000000000000 ) ) ;
#1320 = LINE ( 'NONE', #1562, #97 ) ;
#1321 = CARTESIAN_POINT ( 'NONE',  ( 6.000000000000000000, -6.379211070675434126E-16, 3.500000000000000000 ) ) ;
#1322 = EDGE_LOOP ( 'NONE', ( #174, #205, #195, #96 ) ) ;
#1323 = VECTOR ( 'NONE', #423, 1000.000000000000000 ) ;
#1324 = VERTEX_POINT ( 'NONE', #194 ) ;
#1325 = CARTESIAN_POINT ( 'NONE',  ( 5.500000000000000000, 3.499999999999999112, 3.000000000000000000 ) ) ;
#1326 = AXIS2_PLACEMENT_3D ( 'NONE', #709, #1205, #722 ) ;
#1327 = VECTOR ( 'NONE', #250, 1000.000000000000000 ) ;
#1328 = CIRCLE ( 'NONE', #1080, 0.5000000000000000000 ) ;
#1329 = CIRCLE ( 'NONE', #147, 0.5000000000000004441 ) ;
#1330 = PRODUCT_RELATED_PRODUCT_CATEGORY ( 'detail', '', ( #243 ) ) ;
#1331 = CARTESIAN_POINT ( 'NONE',  ( 1.849999999999999645, -4.818676322157797621E-17, -3.000000000000000444 ) ) ;
#1332 = LINE ( 'NONE', #1187, #949 ) ;
#1333 = FACE_OUTER_BOUND ( 'NONE', #1237, .T. ) ;
#1334 = EDGE_CURVE ( 'NONE', #320, #516, #198, .T. ) ;
#1335 = PERSON_AND_ORGANIZATION ( #1539, #576 ) ;
#1336 = ORIENTED_EDGE ( 'NONE', *, *, #796, .T. ) ;
#1337 = DIRECTION ( 'NONE',  ( -1.000000000000000000, 0.000000000000000000, 0.000000000000000000 ) ) ;
#1338 = CARTESIAN_POINT ( 'NONE',  ( 2.350000000000000089, -4.500000000000000000, -3.000000000000000444 ) ) ;
#1339 = ORIENTED_EDGE ( 'NONE', *, *, #1066, .T. ) ;
#1340 = CARTESIAN_POINT ( 'NONE',  ( 5.500000000000000000, 3.499999999999999112, -3.000000000000000444 ) ) ;
#1341 = CALENDAR_DATE ( 2025, 23, 5 ) ;
#1342 = VERTEX_POINT ( 'NONE', #189 ) ;
#1343 = EDGE_CURVE ( 'NONE', #1579, #216, #318, .T. ) ;
#1344 = CARTESIAN_POINT ( 'NONE',  ( 1.850000000000000533, -4.500000000000000000, -1.095445115010331261 ) ) ;
#1345 = CARTESIAN_POINT ( 'NONE',  ( 6.000000000000000000, -6.379211070675434126E-16, 3.000000000000000000 ) ) ;
#1346 = ORIENTED_EDGE ( 'NONE', *, *, #1351, .T. ) ;
#1347 = ORIENTED_EDGE ( 'NONE', *, *, #844, .T. ) ;
#1348 = CARTESIAN_POINT ( 'NONE',  ( -5.500000000000000000, 3.499999999999999112, 3.500000000000000000 ) ) ;
#1349 = EDGE_CURVE ( 'NONE', #463, #313, #815, .T. ) ;
#1350 = CIRCLE ( 'NONE', #729, 0.5000000000000000000 ) ;
#1351 = EDGE_CURVE ( 'NONE', #1480, #1005, #1027, .T. ) ;
#1352 = AXIS2_PLACEMENT_3D ( 'NONE', #312, #669, #293 ) ;
#1353 = CIRCLE ( 'NONE', #409, 0.5000000000000004441 ) ;
#1354 = AXIS2_PLACEMENT_3D ( 'NONE', #892, #1122, #501 ) ;
#1355 = CARTESIAN_POINT ( 'NONE',  ( 1.849999999999999645, -0.5000000000000000000, -3.000000000000000444 ) ) ;
#1356 = VERTEX_POINT ( 'NONE', #1284 ) ;
#1357 = DIRECTION ( 'NONE',  ( 0.000000000000000000, 0.000000000000000000, 1.000000000000000000 ) ) ;
#1358 = ORIENTED_EDGE ( 'NONE', *, *, #1552, .F. ) ;
#1359 = PERSON_AND_ORGANIZATION_ROLE ( 'creator' ) ;
#1360 = ORIENTED_EDGE ( 'NONE', *, *, #1190, .F. ) ;
#1361 = ORIENTED_EDGE ( 'NONE', *, *, #288, .F. ) ;
#1362 = SPHERICAL_SURFACE ( 'NONE', #1567, 0.5000000000000000000 ) ;
#1363 = EDGE_CURVE ( 'NONE', #377, #362, #1030, .T. ) ;
#1364 = DIRECTION ( 'NONE',  ( 0.000000000000000000, 0.000000000000000000, 1.000000000000000000 ) ) ;
#1365 = ORIENTED_EDGE ( 'NONE', *, *, #1238, .T. ) ;
#1366 = DIRECTION ( 'NONE',  ( -1.000000000000000000, -1.747729060459023048E-16, 0.000000000000000000 ) ) ;
#1367 = DIRECTION ( 'NONE',  ( 0.000000000000000000, 0.000000000000000000, -1.000000000000000000 ) ) ;
#1368 = ORIENTED_EDGE ( 'NONE', *, *, #340, .F. ) ;
#1369 = ORIENTED_EDGE ( 'NONE', *, *, #420, .T. ) ;
#1370 = CARTESIAN_POINT ( 'NONE',  ( 2.632990618166809235E-16, -4.500000000000000888, -2.149999999999999911 ) ) ;
#1371 = DIRECTION ( 'NONE',  ( 1.000000000000000000, -0.000000000000000000, 0.000000000000000000 ) ) ;
#1372 = ADVANCED_FACE ( 'NONE', ( #924 ), #1053, .F. ) ;
#1373 = ORIENTED_EDGE ( 'NONE', *, *, #1263, .F. ) ;
#1374 = DIRECTION ( 'NONE',  ( 0.000000000000000000, 1.000000000000000000, 0.000000000000000000 ) ) ;
#1375 = DIRECTION ( 'NONE',  ( 0.000000000000000000, 0.000000000000000000, -1.000000000000000000 ) ) ;
#1376 = ORIENTED_EDGE ( 'NONE', *, *, #206, .F. ) ;
#1377 = ORIENTED_EDGE ( 'NONE', *, *, #1197, .T. ) ;
#1378 = DIRECTION ( 'NONE',  ( 0.000000000000000000, 0.000000000000000000, 1.000000000000000000 ) ) ;
#1379 = VECTOR ( 'NONE', #1095, 1000.000000000000000 ) ;
#1380 = AXIS2_PLACEMENT_3D ( 'NONE', #1231, #592, #240 ) ;
#1381 = AXIS2_PLACEMENT_3D ( 'NONE', #62, #847, #828 ) ;
#1382 = CARTESIAN_POINT ( 'NONE',  ( 1.849999999999999645, -0.5000000000000000000, 3.000000000000000000 ) ) ;
#1383 = AXIS2_PLACEMENT_3D ( 'NONE', #619, #475, #990 ) ;
#1384 = LINE ( 'NONE', #1135, #558 ) ;
#1385 = ORIENTED_EDGE ( 'NONE', *, *, #1066, .F. ) ;
#1386 = CARTESIAN_POINT ( 'NONE',  ( 1.850000000000000533, -4.500000000000000000, 3.500000000000000000 ) ) ;
#1387 = ORIENTED_EDGE ( 'NONE', *, *, #1528, .T. ) ;
#1388 = EDGE_CURVE ( 'NONE', #469, #881, #1296, .T. ) ;
#1389 = DIRECTION ( 'NONE',  ( -0.000000000000000000, -1.000000000000000000, -0.000000000000000000 ) ) ;
#1390 = CARTESIAN_POINT ( 'NONE',  ( -2.849999999999999645, -0.5000000000000000000, -3.000000000000000444 ) ) ;
#1391 = CARTESIAN_POINT ( 'NONE',  ( 5.500000000000000000, 3.499999999999999112, -3.000000000000000000 ) ) ;
#1392 = CARTESIAN_POINT ( 'NONE',  ( 2.849999999999999645, -0.5000000000000000000, 3.000000000000000000 ) ) ;
#1393 = DATE_TIME_ROLE ( 'classification_date' ) ;
#1394 = ORIENTED_EDGE ( 'NONE', *, *, #458, .F. ) ;
#1395 = DIRECTION ( 'NONE',  ( -1.000000000000000000, -0.000000000000000000, -0.000000000000000000 ) ) ;
#1396 = ADVANCED_FACE ( 'NONE', ( #806 ), #436, .F. ) ;
#1397 = DIRECTION ( 'NONE',  ( 1.000000000000000000, -0.000000000000000000, 0.000000000000000000 ) ) ;
#1398 = LINE ( 'NONE', #789, #629 ) ;
#1399 = ADVANCED_BREP_SHAPE_REPRESENTATION ( 'piece_serrage_rails_mobiles', ( #699, #602 ), #841 ) ;
#1400 = DIRECTION ( 'NONE',  ( 0.000000000000000000, 8.673617379884035472E-16, 1.000000000000000000 ) ) ;
#1401 = CARTESIAN_POINT ( 'NONE',  ( 1.850000000000000089, -4.000000000000000000, -3.000000000000000000 ) ) ;
#1402 = ORIENTED_EDGE ( 'NONE', *, *, #294, .F. ) ;
#1403 = EDGE_CURVE ( 'NONE', #275, #369, #430, .T. ) ;
#1404 = CIRCLE ( 'NONE', #1226, 1.000000000000000000 ) ;
#1405 = AXIS2_PLACEMENT_3D ( 'NONE', #1088, #213, #1104 ) ;
#1406 = AXIS2_PLACEMENT_3D ( 'NONE', #215, #456, #351 ) ;
#1407 = CARTESIAN_POINT ( 'NONE',  ( 5.500000000000000000, 0.4999999999999993339, 3.500000000000000000 ) ) ;
#1408 = LOCAL_TIME ( 10, 38, 30.00000000000000000, #644 ) ;
#1409 = DIRECTION ( 'NONE',  ( -0.000000000000000000, -0.000000000000000000, 1.000000000000000000 ) ) ;
#1410 = CIRCLE ( 'NONE', #1383, 0.5000000000000000000 ) ;
#1411 = DIRECTION ( 'NONE',  ( -0.000000000000000000, 1.000000000000000000, -0.000000000000000000 ) ) ;
#1412 = FACE_OUTER_BOUND ( 'NONE', #732, .T. ) ;
#1413 = AXIS2_PLACEMENT_3D ( 'NONE', #316, #655, #538 ) ;
#1414 = ORIENTED_EDGE ( 'NONE', *, *, #221, .T. ) ;
#1415 = EDGE_CURVE ( 'NONE', #1429, #1012, #1435, .T. ) ;
#1416 = CARTESIAN_POINT ( 'NONE',  ( -1.850000000000000089, -4.000000000000000000, 3.500000000000000000 ) ) ;
#1417 = CYLINDRICAL_SURFACE ( 'NONE', #1413, 0.5000000000000000000 ) ;
#1418 = CARTESIAN_POINT ( 'NONE',  ( 6.000000000000000000, -6.379211070675434126E-16, 3.000000000000000000 ) ) ;
#1419 = CARTESIAN_POINT ( 'NONE',  ( 0.000000000000000000, -4.500000000000000000, 1.650000000000000133 ) ) ;
#1420 = ORIENTED_EDGE ( 'NONE', *, *, #1190, .T. ) ;
#1421 = ORIENTED_EDGE ( 'NONE', *, *, #81, .F. ) ;
#1422 = APPLICATION_CONTEXT ( 'configuration controlled 3d designs of mechanical parts and assemblies' ) ;
#1423 = UNCERTAINTY_MEASURE_WITH_UNIT (LENGTH_MEASURE( 1.000000000000000082E-05 ), #613, 'distance_accuracy_value', 'NONE');
#1424 = ADVANCED_FACE ( 'NONE', ( #1412 ), #1161, .F. ) ;
#1425 = FACE_OUTER_BOUND ( 'NONE', #246, .T. ) ;
#1426 = FACE_OUTER_BOUND ( 'NONE', #1427, .T. ) ;
#1427 = EDGE_LOOP ( 'NONE', ( #624, #1358, #808, #1098 ) ) ;
#1428 = ORIENTED_EDGE ( 'NONE', *, *, #1140, .T. ) ;
#1429 = VERTEX_POINT ( 'NONE', #934 ) ;
#1430 = DIRECTION ( 'NONE',  ( -1.000000000000000000, 0.000000000000000000, 0.000000000000000000 ) ) ;
#1431 = CARTESIAN_POINT ( 'NONE',  ( -5.500000000000000000, 0.4999999999999993339, -3.500000000000000000 ) ) ;
#1432 = AXIS2_PLACEMENT_3D ( 'NONE', #1211, #1110, #4 ) ;
#1433 = CARTESIAN_POINT ( 'NONE',  ( 5.500000000000000000, 3.499999999999999112, 3.500000000000000000 ) ) ;
#1434 = VECTOR ( 'NONE', #218, 1000.000000000000000 ) ;
#1435 = CIRCLE ( 'NONE', #1352, 0.5000000000000004441 ) ;
#1436 = AXIS2_PLACEMENT_3D ( 'NONE', #811, #208, #833 ) ;
#1437 = VERTEX_POINT ( 'NONE', #58 ) ;
#1438 = ADVANCED_FACE ( 'NONE', ( #419 ), #78, .T. ) ;
#1439 = AXIS2_PLACEMENT_3D ( 'NONE', #647, #907, #154 ) ;
#1440 = DIRECTION ( 'NONE',  ( 0.000000000000000000, 0.000000000000000000, -1.000000000000000000 ) ) ;
#1441 = CARTESIAN_POINT ( 'NONE',  ( 5.500000000000000000, 3.499999999999999112, -3.000000000000000444 ) ) ;
#1442 = CARTESIAN_POINT ( 'NONE',  ( -2.350000000000000089, -4.000000000000000000, 3.000000000000000000 ) ) ;
#1443 = VERTEX_POINT ( 'NONE', #517 ) ;
#1444 = ADVANCED_FACE ( 'NONE', ( #399 ), #948, .T. ) ;
#1445 = DIRECTION ( 'NONE',  ( 0.000000000000000000, 0.000000000000000000, 1.000000000000000000 ) ) ;
#1446 = LINE ( 'NONE', #349, #1057 ) ;
#1447 = DIRECTION ( 'NONE',  ( -1.000000000000000000, 1.747729060459023048E-16, 0.000000000000000000 ) ) ;
#1448 = ORIENTED_EDGE ( 'NONE', *, *, #445, .F. ) ;
#1449 = CARTESIAN_POINT ( 'NONE',  ( 2.000081143722705956, -4.476944082261378632, -0.1837063841503438766 ) ) ;
#1450 = EDGE_CURVE ( 'NONE', #1189, #587, #1270, .T. ) ;
#1451 = LINE ( 'NONE', #731, #867 ) ;
#1452 = CARTESIAN_POINT ( 'NONE',  ( 2.020667218593133001E-16, 3.499999999999998668, -1.650000000000000133 ) ) ;
#1453 = DIRECTION ( 'NONE',  ( -1.000000000000000000, 0.000000000000000000, 0.000000000000000000 ) ) ;
#1454 = TOROIDAL_SURFACE ( 'NONE', #1432, 1.000000000000000000, 0.5000000000000000000 ) ;
#1455 = ORIENTED_EDGE ( 'NONE', *, *, #553, .T. ) ;
#1456 = CARTESIAN_POINT ( 'NONE',  ( 2.020667218593133001E-16, -4.500000000000000000, -1.650000000000000133 ) ) ;
#1457 = AXIS2_PLACEMENT_3D ( 'NONE', #887, #277, #646 ) ;
#1458 = VECTOR ( 'NONE', #588, 1000.000000000000000 ) ;
#1459 = AXIS2_PLACEMENT_3D ( 'NONE', #1124, #143, #605 ) ;
#1460 = AXIS2_PLACEMENT_3D ( 'NONE', #394, #513, #891 ) ;
#1461 = TOROIDAL_SURFACE ( 'NONE', #1354, 1.000000000000000000, 0.5000000000000000000 ) ;
#1462 = DIRECTION ( 'NONE',  ( -0.000000000000000000, -0.000000000000000000, 1.000000000000000000 ) ) ;
#1463 = EDGE_CURVE ( 'NONE', #989, #118, #158, .T. ) ;
#1464 = ORIENTED_EDGE ( 'NONE', *, *, #825, .T. ) ;
#1465 = CARTESIAN_POINT ( 'NONE',  ( 6.000000000000000000, 3.499999999999999112, 3.500000000000000000 ) ) ;
#1466 = PRODUCT_DEFINITION_SHAPE ( 'NONE', 'NONE',  #854 ) ;
#1467 = FACE_OUTER_BOUND ( 'NONE', #249, .T. ) ;
#1468 = VERTEX_POINT ( 'NONE', #1496 ) ;
#1469 = DIRECTION ( 'NONE',  ( 0.000000000000000000, 1.000000000000000000, 0.000000000000000000 ) ) ;
#1470 = SPHERICAL_SURFACE ( 'NONE', #997, 0.5000000000000000000 ) ;
#1471 = ORIENTED_EDGE ( 'NONE', *, *, #564, .T. ) ;
#1472 = CARTESIAN_POINT ( 'NONE',  ( 1.850000000000000533, -4.500000000000000000, 1.095445115010331261 ) ) ;
#1473 = EDGE_CURVE ( 'NONE', #1005, #502, #1512, .T. ) ;
#1474 = ORIENTED_EDGE ( 'NONE', *, *, #972, .T. ) ;
#1475 = PLANE ( 'NONE',  #428 ) ;
#1476 = EDGE_CURVE ( 'NONE', #764, #491, #660, .T. ) ;
#1477 = CARTESIAN_POINT ( 'NONE',  ( 6.000000000000000000, 0.4999999999999993339, 3.000000000000000000 ) ) ;
#1478 = EDGE_LOOP ( 'NONE', ( #876, #1244, #1048 ) ) ;
#1479 = CARTESIAN_POINT ( 'NONE',  ( 0.000000000000000000, 3.499999999999998668, 0.000000000000000000 ) ) ;
#1480 = VERTEX_POINT ( 'NONE', #1370 ) ;
#1481 = COORDINATED_UNIVERSAL_TIME_OFFSET ( 1, 0, .AHEAD. ) ;
#1482 = ORIENTED_EDGE ( 'NONE', *, *, #458, .T. ) ;
#1483 = CARTESIAN_POINT ( 'NONE',  ( -2.849999999999999645, -8.738645302295115241E-17, -3.000000000000000444 ) ) ;
#1484 = DIRECTION ( 'NONE',  ( 0.000000000000000000, 0.000000000000000000, -1.000000000000000000 ) ) ;
#1485 = EDGE_CURVE ( 'NONE', #320, #881, #476, .T. ) ;
#1486 = VECTOR ( 'NONE', #357, 1000.000000000000000 ) ;
#1487 = AXIS2_PLACEMENT_3D ( 'NONE', #1548, #1179, #300 ) ;
#1488 = AXIS2_PLACEMENT_3D ( 'NONE', #959, #460, #700 ) ;
#1489 = VECTOR ( 'NONE', #161, 1000.000000000000000 ) ;
#1490 = CARTESIAN_POINT ( 'NONE',  ( 1.850000000000000089, -4.000000000000000000, 3.000000000000000000 ) ) ;
#1491 = ORIENTED_EDGE ( 'NONE', *, *, #324, .T. ) ;
#1492 = CARTESIAN_POINT ( 'NONE',  ( 2.349999999999999645, 0.000000000000000000, 3.000000000000000000 ) ) ;
#1493 = DIRECTION ( 'NONE',  ( -9.637352644315595243E-17, -1.000000000000000000, 0.000000000000000000 ) ) ;
#1494 = ORIENTED_EDGE ( 'NONE', *, *, #185, .T. ) ;
#1495 = ORIENTED_EDGE ( 'NONE', *, *, #212, .F. ) ;
#1496 = CARTESIAN_POINT ( 'NONE',  ( -6.000000000000000000, 0.4999999999999993339, 3.000000000000000000 ) ) ;
#1497 = EDGE_CURVE ( 'NONE', #1277, #31, #1127, .T. ) ;
#1498 = FACE_OUTER_BOUND ( 'NONE', #344, .T. ) ;
#1499 = ORIENTED_EDGE ( 'NONE', *, *, #1497, .F. ) ;
#1500 = FACE_OUTER_BOUND ( 'NONE', #1085, .T. ) ;
#1501 = DIRECTION ( 'NONE',  ( -0.000000000000000000, -1.000000000000000000, -0.000000000000000000 ) ) ;
#1502 = ORIENTED_EDGE ( 'NONE', *, *, #70, .T. ) ;
#1503 = DIRECTION ( 'NONE',  ( 0.000000000000000000, 0.000000000000000000, 1.000000000000000000 ) ) ;
#1504 = ORIENTED_EDGE ( 'NONE', *, *, #481, .T. ) ;
#1505 = DIRECTION ( 'NONE',  ( 0.000000000000000000, 1.000000000000000000, -0.000000000000000000 ) ) ;
#1506 = ADVANCED_FACE ( 'NONE', ( #651 ), #251, .T. ) ;
#1507 = CARTESIAN_POINT ( 'NONE',  ( 0.000000000000000000, 3.499999999999998668, 0.000000000000000000 ) ) ;
#1508 = DIRECTION ( 'NONE',  ( -1.000000000000000000, -0.000000000000000000, -0.000000000000000000 ) ) ;
#1509 = ORIENTED_EDGE ( 'NONE', *, *, #346, .T. ) ;
#1510 = DIRECTION ( 'NONE',  ( 9.637352644315595243E-17, 1.000000000000000000, 0.000000000000000000 ) ) ;
#1511 = ORIENTED_EDGE ( 'NONE', *, *, #945, .F. ) ;
#1512 = LINE ( 'NONE', #1251, #970 ) ;
#1513 = VECTOR ( 'NONE', #1049, 1000.000000000000000 ) ;
#1514 = VECTOR ( 'NONE', #695, 1000.000000000000000 ) ;
#1515 = LOCAL_TIME ( 10, 38, 30.00000000000000000, #1481 ) ;
#1516 = AXIS2_PLACEMENT_3D ( 'NONE', #703, #1200, #594 ) ;
#1517 = CARTESIAN_POINT ( 'NONE',  ( -2.350000000000000089, -4.500000000000000000, 3.500000000000000000 ) ) ;
#1518 = CIRCLE ( 'NONE', #661, 2.149999999999999911 ) ;
#1519 = ADVANCED_FACE ( 'NONE', ( #878 ), #1362, .T. ) ;
#1520 = SPHERICAL_SURFACE ( 'NONE', #846, 0.5000000000000000000 ) ;
#1521 = DIRECTION ( 'NONE',  ( 0.000000000000000000, 0.000000000000000000, 1.000000000000000000 ) ) ;
#1522 = DATE_AND_TIME ( #1274, #1408 ) ;
#1523 = ORIENTED_EDGE ( 'NONE', *, *, #890, .F. ) ;
#1524 = CARTESIAN_POINT ( 'NONE',  ( 6.000000000000000000, 0.4999999999999993339, 3.500000000000000000 ) ) ;
#1525 = DIRECTION ( 'NONE',  ( 1.000000000000000000, -0.000000000000000000, -0.000000000000000000 ) ) ;
#1526 = CARTESIAN_POINT ( 'NONE',  ( 0.000000000000000000, -4.000000000000000000, 3.000000000000000000 ) ) ;
#1527 = FACE_OUTER_BOUND ( 'NONE', #702, .T. ) ;
#1528 = EDGE_CURVE ( 'NONE', #406, #1277, #252, .T. ) ;
#1529 = ORIENTED_EDGE ( 'NONE', *, *, #727, .T. ) ;
#1530 = DIRECTION ( 'NONE',  ( -1.000000000000000000, 0.000000000000000000, 0.000000000000000000 ) ) ;
#1531 = EDGE_CURVE ( 'NONE', #685, #877, #523, .T. ) ;
#1532 = ORIENTED_EDGE ( 'NONE', *, *, #51, .F. ) ;
#1533 = DIRECTION ( 'NONE',  ( -1.000000000000000000, 0.000000000000000000, 0.000000000000000000 ) ) ;
#1534 = LINE ( 'NONE', #1386, #1323 ) ;
#1535 = CARTESIAN_POINT ( 'NONE',  ( -6.000000000000000000, -6.379211070675434126E-16, 3.000000000000000000 ) ) ;
#1536 = DIRECTION ( 'NONE',  ( 0.000000000000000000, 0.000000000000000000, -1.000000000000000000 ) ) ;
#1537 = EDGE_CURVE ( 'NONE', #1356, #1437, #871, .T. ) ;
#1538 = ORIENTED_EDGE ( 'NONE', *, *, #1071, .F. ) ;
#1539 = PERSON ( 'UNSPECIFIED', 'UNSPECIFIED', 'UNSPECIFIED', ('UNSPECIFIED'), ('UNSPECIFIED'), ('UNSPECIFIED') ) ;
#1540 = AXIS2_PLACEMENT_3D ( 'NONE', #527, #1281, #804 ) ;
#1541 = CIRCLE ( 'NONE', #762, 0.5000000000000000000 ) ;
#1542 = AXIS2_PLACEMENT_3D ( 'NONE', #188, #1411, #1167 ) ;
#1543 = DIRECTION ( 'NONE',  ( -1.000000000000000000, 0.000000000000000000, 0.000000000000000000 ) ) ;
#1544 = AXIS2_PLACEMENT_3D ( 'NONE', #750, #262, #768 ) ;
#1545 = CARTESIAN_POINT ( 'NONE',  ( -1.936644974645047368, -4.493115979513410352, 0.7350331743483821123 ) ) ;
#1546 = CIRCLE ( 'NONE', #1516, 2.149999999999999911 ) ;
#1547 = CYLINDRICAL_SURFACE ( 'NONE', #1542, 1.650000000000000133 ) ;
#1548 = CARTESIAN_POINT ( 'NONE',  ( -5.500000000000000000, 0.4999999999999993339, -3.000000000000000000 ) ) ;
#1549 = AXIS2_PLACEMENT_3D ( 'NONE', #402, #642, #520 ) ;
#1550 = ORIENTED_EDGE ( 'NONE', *, *, #1318, .T. ) ;
#1551 = ORIENTED_EDGE ( 'NONE', *, *, #1476, .T. ) ;
#1552 = EDGE_CURVE ( 'NONE', #967, #369, #1035, .T. ) ;
#1553 = DIRECTION ( 'NONE',  ( 0.000000000000000000, 0.000000000000000000, -1.000000000000000000 ) ) ;
#1554 = DIRECTION ( 'NONE',  ( -0.000000000000000000, -1.000000000000000000, -0.000000000000000000 ) ) ;
#1555 = DIRECTION ( 'NONE',  ( 0.000000000000000000, 0.000000000000000000, 1.000000000000000000 ) ) ;
#1556 = ORIENTED_EDGE ( 'NONE', *, *, #1010, .T. ) ;
#1557 = ORIENTED_EDGE ( 'NONE', *, *, #288, .T. ) ;
#1558 = DIRECTION ( 'NONE',  ( 0.000000000000000000, 0.000000000000000000, -1.000000000000000000 ) ) ;
#1559 = EDGE_CURVE ( 'NONE', #377, #491, #129, .T. ) ;
#1560 = DIRECTION ( 'NONE',  ( 9.637352644315595243E-17, -1.000000000000000000, -0.000000000000000000 ) ) ;
#1561 = ORIENTED_EDGE ( 'NONE', *, *, #692, .F. ) ;
#1562 = CARTESIAN_POINT ( 'NONE',  ( 2.349999999999999645, 0.4999999999999998890, -3.500000000000000000 ) ) ;
#1563 = AXIS2_PLACEMENT_3D ( 'NONE', #1044, #671, #951 ) ;
#1564 = CARTESIAN_POINT ( 'NONE',  ( -1.850000000000000089, -4.000000000000000000, -3.000000000000000000 ) ) ;
#1565 = TOROIDAL_SURFACE ( 'NONE', #1254, 1.000000000000000000, 0.5000000000000000000 ) ;
#1566 = ADVANCED_FACE ( 'NONE', ( #32 ), #1017, .T. ) ;
#1567 = AXIS2_PLACEMENT_3D ( 'NONE', #896, #146, #1378 ) ;
#1568 = ORIENTED_EDGE ( 'NONE', *, *, #51, .T. ) ;
#1569 = TOROIDAL_SURFACE ( 'NONE', #1261, 2.149999999999999911, 0.5000000000000000000 ) ;
#1570 = DIRECTION ( 'NONE',  ( -1.000000000000000000, 1.747729060459023048E-16, -0.000000000000000000 ) ) ;
#1571 = CARTESIAN_POINT ( 'NONE',  ( 2.020667218593133001E-16, -4.000000000000000000, -1.650000000000000133 ) ) ;
#1572 = FACE_OUTER_BOUND ( 'NONE', #1316, .T. ) ;
#1573 = EDGE_LOOP ( 'NONE', ( #901, #650, #1385 ) ) ;
#1574 = CARTESIAN_POINT ( 'NONE',  ( 1.999918083282191672, -4.476995362252358390, 0.1872231799262134011 ) ) ;
#1575 = EDGE_CURVE ( 'NONE', #657, #587, #1180, .T. ) ;
#1576 = LINE ( 'NONE', #348, #1077 ) ;
#1577 = FACE_OUTER_BOUND ( 'NONE', #886, .T. ) ;
#1578 = FACE_OUTER_BOUND ( 'NONE', #939, .T. ) ;
#1579 = VERTEX_POINT ( 'NONE', #379 ) ;
#1580 = DIRECTION ( 'NONE',  ( 1.224646799147353454E-16, 0.000000000000000000, -1.000000000000000000 ) ) ;
#1581 = ADVANCED_FACE ( 'NONE', ( #136 ), #625, .T. ) ;
#1582 = CARTESIAN_POINT ( 'NONE',  ( 1.850000000000000533, -4.500000000000000000, -1.095445115010331261 ) ) ;
#1583 = ORIENTED_EDGE ( 'NONE', *, *, #565, .F. ) ;
#1584 = CARTESIAN_POINT ( 'NONE',  ( 0.000000000000000000, -4.000000000000000000, 1.650000000000000133 ) ) ;
#1585 = AXIS2_PLACEMENT_3D ( 'NONE', #321, #1558, #1533 ) ;
#1586 = FACE_OUTER_BOUND ( 'NONE', #563, .T. ) ;
#1587 = VERTEX_POINT ( 'NONE', #633 ) ;
#1588 = DIRECTION ( 'NONE',  ( -1.000000000000000000, 0.000000000000000000, -0.000000000000000000 ) ) ;
#1589 = AXIS2_PLACEMENT_3D ( 'NONE', #800, #1168, #1290 ) ;
#1590 = CIRCLE ( 'NONE', #603, 0.5000000000000000000 ) ;
#1591 = ADVANCED_FACE ( 'NONE', ( #1467 ), #109, .T. ) ;
#1592 = LINE ( 'NONE', #1338, #1486 ) ;
#1593 = ORIENTED_EDGE ( 'NONE', *, *, #524, .F. ) ;
#1594 = ADVANCED_FACE ( 'NONE', ( #1586 ), #368, .F. ) ;
#1595 = DIRECTION ( 'NONE',  ( 0.000000000000000000, 0.000000000000000000, -1.000000000000000000 ) ) ;
ENDSEC;
END-ISO-10303-21;
