ISO-10303-21;
HEADER;
FILE_DESCRIPTION (( 'STEP AP203' ),
    '1' );
FILE_NAME ('25-06-03-usinageA_6mm.STEP',
    '2025-06-16T08:17:39',
    ( '' ),
    ( '' ),
    'SwSTEP 2.0',
    'SolidWorks 2023',
    '' );
FILE_SCHEMA (( 'CONFIG_CONTROL_DESIGN' ));
ENDSEC;

DATA;
#1 = AXIS2_PLACEMENT_3D ( 'NONE', #1479, #4151, #537 ) ;
#2 = LINE ( 'NONE', #449, #5468 ) ;
#3 = ORIENTED_EDGE ( 'NONE', *, *, #641, .T. ) ;
#4 = ORIENTED_EDGE ( 'NONE', *, *, #4548, .F. ) ;
#5 = EDGE_CURVE ( 'NONE', #2177, #2807, #907, .T. ) ;
#6 = CIRCLE ( 'NONE', #4047, 0.5000000000000004441 ) ;
#7 = CARTESIAN_POINT ( 'NONE',  ( -1.899999999999999911, 0.000000000000000000, 3.000000000000000000 ) ) ;
#8 = VECTOR ( 'NONE', #3344, 1000.000000000000000 ) ;
#9 = AXIS2_PLACEMENT_3D ( 'NONE', #4742, #2949, #4795 ) ;
#10 = CARTESIAN_POINT ( 'NONE',  ( 0.000000000000000000, 0.000000000000000000, 3.000000000000000000 ) ) ;
#11 = CALENDAR_DATE ( 2025, 16, 6 ) ;
#12 = DIRECTION ( 'NONE',  ( 0.000000000000000000, 1.000000000000000000, 0.000000000000000000 ) ) ;
#13 = ORIENTED_EDGE ( 'NONE', *, *, #3410, .T. ) ;
#14 = AXIS2_PLACEMENT_3D ( 'NONE', #2480, #2035, #3820 ) ;
#15 = VECTOR ( 'NONE', #416, 1000.000000000000000 ) ;
#16 = CARTESIAN_POINT ( 'NONE',  ( 5.500000000000000000, 0.5000000000000000000, -3.000000000000000000 ) ) ;
#17 = VECTOR ( 'NONE', #4846, 1000.000000000000000 ) ;
#18 =( REPRESENTATION_RELATIONSHIP ('NONE','NONE', #3114, #1304 ) REPRESENTATION_RELATIONSHIP_WITH_TRANSFORMATION ( #3286 )SHAPE_REPRESENTATION_RELATIONSHIP( ) );
#19 = CC_DESIGN_DATE_AND_TIME_ASSIGNMENT ( #2261, #4056, ( #3080 ) ) ;
#20 = ORIENTED_EDGE ( 'NONE', *, *, #1139, .T. ) ;
#21 = AXIS2_PLACEMENT_3D ( 'NONE', #1144, #3878, #2146 ) ;
#22 = CARTESIAN_POINT ( 'NONE',  ( 2.399999999999999911, -4.814824860968089633E-32, -2.500000000000000000 ) ) ;
#23 = CC_DESIGN_APPROVAL ( #916, ( #305 ) ) ;
#24 = AXIS2_PLACEMENT_3D ( 'NONE', #5150, #4713, #2571 ) ;
#25 = CARTESIAN_POINT ( 'NONE',  ( -4.279385241571814547, 0.000000000000000000, -3.000000000000000000 ) ) ;
#26 = DIRECTION ( 'NONE',  ( 1.191190382581905865E-16, -1.000000000000000000, 0.000000000000000000 ) ) ;
#27 = PERSON_AND_ORGANIZATION_ROLE ( 'creator' ) ;
#28 = ADVANCED_FACE ( 'NONE', ( #1790 ), #1441, .F. ) ;
#29 = APPROVAL_PERSON_ORGANIZATION ( #65, #2463, #2334 ) ;
#30 = VERTEX_POINT ( 'NONE', #3575 ) ;
#31 = DIRECTION ( 'NONE',  ( 0.000000000000000000, 0.000000000000000000, -1.000000000000000000 ) ) ;
#32 = SECURITY_CLASSIFICATION ( '', '', #3089 ) ;
#33 = EDGE_CURVE ( 'NONE', #4492, #489, #4962, .T. ) ;
#34 = DIRECTION ( 'NONE',  ( 0.000000000000000000, -1.000000000000000000, 0.000000000000000000 ) ) ;
#35 = APPROVAL_ROLE ( '' ) ;
#36 = CC_DESIGN_SECURITY_CLASSIFICATION ( #2859, ( #5818 ) ) ;
#37 = ORIENTED_EDGE ( 'NONE', *, *, #1719, .F. ) ;
#38 = CARTESIAN_POINT ( 'NONE',  ( -13.13397459621555896, -5.000000000000000000, -3.000000000000000000 ) ) ;
#39 = CARTESIAN_POINT ( 'NONE',  ( -4.500000000000000000, -3.623755772593889841E-16, 2.500000000000000000 ) ) ;
#40 = ORIENTED_EDGE ( 'NONE', *, *, #354, .F. ) ;
#41 = ORIENTED_EDGE ( 'NONE', *, *, #2802, .T. ) ;
#42 = DIRECTION ( 'NONE',  ( 0.000000000000000000, 1.000000000000000000, 0.000000000000000000 ) ) ;
#43 = VECTOR ( 'NONE', #5261, 1000.000000000000000 ) ;
#44 = AXIS2_PLACEMENT_3D ( 'NONE', #2667, #5007, #2225 ) ;
#45 =( NAMED_UNIT ( * ) PLANE_ANGLE_UNIT ( ) SI_UNIT ( $, .RADIAN. ) );
#46 = EDGE_CURVE ( 'NONE', #2221, #1490, #2256, .T. ) ;
#47 = DIRECTION ( 'NONE',  ( -1.000000000000000000, 0.000000000000000000, 0.000000000000000000 ) ) ;
#48 = DATE_AND_TIME ( #1905, #2815 ) ;
#49 = CARTESIAN_POINT ( 'NONE',  ( 1.850000000000000089, 8.738645302295099218E-17, -3.000000000000000000 ) ) ;
#50 = ORIENTED_EDGE ( 'NONE', *, *, #5743, .T. ) ;
#51 = AXIS2_PLACEMENT_3D ( 'NONE', #1491, #1050, #5077 ) ;
#52 = FACE_BOUND ( 'NONE', #4185, .T. ) ;
#53 = ORIENTED_EDGE ( 'NONE', *, *, #964, .F. ) ;
#54 = ORIENTED_EDGE ( 'NONE', *, *, #1757, .T. ) ;
#55 = CC_DESIGN_PERSON_AND_ORGANIZATION_ASSIGNMENT ( #935, #1058, ( #4549 ) ) ;
#56 = DIRECTION ( 'NONE',  ( -2.168404344971010101E-16, -1.000000000000000000, 0.000000000000000000 ) ) ;
#57 = DIRECTION ( 'NONE',  ( -1.000000000000000000, 0.000000000000000000, 0.000000000000000000 ) ) ;
#58 = APPROVAL_STATUS ( 'not_yet_approved' ) ;
#59 = CALENDAR_DATE ( 2025, 16, 6 ) ;
#60 = EDGE_LOOP ( 'NONE', ( #1236, #1954, #3145, #3374 ) ) ;
#61 = DIRECTION ( 'NONE',  ( -1.000000000000000000, 0.000000000000000000, 0.000000000000000000 ) ) ;
#62 = ADVANCED_FACE ( 'NONE', ( #4111 ), #4173, .F. ) ;
#63 = DIRECTION ( 'NONE',  ( 0.000000000000000000, 0.000000000000000000, -1.000000000000000000 ) ) ;
#64 = CARTESIAN_POINT ( 'NONE',  ( 4.229385241571814724, -9.629649721936179265E-32, -3.000000000000000000 ) ) ;
#65 = PERSON_AND_ORGANIZATION ( #3639, #409 ) ;
#66 = ORIENTED_EDGE ( 'NONE', *, *, #2523, .T. ) ;
#67 = EDGE_CURVE ( 'NONE', #2177, #4135, #4083, .T. ) ;
#68 = DIRECTION ( 'NONE',  ( 0.000000000000000000, 0.000000000000000000, 1.000000000000000000 ) ) ;
#69 = FACE_OUTER_BOUND ( 'NONE', #4155, .T. ) ;
#70 = ORIENTED_EDGE ( 'NONE', *, *, #503, .T. ) ;
#71 = ORIENTED_EDGE ( 'NONE', *, *, #1650, .T. ) ;
#72 = CARTESIAN_POINT ( 'NONE',  ( -6.000000000000000000, 2.500000000000000000, 3.000000000000000000 ) ) ;
#73 =( NAMED_UNIT ( * ) PLANE_ANGLE_UNIT ( ) SI_UNIT ( $, .RADIAN. ) );
#74 = CIRCLE ( 'NONE', #4393, 0.5000000000000000000 ) ;
#75 = SHAPE_REPRESENTATION ( 'piece_up_serrage_patte_rail_mobile.step', ( #4351 ), #2194 ) ;
#76 = DIRECTION ( 'NONE',  ( 1.000000000000000000, 0.000000000000000000, 0.000000000000000000 ) ) ;
#77 = APPROVAL_STATUS ( 'not_yet_approved' ) ;
#78 = LINE ( 'NONE', #3081, #1131 ) ;
#79 = ORIENTED_EDGE ( 'NONE', *, *, #1349, .T. ) ;
#80 = VERTEX_POINT ( 'NONE', #4051 ) ;
#81 = DIRECTION ( 'NONE',  ( 0.000000000000000000, 0.000000000000000000, -1.000000000000000000 ) ) ;
#82 = VERTEX_POINT ( 'NONE', #2293 ) ;
#83 = DIRECTION ( 'NONE',  ( 0.000000000000000000, 0.000000000000000000, -1.000000000000000000 ) ) ;
#84 = CARTESIAN_POINT ( 'NONE',  ( 2.350000000000000089, -3.500000000000000000, 2.500000000000000000 ) ) ;
#85 = AXIS2_PLACEMENT_3D ( 'NONE', #3918, #3419, #3471 ) ;
#86 = CALENDAR_DATE ( 2025, 16, 6 ) ;
#87 = COORDINATED_UNIVERSAL_TIME_OFFSET ( 1, 0, .AHEAD. ) ;
#88 = VERTEX_POINT ( 'NONE', #4993 ) ;
#89 = CARTESIAN_POINT ( 'NONE',  ( 5.500000000000000000, 0.5000000000000000000, 3.000000000000000000 ) ) ;
#90 = CARTESIAN_POINT ( 'NONE',  ( 5.500000000000000000, 0.5000000000000000000, 3.000000000000000000 ) ) ;
#91 = DIRECTION ( 'NONE',  ( 0.000000000000000000, -1.000000000000000000, 0.000000000000000000 ) ) ;
#92 = DIRECTION ( 'NONE',  ( -1.000000000000000000, -2.168404344971010840E-16, 0.000000000000000000 ) ) ;
#93 = DATE_AND_TIME ( #4121, #2199 ) ;
#94 = ORIENTED_EDGE ( 'NONE', *, *, #2329, .T. ) ;
#95 = CARTESIAN_POINT ( 'NONE',  ( 2.350000000000000089, -3.500000000000000000, 3.000000000000000000 ) ) ;
#96 = AXIS2_PLACEMENT_3D ( 'NONE', #1013, #3243, #4593 ) ;
#97 = ORIENTED_EDGE ( 'NONE', *, *, #989, .T. ) ;
#98 = ORIENTED_EDGE ( 'NONE', *, *, #5062, .F. ) ;
#99 = CARTESIAN_POINT ( 'NONE',  ( 2.350000000000000089, -3.500000000000000000, -2.500000000000000000 ) ) ;
#100 = ADVANCED_FACE ( 'NONE', ( #1379 ), #2350, .T. ) ;
#101 = EDGE_CURVE ( 'NONE', #5051, #4939, #5437, .T. ) ;
#102 = CIRCLE ( 'NONE', #3021, 0.5000000000000000000 ) ;
#103 = LINE ( 'NONE', #4165, #1789 ) ;
#104 = APPROVAL_ROLE ( '' ) ;
#105 = DIRECTION ( 'NONE',  ( 0.000000000000000000, 1.000000000000000000, 0.000000000000000000 ) ) ;
#106 = ORIENTED_EDGE ( 'NONE', *, *, #846, .T. ) ;
#107 = ORIENTED_EDGE ( 'NONE', *, *, #2329, .F. ) ;
#108 = AXIS2_PLACEMENT_3D ( 'NONE', #4783, #4378, #4849 ) ;
#109 = VECTOR ( 'NONE', #2546, 1000.000000000000000 ) ;
#110 = EDGE_CURVE ( 'NONE', #1772, #1980, #463, .T. ) ;
#111 = CARTESIAN_POINT ( 'NONE',  ( -4.500000000000000000, -3.623755772593889841E-16, 3.000000000000000000 ) ) ;
#112 = ORIENTED_EDGE ( 'NONE', *, *, #2213, .F. ) ;
#113 = ORIENTED_EDGE ( 'NONE', *, *, #1837, .F. ) ;
#114 = VECTOR ( 'NONE', #5390, 1000.000000000000000 ) ;
#115 = CIRCLE ( 'NONE', #1807, 1.250000000000000000 ) ;
#116 = CARTESIAN_POINT ( 'NONE',  ( 5.500000000000000000, 2.500000000000000000, 3.000000000000000000 ) ) ;
#117 = APPROVAL_ROLE ( '' ) ;
#118 = AXIS2_PLACEMENT_3D ( 'NONE', #4384, #2469, #5612 ) ;
#119 = EDGE_CURVE ( 'NONE', #4388, #5397, #1823, .T. ) ;
#120 = CALENDAR_DATE ( 2025, 16, 6 ) ;
#121 = VERTEX_POINT ( 'NONE', #1402 ) ;
#122 = DIRECTION ( 'NONE',  ( 0.000000000000000000, 0.000000000000000000, 1.000000000000000000 ) ) ;
#123 = VECTOR ( 'NONE', #2295, 1000.000000000000000 ) ;
#124 = CIRCLE ( 'NONE', #3399, 0.5000000000000000000 ) ;
#125 = VECTOR ( 'NONE', #56, 1000.000000000000000 ) ;
#126 = LINE ( 'NONE', #3676, #1141 ) ;
#127 = PLANE ( 'NONE',  #5081 ) ;
#128 = DATE_TIME_ROLE ( 'creation_date' ) ;
#129 = LOCAL_TIME ( 10, 17, 39.00000000000000000, #1885 ) ;
#130 = EDGE_CURVE ( 'NONE', #3457, #4329, #3199, .T. ) ;
#131 = EDGE_LOOP ( 'NONE', ( #2672, #3809, #698, #4140 ) ) ;
#132 = CARTESIAN_POINT ( 'NONE',  ( -13.50000000000000000, 0.3339745962155620251, 0.000000000000000000 ) ) ;
#133 = LOCAL_TIME ( 10, 17, 39.00000000000000000, #2088 ) ;
#134 = ORIENTED_EDGE ( 'NONE', *, *, #1407, .F. ) ;
#135 = LINE ( 'NONE', #1934, #4052 ) ;
#136 = APPROVAL ( #2004, 'UNSPECIFIED' ) ;
#137 =( NAMED_UNIT ( * ) SI_UNIT ( $, .STERADIAN. ) SOLID_ANGLE_UNIT ( ) );
#138 = CC_DESIGN_APPROVAL ( #5340, ( #1598 ) ) ;
#139 = DIRECTION ( 'NONE',  ( -2.168404344971010101E-16, -1.000000000000000000, 0.000000000000000000 ) ) ;
#140 = DIRECTION ( 'NONE',  ( -3.097720492815725193E-16, 1.000000000000000000, 0.000000000000000000 ) ) ;
#141 = VERTEX_POINT ( 'NONE', #1881 ) ;
#142 = VECTOR ( 'NONE', #4607, 1000.000000000000000 ) ;
#143 = EDGE_CURVE ( 'NONE', #4398, #3717, #4431, .T. ) ;
#144 = LINE ( 'NONE', #4644, #145 ) ;
#145 = VECTOR ( 'NONE', #999, 1000.000000000000000 ) ;
#146 = ADVANCED_FACE ( 'NONE', ( #3536 ), #1810, .T. ) ;
#147 = EDGE_LOOP ( 'NONE', ( #723, #394, #2650, #1192 ) ) ;
#148 = DIRECTION ( 'NONE',  ( 0.000000000000000000, 1.000000000000000000, 0.000000000000000000 ) ) ;
#149 = SECURITY_CLASSIFICATION_LEVEL ( 'unclassified' ) ;
#150 = CONTEXT_DEPENDENT_SHAPE_REPRESENTATION ( #18, #1752 ) ;
#151 = VERTEX_POINT ( 'NONE', #4008 ) ;
#152 = FACE_OUTER_BOUND ( 'NONE', #4370, .T. ) ;
#153 = DIRECTION ( 'NONE',  ( 1.000000000000000000, 1.772003075187619906E-16, 0.000000000000000000 ) ) ;
#154 = CARTESIAN_POINT ( 'NONE',  ( 4.500000000000000000, 2.500000000000000000, 3.000000000000000000 ) ) ;
#155 = PERSON_AND_ORGANIZATION_ROLE ( 'creator' ) ;
#156 = ORIENTED_EDGE ( 'NONE', *, *, #5582, .T. ) ;
#157 = DIRECTION ( 'NONE',  ( -1.000000000000000000, 0.000000000000000000, 0.000000000000000000 ) ) ;
#158 = VERTEX_POINT ( 'NONE', #990 ) ;
#159 = PRODUCT_DEFINITION_SHAPE ( 'NONE', 'NONE',  #5827 ) ;
#160 = CARTESIAN_POINT ( 'NONE',  ( 4.500000000000000000, 2.500000000000000000, -2.500000000000000000 ) ) ;
#161 = DIRECTION ( 'NONE',  ( 0.000000000000000000, -1.000000000000000000, 0.000000000000000000 ) ) ;
#162 = CC_DESIGN_PERSON_AND_ORGANIZATION_ASSIGNMENT ( #1408, #3203, ( #305 ) ) ;
#163 = DIRECTION ( 'NONE',  ( -1.000000000000000000, 0.000000000000000000, 0.000000000000000000 ) ) ;
#164 = VERTEX_POINT ( 'NONE', #2785 ) ;
#165 = ORIENTED_EDGE ( 'NONE', *, *, #5226, .F. ) ;
#166 = CARTESIAN_POINT ( 'NONE',  ( 5.955951912909529574E-16, -5.000000000000000000, 0.000000000000000000 ) ) ;
#167 = DIRECTION ( 'NONE',  ( 0.000000000000000000, 0.000000000000000000, 1.000000000000000000 ) ) ;
#168 = ORIENTED_EDGE ( 'NONE', *, *, #4521, .F. ) ;
#169 = DIRECTION ( 'NONE',  ( -1.000000000000000000, 0.000000000000000000, 0.000000000000000000 ) ) ;
#170 = APPROVAL_DATE_TIME ( #2352, #4555 ) ;
#171 = EDGE_CURVE ( 'NONE', #1243, #765, #3164, .T. ) ;
#172 = ADVANCED_FACE ( 'NONE', ( #5457 ), #4577, .F. ) ;
#173 = DATE_TIME_ROLE ( 'classification_date' ) ;
#174 = FACE_OUTER_BOUND ( 'NONE', #1247, .T. ) ;
#175 = APPROVAL_PERSON_ORGANIZATION ( #1044, #597, #2040 ) ;
#176 = PLANE ( 'NONE',  #4904 ) ;
#177 = CARTESIAN_POINT ( 'NONE',  ( 2.350000000000000089, -9.629649721936179265E-32, 2.500000000000000000 ) ) ;
#178 = CALENDAR_DATE ( 2025, 16, 6 ) ;
#179 = ORIENTED_EDGE ( 'NONE', *, *, #4471, .T. ) ;
#180 = DIRECTION ( 'NONE',  ( 0.000000000000000000, 0.000000000000000000, 1.000000000000000000 ) ) ;
#181 = EDGE_LOOP ( 'NONE', ( #3071, #3007, #3816, #107 ) ) ;
#182 = DIRECTION ( 'NONE',  ( 0.000000000000000000, 0.000000000000000000, 1.000000000000000000 ) ) ;
#183 =( NAMED_UNIT ( * ) PLANE_ANGLE_UNIT ( ) SI_UNIT ( $, .RADIAN. ) );
#184 = VECTOR ( 'NONE', #5757, 1000.000000000000000 ) ;
#185 = DIRECTION ( 'NONE',  ( 0.000000000000000000, -1.000000000000000000, 0.000000000000000000 ) ) ;
#186 = EDGE_CURVE ( 'NONE', #5386, #447, #5175, .T. ) ;
#187 = DATE_TIME_ROLE ( 'classification_date' ) ;
#188 = DIRECTION ( 'NONE',  ( -1.000000000000000000, -3.097720492815725193E-16, 0.000000000000000000 ) ) ;
#189 = ORIENTED_EDGE ( 'NONE', *, *, #3877, .F. ) ;
#190 = DIRECTION ( 'NONE',  ( -1.000000000000000000, 0.000000000000000000, 0.000000000000000000 ) ) ;
#191 = CARTESIAN_POINT ( 'NONE',  ( -9.556624327025931009, 2.500000000000000000, -3.000000000000000000 ) ) ;
#192 = VECTOR ( 'NONE', #5404, 1000.000000000000000 ) ;
#193 = VERTEX_POINT ( 'NONE', #3983 ) ;
#194 = AXIS2_PLACEMENT_3D ( 'NONE', #1604, #4727, #5726 ) ;
#195 = FACE_OUTER_BOUND ( 'NONE', #691, .T. ) ;
#196 = AXIS2_PLACEMENT_3D ( 'NONE', #1126, #2987, #2536 ) ;
#197 = PRODUCT_DEFINITION ( 'UNKNOWN', '', #4257, #2744 ) ;
#198 = APPROVAL_ROLE ( '' ) ;
#199 = AXIS2_PLACEMENT_3D ( 'NONE', #2195, #1336, #1302 ) ;
#200 = DATE_TIME_ROLE ( 'classification_date' ) ;
#201 = AXIS2_PLACEMENT_3D ( 'NONE', #4004, #806, #389 ) ;
#202 = ADVANCED_BREP_SHAPE_REPRESENTATION ( '', ( #4293, #4351 ), #5763 ) ;
#203 = LINE ( 'NONE', #1975, #960 ) ;
#204 = EDGE_CURVE ( 'NONE', #5126, #2217, #5779, .T. ) ;
#205 = DIRECTION ( 'NONE',  ( 0.000000000000000000, 1.000000000000000000, 0.000000000000000000 ) ) ;
#206 = VECTOR ( 'NONE', #4159, 1000.000000000000000 ) ;
#207 = PERSON_AND_ORGANIZATION ( #3639, #409 ) ;
#208 = AXIS2_PLACEMENT_3D ( 'NONE', #3501, #4447, #4498 ) ;
#209 = AXIS2_PLACEMENT_3D ( 'NONE', #1194, #2044, #5193 ) ;
#210 = APPLICATION_CONTEXT ( 'configuration controlled 3d designs of mechanical parts and assemblies' ) ;
#211 = ORIENTED_EDGE ( 'NONE', *, *, #204, .T. ) ;
#212 = FACE_OUTER_BOUND ( 'NONE', #3048, .T. ) ;
#213 = AXIS2_PLACEMENT_3D ( 'NONE', #4441, #4054, #909 ) ;
#214 = EDGE_CURVE ( 'NONE', #5044, #2230, #4895, .T. ) ;
#215 = ORIENTED_EDGE ( 'NONE', *, *, #3069, .T. ) ;
#216 = ADVANCED_FACE ( 'NONE', ( #2247, #4507 ), #4035, .F. ) ;
#217 = SECURITY_CLASSIFICATION ( '', '', #5034 ) ;
#218 = DIRECTION ( 'NONE',  ( 0.000000000000000000, 0.000000000000000000, -1.000000000000000000 ) ) ;
#219 = AXIS2_PLACEMENT_3D ( 'NONE', #3941, #1659, #1122 ) ;
#220 = CC_DESIGN_APPROVAL ( #3753, ( #5014 ) ) ;
#221 = ORIENTED_EDGE ( 'NONE', *, *, #1909, .T. ) ;
#222 = CYLINDRICAL_SURFACE ( 'NONE', #634, 1.250000000000000000 ) ;
#223 = FACE_OUTER_BOUND ( 'NONE', #3366, .T. ) ;
#224 = EDGE_LOOP ( 'NONE', ( #3091, #1128, #347, #2478 ) ) ;
#225 = ORIENTED_EDGE ( 'NONE', *, *, #2979, .F. ) ;
#226 = LOCAL_TIME ( 10, 17, 39.00000000000000000, #1405 ) ;
#227 = LINE ( 'NONE', #1825, #1149 ) ;
#228 = CARTESIAN_POINT ( 'NONE',  ( 2.350000000000000089, 0.000000000000000000, 3.000000000000000000 ) ) ;
#229 = ORIENTED_EDGE ( 'NONE', *, *, #4416, .F. ) ;
#230 = ORIENTED_EDGE ( 'NONE', *, *, #2067, .F. ) ;
#231 = DIRECTION ( 'NONE',  ( -3.097720492815730124E-16, 1.000000000000000000, 0.000000000000000000 ) ) ;
#232 = DATE_AND_TIME ( #3785, #1925 ) ;
#233 = APPROVAL_DATE_TIME ( #5678, #2143 ) ;
#234 = CC_DESIGN_PERSON_AND_ORGANIZATION_ASSIGNMENT ( #994, #2787, ( #4308 ) ) ;
#235 = CIRCLE ( 'NONE', #801, 2.500000000000000000 ) ;
#236 = FACE_OUTER_BOUND ( 'NONE', #5592, .T. ) ;
#237 = DIRECTION ( 'NONE',  ( 0.000000000000000000, 0.000000000000000000, 1.000000000000000000 ) ) ;
#238 = MECHANICAL_CONTEXT ( 'NONE', #1411, 'mechanical' ) ;
#239 = ORIENTED_EDGE ( 'NONE', *, *, #3230, .F. ) ;
#240 = FACE_OUTER_BOUND ( 'NONE', #2948, .T. ) ;
#241 = EDGE_CURVE ( 'NONE', #2847, #3584, #4710, .T. ) ;
#242 = ORIENTED_EDGE ( 'NONE', *, *, #3906, .T. ) ;
#243 = LINE ( 'NONE', #2570, #675 ) ;
#244 = DIRECTION ( 'NONE',  ( 1.000000000000000000, 0.000000000000000000, 0.000000000000000000 ) ) ;
#245 = EDGE_CURVE ( 'NONE', #4475, #2409, #5747, .T. ) ;
#246 = MANIFOLD_SOLID_BREP ( 'NONE', #1136 ) ;
#247 = VERTEX_POINT ( 'NONE', #4460 ) ;
#248 = FACE_OUTER_BOUND ( 'NONE', #3239, .T. ) ;
#249 = EDGE_CURVE ( 'NONE', #1490, #4959, #1051, .T. ) ;
#250 = CARTESIAN_POINT ( 'NONE',  ( -4.500000000000000000, -3.623755772593889841E-16, 2.500000000000000000 ) ) ;
#251 = ORIENTED_EDGE ( 'NONE', *, *, #5502, .F. ) ;
#252 = ORIENTED_EDGE ( 'NONE', *, *, #5765, .T. ) ;
#253 = DIRECTION ( 'NONE',  ( 0.000000000000000000, 1.000000000000000000, 0.000000000000000000 ) ) ;
#254 = DIRECTION ( 'NONE',  ( 2.168404344971010101E-16, -1.000000000000000000, 0.000000000000000000 ) ) ;
#255 = DIRECTION ( 'NONE',  ( 2.710505431213760099E-16, 1.000000000000000000, 0.000000000000000000 ) ) ;
#256 = ORIENTED_EDGE ( 'NONE', *, *, #709, .F. ) ;
#257 = ORIENTED_EDGE ( 'NONE', *, *, #5032, .T. ) ;
#258 = CARTESIAN_POINT ( 'NONE',  ( 1.530808498934190091E-16, 2.500000000000000000, -1.250000000000000000 ) ) ;
#259 = PERSON_AND_ORGANIZATION_ROLE ( 'design_supplier' ) ;
#260 = EDGE_CURVE ( 'NONE', #4346, #2321, #857, .T. ) ;
#261 = PLANE ( 'NONE',  #1146 ) ;
#262 = LINE ( 'NONE', #5120, #8 ) ;
#263 = PERSON_AND_ORGANIZATION ( #3639, #409 ) ;
#264 = ORIENTED_EDGE ( 'NONE', *, *, #4769, .T. ) ;
#265 = CARTESIAN_POINT ( 'NONE',  ( -14.00000000000000000, 0.3339745962155615255, 3.000000000000000000 ) ) ;
#266 = ORIENTED_EDGE ( 'NONE', *, *, #1501, .F. ) ;
#267 = DIRECTION ( 'NONE',  ( -2.478176394252580155E-16, 1.000000000000000000, 0.000000000000000000 ) ) ;
#268 = ORIENTED_EDGE ( 'NONE', *, *, #2508, .F. ) ;
#269 = APPROVAL ( #3580, 'UNSPECIFIED' ) ;
#270 = VERTEX_POINT ( 'NONE', #1393 ) ;
#271 = PLANE ( 'NONE',  #3083 ) ;
#272 = LINE ( 'NONE', #2158, #3293 ) ;
#273 = ORIENTED_EDGE ( 'NONE', *, *, #2254, .T. ) ;
#274 = ORIENTED_EDGE ( 'NONE', *, *, #368, .F. ) ;
#275 = CC_DESIGN_DATE_AND_TIME_ASSIGNMENT ( #5799, #4887, ( #313 ) ) ;
#276 = CARTESIAN_POINT ( 'NONE',  ( -6.000000000000000000, 2.500000000000000000, 3.000000000000000000 ) ) ;
#277 = PERSON ( 'NAUO-PER1', 'UNSPECIFIED', 'UNSPECIFIED', ('UNSPECIFIED'), ('UNSPECIFIED'), ('UNSPECIFIED') ) ;
#278 = FACE_OUTER_BOUND ( 'NONE', #1421, .T. ) ;
#279 = CARTESIAN_POINT ( 'NONE',  ( 5.500000000000000000, -5.505346540445919644E-16, 3.000000000000000000 ) ) ;
#280 = EDGE_CURVE ( 'NONE', #1109, #4850, #669, .T. ) ;
#281 = CARTESIAN_POINT ( 'NONE',  ( -2.399999999999999911, -2.000000000000000000, 3.000000000000000000 ) ) ;
#282 = DIRECTION ( 'NONE',  ( 0.000000000000000000, 1.000000000000000000, 0.000000000000000000 ) ) ;
#283 = ORIENTED_EDGE ( 'NONE', *, *, #3726, .T. ) ;
#284 = VERTEX_POINT ( 'NONE', #1868 ) ;
#285 = AXIS2_PLACEMENT_3D ( 'NONE', #1279, #5553, #1164 ) ;
#286 = ADVANCED_FACE ( 'NONE', ( #951 ), #2223, .F. ) ;
#287 = CARTESIAN_POINT ( 'NONE',  ( -1.899999999999999911, 8.860015375938110623E-17, -3.000000000000000000 ) ) ;
#288 = PERSON_AND_ORGANIZATION ( #3639, #409 ) ;
#289 = CALENDAR_DATE ( 2025, 16, 6 ) ;
#290 = VECTOR ( 'NONE', #3225, 1000.000000000000114 ) ;
#291 = DIRECTION ( 'NONE',  ( 0.000000000000000000, 0.000000000000000000, -1.000000000000000000 ) ) ;
#292 = DIRECTION ( 'NONE',  ( 0.000000000000000000, 1.000000000000000000, 0.000000000000000000 ) ) ;
#293 = VECTOR ( 'NONE', #3087, 1000.000000000000000 ) ;
#294 = APPLICATION_PROTOCOL_DEFINITION ( 'international standard', 'config_control_design', 1994, #1296 ) ;
#295 = EDGE_CURVE ( 'NONE', #1635, #2899, #4546, .T. ) ;
#296 = ORIENTED_EDGE ( 'NONE', *, *, #5596, .T. ) ;
#297 = CARTESIAN_POINT ( 'NONE',  ( 0.000000000000000000, 0.000000000000000000, -3.000000000000000000 ) ) ;
#298 = ORIENTED_EDGE ( 'NONE', *, *, #3250, .T. ) ;
#299 = CIRCLE ( 'NONE', #4058, 0.5000000000000000000 ) ;
#300 = CARTESIAN_POINT ( 'NONE',  ( -6.000000000000000000, 2.500000000000000000, 3.000000000000000000 ) ) ;
#301 = CIRCLE ( 'NONE', #1339, 1.000000000000000000 ) ;
#302 = ORIENTED_EDGE ( 'NONE', *, *, #4410, .T. ) ;
#303 = FACE_OUTER_BOUND ( 'NONE', #4281, .T. ) ;
#304 = DIRECTION ( 'NONE',  ( 1.000000000000000000, 1.747729060459025020E-16, 0.000000000000000000 ) ) ;
#305 = SECURITY_CLASSIFICATION ( '', '', #1922 ) ;
#306 = ORIENTED_EDGE ( 'NONE', *, *, #5346, .F. ) ;
#307 = ORIENTED_EDGE ( 'NONE', *, *, #2408, .T. ) ;
#308 = CIRCLE ( 'NONE', #1057, 0.5000000000000004441 ) ;
#309 = CC_DESIGN_DATE_AND_TIME_ASSIGNMENT ( #4787, #2902, ( #3535 ) ) ;
#310 = CARTESIAN_POINT ( 'NONE',  ( -2.350000000000000089, 0.000000000000000000, 3.000000000000000000 ) ) ;
#311 = CARTESIAN_POINT ( 'NONE',  ( 5.500000000000000000, 2.500000000000000000, 2.500000000000000000 ) ) ;
#312 = DIRECTION ( 'NONE',  ( 1.685467801206459812E-16, 1.000000000000000000, 0.000000000000000000 ) ) ;
#313 = SECURITY_CLASSIFICATION ( '', '', #3504 ) ;
#314 = CARTESIAN_POINT ( 'NONE',  ( -13.50000000000000000, 2.500000000000000000, 0.000000000000000000 ) ) ;
#315 = LINE ( 'NONE', #4757, #942 ) ;
#316 = ORIENTED_EDGE ( 'NONE', *, *, #4833, .F. ) ;
#317 = ORIENTED_EDGE ( 'NONE', *, *, #2544, .T. ) ;
#318 = EDGE_CURVE ( 'NONE', #193, #2126, #2175, .T. ) ;
#319 = CC_DESIGN_SECURITY_CLASSIFICATION ( #1357, ( #5578 ) ) ;
#320 = CARTESIAN_POINT ( 'NONE',  ( -2.350000000000000089, -2.299999999999999822, -3.000000000000000000 ) ) ;
#321 = CALENDAR_DATE ( 2025, 16, 6 ) ;
#322 = CC_DESIGN_APPROVAL ( #5527, ( #2859 ) ) ;
#323 = EDGE_CURVE ( 'NONE', #859, #164, #4484, .T. ) ;
#324 = DATE_AND_TIME ( #757, #4254 ) ;
#325 =( REPRESENTATION_RELATIONSHIP ('NONE','NONE', #3114, #5526 ) REPRESENTATION_RELATIONSHIP_WITH_TRANSFORMATION ( #2760 )SHAPE_REPRESENTATION_RELATIONSHIP( ) );
#326 = AXIS2_PLACEMENT_3D ( 'NONE', #2136, #4429, #398 ) ;
#327 = LINE ( 'NONE', #1230, #5567 ) ;
#328 = FACE_OUTER_BOUND ( 'NONE', #5042, .T. ) ;
#329 = APPROVAL_ROLE ( '' ) ;
#330 = ORIENTED_EDGE ( 'NONE', *, *, #5168, .F. ) ;
#331 = DIRECTION ( 'NONE',  ( 0.000000000000000000, -1.000000000000000000, 0.000000000000000000 ) ) ;
#332 = AXIS2_PLACEMENT_3D ( 'NONE', #1435, #3170, #1847 ) ;
#333 = ORIENTED_EDGE ( 'NONE', *, *, #1348, .T. ) ;
#334 = DIRECTION ( 'NONE',  ( 0.000000000000000000, 1.000000000000000000, 0.000000000000000000 ) ) ;
#335 = DIRECTION ( 'NONE',  ( 0.000000000000000000, 1.000000000000000000, 1.047444401652940007E-14 ) ) ;
#336 = ORIENTED_EDGE ( 'NONE', *, *, #846, .F. ) ;
#337 = DIRECTION ( 'NONE',  ( 1.000000000000000000, 1.747729060459025020E-16, 0.000000000000000000 ) ) ;
#338 = CARTESIAN_POINT ( 'NONE',  ( -95.00000000000000000, -2.500000000000000000, -6.000000000000000000 ) ) ;
#339 = ORIENTED_EDGE ( 'NONE', *, *, #214, .F. ) ;
#340 = VERTEX_POINT ( 'NONE', #2867 ) ;
#341 = CARTESIAN_POINT ( 'NONE',  ( -95.00000000000000000, -2.500000000000000000, -5.000000000000000000 ) ) ;
#342 = CYLINDRICAL_SURFACE ( 'NONE', #1717, 0.5000000000000000000 ) ;
#343 = DIRECTION ( 'NONE',  ( 1.772003075187619906E-16, 1.000000000000000000, 0.000000000000000000 ) ) ;
#344 = DIRECTION ( 'NONE',  ( 0.000000000000000000, -1.000000000000000000, 0.000000000000000000 ) ) ;
#345 = CARTESIAN_POINT ( 'NONE',  ( -13.56698729810778126, -4.250000000000000000, 3.000000000000000000 ) ) ;
#346 = ORIENTED_EDGE ( 'NONE', *, *, #4676, .F. ) ;
#347 = ORIENTED_EDGE ( 'NONE', *, *, #5743, .F. ) ;
#348 = FACE_OUTER_BOUND ( 'NONE', #1664, .T. ) ;
#349 = DATE_AND_TIME ( #2971, #2580 ) ;
#350 = EDGE_CURVE ( 'NONE', #3997, #5044, #4213, .T. ) ;
#351 = DIRECTION ( 'NONE',  ( 0.000000000000000000, -1.000000000000000000, 0.000000000000000000 ) ) ;
#352 = CARTESIAN_POINT ( 'NONE',  ( 5.500000000000000000, -5.505346540445919644E-16, -3.000000000000000000 ) ) ;
#353 = DATE_TIME_ROLE ( 'creation_date' ) ;
#354 = EDGE_CURVE ( 'NONE', #4556, #2349, #4662, .T. ) ;
#355 = VERTEX_POINT ( 'NONE', #160 ) ;
#356 = CARTESIAN_POINT ( 'NONE',  ( -10.13397459621556074, 4.500000000000000000, 3.000000000000000000 ) ) ;
#357 = FACE_BOUND ( 'NONE', #1047, .T. ) ;
#358 = VERTEX_POINT ( 'NONE', #99 ) ;
#359 = DIRECTION ( 'NONE',  ( 0.000000000000000000, 0.000000000000000000, -1.000000000000000000 ) ) ;
#360 = CARTESIAN_POINT ( 'NONE',  ( 6.000000000000000000, 0.5000000000000000000, -3.000000000000000000 ) ) ;
#361 = ORIENTED_EDGE ( 'NONE', *, *, #3617, .F. ) ;
#362 = VERTEX_POINT ( 'NONE', #3350 ) ;
#363 = CC_DESIGN_SECURITY_CLASSIFICATION ( #4308, ( #5828 ) ) ;
#364 = CARTESIAN_POINT ( 'NONE',  ( -5.500000000000000000, 0.000000000000000000, 3.000000000000000000 ) ) ;
#365 = AXIS2_PLACEMENT_3D ( 'NONE', #2535, #3012, #3823 ) ;
#366 = DIRECTION ( 'NONE',  ( 0.000000000000000000, 1.000000000000000000, 0.000000000000000000 ) ) ;
#367 = DIRECTION ( 'NONE',  ( 0.000000000000000000, -1.000000000000000000, 0.000000000000000000 ) ) ;
#368 = EDGE_CURVE ( 'NONE', #4292, #3546, #627, .T. ) ;
#369 = DIRECTION ( 'NONE',  ( 0.000000000000000000, 1.000000000000000000, 0.000000000000000000 ) ) ;
#370 = DIRECTION ( 'NONE',  ( 0.000000000000000000, 0.000000000000000000, 1.000000000000000000 ) ) ;
#371 = ORIENTED_EDGE ( 'NONE', *, *, #4490, .T. ) ;
#372 = CARTESIAN_POINT ( 'NONE',  ( -1.850000000000000089, 4.011548038196364434E-16, 2.500000000000000000 ) ) ;
#373 = PRODUCT_RELATED_PRODUCT_CATEGORY ( 'detail', '', ( #580 ) ) ;
#374 = DIRECTION ( 'NONE',  ( 0.000000000000000000, -1.000000000000000000, 0.000000000000000000 ) ) ;
#375 = FACE_OUTER_BOUND ( 'NONE', #2255, .T. ) ;
#376 = CALENDAR_DATE ( 2025, 16, 6 ) ;
#377 = ORIENTED_EDGE ( 'NONE', *, *, #4230, .T. ) ;
#378 = DIRECTION ( 'NONE',  ( 0.000000000000000000, 1.000000000000000000, 0.000000000000000000 ) ) ;
#379 = AXIS2_PLACEMENT_3D ( 'NONE', #3168, #5342, #4958 ) ;
#380 = EDGE_CURVE ( 'NONE', #80, #4276, #5520, .T. ) ;
#381 = CIRCLE ( 'NONE', #3669, 1.250000000000000000 ) ;
#382 = CARTESIAN_POINT ( 'NONE',  ( -2.350000000000000089, 0.000000000000000000, 3.000000000000000000 ) ) ;
#383 = VECTOR ( 'NONE', #967, 1000.000000000000000 ) ;
#384 = DATE_AND_TIME ( #1716, #4169 ) ;
#385 = VECTOR ( 'NONE', #4841, 1000.000000000000000 ) ;
#386 = EDGE_CURVE ( 'NONE', #1188, #1766, #135, .T. ) ;
#387 = ORIENTED_EDGE ( 'NONE', *, *, #4108, .T. ) ;
#388 = EDGE_CURVE ( 'NONE', #362, #2596, #1520, .T. ) ;
#389 = DIRECTION ( 'NONE',  ( 0.000000000000000000, 0.000000000000000000, -1.000000000000000000 ) ) ;
#390 = CIRCLE ( 'NONE', #1053, 0.5000000000000000000 ) ;
#391 = CARTESIAN_POINT ( 'NONE',  ( -88.00000000000000000, 2.500000000000000000, 0.000000000000000000 ) ) ;
#392 = CIRCLE ( 'NONE', #1710, 1.000000000000000000 ) ;
#393 = ORIENTED_EDGE ( 'NONE', *, *, #1688, .F. ) ;
#394 = ORIENTED_EDGE ( 'NONE', *, *, #992, .F. ) ;
#395 = DIRECTION ( 'NONE',  ( 1.000000000000000000, 1.685467801206459812E-16, 0.000000000000000000 ) ) ;
#396 = EDGE_CURVE ( 'NONE', #5606, #1218, #2398, .T. ) ;
#397 = DIRECTION ( 'NONE',  ( 0.000000000000000000, -1.000000000000000000, 0.000000000000000000 ) ) ;
#398 = DIRECTION ( 'NONE',  ( 0.000000000000000000, 0.000000000000000000, -1.000000000000000000 ) ) ;
#399 = AXIS2_PLACEMENT_3D ( 'NONE', #506, #3674, #2858 ) ;
#400 = DIRECTION ( 'NONE',  ( 0.000000000000000000, -1.000000000000000000, 0.000000000000000000 ) ) ;
#401 = VECTOR ( 'NONE', #2631, 1000.000000000000000 ) ;
#402 = VECTOR ( 'NONE', #148, 1000.000000000000000 ) ;
#403 = CYLINDRICAL_SURFACE ( 'NONE', #4512, 0.5000000000000000000 ) ;
#404 = VERTEX_POINT ( 'NONE', #3329 ) ;
#405 = VECTOR ( 'NONE', #3175, 1000.000000000000000 ) ;
#406 = SECURITY_CLASSIFICATION ( '', '', #2083 ) ;
#407 = LINE ( 'NONE', #4017, #3425 ) ;
#408 =( GEOMETRIC_REPRESENTATION_CONTEXT ( 3 ) GLOBAL_UNCERTAINTY_ASSIGNED_CONTEXT ( ( #2438 ) ) GLOBAL_UNIT_ASSIGNED_CONTEXT ( ( #4931, #45, #2754 ) ) REPRESENTATION_CONTEXT ( 'NONE', 'WORKASPACE' ) );
#409 = ORGANIZATION ( 'UNSPECIFIED', 'UNSPECIFIED', '' ) ;
#410 = DIRECTION ( 'NONE',  ( 1.000000000000000000, 0.000000000000000000, 0.000000000000000000 ) ) ;
#411 = DIRECTION ( 'NONE',  ( 0.000000000000000000, 1.000000000000000000, 0.000000000000000000 ) ) ;
#412 = DATE_AND_TIME ( #376, #2856 ) ;
#413 = APPROVAL_PERSON_ORGANIZATION ( #5474, #1353, #2382 ) ;
#414 = CC_DESIGN_PERSON_AND_ORGANIZATION_ASSIGNMENT ( #1028, #1854, ( #2859 ) ) ;
#415 = ORIENTED_EDGE ( 'NONE', *, *, #5464, .T. ) ;
#416 = DIRECTION ( 'NONE',  ( -2.168404344971010101E-16, -1.000000000000000000, 0.000000000000000000 ) ) ;
#417 = PERSON ( 'NAUO-PER5', 'UNSPECIFIED', 'UNSPECIFIED', ('UNSPECIFIED'), ('UNSPECIFIED'), ('UNSPECIFIED') ) ;
#418 = VECTOR ( 'NONE', #3985, 1000.000000000000000 ) ;
#419 = LINE ( 'NONE', #4886, #3770 ) ;
#420 = PERSON_AND_ORGANIZATION ( #3639, #409 ) ;
#421 = EDGE_CURVE ( 'NONE', #751, #1001, #2442, .T. ) ;
#422 = ORIENTED_EDGE ( 'NONE', *, *, #3059, .T. ) ;
#423 = DIRECTION ( 'NONE',  ( 0.000000000000000000, 0.000000000000000000, 1.000000000000000000 ) ) ;
#424 = CARTESIAN_POINT ( 'NONE',  ( -1.899999999999999911, -2.407412430484044816E-32, -2.500000000000000000 ) ) ;
#425 = ORIENTED_EDGE ( 'NONE', *, *, #1365, .T. ) ;
#426 = ORIENTED_EDGE ( 'NONE', *, *, #5423, .F. ) ;
#427 = DIRECTION ( 'NONE',  ( 0.000000000000000000, 0.000000000000000000, -1.000000000000000000 ) ) ;
#428 = CARTESIAN_POINT ( 'NONE',  ( 95.00000000000000000, 2.500000000000000000, -5.000000000000000000 ) ) ;
#429 = LINE ( 'NONE', #2163, #2676 ) ;
#430 = EDGE_CURVE ( 'NONE', #3981, #4275, #2840, .T. ) ;
#431 = EDGE_CURVE ( 'NONE', #1069, #2032, #1523, .T. ) ;
#432 = DIRECTION ( 'NONE',  ( 0.000000000000000000, 0.000000000000000000, -1.000000000000000000 ) ) ;
#433 = ITEM_DEFINED_TRANSFORMATION ( 'NONE', 'NONE', #1727,  #4351 ) ;
#434 = LINE ( 'NONE', #1784, #577 ) ;
#435 = ORIENTED_EDGE ( 'NONE', *, *, #119, .T. ) ;
#436 = DIRECTION ( 'NONE',  ( 0.000000000000000000, 0.000000000000000000, -1.000000000000000000 ) ) ;
#437 = EDGE_LOOP ( 'NONE', ( #3121, #631, #3249, #1311 ) ) ;
#438 = CARTESIAN_POINT ( 'NONE',  ( 5.500000000000000000, -6.379211070675430182E-16, -2.500000000000000000 ) ) ;
#439 = CARTESIAN_POINT ( 'NONE',  ( -6.000000000000000000, -6.379211070675430182E-16, -3.000000000000000000 ) ) ;
#440 = PERSON_AND_ORGANIZATION_ROLE ( 'creator' ) ;
#441 = MANIFOLD_SOLID_BREP ( 'NONE', #3028 ) ;
#442 = EDGE_CURVE ( 'NONE', #4034, #5310, #5543, .T. ) ;
#443 = ORIENTED_EDGE ( 'NONE', *, *, #1432, .F. ) ;
#444 = CARTESIAN_POINT ( 'NONE',  ( 1.899999999999999911, -1.239088197126291803E-16, -2.500000000000000000 ) ) ;
#445 = DIRECTION ( 'NONE',  ( 2.168404344971010101E-16, -1.000000000000000000, 0.000000000000000000 ) ) ;
#446 = APPROVAL_ROLE ( '' ) ;
#447 = VERTEX_POINT ( 'NONE', #5571 ) ;
#448 = CARTESIAN_POINT ( 'NONE',  ( -2.399999999999999911, -4.814824860968089633E-32, 3.000000000000000000 ) ) ;
#449 = CARTESIAN_POINT ( 'NONE',  ( 6.000000000000000000, -6.379211070675430182E-16, 3.000000000000000000 ) ) ;
#450 = EDGE_LOOP ( 'NONE', ( #1017, #3893, #4888, #5146, #66, #4907, #1849, #5068 ) ) ;
#451 = ORIENTED_EDGE ( 'NONE', *, *, #2448, .T. ) ;
#452 = CARTESIAN_POINT ( 'NONE',  ( -6.000000000000000000, -6.379211070675430182E-16, 3.000000000000000000 ) ) ;
#453 = APPROVAL ( #4921, 'UNSPECIFIED' ) ;
#454 = DIRECTION ( 'NONE',  ( 0.000000000000000000, 0.000000000000000000, -1.000000000000000000 ) ) ;
#455 = CONTEXT_DEPENDENT_SHAPE_REPRESENTATION ( #2612, #4515 ) ;
#456 = DIRECTION ( 'NONE',  ( 1.000000000000000000, 1.772003075187619906E-16, 0.000000000000000000 ) ) ;
#457 = ADVANCED_FACE ( 'NONE', ( #3302 ), #5102, .T. ) ;
#458 = ORIENTED_EDGE ( 'NONE', *, *, #2123, .T. ) ;
#459 = EDGE_CURVE ( 'NONE', #4684, #1606, #4601, .T. ) ;
#460 = DIRECTION ( 'NONE',  ( -2.168404344971010101E-16, -1.000000000000000000, 0.000000000000000000 ) ) ;
#461 = ORIENTED_EDGE ( 'NONE', *, *, #1864, .F. ) ;
#462 = EDGE_CURVE ( 'NONE', #5656, #3213, #5125, .T. ) ;
#463 = LINE ( 'NONE', #22, #4240 ) ;
#464 = FACE_OUTER_BOUND ( 'NONE', #2892, .T. ) ;
#465 = DIRECTION ( 'NONE',  ( 0.000000000000000000, 0.000000000000000000, 1.000000000000000000 ) ) ;
#466 = EDGE_CURVE ( 'NONE', #2988, #358, #390, .T. ) ;
#467 = COORDINATED_UNIVERSAL_TIME_OFFSET ( 1, 0, .AHEAD. ) ;
#468 = ORIENTED_EDGE ( 'NONE', *, *, #1837, .T. ) ;
#469 = CARTESIAN_POINT ( 'NONE',  ( -14.00000000000000000, 0.2000000000000000111, -3.000000000000000000 ) ) ;
#470 = DIRECTION ( 'NONE',  ( 0.000000000000000000, 1.000000000000000000, 0.000000000000000000 ) ) ;
#471 = EDGE_CURVE ( 'NONE', #5528, #1772, #3215, .T. ) ;
#472 = CALENDAR_DATE ( 2025, 16, 6 ) ;
#473 = ORIENTED_EDGE ( 'NONE', *, *, #3827, .F. ) ;
#474 = PLANE ( 'NONE',  #4202 ) ;
#475 = AXIS2_PLACEMENT_3D ( 'NONE', #2489, #1255, #2929 ) ;
#476 = DIRECTION ( 'NONE',  ( 0.000000000000000000, 1.000000000000000000, 0.000000000000000000 ) ) ;
#477 = ORIENTED_EDGE ( 'NONE', *, *, #819, .T. ) ;
#478 = ORIENTED_EDGE ( 'NONE', *, *, #2231, .T. ) ;
#479 = VECTOR ( 'NONE', #5693, 1000.000000000000000 ) ;
#480 = DIRECTION ( 'NONE',  ( 0.000000000000000000, -1.000000000000000000, 0.000000000000000000 ) ) ;
#481 = AXIS2_PLACEMENT_3D ( 'NONE', #2679, #5300, #2173 ) ;
#482 = AXIS2_PLACEMENT_3D ( 'NONE', #5053, #1023, #4520 ) ;
#483 = SHAPE_REPRESENTATION ( 'pattes_mobiles_rail.step', ( #4351 ), #408 ) ;
#484 = VECTOR ( 'NONE', #1505, 1000.000000000000000 ) ;
#485 = FACE_OUTER_BOUND ( 'NONE', #60, .T. ) ;
#486 = CC_DESIGN_PERSON_AND_ORGANIZATION_ASSIGNMENT ( #667, #2878, ( #5578 ) ) ;
#487 = CONTEXT_DEPENDENT_SHAPE_REPRESENTATION ( #325, #2792 ) ;
#488 = DIRECTION ( 'NONE',  ( -1.772003075187619906E-16, 1.000000000000000000, 0.000000000000000000 ) ) ;
#489 = VERTEX_POINT ( 'NONE', #5493 ) ;
#490 = VECTOR ( 'NONE', #3467, 1000.000000000000000 ) ;
#491 = AXIS2_PLACEMENT_3D ( 'NONE', #2827, #5446, #5036 ) ;
#492 = DIRECTION ( 'NONE',  ( 1.000000000000000000, 1.685467801206459812E-16, 0.000000000000000000 ) ) ;
#493 = CIRCLE ( 'NONE', #5002, 0.5000000000000004441 ) ;
#494 = EDGE_CURVE ( 'NONE', #3334, #4519, #1459, .T. ) ;
#495 = ORIENTED_EDGE ( 'NONE', *, *, #4227, .T. ) ;
#496 = VECTOR ( 'NONE', #2906, 1000.000000000000000 ) ;
#497 = DIRECTION ( 'NONE',  ( 0.000000000000000000, 1.000000000000000000, 0.000000000000000000 ) ) ;
#498 = CC_DESIGN_SECURITY_CLASSIFICATION ( #406, ( #5824 ) ) ;
#499 = CARTESIAN_POINT ( 'NONE',  ( -11.00000000000000000, 5.000000000000000000, 3.000000000000000000 ) ) ;
#500 = CARTESIAN_POINT ( 'NONE',  ( -1.899999999999999911, -2.000000000000000000, 3.000000000000000000 ) ) ;
#501 = APPROVAL_ROLE ( '' ) ;
#502 = EDGE_CURVE ( 'NONE', #5749, #4519, #572, .T. ) ;
#503 = EDGE_CURVE ( 'NONE', #2038, #247, #4771, .T. ) ;
#504 = LOCAL_TIME ( 10, 17, 39.00000000000000000, #4623 ) ;
#505 = VERTEX_POINT ( 'NONE', #5271 ) ;
#506 = CARTESIAN_POINT ( 'NONE',  ( 1.850000000000000089, -2.000000000000000000, 2.500000000000000000 ) ) ;
#507 = APPROVAL_PERSON_ORGANIZATION ( #1471, #1278, #501 ) ;
#508 = DIRECTION ( 'NONE',  ( -1.000000000000000000, -2.168404344971010101E-16, 0.000000000000000000 ) ) ;
#509 = CARTESIAN_POINT ( 'NONE',  ( -2.350000000000000089, -2.000000000000000000, 3.000000000000000000 ) ) ;
#510 = MECHANICAL_CONTEXT ( 'NONE', #210, 'mechanical' ) ;
#511 = ORIENTED_EDGE ( 'NONE', *, *, #1508, .T. ) ;
#512 = CARTESIAN_POINT ( 'NONE',  ( 1.530808498934190091E-16, -2.000000000000000000, -1.250000000000000000 ) ) ;
#513 = DIRECTION ( 'NONE',  ( 0.000000000000000000, 0.000000000000000000, -1.000000000000000000 ) ) ;
#514 = ORIENTED_EDGE ( 'NONE', *, *, #5508, .F. ) ;
#515 = ORIENTED_EDGE ( 'NONE', *, *, #4026, .F. ) ;
#516 = DIRECTION ( 'NONE',  ( 0.000000000000000000, -1.000000000000000000, 0.000000000000000000 ) ) ;
#517 = APPLICATION_CONTEXT ( 'configuration controlled 3d designs of mechanical parts and assemblies' ) ;
#518 = VECTOR ( 'NONE', #1572, 1000.000000000000000 ) ;
#519 = DIRECTION ( 'NONE',  ( -1.000000000000000000, 1.685467801206459812E-16, 0.000000000000000000 ) ) ;
#520 = DIRECTION ( 'NONE',  ( 0.000000000000000000, 1.000000000000000000, 0.000000000000000000 ) ) ;
#521 = APPROVAL_STATUS ( 'not_yet_approved' ) ;
#522 = DIRECTION ( 'NONE',  ( 0.000000000000000000, -1.000000000000000000, 0.000000000000000000 ) ) ;
#523 = EDGE_LOOP ( 'NONE', ( #4588, #3696, #5011, #5148 ) ) ;
#524 = ORIENTED_EDGE ( 'NONE', *, *, #5814, .T. ) ;
#525 = CIRCLE ( 'NONE', #1744, 0.5000000000000000000 ) ;
#526 = LINE ( 'NONE', #4989, #1269 ) ;
#527 = ORIENTED_EDGE ( 'NONE', *, *, #5137, .T. ) ;
#528 = ORIENTED_EDGE ( 'NONE', *, *, #101, .F. ) ;
#529 = CARTESIAN_POINT ( 'NONE',  ( -6.000000000000000000, -6.379211070675430182E-16, 3.000000000000000000 ) ) ;
#530 = DATE_AND_TIME ( #86, #2767 ) ;
#531 = PRODUCT_DEFINITION_SHAPE ( 'NONE', 'NONE',  #3080 ) ;
#532 = ORIENTED_EDGE ( 'NONE', *, *, #2652, .T. ) ;
#533 = DIRECTION ( 'NONE',  ( 0.000000000000000000, 0.000000000000000000, 1.000000000000000000 ) ) ;
#534 = EDGE_CURVE ( 'NONE', #247, #1284, #2555, .T. ) ;
#535 = DIRECTION ( 'NONE',  ( 0.000000000000000000, 0.000000000000000000, -1.000000000000000000 ) ) ;
#536 = ADVANCED_FACE ( 'NONE', ( #4269 ), #1211, .F. ) ;
#537 = DIRECTION ( 'NONE',  ( 0.000000000000000000, 0.000000000000000000, -1.000000000000000000 ) ) ;
#538 = CARTESIAN_POINT ( 'NONE',  ( -1.899999999999999911, -2.000000000000000000, 3.000000000000000000 ) ) ;
#539 = APPROVAL_STATUS ( 'not_yet_approved' ) ;
#540 = ORIENTED_EDGE ( 'NONE', *, *, #4265, .F. ) ;
#541 = LINE ( 'NONE', #2337, #3767 ) ;
#542 = EDGE_CURVE ( 'NONE', #3129, #3723, #2503, .T. ) ;
#543 = ORIENTED_EDGE ( 'NONE', *, *, #4969, .T. ) ;
#544 = VERTEX_POINT ( 'NONE', #4746 ) ;
#545 = DIRECTION ( 'NONE',  ( -1.000000000000000000, 0.000000000000000000, 0.000000000000000000 ) ) ;
#546 = VECTOR ( 'NONE', #5395, 1000.000000000000000 ) ;
#547 = FACE_OUTER_BOUND ( 'NONE', #3992, .T. ) ;
#548 = LINE ( 'NONE', #5023, #1893 ) ;
#549 = ORIENTED_EDGE ( 'NONE', *, *, #4823, .F. ) ;
#550 = ORIENTED_EDGE ( 'NONE', *, *, #641, .F. ) ;
#551 = DIRECTION ( 'NONE',  ( -1.685467801206459812E-16, 1.000000000000000000, 0.000000000000000000 ) ) ;
#552 = EDGE_CURVE ( 'NONE', #3133, #2187, #2082, .T. ) ;
#553 = ORIENTED_EDGE ( 'NONE', *, *, #502, .T. ) ;
#554 = ORIENTED_EDGE ( 'NONE', *, *, #3368, .F. ) ;
#555 = FACE_BOUND ( 'NONE', #1595, .T. ) ;
#556 = EDGE_CURVE ( 'NONE', #1855, #4707, #4836, .T. ) ;
#557 = CALENDAR_DATE ( 2025, 16, 6 ) ;
#558 = DATE_AND_TIME ( #3755, #5761 ) ;
#559 = ORIENTED_EDGE ( 'NONE', *, *, #380, .F. ) ;
#560 = PLANE ( 'NONE',  #4894 ) ;
#561 = CC_DESIGN_PERSON_AND_ORGANIZATION_ASSIGNMENT ( #5301, #3497, ( #3080 ) ) ;
#562 = ADVANCED_BREP_SHAPE_REPRESENTATION ( '', ( #2392, #4351 ), #1816 ) ;
#563 = DIRECTION ( 'NONE',  ( 0.000000000000000000, 1.000000000000000000, 0.000000000000000000 ) ) ;
#564 = DIRECTION ( 'NONE',  ( 1.000000000000000000, -9.227252531791529091E-17, 0.000000000000000000 ) ) ;
#565 = CARTESIAN_POINT ( 'NONE',  ( 1.850000000000000089, -2.000000000000000000, 3.000000000000000000 ) ) ;
#566 = PERSON_AND_ORGANIZATION ( #3639, #409 ) ;
#567 = VERTEX_POINT ( 'NONE', #4798 ) ;
#568 = LINE ( 'NONE', #5012, #484 ) ;
#569 = ADVANCED_FACE ( 'NONE', ( #5652 ), #771, .T. ) ;
#570 = VECTOR ( 'NONE', #718, 1000.000000000000000 ) ;
#571 = EDGE_LOOP ( 'NONE', ( #4868, #679, #1933, #1172 ) ) ;
#572 = LINE ( 'NONE', #2366, #206 ) ;
#573 = EDGE_CURVE ( 'NONE', #3151, #4916, #5305, .T. ) ;
#574 = LINE ( 'NONE', #1872, #1878 ) ;
#575 = DIRECTION ( 'NONE',  ( 1.000000000000000000, 0.000000000000000000, 0.000000000000000000 ) ) ;
#576 = ORIENTED_EDGE ( 'NONE', *, *, #2592, .F. ) ;
#577 = VECTOR ( 'NONE', #4551, 1000.000000000000000 ) ;
#578 = VECTOR ( 'NONE', #2525, 1000.000000000000000 ) ;
#579 = CARTESIAN_POINT ( 'NONE',  ( -9.500000000000000000, -5.000000000000000000, 3.000000000000000000 ) ) ;
#580 = PRODUCT ( 'piece_serrage_patte_rail_mobile.step', 'piece_serrage_patte_rail_mobile.step', '', ( #3525 ) ) ;
#581 = VECTOR ( 'NONE', #1018, 1000.000000000000000 ) ;
#582 = ORIENTED_EDGE ( 'NONE', *, *, #430, .T. ) ;
#583 = VECTOR ( 'NONE', #5070, 1000.000000000000000 ) ;
#584 = AXIS2_PLACEMENT_3D ( 'NONE', #3937, #3998, #1268 ) ;
#585 = DIRECTION ( 'NONE',  ( 0.000000000000000000, 0.000000000000000000, -1.000000000000000000 ) ) ;
#586 = PERSON_AND_ORGANIZATION ( #3639, #409 ) ;
#587 = VECTOR ( 'NONE', #563, 1000.000000000000000 ) ;
#588 = CALENDAR_DATE ( 2025, 16, 6 ) ;
#589 = CC_DESIGN_APPROVAL ( #1203, ( #217 ) ) ;
#590 = ORIENTED_EDGE ( 'NONE', *, *, #1701, .F. ) ;
#591 = FACE_OUTER_BOUND ( 'NONE', #5728, .T. ) ;
#592 = AXIS2_PLACEMENT_3D ( 'NONE', #1869, #4428, #519 ) ;
#593 = CARTESIAN_POINT ( 'NONE',  ( 6.000000000000000000, -6.379211070675430182E-16, 3.000000000000000000 ) ) ;
#594 = DIRECTION ( 'NONE',  ( -1.000000000000000000, 0.000000000000000000, 0.000000000000000000 ) ) ;
#595 = PERSON_AND_ORGANIZATION_ROLE ( 'creator' ) ;
#596 = SECURITY_CLASSIFICATION ( '', '', #2052 ) ;
#597 = APPROVAL ( #956, 'UNKNOWN' ) ;
#598 = EDGE_LOOP ( 'NONE', ( #3422, #808 ) ) ;
#599 = LINE ( 'NONE', #5043, #3301 ) ;
#600 = CC_DESIGN_APPROVAL ( #4980, ( #4257 ) ) ;
#601 = ORIENTED_EDGE ( 'NONE', *, *, #853, .F. ) ;
#602 = CARTESIAN_POINT ( 'NONE',  ( 0.000000000000000000, 5.000000000000000000, 0.000000000000000000 ) ) ;
#603 =( LENGTH_UNIT ( ) NAMED_UNIT ( * ) SI_UNIT ( .MILLI., .METRE. ) );
#604 = LOCAL_TIME ( 10, 17, 39.00000000000000000, #2412 ) ;
#605 = DIRECTION ( 'NONE',  ( -1.000000000000000000, 0.000000000000000000, 0.000000000000000000 ) ) ;
#606 = CYLINDRICAL_SURFACE ( 'NONE', #4800, 0.9999999999999991118 ) ;
#607 = ORIENTED_EDGE ( 'NONE', *, *, #5212, .F. ) ;
#608 = AXIS2_PLACEMENT_3D ( 'NONE', #5314, #343, #5809 ) ;
#609 = EDGE_CURVE ( 'NONE', #358, #1867, #243, .T. ) ;
#610 = CARTESIAN_POINT ( 'NONE',  ( 3.289692620785909849, -0.3420201433256724877, 3.000000000000000000 ) ) ;
#611 = DIRECTION ( 'NONE',  ( 0.000000000000000000, -1.000000000000000000, 0.000000000000000000 ) ) ;
#612 = ADVANCED_FACE ( 'NONE', ( #802 ), #1628, .T. ) ;
#613 = ORIENTED_EDGE ( 'NONE', *, *, #3404, .T. ) ;
#614 = LINE ( 'NONE', #1944, #2184 ) ;
#615 = COORDINATED_UNIVERSAL_TIME_OFFSET ( 1, 0, .AHEAD. ) ;
#616 = ITEM_DEFINED_TRANSFORMATION ( 'NONE', 'NONE', #3499,  #4351 ) ;
#617 = DIRECTION ( 'NONE',  ( 0.000000000000000000, 0.000000000000000000, -1.000000000000000000 ) ) ;
#618 = CARTESIAN_POINT ( 'NONE',  ( 6.000000000000000000, 0.5000000000000000000, 3.000000000000000000 ) ) ;
#619 = DIRECTION ( 'NONE',  ( -1.000000000000000000, 0.000000000000000000, 0.000000000000000000 ) ) ;
#620 = DATE_AND_TIME ( #178, #3136 ) ;
#621 = DESIGN_CONTEXT ( 'detailed design', #5131, 'design' ) ;
#622 = EDGE_CURVE ( 'NONE', #3833, #1464, #1240, .T. ) ;
#623 =( REPRESENTATION_RELATIONSHIP ('NONE','NONE', #3114, #3942 ) REPRESENTATION_RELATIONSHIP_WITH_TRANSFORMATION ( #1873 )SHAPE_REPRESENTATION_RELATIONSHIP( ) );
#624 = ORIENTED_EDGE ( 'NONE', *, *, #5204, .T. ) ;
#625 = LINE ( 'NONE', #1932, #2557 ) ;
#626 = ORIENTED_EDGE ( 'NONE', *, *, #3338, .F. ) ;
#627 = LINE ( 'NONE', #4188, #2551 ) ;
#628 = LINE ( 'NONE', #3252, #4675 ) ;
#629 = CARTESIAN_POINT ( 'NONE',  ( -9.845299461620751202, 3.000000000000000000, 3.000000000000000000 ) ) ;
#630 = ORIENTED_EDGE ( 'NONE', *, *, #4743, .F. ) ;
#631 = ORIENTED_EDGE ( 'NONE', *, *, #2037, .F. ) ;
#632 = PRODUCT_RELATED_PRODUCT_CATEGORY ( 'detail', '', ( #2640 ) ) ;
#633 = DIRECTION ( 'NONE',  ( 0.000000000000000000, 0.000000000000000000, 1.000000000000000000 ) ) ;
#634 = AXIS2_PLACEMENT_3D ( 'NONE', #3801, #3355, #2919 ) ;
#635 = CARTESIAN_POINT ( 'NONE',  ( 6.000000000000000000, -6.379211070675430182E-16, -2.500000000000000000 ) ) ;
#636 = ORIENTED_EDGE ( 'NONE', *, *, #2613, .T. ) ;
#637 = EDGE_CURVE ( 'NONE', #5398, #4217, #3008, .T. ) ;
#638 = FACE_OUTER_BOUND ( 'NONE', #1894, .T. ) ;
#639 = COORDINATED_UNIVERSAL_TIME_OFFSET ( 1, 0, .AHEAD. ) ;
#640 = ADVANCED_FACE ( 'NONE', ( #3415 ), #3914, .F. ) ;
#641 = EDGE_CURVE ( 'NONE', #2502, #3025, #5216, .T. ) ;
#642 = APPROVAL_DATE_TIME ( #4353, #3610 ) ;
#643 = VECTOR ( 'NONE', #1565, 1000.000000000000000 ) ;
#644 = CARTESIAN_POINT ( 'NONE',  ( 4.000000000000000000, -2.781021871990660059E-16, 2.500000000000000000 ) ) ;
#645 = CARTESIAN_POINT ( 'NONE',  ( -4.000000000000000000, 2.500000000000000000, -2.500000000000000000 ) ) ;
#646 = APPROVAL_DATE_TIME ( #3211, #2973 ) ;
#647 = EDGE_LOOP ( 'NONE', ( #630, #3082, #2098, #4 ) ) ;
#648 = DIRECTION ( 'NONE',  ( 2.478176394252580155E-16, -1.000000000000000000, 0.000000000000000000 ) ) ;
#649 = ORIENTED_EDGE ( 'NONE', *, *, #471, .T. ) ;
#650 = ADVANCED_FACE ( 'NONE', ( #357, #1715 ), #1270, .F. ) ;
#651 = DIRECTION ( 'NONE',  ( 0.000000000000000000, 0.000000000000000000, -1.000000000000000000 ) ) ;
#652 =( NAMED_UNIT ( * ) PLANE_ANGLE_UNIT ( ) SI_UNIT ( $, .RADIAN. ) );
#653 = CIRCLE ( 'NONE', #3466, 0.5000000000000004441 ) ;
#654 = ORIENTED_EDGE ( 'NONE', *, *, #2634, .F. ) ;
#655 = CARTESIAN_POINT ( 'NONE',  ( -4.000000000000000000, 0.000000000000000000, 3.000000000000000000 ) ) ;
#656 = FACE_OUTER_BOUND ( 'NONE', #4459, .T. ) ;
#657 = ORIENTED_EDGE ( 'NONE', *, *, #929, .T. ) ;
#658 = ORIENTED_EDGE ( 'NONE', *, *, #825, .F. ) ;
#659 = DIRECTION ( 'NONE',  ( 0.000000000000000000, 0.000000000000000000, -1.000000000000000000 ) ) ;
#660 = DIRECTION ( 'NONE',  ( -1.000000000000000000, 1.747729060459025020E-16, 0.000000000000000000 ) ) ;
#661 = CC_DESIGN_DATE_AND_TIME_ASSIGNMENT ( #3566, #187, ( #5345 ) ) ;
#662 = AXIS2_PLACEMENT_3D ( 'NONE', #1887, #1448, #5511 ) ;
#663 = ORIENTED_EDGE ( 'NONE', *, *, #2130, .T. ) ;
#664 = AXIS2_PLACEMENT_3D ( 'NONE', #5288, #1574, #3053 ) ;
#665 = CARTESIAN_POINT ( 'NONE',  ( -1.899999999999999911, 8.860015375938110623E-17, 2.500000000000000000 ) ) ;
#666 = VECTOR ( 'NONE', #1217, 1000.000000000000000 ) ;
#667 = PERSON_AND_ORGANIZATION ( #3639, #409 ) ;
#668 = EDGE_CURVE ( 'NONE', #3584, #2988, #1588, .T. ) ;
#669 = CIRCLE ( 'NONE', #1425, 0.5000000000000000000 ) ;
#670 = DATE_AND_TIME ( #2905, #2850 ) ;
#671 = VECTOR ( 'NONE', #4683, 1000.000000000000000 ) ;
#672 = ADVANCED_FACE ( 'NONE', ( #1155 ), #2953, .F. ) ;
#673 = LINE ( 'NONE', #2524, #1152 ) ;
#674 = DIRECTION ( 'NONE',  ( -1.000000000000000000, 0.000000000000000000, 0.000000000000000000 ) ) ;
#675 = VECTOR ( 'NONE', #267, 1000.000000000000000 ) ;
#676 = APPROVAL_DATE_TIME ( #3841, #4289 ) ;
#677 = AXIS2_PLACEMENT_3D ( 'NONE', #3616, #31, #4968 ) ;
#678 = CIRCLE ( 'NONE', #5563, 1.250000000000000000 ) ;
#679 = ORIENTED_EDGE ( 'NONE', *, *, #5078, .F. ) ;
#680 = DIRECTION ( 'NONE',  ( 0.000000000000000000, 1.000000000000000000, 0.000000000000000000 ) ) ;
#681 = AXIS2_PLACEMENT_3D ( 'NONE', #3838, #1177, #3370 ) ;
#682 = EDGE_LOOP ( 'NONE', ( #1547, #1455, #3189, #3673 ) ) ;
#683 = CC_DESIGN_APPROVAL ( #2143, ( #406 ) ) ;
#684 = DIRECTION ( 'NONE',  ( -1.000000000000000000, 0.000000000000000000, 0.000000000000000000 ) ) ;
#685 = SHAPE_REPRESENTATION_RELATIONSHIP ( 'NONE' , 'NONE' ,  #3942, #562 ) ;
#686 = LOCAL_TIME ( 10, 17, 39.00000000000000000, #1802 ) ;
#687 = ORIENTED_EDGE ( 'NONE', *, *, #3702, .F. ) ;
#688 = CYLINDRICAL_SURFACE ( 'NONE', #4110, 1.250000000000000000 ) ;
#689 = CARTESIAN_POINT ( 'NONE',  ( -6.000000000000000000, -6.379211070675430182E-16, 3.000000000000000000 ) ) ;
#690 = ORIENTED_EDGE ( 'NONE', *, *, #5420, .F. ) ;
#691 = EDGE_LOOP ( 'NONE', ( #1364, #3659, #3246, #3098 ) ) ;
#692 = LOCAL_TIME ( 10, 17, 39.00000000000000000, #2051 ) ;
#693 = CARTESIAN_POINT ( 'NONE',  ( 1.899999999999999911, -3.500000000000000000, -3.000000000000000000 ) ) ;
#694 = DIRECTION ( 'NONE',  ( -1.000000000000000000, 1.685467801206459812E-16, 0.000000000000000000 ) ) ;
#695 = PLANE ( 'NONE',  #4513 ) ;
#696 = AXIS2_PLACEMENT_3D ( 'NONE', #2874, #3829, #2428 ) ;
#697 = ORIENTED_EDGE ( 'NONE', *, *, #1259, .F. ) ;
#698 = ORIENTED_EDGE ( 'NONE', *, *, #929, .F. ) ;
#699 = DIRECTION ( 'NONE',  ( 0.000000000000000000, 0.000000000000000000, 1.000000000000000000 ) ) ;
#700 = APPROVAL_DATE_TIME ( #5705, #4943 ) ;
#701 = PERSON_AND_ORGANIZATION ( #983, #5295 ) ;
#702 = DIRECTION ( 'NONE',  ( -1.000000000000000000, 0.000000000000000000, 0.000000000000000000 ) ) ;
#703 = DIRECTION ( 'NONE',  ( 0.000000000000000000, 1.000000000000000000, 0.000000000000000000 ) ) ;
#704 = PERSON_AND_ORGANIZATION ( #3639, #409 ) ;
#705 = ORIENTED_EDGE ( 'NONE', *, *, #5391, .F. ) ;
#706 = EDGE_CURVE ( 'NONE', #5218, #3386, #1832, .T. ) ;
#707 = CARTESIAN_POINT ( 'NONE',  ( 2.350000000000000089, -9.629649721936179265E-32, 2.500000000000000000 ) ) ;
#708 = ORIENTED_EDGE ( 'NONE', *, *, #494, .F. ) ;
#709 = EDGE_CURVE ( 'NONE', #3451, #4682, #4092, .T. ) ;
#710 = CARTESIAN_POINT ( 'NONE',  ( -3.339692620785910115, -0.3420201433256729318, 3.000000000000000000 ) ) ;
#711 = DIRECTION ( 'NONE',  ( 0.000000000000000000, 1.000000000000000000, 1.047444401652940007E-14 ) ) ;
#712 = EDGE_LOOP ( 'NONE', ( #3634, #3358, #5330, #4134 ) ) ;
#713 = EDGE_CURVE ( 'NONE', #88, #5729, #419, .T. ) ;
#714 = PLANE ( 'NONE',  #85 ) ;
#715 = DIRECTION ( 'NONE',  ( 0.000000000000000000, 1.000000000000000000, 0.000000000000000000 ) ) ;
#716 = ORIENTED_EDGE ( 'NONE', *, *, #3123, .F. ) ;
#717 = ORIENTED_EDGE ( 'NONE', *, *, #4924, .T. ) ;
#718 = DIRECTION ( 'NONE',  ( -1.191190382581905865E-16, 1.000000000000000000, 0.000000000000000000 ) ) ;
#719 = FACE_BOUND ( 'NONE', #2335, .T. ) ;
#720 = DIRECTION ( 'NONE',  ( -1.000000000000000000, -1.772003075187617934E-16, 0.000000000000000000 ) ) ;
#721 = DIRECTION ( 'NONE',  ( 1.772003075187619906E-16, 1.000000000000000000, 0.000000000000000000 ) ) ;
#722 = DIRECTION ( 'NONE',  ( -1.000000000000000000, 0.000000000000000000, 0.000000000000000000 ) ) ;
#723 = ORIENTED_EDGE ( 'NONE', *, *, #3976, .F. ) ;
#724 = ORIENTED_EDGE ( 'NONE', *, *, #4637, .T. ) ;
#725 = EDGE_CURVE ( 'NONE', #3260, #1069, #3644, .T. ) ;
#726 = DIRECTION ( 'NONE',  ( 0.000000000000000000, 0.000000000000000000, 1.000000000000000000 ) ) ;
#727 = DATE_AND_TIME ( #1554, #789 ) ;
#728 = COORDINATED_UNIVERSAL_TIME_OFFSET ( 1, 0, .AHEAD. ) ;
#729 = ADVANCED_FACE ( 'NONE', ( #914 ), #829, .F. ) ;
#730 = FACE_OUTER_BOUND ( 'NONE', #1191, .T. ) ;
#731 = LINE ( 'NONE', #4317, #578 ) ;
#732 = MECHANICAL_CONTEXT ( 'NONE', #4342, 'mechanical' ) ;
#733 = CC_DESIGN_PERSON_AND_ORGANIZATION_ASSIGNMENT ( #798, #2122, ( #1377 ) ) ;
#734 = SECURITY_CLASSIFICATION ( '', '', #4901 ) ;
#735 = VERTEX_POINT ( 'NONE', #2710 ) ;
#736 = DIRECTION ( 'NONE',  ( 0.000000000000000000, 1.000000000000000000, 0.000000000000000000 ) ) ;
#737 = ORIENTED_EDGE ( 'NONE', *, *, #1324, .F. ) ;
#738 = DIRECTION ( 'NONE',  ( 1.747729060459025020E-16, 1.000000000000000000, 0.000000000000000000 ) ) ;
#739 = ADVANCED_FACE ( 'NONE', ( #4449 ), #939, .F. ) ;
#740 = ORIENTED_EDGE ( 'NONE', *, *, #3234, .T. ) ;
#741 = CARTESIAN_POINT ( 'NONE',  ( -2.350000000000000089, -2.000000000000000000, -3.000000000000000000 ) ) ;
#742 = LINE ( 'NONE', #5249, #666 ) ;
#743 = ORIENTED_EDGE ( 'NONE', *, *, #3698, .F. ) ;
#744 = VERTEX_POINT ( 'NONE', #3068 ) ;
#745 = LINE ( 'NONE', #364, #4696 ) ;
#746 = LINE ( 'NONE', #5753, #1526 ) ;
#747 = CARTESIAN_POINT ( 'NONE',  ( 2.350000000000000089, -9.629649721936179265E-32, 2.500000000000000000 ) ) ;
#748 = EDGE_CURVE ( 'NONE', #4978, #3727, #5475, .T. ) ;
#749 = CARTESIAN_POINT ( 'NONE',  ( 2.350000000000000089, -0.6840402866513449753, 3.000000000000000000 ) ) ;
#750 = PLANE ( 'NONE',  #1415 ) ;
#751 = VERTEX_POINT ( 'NONE', #2214 ) ;
#752 = VERTEX_POINT ( 'NONE', #3093 ) ;
#753 = DIRECTION ( 'NONE',  ( -1.000000000000000000, 0.000000000000000000, 0.000000000000000000 ) ) ;
#754 = CALENDAR_DATE ( 2025, 16, 6 ) ;
#755 = AXIS2_PLACEMENT_3D ( 'NONE', #3456, #370, #722 ) ;
#756 = CIRCLE ( 'NONE', #4233, 0.5000000000000002220 ) ;
#757 = CALENDAR_DATE ( 2025, 16, 6 ) ;
#758 = AXIS2_PLACEMENT_3D ( 'NONE', #4133, #2870, #4666 ) ;
#759 = FACE_OUTER_BOUND ( 'NONE', #5451, .T. ) ;
#760 = CARTESIAN_POINT ( 'NONE',  ( 94.00000000000000000, 2.500000000000000000, 6.000000000000000000 ) ) ;
#761 = AXIS2_PLACEMENT_3D ( 'NONE', #910, #3064, #465 ) ;
#762 = DATE_TIME_ROLE ( 'creation_date' ) ;
#763 = AXIS2_PLACEMENT_3D ( 'NONE', #3561, #898, #2693 ) ;
#764 = AXIS2_PLACEMENT_3D ( 'NONE', #132, #4660, #1417 ) ;
#765 = VERTEX_POINT ( 'NONE', #4063 ) ;
#766 = CARTESIAN_POINT ( 'NONE',  ( 0.000000000000000000, -2.000000000000000000, 1.250000000000000000 ) ) ;
#767 = ADVANCED_BREP_SHAPE_REPRESENTATION ( '', ( #441, #4351 ), #2194 ) ;
#768 = ORIENTED_EDGE ( 'NONE', *, *, #2835, .T. ) ;
#769 = AXIS2_PLACEMENT_3D ( 'NONE', #1858, #470, #4861 ) ;
#770 = VECTOR ( 'NONE', #3205, 1000.000000000000000 ) ;
#771 = CYLINDRICAL_SURFACE ( 'NONE', #3032, 0.5000000000000000000 ) ;
#772 = AXIS2_PLACEMENT_3D ( 'NONE', #1581, #291, #702 ) ;
#773 = ORIENTED_EDGE ( 'NONE', *, *, #4822, .F. ) ;
#774 = CARTESIAN_POINT ( 'NONE',  ( 4.500000000000000000, -3.623755772593889841E-16, -2.500000000000000000 ) ) ;
#775 = CARTESIAN_POINT ( 'NONE',  ( -13.50000000000000000, 3.000000000000000000, 3.000000000000000000 ) ) ;
#776 = CC_DESIGN_SECURITY_CLASSIFICATION ( #217, ( #5821 ) ) ;
#777 = ORIENTED_EDGE ( 'NONE', *, *, #3402, .T. ) ;
#778 = EDGE_LOOP ( 'NONE', ( #4952, #5000, #5229, #4497, #1634, #2220, #841, #273 ) ) ;
#779 = AXIS2_PLACEMENT_3D ( 'NONE', #4270, #3416, #1156 ) ;
#780 = FACE_OUTER_BOUND ( 'NONE', #3660, .T. ) ;
#781 = CARTESIAN_POINT ( 'NONE',  ( -2.350000000000000089, -2.000000000000000000, 3.000000000000000000 ) ) ;
#782 = DIRECTION ( 'NONE',  ( 0.000000000000000000, 0.000000000000000000, 1.000000000000000000 ) ) ;
#783 = APPROVAL_PERSON_ORGANIZATION ( #2832, #2973, #2417 ) ;
#784 = DIRECTION ( 'NONE',  ( 1.685467801206459812E-16, 1.000000000000000000, 0.000000000000000000 ) ) ;
#785 = CARTESIAN_POINT ( 'NONE',  ( 4.279385241571814547, 0.000000000000000000, -3.000000000000000000 ) ) ;
#786 = APPROVAL ( #3182, 'UNSPECIFIED' ) ;
#787 = VERTEX_POINT ( 'NONE', #4534 ) ;
#788 = ORIENTED_EDGE ( 'NONE', *, *, #5137, .F. ) ;
#789 = LOCAL_TIME ( 10, 17, 39.00000000000000000, #1674 ) ;
#790 = ADVANCED_FACE ( 'NONE', ( #4027 ), #3553, .F. ) ;
#791 = CARTESIAN_POINT ( 'NONE',  ( 1.530808498934190091E-16, -2.799999999999999822, -1.250000000000000000 ) ) ;
#792 = APPROVAL_ROLE ( '' ) ;
#793 = SECURITY_CLASSIFICATION ( '', '', #2493 ) ;
#794 = EDGE_CURVE ( 'NONE', #2193, #1001, #299, .T. ) ;
#795 = AXIS2_PLACEMENT_3D ( 'NONE', #4671, #4693, #1601 ) ;
#796 = CYLINDRICAL_SURFACE ( 'NONE', #118, 0.5000000000000000000 ) ;
#797 = DIRECTION ( 'NONE',  ( 0.000000000000000000, 0.000000000000000000, -1.000000000000000000 ) ) ;
#798 = PERSON_AND_ORGANIZATION ( #3639, #409 ) ;
#799 = VERTEX_POINT ( 'NONE', #855 ) ;
#800 = CARTESIAN_POINT ( 'NONE',  ( -94.00000000000000000, 2.500000000000000000, 5.000000000000000000 ) ) ;
#801 = AXIS2_PLACEMENT_3D ( 'NONE', #2675, #1262, #4491 ) ;
#802 = FACE_OUTER_BOUND ( 'NONE', #1199, .T. ) ;
#803 = ADVANCED_FACE ( 'NONE', ( #888 ), #2653, .F. ) ;
#804 = DIRECTION ( 'NONE',  ( 1.000000000000000000, 0.000000000000000000, 0.000000000000000000 ) ) ;
#805 = EDGE_LOOP ( 'NONE', ( #2783, #2715, #1481, #3198, #4552, #5122, #5594, #2486 ) ) ;
#806 = DIRECTION ( 'NONE',  ( 0.000000000000000000, -1.000000000000000000, 0.000000000000000000 ) ) ;
#807 = CARTESIAN_POINT ( 'NONE',  ( -5.500000000000000000, -5.505346540445919644E-16, 3.000000000000000000 ) ) ;
#808 = ORIENTED_EDGE ( 'NONE', *, *, #3263, .F. ) ;
#809 = VERTEX_POINT ( 'NONE', #2685 ) ;
#810 = CARTESIAN_POINT ( 'NONE',  ( 1.899999999999999911, 8.860015375938089668E-17, -3.000000000000000000 ) ) ;
#811 = DIRECTION ( 'NONE',  ( 0.000000000000000000, -1.000000000000000000, 0.000000000000000000 ) ) ;
#812 = LINE ( 'NONE', #538, #3054 ) ;
#813 = CARTESIAN_POINT ( 'NONE',  ( -5.500000000000000000, 2.500000000000000000, -2.500000000000000000 ) ) ;
#814 = CC_DESIGN_PERSON_AND_ORGANIZATION_ASSIGNMENT ( #3714, #595, ( #4257 ) ) ;
#815 = DIRECTION ( 'NONE',  ( 1.747729060459025020E-16, 1.000000000000000000, 0.000000000000000000 ) ) ;
#816 = VERTEX_POINT ( 'NONE', #5447 ) ;
#817 = ORIENTED_EDGE ( 'NONE', *, *, #2727, .F. ) ;
#818 = CARTESIAN_POINT ( 'NONE',  ( -94.00000000000000000, 2.500000000000000000, 6.000000000000000000 ) ) ;
#819 = EDGE_CURVE ( 'NONE', #2899, #2177, #3582, .T. ) ;
#820 = DIRECTION ( 'NONE',  ( 0.000000000000000000, 1.000000000000000000, 0.000000000000000000 ) ) ;
#821 = LINE ( 'NONE', #439, #5274 ) ;
#822 = EDGE_CURVE ( 'NONE', #80, #2193, #3528, .T. ) ;
#823 = CALENDAR_DATE ( 2025, 16, 6 ) ;
#824 = AXIS2_PLACEMENT_3D ( 'NONE', #918, #1748, #3593 ) ;
#825 = EDGE_CURVE ( 'NONE', #1712, #5813, #2239, .T. ) ;
#826 = ORIENTED_EDGE ( 'NONE', *, *, #5245, .T. ) ;
#827 = FACE_OUTER_BOUND ( 'NONE', #2113, .T. ) ;
#828 = EDGE_CURVE ( 'NONE', #3025, #355, #1827, .T. ) ;
#829 = PLANE ( 'NONE',  #3303 ) ;
#830 = MECHANICAL_CONTEXT ( 'NONE', #2498, 'mechanical' ) ;
#831 = VERTEX_POINT ( 'NONE', #1361 ) ;
#832 = CARTESIAN_POINT ( 'NONE',  ( 1.899999999999999911, 8.860015375938110623E-17, 3.000000000000000000 ) ) ;
#833 = FACE_OUTER_BOUND ( 'NONE', #4819, .T. ) ;
#834 = VERTEX_POINT ( 'NONE', #4499 ) ;
#835 = VERTEX_POINT ( 'NONE', #5537 ) ;
#836 = DIRECTION ( 'NONE',  ( 0.000000000000000000, 1.000000000000000000, 0.000000000000000000 ) ) ;
#837 = DIRECTION ( 'NONE',  ( 0.000000000000000000, 0.000000000000000000, -1.000000000000000000 ) ) ;
#838 = FACE_OUTER_BOUND ( 'NONE', #1644, .T. ) ;
#839 = PLANE ( 'NONE',  #5075 ) ;
#840 = CARTESIAN_POINT ( 'NONE',  ( 95.00000000000000000, -2.500000000000000000, 5.000000000000000000 ) ) ;
#841 = ORIENTED_EDGE ( 'NONE', *, *, #2340, .T. ) ;
#842 = CARTESIAN_POINT ( 'NONE',  ( 1.530808498934190091E-16, -3.500000000000000000, -1.250000000000000000 ) ) ;
#843 = PRODUCT_RELATED_PRODUCT_CATEGORY ( 'detail', '', ( #5518 ) ) ;
#844 = CIRCLE ( 'NONE', #2633, 0.5000000000000004441 ) ;
#845 = DIRECTION ( 'NONE',  ( -1.000000000000000000, 0.000000000000000000, 0.000000000000000000 ) ) ;
#846 = EDGE_CURVE ( 'NONE', #270, #2349, #203, .T. ) ;
#847 = DIRECTION ( 'NONE',  ( 0.000000000000000000, 1.000000000000000000, 0.000000000000000000 ) ) ;
#848 = DATE_AND_TIME ( #3614, #1449 ) ;
#849 = CIRCLE ( 'NONE', #664, 2.500000000000000000 ) ;
#850 = ORIENTED_EDGE ( 'NONE', *, *, #502, .F. ) ;
#851 = CARTESIAN_POINT ( 'NONE',  ( -2.350000000000000089, -4.814824860968089633E-32, -2.500000000000000000 ) ) ;
#852 = VECTOR ( 'NONE', #2699, 1000.000000000000000 ) ;
#853 = EDGE_CURVE ( 'NONE', #2038, #834, #1412, .T. ) ;
#854 = AXIS2_PLACEMENT_3D ( 'NONE', #3462, #2209, #797 ) ;
#855 = CARTESIAN_POINT ( 'NONE',  ( 1.850000000000000089, 8.738645302295090589E-17, 3.000000000000000000 ) ) ;
#856 = EDGE_CURVE ( 'NONE', #4618, #5801, #126, .T. ) ;
#857 = CIRCLE ( 'NONE', #1610, 1.000000000000000000 ) ;
#858 = PERSON_AND_ORGANIZATION_ROLE ( 'creator' ) ;
#859 = VERTEX_POINT ( 'NONE', #2357 ) ;
#860 = CYLINDRICAL_SURFACE ( 'NONE', #824, 1.250000000000000000 ) ;
#861 = DIRECTION ( 'NONE',  ( 1.000000000000000000, 0.000000000000000000, 0.000000000000000000 ) ) ;
#862 = CIRCLE ( 'NONE', #584, 0.5000000000000000000 ) ;
#863 = ORIENTED_EDGE ( 'NONE', *, *, #3577, .F. ) ;
#864 = VERTEX_POINT ( 'NONE', #5119 ) ;
#865 = DIRECTION ( 'NONE',  ( 1.000000000000000000, -1.747729060459025020E-16, 0.000000000000000000 ) ) ;
#866 = CARTESIAN_POINT ( 'NONE',  ( -1.850000000000000089, -2.000000000000000000, -2.500000000000000000 ) ) ;
#867 = VECTOR ( 'NONE', #1264, 1000.000000000000000 ) ;
#868 = CARTESIAN_POINT ( 'NONE',  ( -10.13397459621556074, 5.000000000000000000, -3.000000000000000000 ) ) ;
#869 = AXIS2_PLACEMENT_3D ( 'NONE', #1518, #3612, #1404 ) ;
#870 = VECTOR ( 'NONE', #699, 1000.000000000000000 ) ;
#871 = CALENDAR_DATE ( 2025, 16, 6 ) ;
#872 = CARTESIAN_POINT ( 'NONE',  ( -9.500000000000000000, -5.000000000000000000, -3.000000000000000000 ) ) ;
#873 = ORIENTED_EDGE ( 'NONE', *, *, #3420, .T. ) ;
#874 = CIRCLE ( 'NONE', #1625, 1.250000000000000000 ) ;
#875 = ORGANIZATION ( 'NAUO-ORG6', 'UNSPECIFIED', 'UNSPECIFIED' ) ;
#876 = CARTESIAN_POINT ( 'NONE',  ( -9.000000000000000000, -5.000000000000000000, 3.000000000000000000 ) ) ;
#877 = ADVANCED_FACE ( 'NONE', ( #3788 ), #1478, .T. ) ;
#878 = ORIENTED_EDGE ( 'NONE', *, *, #1506, .F. ) ;
#879 = VECTOR ( 'NONE', #3394, 1000.000000000000000 ) ;
#880 = CARTESIAN_POINT ( 'NONE',  ( 2.350000000000000089, -2.000000000000000000, 2.500000000000000000 ) ) ;
#881 = DIRECTION ( 'NONE',  ( 0.000000000000000000, 0.000000000000000000, -1.000000000000000000 ) ) ;
#882 = DATE_AND_TIME ( #1826, #3977 ) ;
#883 = LOCAL_TIME ( 10, 17, 39.00000000000000000, #639 ) ;
#884 = ORIENTED_EDGE ( 'NONE', *, *, #4966, .T. ) ;
#885 = FACE_OUTER_BOUND ( 'NONE', #2700, .T. ) ;
#886 = APPROVAL ( #5008, 'UNSPECIFIED' ) ;
#887 = VECTOR ( 'NONE', #2488, 1000.000000000000114 ) ;
#888 = FACE_OUTER_BOUND ( 'NONE', #1897, .T. ) ;
#889 = PERSON_AND_ORGANIZATION_ROLE ( 'creator' ) ;
#890 = EDGE_CURVE ( 'NONE', #5736, #3597, #3207, .T. ) ;
#891 = VECTOR ( 'NONE', #4825, 1000.000000000000000 ) ;
#892 = ORIENTED_EDGE ( 'NONE', *, *, #822, .F. ) ;
#893 = DIRECTION ( 'NONE',  ( -2.478176394252580155E-16, 1.000000000000000000, 0.000000000000000000 ) ) ;
#894 = ADVANCED_FACE ( 'NONE', ( #4206 ), #176, .F. ) ;
#895 = CARTESIAN_POINT ( 'NONE',  ( 2.350000000000000089, -9.629649721936179265E-32, 3.000000000000000000 ) ) ;
#896 = ORIENTED_EDGE ( 'NONE', *, *, #2875, .F. ) ;
#897 = VERTEX_POINT ( 'NONE', #1926 ) ;
#898 = DIRECTION ( 'NONE',  ( -1.747729060459019844E-16, -1.000000000000000000, 0.000000000000000000 ) ) ;
#899 = EDGE_CURVE ( 'NONE', #5801, #3717, #4620, .T. ) ;
#900 = CARTESIAN_POINT ( 'NONE',  ( 3.339692620785910115, -0.3420201433256729318, 3.000000000000000000 ) ) ;
#901 = APPROVAL_DATE_TIME ( #5496, #3110 ) ;
#902 = LINE ( 'NONE', #4013, #192 ) ;
#903 = VERTEX_POINT ( 'NONE', #3321 ) ;
#904 = LINE ( 'NONE', #842, #2591 ) ;
#905 = PRODUCT ( 'piece_serrage_rails_mobiles.step', 'piece_serrage_rails_mobiles.step', '', ( #732 ) ) ;
#906 = ORIENTED_EDGE ( 'NONE', *, *, #2723, .F. ) ;
#907 = LINE ( 'NONE', #1850, #2268 ) ;
#908 = EDGE_CURVE ( 'NONE', #4082, #4267, #301, .T. ) ;
#909 = DIRECTION ( 'NONE',  ( 1.000000000000000000, 1.747729060459025020E-16, 0.000000000000000000 ) ) ;
#910 = CARTESIAN_POINT ( 'NONE',  ( 4.500000000000000000, -3.623755772593889841E-16, 3.000000000000000000 ) ) ;
#911 = PERSON_AND_ORGANIZATION_ROLE ( 'design_owner' ) ;
#912 = ORIENTED_EDGE ( 'NONE', *, *, #2117, .T. ) ;
#913 = CARTESIAN_POINT ( 'NONE',  ( -95.00000000000000000, 2.500000000000000000, -5.000000000000000000 ) ) ;
#914 = FACE_OUTER_BOUND ( 'NONE', #1725, .T. ) ;
#915 = COORDINATED_UNIVERSAL_TIME_OFFSET ( 1, 0, .AHEAD. ) ;
#916 = APPROVAL ( #3732, 'UNKNOWN' ) ;
#917 = ORIENTED_EDGE ( 'NONE', *, *, #3364, .T. ) ;
#918 = CARTESIAN_POINT ( 'NONE',  ( 0.000000000000000000, -2.000000000000000000, 0.000000000000000000 ) ) ;
#919 = PLANE ( 'NONE',  #2445 ) ;
#920 = ORIENTED_EDGE ( 'NONE', *, *, #4852, .T. ) ;
#921 = ORIENTED_EDGE ( 'NONE', *, *, #1573, .T. ) ;
#922 = CARTESIAN_POINT ( 'NONE',  ( 0.000000000000000000, 2.500000000000000000, 0.000000000000000000 ) ) ;
#923 = DIRECTION ( 'NONE',  ( 0.000000000000000000, 0.000000000000000000, 1.000000000000000000 ) ) ;
#924 = ADVANCED_FACE ( 'NONE', ( #5038 ), #1091, .T. ) ;
#925 = CARTESIAN_POINT ( 'NONE',  ( 1.899999999999999911, -1.500000000000000000, 3.000000000000000000 ) ) ;
#926 = CALENDAR_DATE ( 2025, 16, 6 ) ;
#927 = FACE_OUTER_BOUND ( 'NONE', #2192, .T. ) ;
#928 = EDGE_LOOP ( 'NONE', ( #1942, #554, #697, #4312 ) ) ;
#929 = EDGE_CURVE ( 'NONE', #3625, #1218, #2801, .T. ) ;
#930 = FACE_OUTER_BOUND ( 'NONE', #450, .T. ) ;
#931 = EDGE_LOOP ( 'NONE', ( #4245, #3555, #2102, #2499 ) ) ;
#932 = CARTESIAN_POINT ( 'NONE',  ( 6.000000000000000000, -6.379211070675430182E-16, -3.000000000000000000 ) ) ;
#933 = DIRECTION ( 'NONE',  ( 0.000000000000000000, 0.000000000000000000, -1.000000000000000000 ) ) ;
#934 = CARTESIAN_POINT ( 'NONE',  ( 5.500000000000000000, -5.493209533081619120E-16, -2.500000000000000000 ) ) ;
#935 = PERSON_AND_ORGANIZATION ( #3639, #409 ) ;
#936 = AXIS2_PLACEMENT_3D ( 'NONE', #1193, #3424, #3050 ) ;
#937 = ORIENTED_EDGE ( 'NONE', *, *, #5346, .T. ) ;
#938 = LINE ( 'NONE', #3287, #1148 ) ;
#939 = CYLINDRICAL_SURFACE ( 'NONE', #769, 1.250000000000000000 ) ;
#940 = DIRECTION ( 'NONE',  ( 1.000000000000000000, 1.807003620809174878E-16, 0.000000000000000000 ) ) ;
#941 = APPROVAL_DATE_TIME ( #4862, #4014 ) ;
#942 = VECTOR ( 'NONE', #2585, 1000.000000000000114 ) ;
#943 = ORIENTED_EDGE ( 'NONE', *, *, #542, .T. ) ;
#944 = DIRECTION ( 'NONE',  ( 0.000000000000000000, -1.000000000000000000, 0.000000000000000000 ) ) ;
#945 = AXIS2_PLACEMENT_3D ( 'NONE', #4848, #4182, #619 ) ;
#946 = FACE_OUTER_BOUND ( 'NONE', #3762, .T. ) ;
#947 = VERTEX_POINT ( 'NONE', #2880 ) ;
#948 = EDGE_LOOP ( 'NONE', ( #5792, #3226, #4773, #2355 ) ) ;
#949 = PRODUCT_DEFINITION_SHAPE ( 'NONE', 'NONE',  #1598 ) ;
#950 = VECTOR ( 'NONE', #105, 1000.000000000000000 ) ;
#951 = FACE_OUTER_BOUND ( 'NONE', #4320, .T. ) ;
#952 = DIRECTION ( 'NONE',  ( 0.000000000000000000, 0.000000000000000000, -1.000000000000000000 ) ) ;
#953 = VECTOR ( 'NONE', #5365, 1000.000000000000000 ) ;
#954 = VECTOR ( 'NONE', #893, 1000.000000000000000 ) ;
#955 = LINE ( 'NONE', #4486, #2724 ) ;
#956 = APPROVAL_STATUS ( 'not_yet_approved' ) ;
#957 = DIRECTION ( 'NONE',  ( 0.000000000000000000, 1.000000000000000000, 0.000000000000000000 ) ) ;
#958 = ORIENTED_EDGE ( 'NONE', *, *, #1360, .T. ) ;
#959 = VERTEX_POINT ( 'NONE', #4678 ) ;
#960 = VECTOR ( 'NONE', #1532, 1000.000000000000000 ) ;
#961 = CIRCLE ( 'NONE', #1434, 0.5000000000000000000 ) ;
#962 = CARTESIAN_POINT ( 'NONE',  ( -6.000000000000000000, -6.379211070675430182E-16, -3.000000000000000000 ) ) ;
#963 = VECTOR ( 'NONE', #3777, 1000.000000000000000 ) ;
#964 = EDGE_CURVE ( 'NONE', #5813, #1188, #3221, .T. ) ;
#965 = ORIENTED_EDGE ( 'NONE', *, *, #2937, .T. ) ;
#966 = VECTOR ( 'NONE', #1064, 1000.000000000000000 ) ;
#967 = DIRECTION ( 'NONE',  ( 0.000000000000000000, 0.000000000000000000, -1.000000000000000000 ) ) ;
#968 = EDGE_CURVE ( 'NONE', #3431, #4506, #1951, .T. ) ;
#969 = LOCAL_TIME ( 10, 17, 39.00000000000000000, #1475 ) ;
#970 = DIRECTION ( 'NONE',  ( 0.000000000000000000, 0.000000000000000000, -1.000000000000000000 ) ) ;
#971 = CALENDAR_DATE ( 2025, 16, 6 ) ;
#972 = ADVANCED_FACE ( 'NONE', ( #1011 ), #2331, .T. ) ;
#973 = LOCAL_TIME ( 10, 17, 39.00000000000000000, #4319 ) ;
#974 = CONTEXT_DEPENDENT_SHAPE_REPRESENTATION ( #4608, #1319 ) ;
#975 = ORIENTED_EDGE ( 'NONE', *, *, #3938, .T. ) ;
#976 = DIRECTION ( 'NONE',  ( -1.000000000000000000, 0.000000000000000000, 0.000000000000000000 ) ) ;
#977 = CC_DESIGN_APPROVAL ( #4943, ( #1357 ) ) ;
#978 = CARTESIAN_POINT ( 'NONE',  ( 3.339692620785910115, -0.3420201433256729318, -3.000000000000000000 ) ) ;
#979 = DIRECTION ( 'NONE',  ( 1.000000000000000000, -2.168404344971010101E-16, 0.000000000000000000 ) ) ;
#980 = CARTESIAN_POINT ( 'NONE',  ( -2.350000000000000089, -3.500000000000000000, 3.000000000000000000 ) ) ;
#981 = COORDINATED_UNIVERSAL_TIME_OFFSET ( 1, 0, .AHEAD. ) ;
#982 = DESIGN_CONTEXT ( 'detailed design', #5435, 'design' ) ;
#983 = PERSON ( 'NAUO-PER10', 'UNSPECIFIED', 'UNSPECIFIED', ('UNSPECIFIED'), ('UNSPECIFIED'), ('UNSPECIFIED') ) ;
#984 = ORIENTED_EDGE ( 'NONE', *, *, #1253, .F. ) ;
#985 = DIRECTION ( 'NONE',  ( -2.168404344971010101E-16, 1.000000000000000000, 0.000000000000000000 ) ) ;
#986 = FACE_BOUND ( 'NONE', #4096, .T. ) ;
#987 = ORIENTED_EDGE ( 'NONE', *, *, #3059, .F. ) ;
#988 = ORIENTED_EDGE ( 'NONE', *, *, #4048, .T. ) ;
#989 = EDGE_CURVE ( 'NONE', #2502, #2708, #4629, .T. ) ;
#990 = CARTESIAN_POINT ( 'NONE',  ( -4.000000000000000000, -2.781021871990660059E-16, -3.000000000000000000 ) ) ;
#991 =( NAMED_UNIT ( * ) SI_UNIT ( $, .STERADIAN. ) SOLID_ANGLE_UNIT ( ) );
#992 = EDGE_CURVE ( 'NONE', #2790, #5124, #4118, .T. ) ;
#993 = DIRECTION ( 'NONE',  ( 0.000000000000000000, 0.000000000000000000, -1.000000000000000000 ) ) ;
#994 = PERSON_AND_ORGANIZATION ( #4625, #5065 ) ;
#995 = CARTESIAN_POINT ( 'NONE',  ( 0.000000000000000000, -2.000000000000000000, 0.000000000000000000 ) ) ;
#996 = VERTEX_POINT ( 'NONE', #2860 ) ;
#997 = ORIENTED_EDGE ( 'NONE', *, *, #2695, .T. ) ;
#998 = AXIS2_PLACEMENT_3D ( 'NONE', #2791, #2725, #5026 ) ;
#999 = DIRECTION ( 'NONE',  ( 1.000000000000000000, -1.747729060459025020E-16, 0.000000000000000000 ) ) ;
#1000 = PRODUCT_RELATED_PRODUCT_CATEGORY ( 'detail', '', ( #905 ) ) ;
#1001 = VERTEX_POINT ( 'NONE', #1450 ) ;
#1002 = DIRECTION ( 'NONE',  ( 0.000000000000000000, 0.000000000000000000, -1.000000000000000000 ) ) ;
#1003 = CARTESIAN_POINT ( 'NONE',  ( -6.000000000000000000, -6.379211070675430182E-16, 3.000000000000000000 ) ) ;
#1004 = PERSON_AND_ORGANIZATION_ROLE ( 'classification_officer' ) ;
#1005 = EDGE_CURVE ( 'NONE', #5218, #4492, #4656, .T. ) ;
#1006 = DATE_AND_TIME ( #59, #969 ) ;
#1007 = VERTEX_POINT ( 'NONE', #2085 ) ;
#1008 = DIRECTION ( 'NONE',  ( 0.000000000000000000, 0.000000000000000000, 1.000000000000000000 ) ) ;
#1009 = ADVANCED_FACE ( 'NONE', ( #236 ), #5642, .F. ) ;
#1010 = EDGE_CURVE ( 'NONE', #5397, #3357, #5099, .T. ) ;
#1011 = FACE_OUTER_BOUND ( 'NONE', #5469, .T. ) ;
#1012 = LINE ( 'NONE', #1451, #3954 ) ;
#1013 = CARTESIAN_POINT ( 'NONE',  ( -5.500000000000000000, 2.500000000000000000, 2.500000000000000000 ) ) ;
#1014 = APPLICATION_PROTOCOL_DEFINITION ( 'international standard', 'config_control_design', 1994, #5321 ) ;
#1015 = ORIENTED_EDGE ( 'NONE', *, *, #5027, .F. ) ;
#1016 = CARTESIAN_POINT ( 'NONE',  ( 3.289692620785909849, -0.3420201433256724877, -3.000000000000000000 ) ) ;
#1017 = ORIENTED_EDGE ( 'NONE', *, *, #2479, .F. ) ;
#1018 = DIRECTION ( 'NONE',  ( 0.000000000000000000, 0.000000000000000000, -1.000000000000000000 ) ) ;
#1019 = LINE ( 'NONE', #1984, #4975 ) ;
#1020 = CARTESIAN_POINT ( 'NONE',  ( 2.339692620785905230, -0.3420201433256729318, 3.000000000000000000 ) ) ;
#1021 = ORIENTED_EDGE ( 'NONE', *, *, #899, .F. ) ;
#1022 = FACE_OUTER_BOUND ( 'NONE', #4951, .T. ) ;
#1023 = DIRECTION ( 'NONE',  ( 0.000000000000000000, 1.000000000000000000, 0.000000000000000000 ) ) ;
#1024 = CC_DESIGN_PERSON_AND_ORGANIZATION_ASSIGNMENT ( #1428, #5022, ( #734 ) ) ;
#1025 = ORGANIZATION ( 'NAUO-ORG14', 'UNSPECIFIED', 'UNSPECIFIED' ) ;
#1026 = CARTESIAN_POINT ( 'NONE',  ( 1.530808498934190091E-16, -3.500000000000000000, -1.250000000000000000 ) ) ;
#1027 = DATE_AND_TIME ( #1445, #4734 ) ;
#1028 = PERSON_AND_ORGANIZATION ( #3353, #1530 ) ;
#1029 = ORIENTED_EDGE ( 'NONE', *, *, #2900, .T. ) ;
#1030 = CARTESIAN_POINT ( 'NONE',  ( 0.000000000000000000, 2.500000000000000000, 0.000000000000000000 ) ) ;
#1031 = EDGE_CURVE ( 'NONE', #4492, #2230, #1528, .T. ) ;
#1032 = DIRECTION ( 'NONE',  ( 0.000000000000000000, 0.000000000000000000, -1.000000000000000000 ) ) ;
#1033 = LINE ( 'NONE', #509, #2359 ) ;
#1034 = SHAPE_DEFINITION_REPRESENTATION ( #5467, #3942 ) ;
#1035 = EDGE_LOOP ( 'NONE', ( #826, #5281, #5155, #5687, #3936, #3486, #1162, #387 ) ) ;
#1036 = ADVANCED_FACE ( 'NONE', ( #5680 ), #1677, .F. ) ;
#1037 = CARTESIAN_POINT ( 'NONE',  ( -5.500000000000000000, -5.505346540445919644E-16, 2.500000000000000000 ) ) ;
#1038 = VECTOR ( 'NONE', #1372, 1000.000000000000000 ) ;
#1039 = EDGE_LOOP ( 'NONE', ( #4574, #4126, #690, #251 ) ) ;
#1040 = EDGE_CURVE ( 'NONE', #4300, #3885, #2087, .T. ) ;
#1041 = DIRECTION ( 'NONE',  ( -1.000000000000000000, 0.000000000000000000, 0.000000000000000000 ) ) ;
#1042 = CIRCLE ( 'NONE', #2642, 0.5000000000000000000 ) ;
#1043 = DIRECTION ( 'NONE',  ( -1.000000000000000000, -1.747729060459025020E-16, 0.000000000000000000 ) ) ;
#1044 = PERSON_AND_ORGANIZATION ( #2516, #1025 ) ;
#1045 = CARTESIAN_POINT ( 'NONE',  ( -7.000000000000000000, -2.000000000000000000, 3.000000000000000000 ) ) ;
#1046 = ORIENTED_EDGE ( 'NONE', *, *, #1913, .T. ) ;
#1047 = EDGE_LOOP ( 'NONE', ( #3902, #2490 ) ) ;
#1048 = AXIS2_PLACEMENT_3D ( 'NONE', #1973, #3832, #3429 ) ;
#1049 = PLANE ( 'NONE',  #2935 ) ;
#1050 = DIRECTION ( 'NONE',  ( 0.000000000000000000, -1.000000000000000000, 0.000000000000000000 ) ) ;
#1051 = CIRCLE ( 'NONE', #3384, 0.5000000000000000000 ) ;
#1052 = ORIENTED_EDGE ( 'NONE', *, *, #4548, .T. ) ;
#1053 = AXIS2_PLACEMENT_3D ( 'NONE', #4242, #3797, #1041 ) ;
#1054 = VECTOR ( 'NONE', #5304, 1000.000000000000000 ) ;
#1055 = EDGE_CURVE ( 'NONE', #5361, #4916, #4062, .T. ) ;
#1056 = CARTESIAN_POINT ( 'NONE',  ( -2.350000000000000089, -2.799999999999999822, -3.000000000000000000 ) ) ;
#1057 = AXIS2_PLACEMENT_3D ( 'NONE', #1315, #4912, #2148 ) ;
#1058 = PERSON_AND_ORGANIZATION_ROLE ( 'creator' ) ;
#1059 = VECTOR ( 'NONE', #374, 1000.000000000000000 ) ;
#1060 = DATE_AND_TIME ( #4147, #5101 ) ;
#1061 = CC_DESIGN_SECURITY_CLASSIFICATION ( #5570, ( #5820 ) ) ;
#1062 = CARTESIAN_POINT ( 'NONE',  ( 2.399999999999999911, -1.500000000000000000, 3.000000000000000000 ) ) ;
#1063 =( GEOMETRIC_REPRESENTATION_CONTEXT ( 3 ) GLOBAL_UNCERTAINTY_ASSIGNED_CONTEXT ( ( #1328 ) ) GLOBAL_UNIT_ASSIGNED_CONTEXT ( ( #5366, #73, #5781 ) ) REPRESENTATION_CONTEXT ( 'NONE', 'WORKASPACE' ) );
#1064 = DIRECTION ( 'NONE',  ( 0.000000000000000000, -1.000000000000000000, 0.000000000000000000 ) ) ;
#1065 = LINE ( 'NONE', #5560, #4141 ) ;
#1066 = PERSON_AND_ORGANIZATION_ROLE ( 'design_owner' ) ;
#1067 = CC_DESIGN_SECURITY_CLASSIFICATION ( #313, ( #3502 ) ) ;
#1068 = CC_DESIGN_PERSON_AND_ORGANIZATION_ASSIGNMENT ( #4793, #1147, ( #1921 ) ) ;
#1069 = VERTEX_POINT ( 'NONE', #2495 ) ;
#1070 = CARTESIAN_POINT ( 'NONE',  ( 88.00000000000000000, 2.500000000000000000, 2.500000000000000000 ) ) ;
#1071 = CC_DESIGN_APPROVAL ( #269, ( #3318 ) ) ;
#1072 = ORIENTED_EDGE ( 'NONE', *, *, #4521, .T. ) ;
#1073 = DIRECTION ( 'NONE',  ( 0.000000000000000000, 0.000000000000000000, -1.000000000000000000 ) ) ;
#1074 = LOCAL_TIME ( 10, 17, 39.00000000000000000, #5444 ) ;
#1075 = EDGE_CURVE ( 'NONE', #3723, #2768, #4764, .T. ) ;
#1076 = CARTESIAN_POINT ( 'NONE',  ( -1.850000000000000089, -2.000000000000000000, 3.000000000000000000 ) ) ;
#1077 = CYLINDRICAL_SURFACE ( 'NONE', #758, 0.5000000000000000000 ) ;
#1078 = ORIENTED_EDGE ( 'NONE', *, *, #5408, .F. ) ;
#1079 = EDGE_LOOP ( 'NONE', ( #549, #1751, #4237, #1457 ) ) ;
#1080 = AXIS2_PLACEMENT_3D ( 'NONE', #3538, #5338, #1303 ) ;
#1081 = EDGE_CURVE ( 'NONE', #1464, #4082, #1556, .T. ) ;
#1082 = DIRECTION ( 'NONE',  ( 0.000000000000000000, 1.000000000000000000, 0.000000000000000000 ) ) ;
#1083 = CARTESIAN_POINT ( 'NONE',  ( -10.13397459621556074, -1.370462676791689779E-15, 3.000000000000000000 ) ) ;
#1084 = ADVANCED_FACE ( 'NONE', ( #5209 ), #4702, .F. ) ;
#1085 = CIRCLE ( 'NONE', #2868, 0.5000000000000004441 ) ;
#1086 = ORIENTED_EDGE ( 'NONE', *, *, #1233, .T. ) ;
#1087 = DIRECTION ( 'NONE',  ( -1.000000000000000000, 0.000000000000000000, 0.000000000000000000 ) ) ;
#1088 = CALENDAR_DATE ( 2025, 16, 6 ) ;
#1089 = EDGE_CURVE ( 'NONE', #5045, #4187, #2593, .T. ) ;
#1090 = CALENDAR_DATE ( 2025, 16, 6 ) ;
#1091 = CYLINDRICAL_SURFACE ( 'NONE', #5184, 0.5000000000000000000 ) ;
#1092 = DIRECTION ( 'NONE',  ( 0.000000000000000000, 0.000000000000000000, -1.000000000000000000 ) ) ;
#1093 = APPROVAL_DATE_TIME ( #1928, #4980 ) ;
#1094 = ORIENTED_EDGE ( 'NONE', *, *, #1590, .T. ) ;
#1095 = FACE_OUTER_BOUND ( 'NONE', #2124, .T. ) ;
#1096 = ORIENTED_EDGE ( 'NONE', *, *, #5569, .F. ) ;
#1097 = DIRECTION ( 'NONE',  ( 0.000000000000000000, 0.000000000000000000, -1.000000000000000000 ) ) ;
#1098 = APPROVAL ( #5611, 'UNKNOWN' ) ;
#1099 = EDGE_LOOP ( 'NONE', ( #4280, #5750, #3845, #2451, #4392, #2981, #559, #2365 ) ) ;
#1100 = LINE ( 'NONE', #2423, #1696 ) ;
#1101 = DIRECTION ( 'NONE',  ( 0.000000000000000000, 0.000000000000000000, -1.000000000000000000 ) ) ;
#1102 = ORIENTED_EDGE ( 'NONE', *, *, #46, .T. ) ;
#1103 = ORIENTED_EDGE ( 'NONE', *, *, #573, .F. ) ;
#1104 = ADVANCED_FACE ( 'NONE', ( #730 ), #1204, .T. ) ;
#1105 = CARTESIAN_POINT ( 'NONE',  ( 1.850000000000000089, -2.000000000000000000, -3.000000000000000000 ) ) ;
#1106 = AXIS2_PLACEMENT_3D ( 'NONE', #1593, #5276, #2447 ) ;
#1107 = DIRECTION ( 'NONE',  ( 0.000000000000000000, 0.000000000000000000, -1.000000000000000000 ) ) ;
#1108 = ADVANCED_FACE ( 'NONE', ( #759 ), #261, .F. ) ;
#1109 = VERTEX_POINT ( 'NONE', #2053 ) ;
#1110 = FACE_OUTER_BOUND ( 'NONE', #928, .T. ) ;
#1111 = APPROVAL_ROLE ( '' ) ;
#1112 = COORDINATED_UNIVERSAL_TIME_OFFSET ( 1, 0, .AHEAD. ) ;
#1113 = APPROVAL_PERSON_ORGANIZATION ( #1344, #3110, #2285 ) ;
#1114 = VECTOR ( 'NONE', #2957, 1000.000000000000000 ) ;
#1115 = CARTESIAN_POINT ( 'NONE',  ( 6.000000000000000000, -6.379211070675430182E-16, 3.000000000000000000 ) ) ;
#1116 = DIRECTION ( 'NONE',  ( 0.000000000000000000, 0.000000000000000000, -1.000000000000000000 ) ) ;
#1117 = CALENDAR_DATE ( 2025, 16, 6 ) ;
#1118 = ORIENTED_EDGE ( 'NONE', *, *, #5420, .T. ) ;
#1119 = DIRECTION ( 'NONE',  ( 0.000000000000000000, 0.000000000000000000, -1.000000000000000000 ) ) ;
#1120 = ORIENTED_EDGE ( 'NONE', *, *, #1233, .F. ) ;
#1121 = CARTESIAN_POINT ( 'NONE',  ( 1.899999999999999911, -3.500000000000000000, -2.500000000000000000 ) ) ;
#1122 = DIRECTION ( 'NONE',  ( 1.000000000000000000, 0.000000000000000000, 0.000000000000000000 ) ) ;
#1123 = VECTOR ( 'NONE', #2697, 1000.000000000000000 ) ;
#1124 = ORIENTED_EDGE ( 'NONE', *, *, #3364, .F. ) ;
#1125 = LINE ( 'NONE', #1689, #3172 ) ;
#1126 = CARTESIAN_POINT ( 'NONE',  ( -1.850000000000000089, 4.011548038196364434E-16, 2.500000000000000000 ) ) ;
#1127 = ORIENTED_EDGE ( 'NONE', *, *, #2841, .F. ) ;
#1128 = ORIENTED_EDGE ( 'NONE', *, *, #204, .F. ) ;
#1129 = CARTESIAN_POINT ( 'NONE',  ( 6.000000000000000000, 0.5000000000000000000, -3.000000000000000000 ) ) ;
#1130 = PLANE ( 'NONE',  #4736 ) ;
#1131 = VECTOR ( 'NONE', #1875, 1000.000000000000000 ) ;
#1132 = DIRECTION ( 'NONE',  ( 1.000000000000000000, 0.000000000000000000, 0.000000000000000000 ) ) ;
#1133 = ORIENTED_EDGE ( 'NONE', *, *, #1864, .T. ) ;
#1134 = ORIENTED_EDGE ( 'NONE', *, *, #4129, .F. ) ;
#1135 = VECTOR ( 'NONE', #5172, 1000.000000000000000 ) ;
#1136 = CLOSED_SHELL ( 'NONE', ( #5163, #2617, #4016, #1957, #5632, #457, #3744, #972, #5683, #5388, #62, #2433, #100, #729, #286, #4201, #4775, #3195, #4168, #2342, #1608, #2368, #1313, #3267 ) ) ;
#1137 = DIRECTION ( 'NONE',  ( -1.000000000000000000, 0.000000000000000000, 0.000000000000000000 ) ) ;
#1138 = CIRCLE ( 'NONE', #1987, 0.5000000000000000000 ) ;
#1139 = EDGE_CURVE ( 'NONE', #2527, #2931, #1619, .T. ) ;
#1140 = EDGE_CURVE ( 'NONE', #752, #4072, #673, .T. ) ;
#1141 = VECTOR ( 'NONE', #5559, 1000.000000000000000 ) ;
#1142 = DATE_AND_TIME ( #4762, #4164 ) ;
#1143 = AXIS2_PLACEMENT_3D ( 'NONE', #1586, #680, #2475 ) ;
#1144 = CARTESIAN_POINT ( 'NONE',  ( 6.000000000000000000, -6.379211070675430182E-16, 3.000000000000000000 ) ) ;
#1145 = CARTESIAN_POINT ( 'NONE',  ( -10.13397459621556074, 4.500000000000000000, -3.000000000000000000 ) ) ;
#1146 = AXIS2_PLACEMENT_3D ( 'NONE', #3461, #2559, #5171 ) ;
#1147 = PERSON_AND_ORGANIZATION_ROLE ( 'creator' ) ;
#1148 = VECTOR ( 'NONE', #1410, 1000.000000000000000 ) ;
#1149 = VECTOR ( 'NONE', #3279, 1000.000000000000000 ) ;
#1150 = ORIENTED_EDGE ( 'NONE', *, *, #459, .F. ) ;
#1151 = CARTESIAN_POINT ( 'NONE',  ( -1.899999999999999911, -1.500000000000000000, -3.000000000000000000 ) ) ;
#1152 = VECTOR ( 'NONE', #4316, 1000.000000000000000 ) ;
#1153 = ORIENTED_EDGE ( 'NONE', *, *, #245, .T. ) ;
#1154 = PERSON_AND_ORGANIZATION_ROLE ( 'classification_officer' ) ;
#1155 = FACE_OUTER_BOUND ( 'NONE', #2587, .T. ) ;
#1156 = DIRECTION ( 'NONE',  ( 1.000000000000000000, 0.000000000000000000, 0.000000000000000000 ) ) ;
#1157 = APPROVAL_PERSON_ORGANIZATION ( #2654, #453, #4001 ) ;
#1158 = ORIENTED_EDGE ( 'NONE', *, *, #2728, .F. ) ;
#1159 = FACE_OUTER_BOUND ( 'NONE', #5352, .T. ) ;
#1160 = EDGE_CURVE ( 'NONE', #4647, #5361, #327, .T. ) ;
#1161 = CYLINDRICAL_SURFACE ( 'NONE', #196, 0.5000000000000000000 ) ;
#1162 = ORIENTED_EDGE ( 'NONE', *, *, #4854, .T. ) ;
#1163 = EDGE_LOOP ( 'NONE', ( #3882, #4148, #1514, #5684 ) ) ;
#1164 = DIRECTION ( 'NONE',  ( -1.000000000000000000, 0.000000000000000000, 0.000000000000000000 ) ) ;
#1165 = CC_DESIGN_SECURITY_CLASSIFICATION ( #1732, ( #1921 ) ) ;
#1166 = CARTESIAN_POINT ( 'NONE',  ( -1.850000000000000089, -2.000000000000000000, -3.000000000000000000 ) ) ;
#1167 = DIRECTION ( 'NONE',  ( 1.000000000000000000, -1.772003075187619906E-16, 0.000000000000000000 ) ) ;
#1168 = PLANE ( 'NONE',  #1318 ) ;
#1169 = CIRCLE ( 'NONE', #3707, 0.5000000000000000000 ) ;
#1170 = CARTESIAN_POINT ( 'NONE',  ( 4.229385241571814724, -9.629649721936179265E-32, 3.000000000000000000 ) ) ;
#1171 = ORIENTED_EDGE ( 'NONE', *, *, #1031, .T. ) ;
#1172 = ORIENTED_EDGE ( 'NONE', *, *, #5273, .T. ) ;
#1173 = CARTESIAN_POINT ( 'NONE',  ( 6.000000000000000000, -6.379211070675430182E-16, 3.000000000000000000 ) ) ;
#1174 = CC_DESIGN_PERSON_AND_ORGANIZATION_ASSIGNMENT ( #207, #2526, ( #905 ) ) ;
#1175 = COORDINATED_UNIVERSAL_TIME_OFFSET ( 1, 0, .AHEAD. ) ;
#1176 = COORDINATED_UNIVERSAL_TIME_OFFSET ( 1, 0, .AHEAD. ) ;
#1177 = DIRECTION ( 'NONE',  ( 0.000000000000000000, 1.000000000000000000, 0.000000000000000000 ) ) ;
#1178 = ADVANCED_FACE ( 'NONE', ( #4829 ), #796, .T. ) ;
#1179 = CARTESIAN_POINT ( 'NONE',  ( -6.000000000000000000, 2.500000000000000000, -2.500000000000000000 ) ) ;
#1180 = CALENDAR_DATE ( 2025, 16, 6 ) ;
#1181 = ORIENTED_EDGE ( 'NONE', *, *, #2007, .F. ) ;
#1182 = CYLINDRICAL_SURFACE ( 'NONE', #1143, 1.250000000000000000 ) ;
#1183 = ORIENTED_EDGE ( 'NONE', *, *, #3420, .F. ) ;
#1184 = EDGE_CURVE ( 'NONE', #5577, #2076, #3776, .T. ) ;
#1185 = DIRECTION ( 'NONE',  ( 0.000000000000000000, -1.000000000000000000, 0.000000000000000000 ) ) ;
#1186 = DIRECTION ( 'NONE',  ( 0.000000000000000000, -1.000000000000000000, -3.491481338843133355E-15 ) ) ;
#1187 = PERSON ( 'NAUO-PER12', 'UNSPECIFIED', 'UNSPECIFIED', ('UNSPECIFIED'), ('UNSPECIFIED'), ('UNSPECIFIED') ) ;
#1188 = VERTEX_POINT ( 'NONE', #5348 ) ;
#1189 = LINE ( 'NONE', #655, #3363 ) ;
#1190 = DIRECTION ( 'NONE',  ( 0.000000000000000000, 1.000000000000000000, 0.000000000000000000 ) ) ;
#1191 = EDGE_LOOP ( 'NONE', ( #773, #4863, #1181, #2425 ) ) ;
#1192 = ORIENTED_EDGE ( 'NONE', *, *, #2707, .T. ) ;
#1193 = CARTESIAN_POINT ( 'NONE',  ( 5.500000000000000000, 0.5000000000000000000, 3.000000000000000000 ) ) ;
#1194 = CARTESIAN_POINT ( 'NONE',  ( 5.500000000000000000, 4.500000000000000000, 3.000000000000000000 ) ) ;
#1195 = CARTESIAN_POINT ( 'NONE',  ( 6.000000000000000000, -6.379211070675430182E-16, 3.000000000000000000 ) ) ;
#1196 = PLANE ( 'NONE',  #5359 ) ;
#1197 = FACE_OUTER_BOUND ( 'NONE', #2013, .T. ) ;
#1198 = VERTEX_POINT ( 'NONE', #2645 ) ;
#1199 = EDGE_LOOP ( 'NONE', ( #3921, #737, #4367, #5130 ) ) ;
#1200 = DIRECTION ( 'NONE',  ( 0.000000000000000000, 0.000000000000000000, 1.000000000000000000 ) ) ;
#1201 = PERSON_AND_ORGANIZATION_ROLE ( 'classification_officer' ) ;
#1202 = APPROVAL_DATE_TIME ( #5233, #1098 ) ;
#1203 = APPROVAL ( #2298, 'UNKNOWN' ) ;
#1204 = CYLINDRICAL_SURFACE ( 'NONE', #3869, 0.5000000000000000000 ) ;
#1205 = CARTESIAN_POINT ( 'NONE',  ( -1.850000000000000089, -3.500000000000000000, 2.500000000000000000 ) ) ;
#1206 = DATE_AND_TIME ( #1180, #1822 ) ;
#1207 = CC_DESIGN_APPROVAL ( #4763, ( #4308 ) ) ;
#1208 = ORIENTED_EDGE ( 'NONE', *, *, #1521, .T. ) ;
#1209 = DIRECTION ( 'NONE',  ( 0.000000000000000000, -1.000000000000000000, 0.000000000000000000 ) ) ;
#1210 = ORIENTED_EDGE ( 'NONE', *, *, #5423, .T. ) ;
#1211 = PLANE ( 'NONE',  #1902 ) ;
#1212 = CARTESIAN_POINT ( 'NONE',  ( 30.81141183569546627, 2.869377014437724860, -1.761828530288944705E-16 ) ) ;
#1213 = EDGE_CURVE ( 'NONE', #5185, #567, #4021, .T. ) ;
#1214 = ORIENTED_EDGE ( 'NONE', *, *, #4265, .T. ) ;
#1215 = CARTESIAN_POINT ( 'NONE',  ( 3.289692620785909849, -0.3420201433256724877, -3.000000000000000000 ) ) ;
#1216 = EDGE_CURVE ( 'NONE', #88, #4482, #3493, .T. ) ;
#1217 = DIRECTION ( 'NONE',  ( 0.000000000000000000, -1.000000000000000000, 0.000000000000000000 ) ) ;
#1218 = VERTEX_POINT ( 'NONE', #3523 ) ;
#1219 = ORIENTED_EDGE ( 'NONE', *, *, #3520, .F. ) ;
#1220 = LINE ( 'NONE', #3076, #4417 ) ;
#1221 = CARTESIAN_POINT ( 'NONE',  ( -6.000000000000000000, 2.500000000000000000, -3.000000000000000000 ) ) ;
#1222 = DIRECTION ( 'NONE',  ( -1.000000000000000000, 0.000000000000000000, 0.000000000000000000 ) ) ;
#1223 = FACE_OUTER_BOUND ( 'NONE', #3474, .T. ) ;
#1224 = DIRECTION ( 'NONE',  ( -1.807003620809174878E-16, 1.000000000000000000, 0.000000000000000000 ) ) ;
#1225 = ORIENTED_EDGE ( 'NONE', *, *, #2405, .F. ) ;
#1226 = ORIENTED_EDGE ( 'NONE', *, *, #2479, .T. ) ;
#1227 = CARTESIAN_POINT ( 'NONE',  ( 94.00000000000000000, 2.500000000000000000, 5.000000000000000000 ) ) ;
#1228 = AXIS2_PLACEMENT_3D ( 'NONE', #5107, #188, #140 ) ;
#1229 = ADVANCED_FACE ( 'NONE', ( #2208 ), #3965, .T. ) ;
#1230 = CARTESIAN_POINT ( 'NONE',  ( -6.000000000000000000, -6.379211070675430182E-16, 2.500000000000000000 ) ) ;
#1231 = LINE ( 'NONE', #1265, #293 ) ;
#1232 = CIRCLE ( 'NONE', #2077, 0.5000000000000004441 ) ;
#1233 = EDGE_CURVE ( 'NONE', #864, #744, #4438, .T. ) ;
#1234 = PERSON_AND_ORGANIZATION ( #3639, #409 ) ;
#1235 = AXIS2_PLACEMENT_3D ( 'NONE', #297, #1119, #2500 ) ;
#1236 = ORIENTED_EDGE ( 'NONE', *, *, #4282, .F. ) ;
#1237 = LINE ( 'NONE', #1682, #3120 ) ;
#1238 = AXIS2_PLACEMENT_3D ( 'NONE', #5418, #508, #1385 ) ;
#1239 = CIRCLE ( 'NONE', #1524, 0.5000000000000000000 ) ;
#1240 = LINE ( 'NONE', #5243, #3678 ) ;
#1241 = AXIS2_PLACEMENT_3D ( 'NONE', #1600, #5401, #4896 ) ;
#1242 = PRODUCT_DEFINITION ( 'UNKNOWN', '', #1921, #2806 ) ;
#1243 = VERTEX_POINT ( 'NONE', #3548 ) ;
#1244 = FACE_OUTER_BOUND ( 'NONE', #5334, .T. ) ;
#1245 = DIRECTION ( 'NONE',  ( 0.000000000000000000, 1.000000000000000000, 0.000000000000000000 ) ) ;
#1246 = SECURITY_CLASSIFICATION ( '', '', #5141 ) ;
#1247 = EDGE_LOOP ( 'NONE', ( #3930, #1788, #5362, #266 ) ) ;
#1248 = ORIENTED_EDGE ( 'NONE', *, *, #2979, .T. ) ;
#1249 = AXIS2_PLACEMENT_3D ( 'NONE', #3352, #2481, #2061 ) ;
#1250 = DIRECTION ( 'NONE',  ( -1.000000000000000000, 0.000000000000000000, 0.000000000000000000 ) ) ;
#1251 = PLANE ( 'NONE',  #2753 ) ;
#1252 = LINE ( 'NONE', #980, #5400 ) ;
#1253 = EDGE_CURVE ( 'NONE', #3723, #2363, #2465, .T. ) ;
#1254 = APPROVAL_PERSON_ORGANIZATION ( #1853, #2494, #2081 ) ;
#1255 = DIRECTION ( 'NONE',  ( 0.000000000000000000, -1.000000000000000000, 0.000000000000000000 ) ) ;
#1256 = DIRECTION ( 'NONE',  ( -1.000000000000000000, 1.747729060459025020E-16, 0.000000000000000000 ) ) ;
#1257 = ORIENTED_EDGE ( 'NONE', *, *, #3088, .F. ) ;
#1258 = ORIENTED_EDGE ( 'NONE', *, *, #3601, .F. ) ;
#1259 = EDGE_CURVE ( 'NONE', #2537, #3697, #2938, .T. ) ;
#1260 = LOCAL_TIME ( 10, 17, 39.00000000000000000, #2149 ) ;
#1261 = EDGE_CURVE ( 'NONE', #4398, #2773, #1289, .T. ) ;
#1262 = DIRECTION ( 'NONE',  ( 0.000000000000000000, 1.000000000000000000, 0.000000000000000000 ) ) ;
#1263 = AXIS2_PLACEMENT_3D ( 'NONE', #2818, #1939, #3700 ) ;
#1264 = DIRECTION ( 'NONE',  ( 0.000000000000000000, 0.000000000000000000, -1.000000000000000000 ) ) ;
#1265 = CARTESIAN_POINT ( 'NONE',  ( -2.399999999999999911, -0.6840402866513449753, 3.000000000000000000 ) ) ;
#1266 = CALENDAR_DATE ( 2025, 16, 6 ) ;
#1267 = ORIENTED_EDGE ( 'NONE', *, *, #1688, .T. ) ;
#1268 = DIRECTION ( 'NONE',  ( -1.000000000000000000, 0.000000000000000000, 0.000000000000000000 ) ) ;
#1269 = VECTOR ( 'NONE', #167, 1000.000000000000000 ) ;
#1270 = PLANE ( 'NONE',  #14 ) ;
#1271 = PERSON_AND_ORGANIZATION ( #3639, #409 ) ;
#1272 = VERTEX_POINT ( 'NONE', #880 ) ;
#1273 = CARTESIAN_POINT ( 'NONE',  ( 5.500000000000000000, 2.500000000000000000, 3.000000000000000000 ) ) ;
#1274 = DIRECTION ( 'NONE',  ( -0.5000000000000003331, 0.8660254037844383745, 0.000000000000000000 ) ) ;
#1275 = ORIENTED_EDGE ( 'NONE', *, *, #4471, .F. ) ;
#1276 = ORIENTED_EDGE ( 'NONE', *, *, #2448, .F. ) ;
#1277 = PRODUCT_DEFINITION_SHAPE ( 'NONE', 'NONE',  #2718 ) ;
#1278 = APPROVAL ( #4586, 'UNSPECIFIED' ) ;
#1279 = CARTESIAN_POINT ( 'NONE',  ( -1.899999999999999911, -1.500000000000000000, 3.000000000000000000 ) ) ;
#1280 = DIRECTION ( 'NONE',  ( 0.000000000000000000, 1.000000000000000000, 0.000000000000000000 ) ) ;
#1281 = LINE ( 'NONE', #3925, #418 ) ;
#1282 = DIRECTION ( 'NONE',  ( 0.000000000000000000, 0.000000000000000000, -1.000000000000000000 ) ) ;
#1283 = DIRECTION ( 'NONE',  ( 0.000000000000000000, 0.000000000000000000, -1.000000000000000000 ) ) ;
#1284 = VERTEX_POINT ( 'NONE', #5299 ) ;
#1285 = ADVANCED_FACE ( 'NONE', ( #2234 ), #3086, .F. ) ;
#1286 = DIRECTION ( 'NONE',  ( -1.000000000000000000, 1.747729060459025020E-16, 0.000000000000000000 ) ) ;
#1287 = EDGE_CURVE ( 'NONE', #4505, #1907, #4409, .T. ) ;
#1288 = EDGE_CURVE ( 'NONE', #5601, #4882, #1791, .T. ) ;
#1289 = LINE ( 'NONE', #499, #2755 ) ;
#1290 = CARTESIAN_POINT ( 'NONE',  ( 5.500000000000000000, 2.500000000000000000, 2.500000000000000000 ) ) ;
#1291 = PERSON_AND_ORGANIZATION ( #3639, #409 ) ;
#1292 = ORIENTED_EDGE ( 'NONE', *, *, #143, .T. ) ;
#1293 = CARTESIAN_POINT ( 'NONE',  ( 0.000000000000000000, -2.000000000000000000, 1.250000000000000000 ) ) ;
#1294 = DIRECTION ( 'NONE',  ( 0.000000000000000000, 0.000000000000000000, -1.000000000000000000 ) ) ;
#1295 = PERSON_AND_ORGANIZATION ( #3639, #409 ) ;
#1296 = APPLICATION_CONTEXT ( 'configuration controlled 3d designs of mechanical parts and assemblies' ) ;
#1297 = EDGE_LOOP ( 'NONE', ( #2506, #4060, #3510, #2016 ) ) ;
#1298 = CARTESIAN_POINT ( 'NONE',  ( 2.399999999999999911, -0.6840402866513449753, 3.000000000000000000 ) ) ;
#1299 = CARTESIAN_POINT ( 'NONE',  ( -10.56698729810777948, 0.7500000000000000000, -3.000000000000000000 ) ) ;
#1300 = VERTEX_POINT ( 'NONE', #25 ) ;
#1301 = EDGE_LOOP ( 'NONE', ( #1219, #4728, #1828, #298 ) ) ;
#1302 = DIRECTION ( 'NONE',  ( -1.000000000000000000, 0.000000000000000000, 0.000000000000000000 ) ) ;
#1303 = DIRECTION ( 'NONE',  ( 0.000000000000000000, 0.000000000000000000, 1.000000000000000000 ) ) ;
#1304 = SHAPE_REPRESENTATION ( 'piece_serrage_patte_rail_mobile.step', ( #4351 ), #4066 ) ;
#1305 = DIRECTION ( 'NONE',  ( 2.478176394252580155E-16, -1.000000000000000000, 0.000000000000000000 ) ) ;
#1306 = PERSON_AND_ORGANIZATION_ROLE ( 'classification_officer' ) ;
#1307 = CARTESIAN_POINT ( 'NONE',  ( -2.350000000000000089, -2.000000000000000000, -2.500000000000000000 ) ) ;
#1308 = ORIENTED_EDGE ( 'NONE', *, *, #5145, .F. ) ;
#1309 = FACE_OUTER_BOUND ( 'NONE', #3530, .T. ) ;
#1310 = CC_DESIGN_PERSON_AND_ORGANIZATION_ASSIGNMENT ( #5356, #889, ( #3572 ) ) ;
#1311 = ORIENTED_EDGE ( 'NONE', *, *, #3410, .F. ) ;
#1312 = CIRCLE ( 'NONE', #4606, 0.5000000000000000000 ) ;
#1313 = ADVANCED_FACE ( 'NONE', ( #464 ), #2678, .T. ) ;
#1314 = DIRECTION ( 'NONE',  ( -1.772003075187619906E-16, -1.000000000000000000, 0.000000000000000000 ) ) ;
#1315 = CARTESIAN_POINT ( 'NONE',  ( -13.50000000000000000, 0.3339745962155620251, 3.000000000000000000 ) ) ;
#1316 = COORDINATED_UNIVERSAL_TIME_OFFSET ( 1, 0, .AHEAD. ) ;
#1317 = EDGE_CURVE ( 'NONE', #1587, #2847, #5766, .T. ) ;
#1318 = AXIS2_PLACEMENT_3D ( 'NONE', #2515, #3864, #344 ) ;
#1319 = PRODUCT_DEFINITION_SHAPE ( 'NONE', 'NONE',  #5818 ) ;
#1320 = ORIENTED_EDGE ( 'NONE', *, *, #4212, .F. ) ;
#1321 = CARTESIAN_POINT ( 'NONE',  ( -6.000000000000000000, 2.500000000000000000, 3.000000000000000000 ) ) ;
#1322 = AXIS2_PLACEMENT_3D ( 'NONE', #1345, #1817, #3603 ) ;
#1323 = AXIS2_PLACEMENT_3D ( 'NONE', #4739, #4262, #237 ) ;
#1324 = EDGE_CURVE ( 'NONE', #141, #4744, #1739, .T. ) ;
#1325 = DIRECTION ( 'NONE',  ( 0.000000000000000000, 0.000000000000000000, -1.000000000000000000 ) ) ;
#1326 = AXIS2_PLACEMENT_3D ( 'NONE', #5335, #3627, #2312 ) ;
#1327 = CALENDAR_DATE ( 2025, 16, 6 ) ;
#1328 = UNCERTAINTY_MEASURE_WITH_UNIT (LENGTH_MEASURE( 1.000000000000000082E-05 ), #5366, 'distance_accuracy_value', 'NONE');
#1329 = ORIENTED_EDGE ( 'NONE', *, *, #4827, .T. ) ;
#1330 = DIRECTION ( 'NONE',  ( 1.000000000000000000, -2.168404344971010101E-16, 0.000000000000000000 ) ) ;
#1331 = AXIS2_PLACEMENT_3D ( 'NONE', #1121, #2914, #545 ) ;
#1332 = LINE ( 'NONE', #5424, #4432 ) ;
#1333 = VECTOR ( 'NONE', #4917, 1000.000000000000000 ) ;
#1334 = EDGE_LOOP ( 'NONE', ( #5647, #5241, #2237, #5394, #3551, #257, #1645, #1208 ) ) ;
#1335 = VERTEX_POINT ( 'NONE', #3611 ) ;
#1336 = DIRECTION ( 'NONE',  ( 0.000000000000000000, 0.000000000000000000, -1.000000000000000000 ) ) ;
#1337 = CARTESIAN_POINT ( 'NONE',  ( 0.000000000000000000, 0.000000000000000000, 3.000000000000000000 ) ) ;
#1338 = CARTESIAN_POINT ( 'NONE',  ( 1.850000000000000089, 4.011548038196364434E-16, 2.500000000000000000 ) ) ;
#1339 = AXIS2_PLACEMENT_3D ( 'NONE', #978, #1032, #5512 ) ;
#1340 = ADVANCED_FACE ( 'NONE', ( #1354 ), #2614, .F. ) ;
#1341 = APPROVAL_PERSON_ORGANIZATION ( #5586, #2143, #5640 ) ;
#1342 = LINE ( 'NONE', #3137, #4223 ) ;
#1343 = AXIS2_PLACEMENT_3D ( 'NONE', #610, #2406, #57 ) ;
#1344 = PERSON_AND_ORGANIZATION ( #5473, #3742 ) ;
#1345 = CARTESIAN_POINT ( 'NONE',  ( 1.850000000000000089, -1.239088197126290077E-16, -2.500000000000000000 ) ) ;
#1346 = ORIENTED_EDGE ( 'NONE', *, *, #3662, .F. ) ;
#1347 = DIRECTION ( 'NONE',  ( 0.000000000000000000, 0.000000000000000000, 1.000000000000000000 ) ) ;
#1348 = EDGE_CURVE ( 'NONE', #2321, #4217, #5793, .T. ) ;
#1349 = EDGE_CURVE ( 'NONE', #2511, #1007, #1910, .T. ) ;
#1350 = VERTEX_POINT ( 'NONE', #4558 ) ;
#1351 = CC_DESIGN_APPROVAL ( #786, ( #3502 ) ) ;
#1352 = DIRECTION ( 'NONE',  ( 0.8660254037844384856, 0.5000000000000003331, 0.000000000000000000 ) ) ;
#1353 = APPROVAL ( #3668, 'UNSPECIFIED' ) ;
#1354 = FACE_OUTER_BOUND ( 'NONE', #3395, .T. ) ;
#1355 = DIRECTION ( 'NONE',  ( -1.000000000000000000, 0.000000000000000000, 0.000000000000000000 ) ) ;
#1356 = COORDINATED_UNIVERSAL_TIME_OFFSET ( 1, 0, .AHEAD. ) ;
#1357 = SECURITY_CLASSIFICATION ( '', '', #1612 ) ;
#1358 = EDGE_LOOP ( 'NONE', ( #1275, #917, #958, #2688, #2866, #415, #256, #5433 ) ) ;
#1359 = DIRECTION ( 'NONE',  ( 1.000000000000000000, 2.478176394252579169E-16, 0.000000000000000000 ) ) ;
#1360 = EDGE_CURVE ( 'NONE', #897, #567, #3235, .T. ) ;
#1361 = CARTESIAN_POINT ( 'NONE',  ( -1.850000000000000089, 8.738645302295090589E-17, 3.000000000000000000 ) ) ;
#1362 = CALENDAR_DATE ( 2025, 16, 6 ) ;
#1363 = AXIS2_PLACEMENT_3D ( 'NONE', #2701, #1347, #2167 ) ;
#1364 = ORIENTED_EDGE ( 'NONE', *, *, #4590, .F. ) ;
#1365 = EDGE_CURVE ( 'NONE', #1576, #1458, #1720, .T. ) ;
#1366 = DIRECTION ( 'NONE',  ( 0.000000000000000000, 0.000000000000000000, -1.000000000000000000 ) ) ;
#1367 = DIRECTION ( 'NONE',  ( -2.168404344971010101E-16, 1.000000000000000000, 0.000000000000000000 ) ) ;
#1368 = VERTEX_POINT ( 'NONE', #84 ) ;
#1369 = ORIENTED_EDGE ( 'NONE', *, *, #3926, .F. ) ;
#1370 = CARTESIAN_POINT ( 'NONE',  ( 1.850000000000000089, -2.299999999999999822, -3.000000000000000000 ) ) ;
#1371 = CARTESIAN_POINT ( 'NONE',  ( 2.399999999999999911, -3.500000000000000000, 3.000000000000000000 ) ) ;
#1372 = DIRECTION ( 'NONE',  ( 0.000000000000000000, 0.000000000000000000, -1.000000000000000000 ) ) ;
#1373 = ITEM_DEFINED_TRANSFORMATION ( 'NONE', 'NONE', #2468,  #4351 ) ;
#1374 = DIRECTION ( 'NONE',  ( 0.000000000000000000, 0.000000000000000000, 1.000000000000000000 ) ) ;
#1375 = ORIENTED_EDGE ( 'NONE', *, *, #1940, .T. ) ;
#1376 = CYLINDRICAL_SURFACE ( 'NONE', #4655, 0.5000000000000000000 ) ;
#1377 = PRODUCT ( 'piece_up_serrage_patte_rail_mobile.step', 'piece_up_serrage_patte_rail_mobile.step', '', ( #238 ) ) ;
#1378 = ORIENTED_EDGE ( 'NONE', *, *, #2117, .F. ) ;
#1379 = FACE_OUTER_BOUND ( 'NONE', #2066, .T. ) ;
#1380 = DIRECTION ( 'NONE',  ( 0.000000000000000000, -1.000000000000000000, 0.000000000000000000 ) ) ;
#1381 = CYLINDRICAL_SURFACE ( 'NONE', #1343, 1.000000000000000000 ) ;
#1382 = CALENDAR_DATE ( 2025, 16, 6 ) ;
#1383 = ORIENTED_EDGE ( 'NONE', *, *, #2505, .T. ) ;
#1384 = FACE_OUTER_BOUND ( 'NONE', #4067, .T. ) ;
#1385 = DIRECTION ( 'NONE',  ( -2.168404344971010101E-16, 1.000000000000000000, 0.000000000000000000 ) ) ;
#1386 = PERSON_AND_ORGANIZATION ( #3639, #409 ) ;
#1387 = UNCERTAINTY_MEASURE_WITH_UNIT (LENGTH_MEASURE( 1.000000000000000082E-05 ), #1542, 'distance_accuracy_value', 'NONE');
#1388 = ORIENTED_EDGE ( 'NONE', *, *, #856, .T. ) ;
#1389 = LINE ( 'NONE', #1863, #2084 ) ;
#1390 = DIRECTION ( 'NONE',  ( 0.000000000000000000, 0.000000000000000000, 1.000000000000000000 ) ) ;
#1391 = ORIENTED_EDGE ( 'NONE', *, *, #4852, .F. ) ;
#1392 = ORIENTED_EDGE ( 'NONE', *, *, #668, .T. ) ;
#1393 = CARTESIAN_POINT ( 'NONE',  ( -4.500000000000000000, 2.500000000000000000, -2.500000000000000000 ) ) ;
#1394 = EDGE_CURVE ( 'NONE', #1007, #2537, #4142, .T. ) ;
#1395 = EDGE_CURVE ( 'NONE', #834, #4618, #4443, .T. ) ;
#1396 = CARTESIAN_POINT ( 'NONE',  ( 88.00000000000000000, -2.500000000000000000, 2.500000000000000000 ) ) ;
#1397 = CYLINDRICAL_SURFACE ( 'NONE', #1322, 0.5000000000000000000 ) ;
#1398 = ORIENTED_EDGE ( 'NONE', *, *, #4171, .T. ) ;
#1399 = AXIS2_PLACEMENT_3D ( 'NONE', #2660, #2713, #3096 ) ;
#1400 = CARTESIAN_POINT ( 'NONE',  ( -6.000000000000000000, -6.379211070675430182E-16, 3.000000000000000000 ) ) ;
#1401 = ORIENTED_EDGE ( 'NONE', *, *, #3314, .T. ) ;
#1402 = CARTESIAN_POINT ( 'NONE',  ( 1.850000000000000089, -2.000000000000000000, 3.000000000000000000 ) ) ;
#1403 = CARTESIAN_POINT ( 'NONE',  ( -2.350000000000000089, -3.500000000000000000, 3.000000000000000000 ) ) ;
#1404 = DIRECTION ( 'NONE',  ( -1.000000000000000000, -1.747729060459025020E-16, 0.000000000000000000 ) ) ;
#1405 = COORDINATED_UNIVERSAL_TIME_OFFSET ( 1, 0, .AHEAD. ) ;
#1406 = CIRCLE ( 'NONE', #936, 0.5000000000000004441 ) ;
#1407 = EDGE_CURVE ( 'NONE', #1458, #5035, #1882, .T. ) ;
#1408 = PERSON_AND_ORGANIZATION ( #4415, #5009 ) ;
#1409 = EDGE_LOOP ( 'NONE', ( #1721, #5503, #3733, #4759 ) ) ;
#1410 = DIRECTION ( 'NONE',  ( 1.000000000000000000, -2.710505431213760099E-16, 0.000000000000000000 ) ) ;
#1411 = APPLICATION_CONTEXT ( 'configuration controlled 3d designs of mechanical parts and assemblies' ) ;
#1412 = LINE ( 'NONE', #2434, #1614 ) ;
#1413 = DIRECTION ( 'NONE',  ( -1.000000000000000000, 0.000000000000000000, 0.000000000000000000 ) ) ;
#1414 = DATE_AND_TIME ( #5514, #1535 ) ;
#1415 = AXIS2_PLACEMENT_3D ( 'NONE', #2547, #1224, #2138 ) ;
#1416 = VERTEX_POINT ( 'NONE', #2411 ) ;
#1417 = DIRECTION ( 'NONE',  ( -1.000000000000000000, 0.000000000000000000, 0.000000000000000000 ) ) ;
#1418 = AXIS2_PLACEMENT_3D ( 'NONE', #5483, #3759, #1413 ) ;
#1419 = DIRECTION ( 'NONE',  ( 0.000000000000000000, 0.000000000000000000, -1.000000000000000000 ) ) ;
#1420 = ORIENTED_EDGE ( 'NONE', *, *, #386, .T. ) ;
#1421 = EDGE_LOOP ( 'NONE', ( #2042, #3808, #3866, #3632 ) ) ;
#1422 = VECTOR ( 'NONE', #4032, 1000.000000000000000 ) ;
#1423 = DIRECTION ( 'NONE',  ( 0.000000000000000000, 0.000000000000000000, -1.000000000000000000 ) ) ;
#1424 = CC_DESIGN_PERSON_AND_ORGANIZATION_ASSIGNMENT ( #566, #3323, ( #197 ) ) ;
#1425 = AXIS2_PLACEMENT_3D ( 'NONE', #3190, #4979, #5807 ) ;
#1426 = AXIS2_PLACEMENT_3D ( 'NONE', #4540, #2364, #3716 ) ;
#1427 = CARTESIAN_POINT ( 'NONE',  ( 6.000000000000000000, 2.500000000000000000, -2.500000000000000000 ) ) ;
#1428 = PERSON_AND_ORGANIZATION ( #1187, #4214 ) ;
#1429 = CARTESIAN_POINT ( 'NONE',  ( -1.850000000000000089, 0.000000000000000000, -3.000000000000000000 ) ) ;
#1430 = EDGE_LOOP ( 'NONE', ( #3365, #649, #1917, #5492, #3248, #4301, #5188, #4359 ) ) ;
#1431 = ORIENTED_EDGE ( 'NONE', *, *, #4745, .T. ) ;
#1432 = EDGE_CURVE ( 'NONE', #1907, #4959, #3315, .T. ) ;
#1433 = AXIS2_PLACEMENT_3D ( 'NONE', #3940, #3042, #2127 ) ;
#1434 = AXIS2_PLACEMENT_3D ( 'NONE', #2651, #1797, #3122 ) ;
#1435 = CARTESIAN_POINT ( 'NONE',  ( 3.339692620785910115, -0.3420201433256729318, 3.000000000000000000 ) ) ;
#1436 = VECTOR ( 'NONE', #5583, 1000.000000000000000 ) ;
#1437 = ORIENTED_EDGE ( 'NONE', *, *, #3317, .T. ) ;
#1438 = AXIS2_PLACEMENT_3D ( 'NONE', #438, #1380, #4878 ) ;
#1439 = ADVANCED_FACE ( 'NONE', ( #5030 ), #1851, .T. ) ;
#1440 = EDGE_CURVE ( 'NONE', #3981, #2790, #4084, .T. ) ;
#1441 = CYLINDRICAL_SURFACE ( 'NONE', #482, 1.250000000000000000 ) ;
#1442 = APPROVAL_PERSON_ORGANIZATION ( #701, #2246, #4735 ) ;
#1443 = AXIS2_PLACEMENT_3D ( 'NONE', #1212, #4747, #3446 ) ;
#1444 = DIRECTION ( 'NONE',  ( 0.000000000000000000, 1.000000000000000000, 0.000000000000000000 ) ) ;
#1445 = CALENDAR_DATE ( 2025, 16, 6 ) ;
#1446 = PERSON_AND_ORGANIZATION_ROLE ( 'classification_officer' ) ;
#1447 = ORIENTED_EDGE ( 'NONE', *, *, #3295, .F. ) ;
#1448 = DIRECTION ( 'NONE',  ( 0.000000000000000000, 1.000000000000000000, 0.000000000000000000 ) ) ;
#1449 = LOCAL_TIME ( 10, 17, 39.00000000000000000, #1316 ) ;
#1450 = CARTESIAN_POINT ( 'NONE',  ( 2.350000000000000089, -2.000000000000000000, -2.500000000000000000 ) ) ;
#1451 = CARTESIAN_POINT ( 'NONE',  ( 5.500000000000000000, -6.379211070675430182E-16, -3.000000000000000000 ) ) ;
#1452 = LINE ( 'NONE', #3679, #5584 ) ;
#1453 = PERSON_AND_ORGANIZATION ( #3639, #409 ) ;
#1454 = CIRCLE ( 'NONE', #1642, 0.5000000000000004441 ) ;
#1455 = ORIENTED_EDGE ( 'NONE', *, *, #1440, .F. ) ;
#1456 = CARTESIAN_POINT ( 'NONE',  ( -2.350000000000000089, -4.814824860968089633E-32, 2.500000000000000000 ) ) ;
#1457 = ORIENTED_EDGE ( 'NONE', *, *, #4699, .F. ) ;
#1458 = VERTEX_POINT ( 'NONE', #2877 ) ;
#1459 = LINE ( 'NONE', #3251, #5092 ) ;
#1460 = FACE_OUTER_BOUND ( 'NONE', #2112, .T. ) ;
#1461 = CC_DESIGN_PERSON_AND_ORGANIZATION_ASSIGNMENT ( #4382, #3460, ( #793 ) ) ;
#1462 = SECURITY_CLASSIFICATION_LEVEL ( 'unclassified' ) ;
#1463 = LINE ( 'NONE', #1429, #950 ) ;
#1464 = VERTEX_POINT ( 'NONE', #2324 ) ;
#1465 = LINE ( 'NONE', #962, #142 ) ;
#1466 = ADVANCED_FACE ( 'NONE', ( #3752 ), #2821, .F. ) ;
#1467 = ORIENTED_EDGE ( 'NONE', *, *, #4822, .T. ) ;
#1468 = ORIENTED_EDGE ( 'NONE', *, *, #3730, .F. ) ;
#1469 = CYLINDRICAL_SURFACE ( 'NONE', #5190, 1.250000000000000000 ) ;
#1470 = ADVANCED_BREP_SHAPE_REPRESENTATION ( '', ( #2198, #4351 ), #2941 ) ;
#1471 = PERSON_AND_ORGANIZATION ( #3639, #409 ) ;
#1472 = EDGE_CURVE ( 'NONE', #2310, #3260, #874, .T. ) ;
#1473 = PRODUCT_DEFINITION_SHAPE ( 'NONE', 'NONE',  #2872 ) ;
#1474 = ADVANCED_FACE ( 'NONE', ( #555, #2351 ), #4174, .F. ) ;
#1475 = COORDINATED_UNIVERSAL_TIME_OFFSET ( 1, 0, .AHEAD. ) ;
#1476 = ORIENTED_EDGE ( 'NONE', *, *, #3910, .T. ) ;
#1477 = LINE ( 'NONE', #5416, #3684 ) ;
#1478 = CYLINDRICAL_SURFACE ( 'NONE', #5650, 0.5000000000000000000 ) ;
#1479 = CARTESIAN_POINT ( 'NONE',  ( -94.00000000000000000, 2.500000000000000000, 5.000000000000000000 ) ) ;
#1480 = CALENDAR_DATE ( 2025, 16, 6 ) ;
#1481 = ORIENTED_EDGE ( 'NONE', *, *, #4769, .F. ) ;
#1482 = CARTESIAN_POINT ( 'NONE',  ( -13.56698729810778126, -4.250000000000000000, -3.000000000000000000 ) ) ;
#1483 = ORIENTED_EDGE ( 'NONE', *, *, #3166, .T. ) ;
#1484 = CARTESIAN_POINT ( 'NONE',  ( 2.350000000000000089, -2.000000000000000000, 3.000000000000000000 ) ) ;
#1485 = SHAPE_REPRESENTATION_RELATIONSHIP ( 'NONE' , 'NONE' ,  #1304, #2950 ) ;
#1486 = LINE ( 'NONE', #1427, #3647 ) ;
#1487 = ADVANCED_FACE ( 'NONE', ( #5506 ), #1469, .F. ) ;
#1488 = FACE_OUTER_BOUND ( 'NONE', #4018, .T. ) ;
#1489 = ORIENTED_EDGE ( 'NONE', *, *, #5273, .F. ) ;
#1490 = VERTEX_POINT ( 'NONE', #5054 ) ;
#1491 = CARTESIAN_POINT ( 'NONE',  ( 94.00000000000000000, 2.500000000000000000, -5.000000000000000000 ) ) ;
#1492 = ORIENTED_EDGE ( 'NONE', *, *, #1870, .F. ) ;
#1493 = DIRECTION ( 'NONE',  ( 0.000000000000000000, 0.000000000000000000, 1.000000000000000000 ) ) ;
#1494 = PRODUCT_RELATED_PRODUCT_CATEGORY ( 'detail', '', ( #3859 ) ) ;
#1495 = APPROVAL_STATUS ( 'not_yet_approved' ) ;
#1496 = CALENDAR_DATE ( 2025, 16, 6 ) ;
#1497 = ORIENTED_EDGE ( 'NONE', *, *, #1160, .T. ) ;
#1498 = DIRECTION ( 'NONE',  ( 0.000000000000000000, 0.000000000000000000, 1.000000000000000000 ) ) ;
#1499 = EDGE_CURVE ( 'NONE', #404, #447, #5529, .T. ) ;
#1500 = DIRECTION ( 'NONE',  ( 1.000000000000000000, 2.168404344971010347E-16, 0.000000000000000000 ) ) ;
#1501 = EDGE_CURVE ( 'NONE', #1198, #4398, #614, .T. ) ;
#1502 = CARTESIAN_POINT ( 'NONE',  ( -2.399999999999999911, -3.500000000000000000, -3.000000000000000000 ) ) ;
#1503 = SECURITY_CLASSIFICATION_LEVEL ( 'unclassified' ) ;
#1504 = VERTEX_POINT ( 'NONE', #3728 ) ;
#1505 = DIRECTION ( 'NONE',  ( 0.000000000000000000, 0.000000000000000000, 1.000000000000000000 ) ) ;
#1506 = EDGE_CURVE ( 'NONE', #30, #5488, #3283, .T. ) ;
#1507 = ORIENTED_EDGE ( 'NONE', *, *, #1613, .T. ) ;
#1508 = EDGE_CURVE ( 'NONE', #2230, #2150, #3810, .T. ) ;
#1509 = DIRECTION ( 'NONE',  ( 1.000000000000000000, -1.772003075187619906E-16, 0.000000000000000000 ) ) ;
#1510 = VECTOR ( 'NONE', #1283, 1000.000000000000000 ) ;
#1511 = AXIS2_PLACEMENT_3D ( 'NONE', #424, #4950, #3594 ) ;
#1512 = CARTESIAN_POINT ( 'NONE',  ( 5.500000000000000000, -6.379211070675430182E-16, -3.000000000000000000 ) ) ;
#1513 = LINE ( 'NONE', #1020, #4701 ) ;
#1514 = ORIENTED_EDGE ( 'NONE', *, *, #2841, .T. ) ;
#1515 = EDGE_LOOP ( 'NONE', ( #189, #50, #1567, #975, #3774, #20, #2062, #997 ) ) ;
#1516 = VECTOR ( 'NONE', #4689, 1000.000000000000000 ) ;
#1517 = CIRCLE ( 'NONE', #3111, 0.5000000000000004441 ) ;
#1518 = CARTESIAN_POINT ( 'NONE',  ( -1.850000000000000089, 8.738645302295120172E-17, -2.500000000000000000 ) ) ;
#1519 = CARTESIAN_POINT ( 'NONE',  ( 6.000000000000000000, -6.379211070675430182E-16, -3.000000000000000000 ) ) ;
#1520 = CIRCLE ( 'NONE', #2273, 0.5000000000000004441 ) ;
#1521 = EDGE_CURVE ( 'NONE', #5694, #1243, #4722, .T. ) ;
#1522 = ORIENTED_EDGE ( 'NONE', *, *, #1040, .T. ) ;
#1523 = CIRCLE ( 'NONE', #2747, 1.250000000000000000 ) ;
#1524 = AXIS2_PLACEMENT_3D ( 'NONE', #3465, #3912, #2238 ) ;
#1525 = DIRECTION ( 'NONE',  ( 0.000000000000000000, 0.000000000000000000, -1.000000000000000000 ) ) ;
#1526 = VECTOR ( 'NONE', #2135, 1000.000000000000000 ) ;
#1527 = PERSON_AND_ORGANIZATION ( #3639, #409 ) ;
#1528 = CIRCLE ( 'NONE', #3308, 0.5000000000000004441 ) ;
#1529 = APPROVAL_ROLE ( '' ) ;
#1530 = ORGANIZATION ( 'NAUO-ORG3', 'UNSPECIFIED', 'UNSPECIFIED' ) ;
#1531 = CC_DESIGN_DATE_AND_TIME_ASSIGNMENT ( #3434, #1579, ( #5494 ) ) ;
#1532 = DIRECTION ( 'NONE',  ( 0.000000000000000000, -1.000000000000000000, 0.000000000000000000 ) ) ;
#1533 = DIRECTION ( 'NONE',  ( -1.000000000000000000, 0.000000000000000000, 0.000000000000000000 ) ) ;
#1534 = APPROVAL_DATE_TIME ( #1414, #886 ) ;
#1535 = LOCAL_TIME ( 10, 17, 39.00000000000000000, #981 ) ;
#1536 = EDGE_LOOP ( 'NONE', ( #1392, #3057, #2426, #1046, #112, #624, #5714, #4575 ) ) ;
#1537 = LINE ( 'NONE', #4708, #671 ) ;
#1538 = ADVANCED_FACE ( 'NONE', ( #638 ), #4697, .T. ) ;
#1539 = LOCAL_TIME ( 10, 17, 39.00000000000000000, #2521 ) ;
#1540 = VERTEX_POINT ( 'NONE', #258 ) ;
#1541 = CARTESIAN_POINT ( 'NONE',  ( 2.350000000000000089, -9.629649721936179265E-32, 3.000000000000000000 ) ) ;
#1542 =( LENGTH_UNIT ( ) NAMED_UNIT ( * ) SI_UNIT ( .MILLI., .METRE. ) );
#1543 = ADVANCED_FACE ( 'NONE', ( #195 ), #4258, .T. ) ;
#1544 = EDGE_CURVE ( 'NONE', #3274, #2576, #1578, .T. ) ;
#1545 = LINE ( 'NONE', #4550, #4408 ) ;
#1546 = DIRECTION ( 'NONE',  ( -2.168404344971010101E-16, 1.000000000000000000, 0.000000000000000000 ) ) ;
#1547 = ORIENTED_EDGE ( 'NONE', *, *, #1731, .F. ) ;
#1548 = EDGE_LOOP ( 'NONE', ( #1225, #2913, #3892, #2817 ) ) ;
#1549 = CARTESIAN_POINT ( 'NONE',  ( 2.350000000000000089, 0.000000000000000000, 2.500000000000000000 ) ) ;
#1550 = LINE ( 'NONE', #5665, #4175 ) ;
#1551 = CIRCLE ( 'NONE', #2680, 1.250000000000000000 ) ;
#1552 = ORIENTED_EDGE ( 'NONE', *, *, #3795, .T. ) ;
#1553 = CARTESIAN_POINT ( 'NONE',  ( -2.350000000000000089, -4.814824860968089633E-32, 3.000000000000000000 ) ) ;
#1554 = CALENDAR_DATE ( 2025, 16, 6 ) ;
#1555 = CALENDAR_DATE ( 2025, 16, 6 ) ;
#1556 = LINE ( 'NONE', #5142, #496 ) ;
#1557 = FACE_OUTER_BOUND ( 'NONE', #3227, .T. ) ;
#1558 = APPROVAL_ROLE ( '' ) ;
#1559 = UNCERTAINTY_MEASURE_WITH_UNIT (LENGTH_MEASURE( 1.000000000000000082E-05 ), #603, 'distance_accuracy_value', 'NONE');
#1560 = ORIENTED_EDGE ( 'NONE', *, *, #2592, .T. ) ;
#1561 = DIRECTION ( 'NONE',  ( 0.000000000000000000, 0.000000000000000000, -1.000000000000000000 ) ) ;
#1562 = EDGE_LOOP ( 'NONE', ( #3901, #4562, #2133, #5309 ) ) ;
#1563 = CARTESIAN_POINT ( 'NONE',  ( 88.00000000000000000, 2.500000000000000000, -2.500000000000000000 ) ) ;
#1564 = VERTEX_POINT ( 'NONE', #4350 ) ;
#1565 = DIRECTION ( 'NONE',  ( 0.000000000000000000, 1.000000000000000000, 0.000000000000000000 ) ) ;
#1566 = DIRECTION ( 'NONE',  ( -1.000000000000000000, -1.747729060459019350E-16, 0.000000000000000000 ) ) ;
#1567 = ORIENTED_EDGE ( 'NONE', *, *, #5168, .T. ) ;
#1568 = ORIENTED_EDGE ( 'NONE', *, *, #2659, .T. ) ;
#1569 = EDGE_CURVE ( 'NONE', #2518, #5398, #3398, .T. ) ;
#1570 = CARTESIAN_POINT ( 'NONE',  ( -6.000000000000000000, 2.500000000000000000, -2.500000000000000000 ) ) ;
#1571 = AXIS2_PLACEMENT_3D ( 'NONE', #1215, #3448, #2129 ) ;
#1572 = DIRECTION ( 'NONE',  ( 0.000000000000000000, 1.000000000000000000, 0.000000000000000000 ) ) ;
#1573 = EDGE_CURVE ( 'NONE', #4187, #80, #124, .T. ) ;
#1574 = DIRECTION ( 'NONE',  ( 0.000000000000000000, 1.000000000000000000, 0.000000000000000000 ) ) ;
#1575 = ORIENTED_EDGE ( 'NONE', *, *, #5519, .T. ) ;
#1576 = VERTEX_POINT ( 'NONE', #2934 ) ;
#1577 = EDGE_CURVE ( 'NONE', #1284, #5581, #4760, .T. ) ;
#1578 = LINE ( 'NONE', #5231, #1436 ) ;
#1579 = DATE_TIME_ROLE ( 'classification_date' ) ;
#1580 = CALENDAR_DATE ( 2025, 16, 6 ) ;
#1581 = CARTESIAN_POINT ( 'NONE',  ( -7.000000000000000000, -2.000000000000000000, 3.000000000000000000 ) ) ;
#1582 = CARTESIAN_POINT ( 'NONE',  ( -13.13397459621555896, -4.500000000000000000, -3.000000000000000000 ) ) ;
#1583 = CALENDAR_DATE ( 2025, 16, 6 ) ;
#1584 = EDGE_CURVE ( 'NONE', #2221, #2271, #5637, .T. ) ;
#1585 = ORIENTED_EDGE ( 'NONE', *, *, #5049, .F. ) ;
#1586 = CARTESIAN_POINT ( 'NONE',  ( 0.000000000000000000, -2.000000000000000000, 0.000000000000000000 ) ) ;
#1587 = VERTEX_POINT ( 'NONE', #3459 ) ;
#1588 = LINE ( 'NONE', #3378, #3490 ) ;
#1589 = DIRECTION ( 'NONE',  ( 0.000000000000000000, 1.000000000000000000, 1.047444401652940007E-14 ) ) ;
#1590 = EDGE_CURVE ( 'NONE', #3066, #5568, #4731, .T. ) ;
#1591 = CIRCLE ( 'NONE', #4884, 1.000000000000000888 ) ;
#1592 = ORIENTED_EDGE ( 'NONE', *, *, #2985, .T. ) ;
#1593 = CARTESIAN_POINT ( 'NONE',  ( 1.850000000000000089, -1.084202172485503941E-16, -2.500000000000000000 ) ) ;
#1594 = DIRECTION ( 'NONE',  ( -1.000000000000000000, 0.000000000000000000, 0.000000000000000000 ) ) ;
#1595 = EDGE_LOOP ( 'NONE', ( #495, #2276 ) ) ;
#1596 = ORIENTED_EDGE ( 'NONE', *, *, #2226, .F. ) ;
#1597 = APPLICATION_CONTEXT ( 'configuration controlled 3d designs of mechanical parts and assemblies' ) ;
#1598 = PRODUCT_DEFINITION ( 'UNKNOWN', '', #4549, #3791 ) ;
#1599 = LINE ( 'NONE', #3017, #3939 ) ;
#1600 = CARTESIAN_POINT ( 'NONE',  ( 88.00000000000000000, 2.500000000000000000, 0.000000000000000000 ) ) ;
#1601 = DIRECTION ( 'NONE',  ( 1.000000000000000000, 0.000000000000000000, 0.000000000000000000 ) ) ;
#1602 = AXIS2_PLACEMENT_3D ( 'NONE', #2714, #476, #1390 ) ;
#1603 = AXIS2_PLACEMENT_3D ( 'NONE', #5291, #2165, #4310 ) ;
#1604 = CARTESIAN_POINT ( 'NONE',  ( 94.00000000000000000, -2.500000000000000000, -5.000000000000000000 ) ) ;
#1605 = LINE ( 'NONE', #2414, #879 ) ;
#1606 = VERTEX_POINT ( 'NONE', #5202 ) ;
#1607 = EDGE_LOOP ( 'NONE', ( #5275, #2403, #3592, #215, #3534, #663, #626, #884 ) ) ;
#1608 = ADVANCED_FACE ( 'NONE', ( #2050 ), #1611, .F. ) ;
#1609 = AXIS2_PLACEMENT_3D ( 'NONE', #4495, #5265, #4856 ) ;
#1610 = AXIS2_PLACEMENT_3D ( 'NONE', #2717, #42, #1841 ) ;
#1611 = PLANE ( 'NONE',  #3144 ) ;
#1612 = SECURITY_CLASSIFICATION_LEVEL ( 'unclassified' ) ;
#1613 = EDGE_CURVE ( 'NONE', #2511, #3727, #2520, .T. ) ;
#1614 = VECTOR ( 'NONE', #2415, 1000.000000000000000 ) ;
#1615 = CONTEXT_DEPENDENT_SHAPE_REPRESENTATION ( #2320, #2222 ) ;
#1616 = VECTOR ( 'NONE', #4321, 1000.000000000000000 ) ;
#1617 = CARTESIAN_POINT ( 'NONE',  ( -95.00000000000000000, 2.500000000000000000, 6.000000000000000000 ) ) ;
#1618 = CARTESIAN_POINT ( 'NONE',  ( 6.000000000000000000, 2.500000000000000000, 2.500000000000000000 ) ) ;
#1619 = CIRCLE ( 'NONE', #3586, 0.5000000000000000000 ) ;
#1620 = APPROVAL_ROLE ( '' ) ;
#1621 = AXIS2_PLACEMENT_3D ( 'NONE', #4754, #366, #2105 ) ;
#1622 = VECTOR ( 'NONE', #231, 1000.000000000000000 ) ;
#1623 = ORIENTED_EDGE ( 'NONE', *, *, #4416, .T. ) ;
#1624 = DIRECTION ( 'NONE',  ( 0.000000000000000000, 1.000000000000000000, 0.000000000000000000 ) ) ;
#1625 = AXIS2_PLACEMENT_3D ( 'NONE', #4585, #1444, #4674 ) ;
#1626 = ORIENTED_EDGE ( 'NONE', *, *, #5627, .T. ) ;
#1627 = CC_DESIGN_APPROVAL ( #1098, ( #2467 ) ) ;
#1628 = CYLINDRICAL_SURFACE ( 'NONE', #3119, 0.5000000000000000000 ) ;
#1629 = CARTESIAN_POINT ( 'NONE',  ( 48.81141183569547337, -22.13062298556228313, -0.5000000000004275469 ) ) ;
#1630 = CC_DESIGN_APPROVAL ( #2973, ( #2946 ) ) ;
#1631 = VERTEX_POINT ( 'NONE', #287 ) ;
#1632 = LINE ( 'NONE', #3890, #5711 ) ;
#1633 = CARTESIAN_POINT ( 'NONE',  ( -13.50000000000000000, 3.000000000000000000, 3.000000000000000000 ) ) ;
#1634 = ORIENTED_EDGE ( 'NONE', *, *, #5245, .F. ) ;
#1635 = VERTEX_POINT ( 'NONE', #3903 ) ;
#1636 = DIRECTION ( 'NONE',  ( 0.000000000000000000, 0.000000000000000000, 1.000000000000000000 ) ) ;
#1637 = CC_DESIGN_APPROVAL ( #5089, ( #5494 ) ) ;
#1638 = DIRECTION ( 'NONE',  ( 1.747729060459019844E-16, -1.000000000000000000, 0.000000000000000000 ) ) ;
#1639 = DIRECTION ( 'NONE',  ( 0.000000000000000000, -1.000000000000000000, 0.000000000000000000 ) ) ;
#1640 = CC_DESIGN_PERSON_AND_ORGANIZATION_ASSIGNMENT ( #1972, #1446, ( #5570 ) ) ;
#1641 = LINE ( 'NONE', #4279, #3760 ) ;
#1642 = AXIS2_PLACEMENT_3D ( 'NONE', #4755, #3778, #720 ) ;
#1643 = LINE ( 'NONE', #3900, #5079 ) ;
#1644 = EDGE_LOOP ( 'NONE', ( #229, #4115, #1267, #1962 ) ) ;
#1645 = ORIENTED_EDGE ( 'NONE', *, *, #2257, .F. ) ;
#1646 = CARTESIAN_POINT ( 'NONE',  ( 0.000000000000000000, 2.500000000000000000, 0.000000000000000000 ) ) ;
#1647 = DATE_TIME_ROLE ( 'classification_date' ) ;
#1648 = CIRCLE ( 'NONE', #332, 0.9999999999999995559 ) ;
#1649 = APPROVAL_ROLE ( '' ) ;
#1650 = EDGE_CURVE ( 'NONE', #4072, #959, #2108, .T. ) ;
#1651 = DIRECTION ( 'NONE',  ( -2.478176394252580155E-16, 1.000000000000000000, 0.000000000000000000 ) ) ;
#1652 = DIRECTION ( 'NONE',  ( 1.000000000000000000, 1.747729060459025020E-16, 0.000000000000000000 ) ) ;
#1653 = APPLICATION_PROTOCOL_DEFINITION ( 'international standard', 'config_control_design', 1994, #5615 ) ;
#1654 = EDGE_CURVE ( 'NONE', #1540, #3929, #1551, .T. ) ;
#1655 = EDGE_LOOP ( 'NONE', ( #1916, #5325, #1691, #1258 ) ) ;
#1656 = PLANE ( 'NONE',  #1235 ) ;
#1657 = VERTEX_POINT ( 'NONE', #2553 ) ;
#1658 = DIRECTION ( 'NONE',  ( -1.000000000000000000, 1.772003075187619906E-16, 0.000000000000000000 ) ) ;
#1659 = DIRECTION ( 'NONE',  ( 0.000000000000000000, 0.000000000000000000, 1.000000000000000000 ) ) ;
#1660 = VERTEX_POINT ( 'NONE', #320 ) ;
#1661 = DIRECTION ( 'NONE',  ( 0.000000000000000000, -1.000000000000000000, 0.000000000000000000 ) ) ;
#1662 = CARTESIAN_POINT ( 'NONE',  ( 94.00000000000000000, -2.500000000000000000, 6.000000000000000000 ) ) ;
#1663 = ORIENTED_EDGE ( 'NONE', *, *, #386, .F. ) ;
#1664 = EDGE_LOOP ( 'NONE', ( #5540, #3178, #2491, #906 ) ) ;
#1665 = DIRECTION ( 'NONE',  ( 0.000000000000000000, 0.000000000000000000, 1.000000000000000000 ) ) ;
#1666 = CARTESIAN_POINT ( 'NONE',  ( 4.279385241571814547, 0.000000000000000000, 3.000000000000000000 ) ) ;
#1667 = DIRECTION ( 'NONE',  ( -1.000000000000000000, 0.000000000000000000, 0.000000000000000000 ) ) ;
#1668 = ADVANCED_FACE ( 'NONE', ( #2114 ), #3340, .T. ) ;
#1669 = LINE ( 'NONE', #2993, #109 ) ;
#1670 = FACE_BOUND ( 'NONE', #3651, .T. ) ;
#1671 = ORIENTED_EDGE ( 'NONE', *, *, #5391, .T. ) ;
#1672 = ORIENTED_EDGE ( 'NONE', *, *, #442, .F. ) ;
#1673 = CARTESIAN_POINT ( 'NONE',  ( -1.850000000000000089, -2.299999999999999822, 3.000000000000000000 ) ) ;
#1674 = COORDINATED_UNIVERSAL_TIME_OFFSET ( 1, 0, .AHEAD. ) ;
#1675 = PERSON_AND_ORGANIZATION ( #3435, #5666 ) ;
#1676 = APPROVAL ( #4965, 'UNSPECIFIED' ) ;
#1677 = PLANE ( 'NONE',  #2186 ) ;
#1678 = DIRECTION ( 'NONE',  ( 0.000000000000000000, -1.000000000000000000, 0.000000000000000000 ) ) ;
#1679 = COORDINATED_UNIVERSAL_TIME_OFFSET ( 1, 0, .AHEAD. ) ;
#1680 = LOCAL_TIME ( 10, 17, 39.00000000000000000, #2720 ) ;
#1681 = ORIENTED_EDGE ( 'NONE', *, *, #748, .T. ) ;
#1682 = CARTESIAN_POINT ( 'NONE',  ( 5.500000000000000000, 5.000000000000000000, 3.000000000000000000 ) ) ;
#1683 = EDGE_LOOP ( 'NONE', ( #1866, #3913 ) ) ;
#1684 = ADVANCED_FACE ( 'NONE', ( #1110 ), #2901, .T. ) ;
#1685 = CARTESIAN_POINT ( 'NONE',  ( 4.500000000000000000, -3.623755772593889841E-16, 3.000000000000000000 ) ) ;
#1686 =( NAMED_UNIT ( * ) SI_UNIT ( $, .STERADIAN. ) SOLID_ANGLE_UNIT ( ) );
#1687 = ORIENTED_EDGE ( 'NONE', *, *, #4881, .T. ) ;
#1688 = EDGE_CURVE ( 'NONE', #505, #2596, #2611, .T. ) ;
#1689 = CARTESIAN_POINT ( 'NONE',  ( -88.00000000000000000, -2.500000000000000000, -2.500000000000000000 ) ) ;
#1690 = CARTESIAN_POINT ( 'NONE',  ( -1.850000000000000089, -3.500000000000000000, 3.000000000000000000 ) ) ;
#1691 = ORIENTED_EDGE ( 'NONE', *, *, #5060, .F. ) ;
#1692 = ORIENTED_EDGE ( 'NONE', *, *, #2964, .F. ) ;
#1693 = FACE_OUTER_BOUND ( 'NONE', #1409, .T. ) ;
#1694 = CARTESIAN_POINT ( 'NONE',  ( 4.000000000000000000, 0.000000000000000000, 2.500000000000000000 ) ) ;
#1695 = DIRECTION ( 'NONE',  ( 0.000000000000000000, 1.000000000000000000, 0.000000000000000000 ) ) ;
#1696 = VECTOR ( 'NONE', #520, 1000.000000000000000 ) ;
#1697 = DIRECTION ( 'NONE',  ( 0.000000000000000000, 1.000000000000000000, 0.000000000000000000 ) ) ;
#1698 = CARTESIAN_POINT ( 'NONE',  ( 1.850000000000000089, 8.738645302295120172E-17, -2.500000000000000000 ) ) ;
#1699 = ORIENTED_EDGE ( 'NONE', *, *, #471, .F. ) ;
#1700 = ORIENTED_EDGE ( 'NONE', *, *, #350, .F. ) ;
#1701 = EDGE_CURVE ( 'NONE', #3386, #88, #3061, .T. ) ;
#1702 = DIRECTION ( 'NONE',  ( 0.000000000000000000, 0.000000000000000000, -1.000000000000000000 ) ) ;
#1703 = CIRCLE ( 'NONE', #5364, 0.5000000000000004441 ) ;
#1704 = AXIS2_PLACEMENT_3D ( 'NONE', #3208, #2358, #4094 ) ;
#1705 = VECTOR ( 'NONE', #3449, 1000.000000000000000 ) ;
#1706 = CARTESIAN_POINT ( 'NONE',  ( -13.50000000000000000, 2.500000000000000000, -3.000000000000000000 ) ) ;
#1707 = CARTESIAN_POINT ( 'NONE',  ( -7.000000000000000000, -8.126940131134461119E-16, -3.000000000000000000 ) ) ;
#1708 = PERSON_AND_ORGANIZATION_ROLE ( 'design_supplier' ) ;
#1709 = AXIS2_PLACEMENT_3D ( 'NONE', #72, #480, #1423 ) ;
#1710 = AXIS2_PLACEMENT_3D ( 'NONE', #5147, #3794, #3441 ) ;
#1711 = CC_DESIGN_PERSON_AND_ORGANIZATION_ASSIGNMENT ( #586, #5443, ( #4549 ) ) ;
#1712 = VERTEX_POINT ( 'NONE', #4937 ) ;
#1713 = DIRECTION ( 'NONE',  ( 0.000000000000000000, 0.000000000000000000, -1.000000000000000000 ) ) ;
#1714 = AXIS2_PLACEMENT_3D ( 'NONE', #1030, #4149, #122 ) ;
#1715 = FACE_OUTER_BOUND ( 'NONE', #1548, .T. ) ;
#1716 = CALENDAR_DATE ( 2025, 16, 6 ) ;
#1717 = AXIS2_PLACEMENT_3D ( 'NONE', #4277, #253, #5628 ) ;
#1718 =( REPRESENTATION_RELATIONSHIP ('NONE','NONE', #3114, #3300 ) REPRESENTATION_RELATIONSHIP_WITH_TRANSFORMATION ( #2464 )SHAPE_REPRESENTATION_RELATIONSHIP( ) );
#1719 = EDGE_CURVE ( 'NONE', #2677, #4475, #904, .T. ) ;
#1720 = CIRCLE ( 'NONE', #4163, 1.000000000000000000 ) ;
#1721 = ORIENTED_EDGE ( 'NONE', *, *, #725, .F. ) ;
#1722 = CARTESIAN_POINT ( 'NONE',  ( 1.899999999999999911, -1.500000000000000000, -3.000000000000000000 ) ) ;
#1723 = CARTESIAN_POINT ( 'NONE',  ( -95.00000000000000000, -2.500000000000000000, 6.000000000000000000 ) ) ;
#1724 = APPROVAL_PERSON_ORGANIZATION ( #4285, #1098, #1649 ) ;
#1725 = EDGE_LOOP ( 'NONE', ( #70, #1726, #5744, #2871, #4690, #3621, #317, #3265, #2429, #5029, #2569, #657, #2034, #1623, #5504, #717, #2567, #1292, #1021, #4581 ) ) ;
#1726 = ORIENTED_EDGE ( 'NONE', *, *, #534, .T. ) ;
#1727 = AXIS2_PLACEMENT_3D ( 'NONE', #3379, #2036, #3821 ) ;
#1728 = DIRECTION ( 'NONE',  ( 1.000000000000000000, 0.000000000000000000, 0.000000000000000000 ) ) ;
#1729 = DIRECTION ( 'NONE',  ( 0.000000000000000000, 0.000000000000000000, 1.000000000000000000 ) ) ;
#1730 = CARTESIAN_POINT ( 'NONE',  ( -5.500000000000000000, 2.500000000000000000, 3.000000000000000000 ) ) ;
#1731 = EDGE_CURVE ( 'NONE', #2790, #787, #235, .T. ) ;
#1732 = SECURITY_CLASSIFICATION ( '', '', #4288 ) ;
#1733 = DIRECTION ( 'NONE',  ( 0.000000000000000000, 0.000000000000000000, 1.000000000000000000 ) ) ;
#1734 = EDGE_CURVE ( 'NONE', #404, #1416, #5780, .T. ) ;
#1735 = CARTESIAN_POINT ( 'NONE',  ( -6.000000000000000000, -6.379211070675430182E-16, 2.500000000000000000 ) ) ;
#1736 = EDGE_LOOP ( 'NONE', ( #2833, #473, #2549, #4719 ) ) ;
#1737 = LOCAL_TIME ( 10, 17, 39.00000000000000000, #3316 ) ;
#1738 = CARTESIAN_POINT ( 'NONE',  ( -6.000000000000000000, 5.000000000000000000, -3.000000000000000000 ) ) ;
#1739 = LINE ( 'NONE', #2258, #2374 ) ;
#1740 = DIRECTION ( 'NONE',  ( 0.000000000000000000, 0.000000000000000000, -1.000000000000000000 ) ) ;
#1741 = SECURITY_CLASSIFICATION_LEVEL ( 'unclassified' ) ;
#1742 = ORIENTED_EDGE ( 'NONE', *, *, #249, .F. ) ;
#1743 = CARTESIAN_POINT ( 'NONE',  ( 6.000000000000000000, 0.5000000000000000000, 3.000000000000000000 ) ) ;
#1744 = AXIS2_PLACEMENT_3D ( 'NONE', #3084, #4405, #1286 ) ;
#1745 = DIRECTION ( 'NONE',  ( 0.000000000000000000, -1.000000000000000000, 0.000000000000000000 ) ) ;
#1746 = APPROVAL_DATE_TIME ( #4947, #786 ) ;
#1747 = ORIENTED_EDGE ( 'NONE', *, *, #5242, .F. ) ;
#1748 = DIRECTION ( 'NONE',  ( 0.000000000000000000, 1.000000000000000000, 0.000000000000000000 ) ) ;
#1749 = CARTESIAN_POINT ( 'NONE',  ( -10.63397459621555896, 4.500000000000000000, 3.000000000000000000 ) ) ;
#1750 = ORIENTED_EDGE ( 'NONE', *, *, #1757, .F. ) ;
#1751 = ORIENTED_EDGE ( 'NONE', *, *, #4282, .T. ) ;
#1752 = PRODUCT_DEFINITION_SHAPE ( 'NONE', 'NONE',  #5821 ) ;
#1753 = DIRECTION ( 'NONE',  ( -1.000000000000000000, 0.000000000000000000, 0.000000000000000000 ) ) ;
#1754 = CARTESIAN_POINT ( 'NONE',  ( 5.500000000000000000, -5.493209533081619120E-16, 3.000000000000000000 ) ) ;
#1755 = CARTESIAN_POINT ( 'NONE',  ( -10.71132486540517981, 2.500000000000000000, -3.000000000000000000 ) ) ;
#1756 = DIRECTION ( 'NONE',  ( -2.478176394252580155E-16, 1.000000000000000000, 0.000000000000000000 ) ) ;
#1757 = EDGE_CURVE ( 'NONE', #5152, #5436, #3521, .T. ) ;
#1758 = VERTEX_POINT ( 'NONE', #2253 ) ;
#1759 = EDGE_CURVE ( 'NONE', #2032, #1069, #3245, .T. ) ;
#1760 = CARTESIAN_POINT ( 'NONE',  ( 0.000000000000000000, -3.500000000000000000, 0.000000000000000000 ) ) ;
#1761 = ORIENTED_EDGE ( 'NONE', *, *, #1573, .F. ) ;
#1762 = EDGE_CURVE ( 'NONE', #5498, #5310, #3895, .T. ) ;
#1763 = CARTESIAN_POINT ( 'NONE',  ( -6.000000000000000000, -6.379211070675430182E-16, -2.500000000000000000 ) ) ;
#1764 = FACE_OUTER_BOUND ( 'NONE', #1840, .T. ) ;
#1765 = PERSON_AND_ORGANIZATION ( #3639, #409 ) ;
#1766 = VERTEX_POINT ( 'NONE', #3606 ) ;
#1767 = DIRECTION ( 'NONE',  ( -1.000000000000000000, 0.000000000000000000, 0.000000000000000000 ) ) ;
#1768 = EDGE_CURVE ( 'NONE', #1867, #4209, #525, .T. ) ;
#1769 = DIRECTION ( 'NONE',  ( -1.747729060459025020E-16, 1.000000000000000000, 0.000000000000000000 ) ) ;
#1770 = ADVANCED_FACE ( 'NONE', ( #1820 ), #3544, .F. ) ;
#1771 = DATE_AND_TIME ( #1362, #2383 ) ;
#1772 = VERTEX_POINT ( 'NONE', #3570 ) ;
#1773 = PLANE ( 'NONE',  #3818 ) ;
#1774 = FACE_OUTER_BOUND ( 'NONE', #2918, .T. ) ;
#1775 = ORIENTED_EDGE ( 'NONE', *, *, #3938, .F. ) ;
#1776 = ORIENTED_EDGE ( 'NONE', *, *, #5098, .T. ) ;
#1777 = CC_DESIGN_APPROVAL ( #4406, ( #734 ) ) ;
#1778 = DIRECTION ( 'NONE',  ( 1.000000000000000000, -1.772003075187619906E-16, 0.000000000000000000 ) ) ;
#1779 = DIRECTION ( 'NONE',  ( 0.000000000000000000, 0.000000000000000000, 1.000000000000000000 ) ) ;
#1780 = CYLINDRICAL_SURFACE ( 'NONE', #5115, 0.5000000000000000000 ) ;
#1781 = LINE ( 'NONE', #5370, #1038 ) ;
#1782 = CC_DESIGN_PERSON_AND_ORGANIZATION_ASSIGNMENT ( #5795, #440, ( #2718 ) ) ;
#1783 = DATE_AND_TIME ( #2345, #5439 ) ;
#1784 = CARTESIAN_POINT ( 'NONE',  ( 95.00000000000000000, 2.500000000000000000, 5.000000000000000000 ) ) ;
#1785 = ORIENTED_EDGE ( 'NONE', *, *, #4108, .F. ) ;
#1786 = LINE ( 'NONE', #3142, #891 ) ;
#1787 = EDGE_CURVE ( 'NONE', #5025, #2450, #407, .T. ) ;
#1788 = ORIENTED_EDGE ( 'NONE', *, *, #5627, .F. ) ;
#1789 = VECTOR ( 'NONE', #5071, 1000.000000000000000 ) ;
#1790 = FACE_OUTER_BOUND ( 'NONE', #5293, .T. ) ;
#1791 = LINE ( 'NONE', #3578, #3967 ) ;
#1792 = PLANE ( 'NONE',  #481 ) ;
#1793 = APPROVAL_DATE_TIME ( #4705, #136 ) ;
#1794 = ADVANCED_FACE ( 'NONE', ( #1309 ), #1376, .T. ) ;
#1795 = VECTOR ( 'NONE', #5039, 1000.000000000000000 ) ;
#1796 = ORIENTED_EDGE ( 'NONE', *, *, #3868, .T. ) ;
#1797 = DIRECTION ( 'NONE',  ( -1.685467801206459812E-16, 1.000000000000000000, 0.000000000000000000 ) ) ;
#1798 = VECTOR ( 'NONE', #1374, 1000.000000000000000 ) ;
#1799 = VECTOR ( 'NONE', #411, 1000.000000000000000 ) ;
#1800 = DIRECTION ( 'NONE',  ( 0.000000000000000000, 0.000000000000000000, -1.000000000000000000 ) ) ;
#1801 = AXIS2_PLACEMENT_3D ( 'NONE', #5427, #2665, #4953 ) ;
#1802 = COORDINATED_UNIVERSAL_TIME_OFFSET ( 1, 0, .AHEAD. ) ;
#1803 = ORIENTED_EDGE ( 'NONE', *, *, #668, .F. ) ;
#1804 = DIRECTION ( 'NONE',  ( 1.000000000000000000, -2.168404344971010101E-16, 0.000000000000000000 ) ) ;
#1805 = VECTOR ( 'NONE', #182, 1000.000000000000000 ) ;
#1806 = DIRECTION ( 'NONE',  ( 0.8660254037844384856, -0.5000000000000003331, 0.000000000000000000 ) ) ;
#1807 = AXIS2_PLACEMENT_3D ( 'NONE', #4097, #2396, #68 ) ;
#1808 = ORIENTED_EDGE ( 'NONE', *, *, #5636, .T. ) ;
#1809 = EDGE_LOOP ( 'NONE', ( #896, #528, #3715, #3701 ) ) ;
#1810 = CYLINDRICAL_SURFACE ( 'NONE', #1326, 0.5000000000000000000 ) ;
#1811 = VECTOR ( 'NONE', #923, 1000.000000000000000 ) ;
#1812 = CARTESIAN_POINT ( 'NONE',  ( -10.56698729810777948, 0.7500000000000000000, 3.000000000000000000 ) ) ;
#1813 = AXIS2_PLACEMENT_3D ( 'NONE', #5322, #5733, #4911 ) ;
#1814 = LOCAL_TIME ( 10, 17, 39.00000000000000000, #2466 ) ;
#1815 = DIRECTION ( 'NONE',  ( 0.000000000000000000, 0.000000000000000000, -1.000000000000000000 ) ) ;
#1816 =( GEOMETRIC_REPRESENTATION_CONTEXT ( 3 ) GLOBAL_UNCERTAINTY_ASSIGNED_CONTEXT ( ( #1387 ) ) GLOBAL_UNIT_ASSIGNED_CONTEXT ( ( #1542, #4128, #5047 ) ) REPRESENTATION_CONTEXT ( 'NONE', 'WORKASPACE' ) );
#1817 = DIRECTION ( 'NONE',  ( 2.478176394252580155E-16, -1.000000000000000000, 0.000000000000000000 ) ) ;
#1818 = VERTEX_POINT ( 'NONE', #5296 ) ;
#1819 = LOCAL_TIME ( 10, 17, 39.00000000000000000, #1977 ) ;
#1820 = FACE_OUTER_BOUND ( 'NONE', #4948, .T. ) ;
#1821 = ORIENTED_EDGE ( 'NONE', *, *, #1040, .F. ) ;
#1822 = LOCAL_TIME ( 10, 17, 39.00000000000000000, #1679 ) ;
#1823 = LINE ( 'NONE', #5410, #5277 ) ;
#1824 = DIRECTION ( 'NONE',  ( -0.5000000000000003331, 0.8660254037844383745, 0.000000000000000000 ) ) ;
#1825 = CARTESIAN_POINT ( 'NONE',  ( -2.350000000000000089, -2.000000000000000000, -2.500000000000000000 ) ) ;
#1826 = CALENDAR_DATE ( 2025, 16, 6 ) ;
#1827 = LINE ( 'NONE', #3589, #114 ) ;
#1828 = ORIENTED_EDGE ( 'NONE', *, *, #5715, .T. ) ;
#1829 = CARTESIAN_POINT ( 'NONE',  ( -2.399999999999999911, -0.6840402866513449753, -3.000000000000000000 ) ) ;
#1830 = CIRCLE ( 'NONE', #795, 1.000000000000000000 ) ;
#1831 = CC_DESIGN_DATE_AND_TIME_ASSIGNMENT ( #2305, #4029, ( #2872 ) ) ;
#1832 = LINE ( 'NONE', #5798, #2842 ) ;
#1833 = ADVANCED_FACE ( 'NONE', ( #5344 ), #3109, .F. ) ;
#1834 = APPROVAL_STATUS ( 'not_yet_approved' ) ;
#1835 = EDGE_LOOP ( 'NONE', ( #53, #5176, #1391, #1663 ) ) ;
#1836 = LINE ( 'NONE', #95, #2843 ) ;
#1837 = EDGE_CURVE ( 'NONE', #1657, #5626, #1786, .T. ) ;
#1838 = DIRECTION ( 'NONE',  ( 1.000000000000000000, 0.000000000000000000, 0.000000000000000000 ) ) ;
#1839 = ORIENTED_EDGE ( 'NONE', *, *, #4410, .F. ) ;
#1840 = EDGE_LOOP ( 'NONE', ( #5445, #3626, #4842, #4362 ) ) ;
#1841 = DIRECTION ( 'NONE',  ( 0.000000000000000000, 0.000000000000000000, -1.000000000000000000 ) ) ;
#1842 = CARTESIAN_POINT ( 'NONE',  ( -12.78756443470179960, -1.899999999999999911, -3.000000000000000000 ) ) ;
#1843 = LINE ( 'NONE', #2249, #3840 ) ;
#1844 = DATE_TIME_ROLE ( 'classification_date' ) ;
#1845 = CARTESIAN_POINT ( 'NONE',  ( 1.899999999999999911, -2.000000000000000000, -3.000000000000000000 ) ) ;
#1846 = EDGE_LOOP ( 'NONE', ( #451, #1923, #3542, #1102 ) ) ;
#1847 = DIRECTION ( 'NONE',  ( 1.000000000000000000, 0.000000000000000000, 0.000000000000000000 ) ) ;
#1848 = ADVANCED_FACE ( 'NONE', ( #348 ), #2142, .T. ) ;
#1849 = ORIENTED_EDGE ( 'NONE', *, *, #2942, .F. ) ;
#1850 = CARTESIAN_POINT ( 'NONE',  ( -2.350000000000000089, -4.814824860968089633E-32, 2.500000000000000000 ) ) ;
#1851 = CYLINDRICAL_SURFACE ( 'NONE', #5192, 0.5000000000000004441 ) ;
#1852 = CARTESIAN_POINT ( 'NONE',  ( 0.000000000000000000, -2.799999999999999822, 0.000000000000000000 ) ) ;
#1853 = PERSON_AND_ORGANIZATION ( #3639, #409 ) ;
#1854 = PERSON_AND_ORGANIZATION_ROLE ( 'classification_officer' ) ;
#1855 = VERTEX_POINT ( 'NONE', #3489 ) ;
#1856 = CARTESIAN_POINT ( 'NONE',  ( 4.000000000000000000, 0.000000000000000000, 3.000000000000000000 ) ) ;
#1857 = CC_DESIGN_DATE_AND_TIME_ASSIGNMENT ( #3680, #5485, ( #3572 ) ) ;
#1858 = CARTESIAN_POINT ( 'NONE',  ( 0.000000000000000000, -3.500000000000000000, 0.000000000000000000 ) ) ;
#1859 = DIRECTION ( 'NONE',  ( 0.000000000000000000, -1.000000000000000000, 0.000000000000000000 ) ) ;
#1860 = PERSON_AND_ORGANIZATION_ROLE ( 'classification_officer' ) ;
#1861 = DESIGN_CONTEXT ( 'detailed design', #4225, 'design' ) ;
#1862 = ORIENTED_EDGE ( 'NONE', *, *, #4464, .T. ) ;
#1863 = CARTESIAN_POINT ( 'NONE',  ( 2.350000000000000089, -9.629649721936179265E-32, -2.500000000000000000 ) ) ;
#1864 = EDGE_CURVE ( 'NONE', #1657, #4421, #4853, .T. ) ;
#1865 = CARTESIAN_POINT ( 'NONE',  ( -2.399999999999999911, -1.500000000000000000, -3.000000000000000000 ) ) ;
#1866 = ORIENTED_EDGE ( 'NONE', *, *, #4212, .T. ) ;
#1867 = VERTEX_POINT ( 'NONE', #2289 ) ;
#1868 = CARTESIAN_POINT ( 'NONE',  ( -1.899999999999999911, -3.500000000000000000, -3.000000000000000000 ) ) ;
#1869 = CARTESIAN_POINT ( 'NONE',  ( 4.000000000000000000, -2.781021871990660059E-16, -2.500000000000000000 ) ) ;
#1870 = EDGE_CURVE ( 'NONE', #3546, #3219, #5406, .T. ) ;
#1871 = ADVANCED_FACE ( 'NONE', ( #4107 ), #1912, .T. ) ;
#1872 = CARTESIAN_POINT ( 'NONE',  ( -6.000000000000000000, -6.379211070675430182E-16, -2.500000000000000000 ) ) ;
#1873 = ITEM_DEFINED_TRANSFORMATION ( 'NONE', 'NONE', #5010,  #4351 ) ;
#1874 = APPROVAL_PERSON_ORGANIZATION ( #994, #4763, #3224 ) ;
#1875 = DIRECTION ( 'NONE',  ( 0.000000000000000000, 1.000000000000000000, 0.000000000000000000 ) ) ;
#1876 = ORIENTED_EDGE ( 'NONE', *, *, #5582, .F. ) ;
#1877 = ORIENTED_EDGE ( 'NONE', *, *, #5508, .T. ) ;
#1878 = VECTOR ( 'NONE', #185, 1000.000000000000000 ) ;
#1879 = DIRECTION ( 'NONE',  ( -1.747729060459019844E-16, -1.000000000000000000, 0.000000000000000000 ) ) ;
#1880 = ORIENTED_EDGE ( 'NONE', *, *, #5208, .F. ) ;
#1881 = CARTESIAN_POINT ( 'NONE',  ( -5.500000000000000000, -5.493209533081619120E-16, -3.000000000000000000 ) ) ;
#1882 = LINE ( 'NONE', #5472, #5663 ) ;
#1883 = DATE_TIME_ROLE ( 'classification_date' ) ;
#1884 = VECTOR ( 'NONE', #395, 1000.000000000000000 ) ;
#1885 = COORDINATED_UNIVERSAL_TIME_OFFSET ( 1, 0, .AHEAD. ) ;
#1886 = ORIENTED_EDGE ( 'NONE', *, *, #4966, .F. ) ;
#1887 = CARTESIAN_POINT ( 'NONE',  ( 5.500000000000000000, 2.500000000000000000, -2.500000000000000000 ) ) ;
#1888 = DIRECTION ( 'NONE',  ( -1.000000000000000000, 1.685467801206459812E-16, 0.000000000000000000 ) ) ;
#1889 = DIRECTION ( 'NONE',  ( 1.000000000000000000, 1.747729060459025020E-16, 0.000000000000000000 ) ) ;
#1890 = DIRECTION ( 'NONE',  ( -2.168404344971010101E-16, 1.000000000000000000, 0.000000000000000000 ) ) ;
#1891 = APPROVAL_STATUS ( 'not_yet_approved' ) ;
#1892 = CC_DESIGN_DATE_AND_TIME_ASSIGNMENT ( #1006, #2385, ( #217 ) ) ;
#1893 = VECTOR ( 'NONE', #5050, 1000.000000000000000 ) ;
#1894 = EDGE_LOOP ( 'NONE', ( #4720, #1747, #4248, #3307 ) ) ;
#1895 = DIRECTION ( 'NONE',  ( -1.000000000000000000, -1.747729060459019350E-16, 0.000000000000000000 ) ) ;
#1896 = VECTOR ( 'NONE', #3187, 1000.000000000000000 ) ;
#1897 = EDGE_LOOP ( 'NONE', ( #3278, #2529, #4272, #377, #5136, #1937, #2911, #3218 ) ) ;
#1898 = ORIENTED_EDGE ( 'NONE', *, *, #1759, .F. ) ;
#1899 = VECTOR ( 'NONE', #861, 1000.000000000000000 ) ;
#1900 = CARTESIAN_POINT ( 'NONE',  ( -1.899999999999999911, -1.500000000000000000, 3.000000000000000000 ) ) ;
#1901 = EDGE_CURVE ( 'NONE', #5310, #3213, #526, .T. ) ;
#1902 = AXIS2_PLACEMENT_3D ( 'NONE', #5619, #738, #3886 ) ;
#1903 = AXIS2_PLACEMENT_3D ( 'NONE', #5240, #2912, #1561 ) ;
#1904 = CARTESIAN_POINT ( 'NONE',  ( -88.00000000000000000, 2.500000000000000000, -2.500000000000000000 ) ) ;
#1905 = CALENDAR_DATE ( 2025, 16, 6 ) ;
#1906 = LINE ( 'NONE', #3473, #1705 ) ;
#1907 = VERTEX_POINT ( 'NONE', #4080 ) ;
#1908 = ORIENTED_EDGE ( 'NONE', *, *, #2254, .F. ) ;
#1909 = EDGE_CURVE ( 'NONE', #3997, #2150, #144, .T. ) ;
#1910 = CIRCLE ( 'NONE', #5655, 0.5000000000000000000 ) ;
#1911 = AXIS2_PLACEMENT_3D ( 'NONE', #89, #1498, #976 ) ;
#1912 = CYLINDRICAL_SURFACE ( 'NONE', #2400, 0.5000000000000000000 ) ;
#1913 = EDGE_CURVE ( 'NONE', #1368, #1818, #3613, .T. ) ;
#1914 = VECTOR ( 'NONE', #4525, 1000.000000000000000 ) ;
#1915 = APPLICATION_CONTEXT ( 'configuration controlled 3d designs of mechanical parts and assemblies' ) ;
#1916 = ORIENTED_EDGE ( 'NONE', *, *, #260, .F. ) ;
#1917 = ORIENTED_EDGE ( 'NONE', *, *, #5783, .F. ) ;
#1918 = LOCAL_TIME ( 10, 17, 39.00000000000000000, #728 ) ;
#1919 = CARTESIAN_POINT ( 'NONE',  ( -1.850000000000000089, 4.011548038196364434E-16, 3.000000000000000000 ) ) ;
#1920 = PERSON_AND_ORGANIZATION ( #3639, #409 ) ;
#1921 = PRODUCT_DEFINITION_FORMATION_WITH_SPECIFIED_SOURCE ( 'ANY', '', #1377, .NOT_KNOWN. ) ;
#1922 = SECURITY_CLASSIFICATION_LEVEL ( 'unclassified' ) ;
#1923 = ORIENTED_EDGE ( 'NONE', *, *, #4789, .F. ) ;
#1924 = LINE ( 'NONE', #1856, #770 ) ;
#1925 = LOCAL_TIME ( 10, 17, 39.00000000000000000, #4226 ) ;
#1926 = CARTESIAN_POINT ( 'NONE',  ( -6.000000000000000000, -6.379211070675430182E-16, 2.500000000000000000 ) ) ;
#1927 = CARTESIAN_POINT ( 'NONE',  ( 1.850000000000000089, -2.799999999999999822, -3.000000000000000000 ) ) ;
#1928 = DATE_AND_TIME ( #3271, #504 ) ;
#1929 = EDGE_CURVE ( 'NONE', #5200, #5113, #1648, .T. ) ;
#1930 = VECTOR ( 'NONE', #4401, 1000.000000000000000 ) ;
#1931 = ORIENTED_EDGE ( 'NONE', *, *, #899, .T. ) ;
#1932 = CARTESIAN_POINT ( 'NONE',  ( -10.13397459621556074, 5.000000000000000000, 3.000000000000000000 ) ) ;
#1933 = ORIENTED_EDGE ( 'NONE', *, *, #5104, .F. ) ;
#1934 = CARTESIAN_POINT ( 'NONE',  ( 94.00000000000000000, 2.500000000000000000, -6.000000000000000000 ) ) ;
#1935 = CYLINDRICAL_SURFACE ( 'NONE', #5723, 0.5000000000000000000 ) ;
#1936 = CARTESIAN_POINT ( 'NONE',  ( -94.00000000000000000, 2.500000000000000000, -6.000000000000000000 ) ) ;
#1937 = ORIENTED_EDGE ( 'NONE', *, *, #4203, .T. ) ;
#1938 = PRODUCT_RELATED_PRODUCT_CATEGORY ( 'detail', '', ( #3163 ) ) ;
#1939 = DIRECTION ( 'NONE',  ( 1.685467801206459812E-16, -1.000000000000000000, 0.000000000000000000 ) ) ;
#1940 = EDGE_CURVE ( 'NONE', #2217, #4255, #1085, .T. ) ;
#1941 = EDGE_CURVE ( 'NONE', #4647, #2692, #4138, .T. ) ;
#1942 = ORIENTED_EDGE ( 'NONE', *, *, #1349, .F. ) ;
#1943 = ADVANCED_FACE ( 'NONE', ( #52, #1022 ), #5466, .F. ) ;
#1944 = CARTESIAN_POINT ( 'NONE',  ( -9.845299461620751202, 3.000000000000000000, 3.000000000000000000 ) ) ;
#1945 = DATE_TIME_ROLE ( 'creation_date' ) ;
#1946 = ADVANCED_FACE ( 'NONE', ( #5549 ), #3229, .T. ) ;
#1947 = PRODUCT_DEFINITION_SHAPE ( 'NONE', 'NONE',  #5829 ) ;
#1948 = ITEM_DEFINED_TRANSFORMATION ( 'NONE', 'NONE', #779,  #4351 ) ;
#1949 = ORIENTED_EDGE ( 'NONE', *, *, #748, .F. ) ;
#1950 = DIRECTION ( 'NONE',  ( 0.000000000000000000, -1.000000000000000000, 0.000000000000000000 ) ) ;
#1951 = LINE ( 'NONE', #4591, #3036 ) ;
#1952 = DIRECTION ( 'NONE',  ( 1.000000000000000000, -9.227252531791529091E-17, 0.000000000000000000 ) ) ;
#1953 = PERSON_AND_ORGANIZATION ( #3639, #409 ) ;
#1954 = ORIENTED_EDGE ( 'NONE', *, *, #1929, .F. ) ;
#1955 = DIRECTION ( 'NONE',  ( 0.000000000000000000, 0.000000000000000000, -1.000000000000000000 ) ) ;
#1956 = EDGE_LOOP ( 'NONE', ( #4003, #1489, #1821, #2252 ) ) ;
#1957 = ADVANCED_FACE ( 'NONE', ( #4514 ), #3633, .T. ) ;
#1958 = CARTESIAN_POINT ( 'NONE',  ( 4.500000000000000000, -3.623755772593889841E-16, -3.000000000000000000 ) ) ;
#1959 = DIRECTION ( 'NONE',  ( -1.000000000000000000, -1.772003075187617934E-16, 0.000000000000000000 ) ) ;
#1960 = DATE_AND_TIME ( #5371, #1680 ) ;
#1961 = CARTESIAN_POINT ( 'NONE',  ( -5.500000000000000000, -5.505346540445919644E-16, -2.500000000000000000 ) ) ;
#1962 = ORIENTED_EDGE ( 'NONE', *, *, #3268, .T. ) ;
#1963 = ORIENTED_EDGE ( 'NONE', *, *, #1261, .T. ) ;
#1964 = CARTESIAN_POINT ( 'NONE',  ( -6.000000000000000000, -6.379211070675430182E-16, 3.000000000000000000 ) ) ;
#1965 = CARTESIAN_POINT ( 'NONE',  ( 5.500000000000000000, -5.505346540445919644E-16, 2.500000000000000000 ) ) ;
#1966 = CC_DESIGN_PERSON_AND_ORGANIZATION_ASSIGNMENT ( #288, #2026, ( #3535 ) ) ;
#1967 = APPROVAL_PERSON_ORGANIZATION ( #1428, #4406, #104 ) ;
#1968 = ORIENTED_EDGE ( 'NONE', *, *, #556, .F. ) ;
#1969 = DIRECTION ( 'NONE',  ( 0.000000000000000000, 0.000000000000000000, -1.000000000000000000 ) ) ;
#1970 = COORDINATED_UNIVERSAL_TIME_OFFSET ( 1, 0, .AHEAD. ) ;
#1971 = ADVANCED_FACE ( 'NONE', ( #3724 ), #3197, .T. ) ;
#1972 = PERSON_AND_ORGANIZATION ( #417, #2756 ) ;
#1973 = CARTESIAN_POINT ( 'NONE',  ( -13.13397459621555896, -4.500000000000000000, 0.000000000000000000 ) ) ;
#1974 = ADVANCED_FACE ( 'NONE', ( #930 ), #2375, .F. ) ;
#1975 = CARTESIAN_POINT ( 'NONE',  ( -4.500000000000000000, -3.623755772593889841E-16, -2.500000000000000000 ) ) ;
#1976 = CYLINDRICAL_SURFACE ( 'NONE', #1418, 0.5000000000000004441 ) ;
#1977 = COORDINATED_UNIVERSAL_TIME_OFFSET ( 1, 0, .AHEAD. ) ;
#1978 = EDGE_LOOP ( 'NONE', ( #40, #1431, #636, #106 ) ) ;
#1979 = DIRECTION ( 'NONE',  ( 2.168404344971010101E-16, 1.000000000000000000, 0.000000000000000000 ) ) ;
#1980 = VERTEX_POINT ( 'NONE', #2764 ) ;
#1981 = CARTESIAN_POINT ( 'NONE',  ( -10.13397459621556074, 4.500000000000000000, -3.000000000000000000 ) ) ;
#1982 = AXIS2_PLACEMENT_3D ( 'NONE', #5072, #2372, #575 ) ;
#1983 = AXIS2_PLACEMENT_3D ( 'NONE', #5256, #784, #5605 ) ;
#1984 = CARTESIAN_POINT ( 'NONE',  ( -6.000000000000000000, -6.379211070675430182E-16, -2.500000000000000000 ) ) ;
#1985 = DIRECTION ( 'NONE',  ( 0.000000000000000000, 0.000000000000000000, -1.000000000000000000 ) ) ;
#1986 = ORIENTED_EDGE ( 'NONE', *, *, #4653, .F. ) ;
#1987 = AXIS2_PLACEMENT_3D ( 'NONE', #5624, #4776, #1594 ) ;
#1988 = CIRCLE ( 'NONE', #5557, 0.5000000000000000000 ) ;
#1989 = CARTESIAN_POINT ( 'NONE',  ( 2.350000000000000089, -0.6840402866513449753, -3.000000000000000000 ) ) ;
#1990 = CARTESIAN_POINT ( 'NONE',  ( -5.500000000000000000, -5.505346540445919644E-16, 3.000000000000000000 ) ) ;
#1991 = VECTOR ( 'NONE', #2703, 1000.000000000000000 ) ;
#1992 = CIRCLE ( 'NONE', #4624, 0.5000000000000002220 ) ;
#1993 = ORIENTED_EDGE ( 'NONE', *, *, #5569, .T. ) ;
#1994 = AXIS2_PLACEMENT_3D ( 'NONE', #5772, #1769, #3974 ) ;
#1995 = AXIS2_PLACEMENT_3D ( 'NONE', #800, #378, #2178 ) ;
#1996 = DIRECTION ( 'NONE',  ( 0.000000000000000000, 0.000000000000000000, -1.000000000000000000 ) ) ;
#1997 = CIRCLE ( 'NONE', #2461, 1.250000000000000000 ) ;
#1998 = COORDINATED_UNIVERSAL_TIME_OFFSET ( 1, 0, .AHEAD. ) ;
#1999 = AXIS2_PLACEMENT_3D ( 'NONE', #4940, #1314, #4963 ) ;
#2000 = COORDINATED_UNIVERSAL_TIME_OFFSET ( 1, 0, .AHEAD. ) ;
#2001 = CC_DESIGN_APPROVAL ( #2246, ( #1246 ) ) ;
#2002 = DIRECTION ( 'NONE',  ( 0.5000000000000003331, 0.8660254037844383745, 0.000000000000000000 ) ) ;
#2003 = CARTESIAN_POINT ( 'NONE',  ( 2.339692620785905230, -0.3420201433256729318, 3.000000000000000000 ) ) ;
#2004 = APPROVAL_STATUS ( 'not_yet_approved' ) ;
#2005 = LOCAL_TIME ( 10, 17, 39.00000000000000000, #2686 ) ;
#2006 = ORIENTED_EDGE ( 'NONE', *, *, #3543, .T. ) ;
#2007 = EDGE_CURVE ( 'NONE', #4042, #4556, #4461, .T. ) ;
#2008 = DIRECTION ( 'NONE',  ( 0.000000000000000000, -1.000000000000000000, 0.000000000000000000 ) ) ;
#2009 = APPROVAL_PERSON_ORGANIZATION ( #4314, #4943, #1111 ) ;
#2010 = EDGE_LOOP ( 'NONE', ( #3328, #2876 ) ) ;
#2011 = EDGE_CURVE ( 'NONE', #544, #4978, #1465, .T. ) ;
#2012 = DIRECTION ( 'NONE',  ( 0.000000000000000000, -1.000000000000000000, 0.000000000000000000 ) ) ;
#2013 = EDGE_LOOP ( 'NONE', ( #5015, #1029, #2798, #943 ) ) ;
#2014 = DIRECTION ( 'NONE',  ( 0.000000000000000000, 0.000000000000000000, 1.000000000000000000 ) ) ;
#2015 = DIRECTION ( 'NONE',  ( 0.000000000000000000, 0.000000000000000000, -1.000000000000000000 ) ) ;
#2016 = ORIENTED_EDGE ( 'NONE', *, *, #1005, .F. ) ;
#2017 = ORIENTED_EDGE ( 'NONE', *, *, #67, .T. ) ;
#2018 = DIRECTION ( 'NONE',  ( 0.000000000000000000, 0.000000000000000000, 1.000000000000000000 ) ) ;
#2019 = DIRECTION ( 'NONE',  ( 1.747729060459025020E-16, 1.000000000000000000, 0.000000000000000000 ) ) ;
#2020 = PLANE ( 'NONE',  #4610 ) ;
#2021 = VECTOR ( 'NONE', #5434, 1000.000000000000000 ) ;
#2022 = VERTEX_POINT ( 'NONE', #579 ) ;
#2023 = ORIENTED_EDGE ( 'NONE', *, *, #2707, .F. ) ;
#2024 = ADVANCED_FACE ( 'NONE', ( #4170 ), #1130, .F. ) ;
#2025 = CARTESIAN_POINT ( 'NONE',  ( -4.500000000000000000, 2.500000000000000000, -3.000000000000000000 ) ) ;
#2026 = PERSON_AND_ORGANIZATION_ROLE ( 'creator' ) ;
#2027 = DATE_TIME_ROLE ( 'classification_date' ) ;
#2028 = DIRECTION ( 'NONE',  ( -1.000000000000000000, 1.747729060459019350E-16, 0.000000000000000000 ) ) ;
#2029 = CARTESIAN_POINT ( 'NONE',  ( -6.000000000000000000, 2.500000000000000000, 3.000000000000000000 ) ) ;
#2030 = APPROVAL_DATE_TIME ( #4357, #3258 ) ;
#2031 = CC_DESIGN_PERSON_AND_ORGANIZATION_ASSIGNMENT ( #3150, #5384, ( #3318 ) ) ;
#2032 = VERTEX_POINT ( 'NONE', #2925 ) ;
#2033 = CARTESIAN_POINT ( 'NONE',  ( -2.350000000000000089, -4.814824860968089633E-32, 3.000000000000000000 ) ) ;
#2034 = ORIENTED_EDGE ( 'NONE', *, *, #3945, .T. ) ;
#2035 = DIRECTION ( 'NONE',  ( -9.227252531791529091E-17, 1.000000000000000000, 0.000000000000000000 ) ) ;
#2036 = DIRECTION ( 'NONE',  ( 0.000000000000000000, 1.000000000000000000, 1.047444401652940007E-14 ) ) ;
#2037 = EDGE_CURVE ( 'NONE', #1587, #3451, #3806, .T. ) ;
#2038 = VERTEX_POINT ( 'NONE', #1083 ) ;
#2039 = CARTESIAN_POINT ( 'NONE',  ( 4.000000000000000000, 2.500000000000000000, -3.000000000000000000 ) ) ;
#2040 = APPROVAL_ROLE ( '' ) ;
#2041 = CARTESIAN_POINT ( 'NONE',  ( -13.50000000000000000, 2.500000000000000000, 3.000000000000000000 ) ) ;
#2042 = ORIENTED_EDGE ( 'NONE', *, *, #3126, .F. ) ;
#2043 = ORIENTED_EDGE ( 'NONE', *, *, #1005, .T. ) ;
#2044 = DIRECTION ( 'NONE',  ( 0.000000000000000000, 0.000000000000000000, -1.000000000000000000 ) ) ;
#2045 = FACE_BOUND ( 'NONE', #5318, .T. ) ;
#2046 = EDGE_CURVE ( 'NONE', #5045, #751, #5603, .T. ) ;
#2047 = CARTESIAN_POINT ( 'NONE',  ( -2.350000000000000089, -2.299999999999999822, 3.000000000000000000 ) ) ;
#2048 = ORIENTED_EDGE ( 'NONE', *, *, #1499, .T. ) ;
#2049 = VERTEX_POINT ( 'NONE', #1990 ) ;
#2050 = FACE_OUTER_BOUND ( 'NONE', #131, .T. ) ;
#2051 = COORDINATED_UNIVERSAL_TIME_OFFSET ( 1, 0, .AHEAD. ) ;
#2052 = SECURITY_CLASSIFICATION_LEVEL ( 'unclassified' ) ;
#2053 = CARTESIAN_POINT ( 'NONE',  ( 6.000000000000000000, 2.500000000000000000, -2.500000000000000000 ) ) ;
#2054 = DIRECTION ( 'NONE',  ( -1.000000000000000000, 0.000000000000000000, 0.000000000000000000 ) ) ;
#2055 = PERSON_AND_ORGANIZATION_ROLE ( 'classification_officer' ) ;
#2056 = VERTEX_POINT ( 'NONE', #5111 ) ;
#2057 = CARTESIAN_POINT ( 'NONE',  ( -13.93301270189222052, 0.08397459621556110920, 3.000000000000000000 ) ) ;
#2058 = ORIENTED_EDGE ( 'NONE', *, *, #3945, .F. ) ;
#2059 = CARTESIAN_POINT ( 'NONE',  ( 6.000000000000000000, -6.379211070675430182E-16, 2.500000000000000000 ) ) ;
#2060 = CC_DESIGN_DATE_AND_TIME_ASSIGNMENT ( #4076, #3630, ( #734 ) ) ;
#2061 = DIRECTION ( 'NONE',  ( 1.000000000000000000, 0.000000000000000000, 0.000000000000000000 ) ) ;
#2062 = ORIENTED_EDGE ( 'NONE', *, *, #3726, .F. ) ;
#2063 = DIRECTION ( 'NONE',  ( -1.747729060459025020E-16, 1.000000000000000000, 0.000000000000000000 ) ) ;
#2064 = LINE ( 'NONE', #4332, #2265 ) ;
#2065 = ORIENTED_EDGE ( 'NONE', *, *, #1941, .F. ) ;
#2066 = EDGE_LOOP ( 'NONE', ( #4544, #3442, #2586, #4859, #532, #5222, #3005, #5804, #393, #3464, #2712, #2629, #1672, #4218, #4502, #5551, #3458, #5343, #5016, #743 ) ) ;
#2067 = EDGE_CURVE ( 'NONE', #2978, #4684, #1169, .T. ) ;
#2068 = FACE_OUTER_BOUND ( 'NONE', #2263, .T. ) ;
#2069 = CYLINDRICAL_SURFACE ( 'NONE', #3872, 0.5000000000000004441 ) ;
#2070 = DIRECTION ( 'NONE',  ( 0.000000000000000000, 1.000000000000000000, 0.000000000000000000 ) ) ;
#2071 = CIRCLE ( 'NONE', #1704, 1.000000000000000000 ) ;
#2072 = DIRECTION ( 'NONE',  ( 1.000000000000000000, -1.772003075187619906E-16, 0.000000000000000000 ) ) ;
#2073 = DIRECTION ( 'NONE',  ( -1.000000000000000000, 0.000000000000000000, 0.000000000000000000 ) ) ;
#2074 = ADVANCED_FACE ( 'NONE', ( #2045, #4253 ), #5629, .F. ) ;
#2075 = ORIENTED_EDGE ( 'NONE', *, *, #4019, .T. ) ;
#2076 = VERTEX_POINT ( 'NONE', #4725 ) ;
#2077 = AXIS2_PLACEMENT_3D ( 'NONE', #1145, #2976, #4791 ) ;
#2078 = EDGE_CURVE ( 'NONE', #947, #5045, #4651, .T. ) ;
#2079 = VECTOR ( 'NONE', #1097, 1000.000000000000000 ) ;
#2080 = CARTESIAN_POINT ( 'NONE',  ( 1.850000000000000089, -2.000000000000000000, -2.500000000000000000 ) ) ;
#2081 = APPROVAL_ROLE ( '' ) ;
#2082 = CIRCLE ( 'NONE', #2369, 0.5000000000000000000 ) ;
#2083 = SECURITY_CLASSIFICATION_LEVEL ( 'unclassified' ) ;
#2084 = VECTOR ( 'NONE', #985, 1000.000000000000000 ) ;
#2085 = CARTESIAN_POINT ( 'NONE',  ( -1.850000000000000089, 8.738645302295090589E-17, 3.000000000000000000 ) ) ;
#2086 = CARTESIAN_POINT ( 'NONE',  ( -88.00000000000000000, -2.500000000000000000, -2.500000000000000000 ) ) ;
#2087 = CIRCLE ( 'NONE', #772, 2.000000000000000888 ) ;
#2088 = COORDINATED_UNIVERSAL_TIME_OFFSET ( 1, 0, .AHEAD. ) ;
#2089 = APPROVAL_PERSON_ORGANIZATION ( #1675, #3610, #4788 ) ;
#2090 = CIRCLE ( 'NONE', #3688, 0.5000000000000000000 ) ;
#2091 = ORIENTED_EDGE ( 'NONE', *, *, #2153, .F. ) ;
#2092 = CARTESIAN_POINT ( 'NONE',  ( -2.350000000000000089, 0.000000000000000000, 2.500000000000000000 ) ) ;
#2093 = ORIENTED_EDGE ( 'NONE', *, *, #637, .T. ) ;
#2094 = APPROVAL_PERSON_ORGANIZATION ( #4087, #5340, #117 ) ;
#2095 = DIRECTION ( 'NONE',  ( 0.000000000000000000, 0.000000000000000000, -1.000000000000000000 ) ) ;
#2096 = EDGE_CURVE ( 'NONE', #2395, #2978, #2106, .T. ) ;
#2097 = LOCAL_TIME ( 10, 17, 39.00000000000000000, #467 ) ;
#2098 = ORIENTED_EDGE ( 'NONE', *, *, #1654, .T. ) ;
#2099 = LINE ( 'NONE', #4749, #643 ) ;
#2100 = DIRECTION ( 'NONE',  ( -1.000000000000000000, 0.000000000000000000, 0.000000000000000000 ) ) ;
#2101 = ORIENTED_EDGE ( 'NONE', *, *, #3444, .F. ) ;
#2102 = ORIENTED_EDGE ( 'NONE', *, *, #2340, .F. ) ;
#2103 = DIRECTION ( 'NONE',  ( -3.097720492815730124E-16, 1.000000000000000000, 0.000000000000000000 ) ) ;
#2104 = LOCAL_TIME ( 10, 17, 39.00000000000000000, #3345 ) ;
#2105 = DIRECTION ( 'NONE',  ( 0.000000000000000000, 0.000000000000000000, 1.000000000000000000 ) ) ;
#2106 = LINE ( 'NONE', #5194, #3325 ) ;
#2107 = DIRECTION ( 'NONE',  ( 1.000000000000000000, 0.000000000000000000, 0.000000000000000000 ) ) ;
#2108 = CIRCLE ( 'NONE', #4366, 0.5000000000000000000 ) ;
#2109 = CC_DESIGN_PERSON_AND_ORGANIZATION_ASSIGNMENT ( #1234, #3790, ( #1242 ) ) ;
#2110 = AXIS2_PLACEMENT_3D ( 'NONE', #3361, #3310, #5159 ) ;
#2111 = LINE ( 'NONE', #1735, #2916 ) ;
#2112 = EDGE_LOOP ( 'NONE', ( #3558, #3382, #4729, #5280 ) ) ;
#2113 = EDGE_LOOP ( 'NONE', ( #987, #3014, #4483, #5717 ) ) ;
#2114 = FACE_OUTER_BOUND ( 'NONE', #1297, .T. ) ;
#2115 = APPROVAL_STATUS ( 'not_yet_approved' ) ;
#2116 = AXIS2_PLACEMENT_3D ( 'NONE', #3931, #5730, #1702 ) ;
#2117 = EDGE_CURVE ( 'NONE', #5456, #3997, #1830, .T. ) ;
#2118 = EDGE_CURVE ( 'NONE', #2548, #4425, #3390, .T. ) ;
#2119 = COORDINATED_UNIVERSAL_TIME_OFFSET ( 1, 0, .AHEAD. ) ;
#2120 = CARTESIAN_POINT ( 'NONE',  ( 5.500000000000000000, -5.505346540445919644E-16, -2.500000000000000000 ) ) ;
#2121 = DIRECTION ( 'NONE',  ( 0.000000000000000000, 0.000000000000000000, -1.000000000000000000 ) ) ;
#2122 = PERSON_AND_ORGANIZATION_ROLE ( 'design_owner' ) ;
#2123 = EDGE_CURVE ( 'NONE', #2022, #30, #2584, .T. ) ;
#2124 = EDGE_LOOP ( 'NONE', ( #5564, #1320, #1052, #5660 ) ) ;
#2125 = CARTESIAN_POINT ( 'NONE',  ( -88.00000000000000000, 2.500000000000000000, -2.500000000000000000 ) ) ;
#2126 = VERTEX_POINT ( 'NONE', #635 ) ;
#2127 = DIRECTION ( 'NONE',  ( -1.000000000000000000, 0.000000000000000000, 0.000000000000000000 ) ) ;
#2128 = ORIENTED_EDGE ( 'NONE', *, *, #4597, .T. ) ;
#2129 = DIRECTION ( 'NONE',  ( -1.000000000000000000, 0.000000000000000000, 0.000000000000000000 ) ) ;
#2130 = EDGE_CURVE ( 'NONE', #544, #2527, #4220, .T. ) ;
#2131 = CARTESIAN_POINT ( 'NONE',  ( -1.850000000000000089, -2.799999999999999822, 3.000000000000000000 ) ) ;
#2132 = ORIENTED_EDGE ( 'NONE', *, *, #725, .T. ) ;
#2133 = ORIENTED_EDGE ( 'NONE', *, *, #3698, .T. ) ;
#2134 = DIRECTION ( 'NONE',  ( 0.000000000000000000, -1.000000000000000000, 0.000000000000000000 ) ) ;
#2135 = DIRECTION ( 'NONE',  ( 0.000000000000000000, 1.000000000000000000, 0.000000000000000000 ) ) ;
#2136 = CARTESIAN_POINT ( 'NONE',  ( -6.000000000000000000, 5.000000000000000000, 3.000000000000000000 ) ) ;
#2137 = DIRECTION ( 'NONE',  ( 0.000000000000000000, 0.000000000000000000, 1.000000000000000000 ) ) ;
#2138 = DIRECTION ( 'NONE',  ( 1.000000000000000000, 1.807003620809174878E-16, 0.000000000000000000 ) ) ;
#2139 = ORIENTED_EDGE ( 'NONE', *, *, #3795, .F. ) ;
#2140 = ORIENTED_EDGE ( 'NONE', *, *, #2405, .T. ) ;
#2141 = AXIS2_PLACEMENT_3D ( 'NONE', #3656, #4103, #5459 ) ;
#2142 = CYLINDRICAL_SURFACE ( 'NONE', #2116, 0.5000000000000000000 ) ;
#2143 = APPROVAL ( #4260, 'UNKNOWN' ) ;
#2144 = CONTEXT_DEPENDENT_SHAPE_REPRESENTATION ( #2813, #4576 ) ;
#2145 = MANIFOLD_SOLID_BREP ( 'NONE', #2170 ) ;
#2146 = DIRECTION ( 'NONE',  ( 0.000000000000000000, 0.000000000000000000, 1.000000000000000000 ) ) ;
#2147 = EDGE_CURVE ( 'NONE', #4618, #2956, #3897, .T. ) ;
#2148 = DIRECTION ( 'NONE',  ( -1.000000000000000000, 0.000000000000000000, 0.000000000000000000 ) ) ;
#2149 = COORDINATED_UNIVERSAL_TIME_OFFSET ( 1, 0, .AHEAD. ) ;
#2150 = VERTEX_POINT ( 'NONE', #279 ) ;
#2151 = CARTESIAN_POINT ( 'NONE',  ( -1.850000000000000089, -3.500000000000000000, -3.000000000000000000 ) ) ;
#2152 = VECTOR ( 'NONE', #2986, 1000.000000000000000 ) ;
#2153 = EDGE_CURVE ( 'NONE', #735, #3431, #1550, .T. ) ;
#2154 = CARTESIAN_POINT ( 'NONE',  ( -6.000000000000000000, -6.379211070675430182E-16, 3.000000000000000000 ) ) ;
#2155 = CARTESIAN_POINT ( 'NONE',  ( 14.81141183569546982, -22.13062298556227603, -0.5000000000004275469 ) ) ;
#2156 = ORIENTED_EDGE ( 'NONE', *, *, #3999, .F. ) ;
#2157 = CARTESIAN_POINT ( 'NONE',  ( 0.000000000000000000, 0.000000000000000000, -3.000000000000000000 ) ) ;
#2158 = CARTESIAN_POINT ( 'NONE',  ( 4.000000000000000000, -3.623755772593889841E-16, -3.000000000000000000 ) ) ;
#2159 = ORIENTED_EDGE ( 'NONE', *, *, #4565, .F. ) ;
#2160 = ORIENTED_EDGE ( 'NONE', *, *, #245, .F. ) ;
#2161 = CARTESIAN_POINT ( 'NONE',  ( 0.000000000000000000, 2.500000000000000000, 1.250000000000000000 ) ) ;
#2162 = FACE_OUTER_BOUND ( 'NONE', #3825, .T. ) ;
#2163 = CARTESIAN_POINT ( 'NONE',  ( -2.399999999999999911, -2.407412430484044816E-32, 3.000000000000000000 ) ) ;
#2164 = CARTESIAN_POINT ( 'NONE',  ( -88.00000000000000000, 2.500000000000000000, 2.500000000000000000 ) ) ;
#2165 = DIRECTION ( 'NONE',  ( 0.000000000000000000, 1.000000000000000000, 0.000000000000000000 ) ) ;
#2166 = ORIENTED_EDGE ( 'NONE', *, *, #622, .T. ) ;
#2167 = DIRECTION ( 'NONE',  ( -1.000000000000000000, 0.000000000000000000, 0.000000000000000000 ) ) ;
#2168 = VECTOR ( 'NONE', #522, 1000.000000000000000 ) ;
#2169 = AXIS2_PLACEMENT_3D ( 'NONE', #3645, #91, #5448 ) ;
#2170 = CLOSED_SHELL ( 'NONE', ( #640, #172, #4387, #4348, #1668, #1439, #5135, #1543, #4954, #4028, #4792, #3298, #4669, #672, #5487, #1770, #4877, #28, #3085, #3581, #4636, #4268, #650, #4184, #2074, #1009, #1466, #3165, #5531 ) ) ;
#2171 = AXIS2_PLACEMENT_3D ( 'NONE', #3854, #1190, #2575 ) ;
#2172 = DIRECTION ( 'NONE',  ( 0.000000000000000000, 1.000000000000000000, 0.000000000000000000 ) ) ;
#2173 = DIRECTION ( 'NONE',  ( 0.000000000000000000, 0.000000000000000000, -1.000000000000000000 ) ) ;
#2174 = CALENDAR_DATE ( 2025, 16, 6 ) ;
#2175 = CIRCLE ( 'NONE', #763, 0.5000000000000004441 ) ;
#2176 = AXIS2_PLACEMENT_3D ( 'NONE', #3347, #5123, #2568 ) ;
#2177 = VERTEX_POINT ( 'NONE', #5580 ) ;
#2178 = DIRECTION ( 'NONE',  ( 0.000000000000000000, 0.000000000000000000, -1.000000000000000000 ) ) ;
#2179 = VECTOR ( 'NONE', #2983, 1000.000000000000000 ) ;
#2180 = CIRCLE ( 'NONE', #4059, 0.5000000000000000000 ) ;
#2181 = DIRECTION ( 'NONE',  ( 0.000000000000000000, 1.000000000000000000, 0.000000000000000000 ) ) ;
#2182 = APPLICATION_PROTOCOL_DEFINITION ( 'international standard', 'config_control_design', 1994, #517 ) ;
#2183 = AXIS2_PLACEMENT_3D ( 'NONE', #3966, #4022, #1355 ) ;
#2184 = VECTOR ( 'NONE', #1493, 1000.000000000000000 ) ;
#2185 = EDGE_CURVE ( 'NONE', #2692, #141, #1454, .T. ) ;
#2186 = AXIS2_PLACEMENT_3D ( 'NONE', #1617, #3907, #5235 ) ;
#2187 = VERTEX_POINT ( 'NONE', #3337 ) ;
#2188 = CARTESIAN_POINT ( 'NONE',  ( 6.000000000000000000, 2.500000000000000000, 2.500000000000000000 ) ) ;
#2189 = ADVANCED_FACE ( 'NONE', ( #5134 ), #2514, .T. ) ;
#2190 = FACE_OUTER_BOUND ( 'NONE', #3112, .T. ) ;
#2191 = SECURITY_CLASSIFICATION ( '', '', #1462 ) ;
#2192 = EDGE_LOOP ( 'NONE', ( #3185, #2156, #5377, #5415 ) ) ;
#2193 = VERTEX_POINT ( 'NONE', #3427 ) ;
#2194 =( GEOMETRIC_REPRESENTATION_CONTEXT ( 3 ) GLOBAL_UNCERTAINTY_ASSIGNED_CONTEXT ( ( #3620 ) ) GLOBAL_UNIT_ASSIGNED_CONTEXT ( ( #3769, #4664, #4602 ) ) REPRESENTATION_CONTEXT ( 'NONE', 'WORKASPACE' ) );
#2195 = CARTESIAN_POINT ( 'NONE',  ( -3.289692620785909849, -0.3420201433256724877, 3.000000000000000000 ) ) ;
#2196 = CARTESIAN_POINT ( 'NONE',  ( -9.000000000000000000, -2.000000000000000000, 3.000000000000000000 ) ) ;
#2197 = DIRECTION ( 'NONE',  ( -1.000000000000000000, -2.478176394252580155E-16, 0.000000000000000000 ) ) ;
#2198 = MANIFOLD_SOLID_BREP ( 'NONE', #5369 ) ;
#2199 = LOCAL_TIME ( 10, 17, 39.00000000000000000, #2805 ) ;
#2200 = DIRECTION ( 'NONE',  ( 0.000000000000000000, 0.000000000000000000, -1.000000000000000000 ) ) ;
#2201 = CARTESIAN_POINT ( 'NONE',  ( 1.899999999999999911, 4.708535149079899336E-16, 2.500000000000000000 ) ) ;
#2202 = ORIENTED_EDGE ( 'NONE', *, *, #4545, .T. ) ;
#2203 = LOCAL_TIME ( 10, 17, 39.00000000000000000, #5507 ) ;
#2204 = DIRECTION ( 'NONE',  ( -1.000000000000000000, 0.000000000000000000, 0.000000000000000000 ) ) ;
#2205 = AXIS2_PLACEMENT_3D ( 'NONE', #228, #2197, #3953 ) ;
#2206 = ADVANCED_FACE ( 'NONE', ( #5225 ), #2896, .F. ) ;
#2207 =( REPRESENTATION_RELATIONSHIP ('NONE','NONE', #3114, #1304 ) REPRESENTATION_RELATIONSHIP_WITH_TRANSFORMATION ( #4677 )SHAPE_REPRESENTATION_RELATIONSHIP( ) );
#2208 = FACE_OUTER_BOUND ( 'NONE', #4794, .T. ) ;
#2209 = DIRECTION ( 'NONE',  ( 0.000000000000000000, -1.000000000000000000, 0.000000000000000000 ) ) ;
#2210 = APPROVAL_ROLE ( '' ) ;
#2211 = VERTEX_POINT ( 'NONE', #1730 ) ;
#2212 = DIRECTION ( 'NONE',  ( 0.000000000000000000, 0.000000000000000000, 1.000000000000000000 ) ) ;
#2213 = EDGE_CURVE ( 'NONE', #4605, #1818, #1252, .T. ) ;
#2214 = CARTESIAN_POINT ( 'NONE',  ( 2.350000000000000089, -2.000000000000000000, 2.500000000000000000 ) ) ;
#2215 = APPROVAL_ROLE ( '' ) ;
#2216 = CC_DESIGN_PERSON_AND_ORGANIZATION_ASSIGNMENT ( #5561, #5539, ( #2946 ) ) ;
#2217 = VERTEX_POINT ( 'NONE', #3078 ) ;
#2218 = LINE ( 'NONE', #4840, #954 ) ;
#2219 = DIRECTION ( 'NONE',  ( 0.000000000000000000, 0.000000000000000000, 1.000000000000000000 ) ) ;
#2220 = ORIENTED_EDGE ( 'NONE', *, *, #552, .T. ) ;
#2221 = VERTEX_POINT ( 'NONE', #2777 ) ;
#2222 = PRODUCT_DEFINITION_SHAPE ( 'NONE', 'NONE',  #5822 ) ;
#2223 = PLANE ( 'NONE',  #5086 ) ;
#2224 = DIRECTION ( 'NONE',  ( 0.000000000000000000, 0.000000000000000000, -1.000000000000000000 ) ) ;
#2225 = DIRECTION ( 'NONE',  ( 0.000000000000000000, 0.000000000000000000, 1.000000000000000000 ) ) ;
#2226 = EDGE_CURVE ( 'NONE', #1188, #4346, #4568, .T. ) ;
#2227 = LINE ( 'NONE', #4957, #5263 ) ;
#2228 = COORDINATED_UNIVERSAL_TIME_OFFSET ( 1, 0, .AHEAD. ) ;
#2229 = LINE ( 'NONE', #4488, #1798 ) ;
#2230 = VERTEX_POINT ( 'NONE', #3052 ) ;
#2231 = EDGE_CURVE ( 'NONE', #3334, #4089, #4375, .T. ) ;
#2232 = DIRECTION ( 'NONE',  ( 0.000000000000000000, 1.000000000000000000, 0.000000000000000000 ) ) ;
#2233 = EDGE_LOOP ( 'NONE', ( #4222, #4820, #3281, #5100 ) ) ;
#2234 = FACE_OUTER_BOUND ( 'NONE', #1358, .T. ) ;
#2235 = DIRECTION ( 'NONE',  ( 0.000000000000000000, 0.000000000000000000, -1.000000000000000000 ) ) ;
#2236 = APPROVAL_STATUS ( 'not_yet_approved' ) ;
#2237 = ORIENTED_EDGE ( 'NONE', *, *, #1941, .T. ) ;
#2238 = DIRECTION ( 'NONE',  ( -1.000000000000000000, -1.685467801206459812E-16, 0.000000000000000000 ) ) ;
#2239 = LINE ( 'NONE', #5327, #2926 ) ;
#2240 = PERSON_AND_ORGANIZATION_ROLE ( 'design_supplier' ) ;
#2241 = ORIENTED_EDGE ( 'NONE', *, *, #101, .T. ) ;
#2242 = CYLINDRICAL_SURFACE ( 'NONE', #4053, 1.250000000000000000 ) ;
#2243 = CARTESIAN_POINT ( 'NONE',  ( -12.49888930010695987, -2.399999999999999911, -3.000000000000000000 ) ) ;
#2244 = ORIENTED_EDGE ( 'NONE', *, *, #2903, .T. ) ;
#2245 = ORIENTED_EDGE ( 'NONE', *, *, #280, .F. ) ;
#2246 = APPROVAL ( #3837, 'UNKNOWN' ) ;
#2247 = FACE_BOUND ( 'NONE', #2010, .T. ) ;
#2248 = DIRECTION ( 'NONE',  ( 0.000000000000000000, 1.000000000000000000, 0.000000000000000000 ) ) ;
#2249 = CARTESIAN_POINT ( 'NONE',  ( 1.850000000000000089, -3.500000000000000000, -3.000000000000000000 ) ) ;
#2250 = DATE_TIME_ROLE ( 'classification_date' ) ;
#2251 = CARTESIAN_POINT ( 'NONE',  ( -4.229385241571814724, 0.000000000000000000, -3.000000000000000000 ) ) ;
#2252 = ORIENTED_EDGE ( 'NONE', *, *, #4020, .F. ) ;
#2253 = CARTESIAN_POINT ( 'NONE',  ( -5.500000000000000000, -5.493209533081619120E-16, 3.000000000000000000 ) ) ;
#2254 = EDGE_CURVE ( 'NONE', #1980, #2548, #5500, .T. ) ;
#2255 = EDGE_LOOP ( 'NONE', ( #4741, #1560, #3, #5373 ) ) ;
#2256 = LINE ( 'NONE', #4609, #2839 ) ;
#2257 = EDGE_CURVE ( 'NONE', #5694, #2780, #429, .T. ) ;
#2258 = CARTESIAN_POINT ( 'NONE',  ( -5.500000000000000000, 2.500000000000000000, -3.000000000000000000 ) ) ;
#2259 = CIRCLE ( 'NONE', #379, 1.000000000000000000 ) ;
#2260 = DIRECTION ( 'NONE',  ( 0.000000000000000000, 0.000000000000000000, -1.000000000000000000 ) ) ;
#2261 = DATE_AND_TIME ( #1266, #2097 ) ;
#2262 = AXIS2_PLACEMENT_3D ( 'NONE', #391, #3131, #3980 ) ;
#2263 = EDGE_LOOP ( 'NONE', ( #3971, #1568, #1803, #302, #1078, #2241, #3920, #965 ) ) ;
#2264 = CYLINDRICAL_SURFACE ( 'NONE', #3033, 0.5000000000000000000 ) ;
#2265 = VECTOR ( 'NONE', #3824, 1000.000000000000000 ) ;
#2266 = AXIS2_PLACEMENT_3D ( 'NONE', #4830, #2260, #4879 ) ;
#2267 = CARTESIAN_POINT ( 'NONE',  ( 0.000000000000000000, 0.000000000000000000, 3.000000000000000000 ) ) ;
#2268 = VECTOR ( 'NONE', #3609, 1000.000000000000000 ) ;
#2269 = PERSON_AND_ORGANIZATION ( #3639, #409 ) ;
#2270 = CIRCLE ( 'NONE', #4523, 0.5000000000000004441 ) ;
#2271 = VERTEX_POINT ( 'NONE', #5698 ) ;
#2272 = FACE_OUTER_BOUND ( 'NONE', #1562, .T. ) ;
#2273 = AXIS2_PLACEMENT_3D ( 'NONE', #1981, #651, #4632 ) ;
#2274 = LINE ( 'NONE', #39, #1896 ) ;
#2275 = AXIS2_PLACEMENT_3D ( 'NONE', #444, #5387, #1359 ) ;
#2276 = ORIENTED_EDGE ( 'NONE', *, *, #1734, .T. ) ;
#2277 = ORIENTED_EDGE ( 'NONE', *, *, #5104, .T. ) ;
#2278 = EDGE_CURVE ( 'NONE', #5498, #5606, #3210, .T. ) ;
#2279 = DIRECTION ( 'NONE',  ( 0.000000000000000000, 0.000000000000000000, 1.000000000000000000 ) ) ;
#2280 = VECTOR ( 'NONE', #2453, 1000.000000000000000 ) ;
#2281 = SHAPE_REPRESENTATION_RELATIONSHIP ( 'NONE' , 'NONE' ,  #3300, #5183 ) ;
#2282 = AXIS2_PLACEMENT_3D ( 'NONE', #4261, #2943, #1651 ) ;
#2283 = AXIS2_PLACEMENT_3D ( 'NONE', #3512, #836, #4372 ) ;
#2284 = DIRECTION ( 'NONE',  ( -1.000000000000000000, 0.000000000000000000, 0.000000000000000000 ) ) ;
#2285 = APPROVAL_ROLE ( '' ) ;
#2286 = DIRECTION ( 'NONE',  ( -1.000000000000000000, -2.168404344971010101E-16, 0.000000000000000000 ) ) ;
#2287 = ORIENTED_EDGE ( 'NONE', *, *, #2505, .F. ) ;
#2288 = APPROVAL_PERSON_ORGANIZATION ( #5121, #4980, #2882 ) ;
#2289 = CARTESIAN_POINT ( 'NONE',  ( 2.350000000000000089, 0.000000000000000000, -2.500000000000000000 ) ) ;
#2290 = CC_DESIGN_PERSON_AND_ORGANIZATION_ASSIGNMENT ( #3935, #1708, ( #3600 ) ) ;
#2291 = ORIENTED_EDGE ( 'NONE', *, *, #5167, .F. ) ;
#2292 = CC_DESIGN_APPROVAL ( #1278, ( #4549 ) ) ;
#2293 = CARTESIAN_POINT ( 'NONE',  ( 95.00000000000000000, -2.500000000000000000, -5.000000000000000000 ) ) ;
#2294 = DIRECTION ( 'NONE',  ( -1.747729060459025020E-16, 1.000000000000000000, 0.000000000000000000 ) ) ;
#2295 = DIRECTION ( 'NONE',  ( 2.478176394252580155E-16, -1.000000000000000000, 0.000000000000000000 ) ) ;
#2296 = SHAPE_DEFINITION_REPRESENTATION ( #949, #483 ) ;
#2297 = EDGE_CURVE ( 'NONE', #5626, #1712, #3888, .T. ) ;
#2298 = APPROVAL_STATUS ( 'not_yet_approved' ) ;
#2299 = ORIENTED_EDGE ( 'NONE', *, *, #494, .T. ) ;
#2300 = DIRECTION ( 'NONE',  ( -1.000000000000000000, 0.000000000000000000, 0.000000000000000000 ) ) ;
#2301 = AXIS2_PLACEMENT_3D ( 'NONE', #5725, #1695, #4871 ) ;
#2302 = EDGE_CURVE ( 'NONE', #5425, #752, #3984, .T. ) ;
#2303 = CARTESIAN_POINT ( 'NONE',  ( 1.850000000000000089, -2.000000000000000000, -2.500000000000000000 ) ) ;
#2304 = DIRECTION ( 'NONE',  ( 0.000000000000000000, 1.000000000000000000, 0.000000000000000000 ) ) ;
#2305 = DATE_AND_TIME ( #1327, #5385 ) ;
#2306 = VECTOR ( 'NONE', #3060, 1000.000000000000000 ) ;
#2307 = ORIENTED_EDGE ( 'NONE', *, *, #5060, .T. ) ;
#2308 = CARTESIAN_POINT ( 'NONE',  ( 1.530808498934190091E-16, -2.000000000000000000, -1.250000000000000000 ) ) ;
#2309 = CYLINDRICAL_SURFACE ( 'NONE', #3569, 0.5000000000000000000 ) ;
#2310 = VERTEX_POINT ( 'NONE', #3479 ) ;
#2311 = ORIENTED_EDGE ( 'NONE', *, *, #609, .F. ) ;
#2312 = DIRECTION ( 'NONE',  ( 0.000000000000000000, 0.000000000000000000, 1.000000000000000000 ) ) ;
#2313 = LINE ( 'NONE', #4547, #5661 ) ;
#2314 = CARTESIAN_POINT ( 'NONE',  ( 1.899999999999999911, -3.500000000000000000, 3.000000000000000000 ) ) ;
#2315 = COORDINATED_UNIVERSAL_TIME_OFFSET ( 1, 0, .AHEAD. ) ;
#2316 = DIRECTION ( 'NONE',  ( 0.000000000000000000, 0.000000000000000000, 1.000000000000000000 ) ) ;
#2317 = EDGE_LOOP ( 'NONE', ( #5671, #3867, #1963, #3411 ) ) ;
#2318 = DIRECTION ( 'NONE',  ( 0.000000000000000000, -1.000000000000000000, 0.000000000000000000 ) ) ;
#2319 = PRODUCT_DEFINITION_SHAPE ( 'NONE', 'NONE',  #197 ) ;
#2320 =( REPRESENTATION_RELATIONSHIP ('NONE','NONE', #3114, #4500 ) REPRESENTATION_RELATIONSHIP_WITH_TRANSFORMATION ( #616 )SHAPE_REPRESENTATION_RELATIONSHIP( ) );
#2321 = VERTEX_POINT ( 'NONE', #3019 ) ;
#2322 = DIRECTION ( 'NONE',  ( 1.000000000000000000, -1.747729060459025020E-16, 0.000000000000000000 ) ) ;
#2323 = CC_DESIGN_DATE_AND_TIME_ASSIGNMENT ( #3264, #4088, ( #2859 ) ) ;
#2324 = CARTESIAN_POINT ( 'NONE',  ( 2.399999999999999911, -1.500000000000000000, -3.000000000000000000 ) ) ;
#2325 = SHAPE_DEFINITION_REPRESENTATION ( #1277, #1304 ) ;
#2326 = SECURITY_CLASSIFICATION_LEVEL ( 'unclassified' ) ;
#2327 = VERTEX_POINT ( 'NONE', #5367 ) ;
#2328 = CARTESIAN_POINT ( 'NONE',  ( 5.500000000000000000, 0.000000000000000000, 3.000000000000000000 ) ) ;
#2329 = EDGE_CURVE ( 'NONE', #5601, #1335, #812, .T. ) ;
#2330 = AXIS2_PLACEMENT_3D ( 'NONE', #1722, #1366, #4889 ) ;
#2331 = CYLINDRICAL_SURFACE ( 'NONE', #2561, 0.5000000000000004441 ) ;
#2332 = CARTESIAN_POINT ( 'NONE',  ( 4.000000000000000000, 2.500000000000000000, 3.000000000000000000 ) ) ;
#2333 = DIRECTION ( 'NONE',  ( 1.000000000000000000, 1.845450506358304832E-16, 0.000000000000000000 ) ) ;
#2334 = APPROVAL_ROLE ( '' ) ;
#2335 = EDGE_LOOP ( 'NONE', ( #3255, #2664 ) ) ;
#2336 = ADVANCED_FACE ( 'NONE', ( #3454 ), #5255, .T. ) ;
#2337 = CARTESIAN_POINT ( 'NONE',  ( -6.000000000000000000, 2.500000000000000000, -3.000000000000000000 ) ) ;
#2338 = ORIENTED_EDGE ( 'NONE', *, *, #794, .T. ) ;
#2339 = ORIENTED_EDGE ( 'NONE', *, *, #1544, .T. ) ;
#2340 = EDGE_CURVE ( 'NONE', #2187, #1980, #1281, .T. ) ;
#2341 = DIRECTION ( 'NONE',  ( 0.000000000000000000, -1.000000000000000000, 0.000000000000000000 ) ) ;
#2342 = ADVANCED_FACE ( 'NONE', ( #2582, #838 ), #2632, .F. ) ;
#2343 =( LENGTH_UNIT ( ) NAMED_UNIT ( * ) SI_UNIT ( .MILLI., .METRE. ) );
#2344 = CARTESIAN_POINT ( 'NONE',  ( -10.56698729810777948, 4.250000000000000000, 3.000000000000000000 ) ) ;
#2345 = CALENDAR_DATE ( 2025, 16, 6 ) ;
#2346 = DIRECTION ( 'NONE',  ( 0.000000000000000000, 0.000000000000000000, 1.000000000000000000 ) ) ;
#2347 = ORIENTED_EDGE ( 'NONE', *, *, #4600, .F. ) ;
#2348 = DIRECTION ( 'NONE',  ( 9.227252531791529091E-17, 1.000000000000000000, 0.000000000000000000 ) ) ;
#2349 = VERTEX_POINT ( 'NONE', #5782 ) ;
#2350 = PLANE ( 'NONE',  #3576 ) ;
#2351 = FACE_OUTER_BOUND ( 'NONE', #1536, .T. ) ;
#2352 = DATE_AND_TIME ( #557, #5769 ) ;
#2353 = AXIS2_PLACEMENT_3D ( 'NONE', #4810, #4869, #2579 ) ;
#2354 = APPROVAL_ROLE ( '' ) ;
#2355 = ORIENTED_EDGE ( 'NONE', *, *, #3999, .T. ) ;
#2356 = DIRECTION ( 'NONE',  ( 0.000000000000000000, 0.000000000000000000, -1.000000000000000000 ) ) ;
#2357 = CARTESIAN_POINT ( 'NONE',  ( -6.000000000000000000, -6.379211070675430182E-16, 2.500000000000000000 ) ) ;
#2358 = DIRECTION ( 'NONE',  ( 0.000000000000000000, -1.000000000000000000, 0.000000000000000000 ) ) ;
#2359 = VECTOR ( 'NONE', #564, 1000.000000000000000 ) ;
#2360 = COORDINATED_UNIVERSAL_TIME_OFFSET ( 1, 0, .AHEAD. ) ;
#2361 = AXIS2_PLACEMENT_3D ( 'NONE', #4343, #4205, #2073 ) ;
#2362 = CC_DESIGN_PERSON_AND_ORGANIZATION_ASSIGNMENT ( #2945, #4740, ( #1921 ) ) ;
#2363 = VERTEX_POINT ( 'NONE', #1754 ) ;
#2364 = DIRECTION ( 'NONE',  ( 0.000000000000000000, 1.000000000000000000, 0.000000000000000000 ) ) ;
#2365 = ORIENTED_EDGE ( 'NONE', *, *, #822, .T. ) ;
#2366 = CARTESIAN_POINT ( 'NONE',  ( -12.78756443470179960, -2.899999999999999911, -3.000000000000000000 ) ) ;
#2367 = EDGE_CURVE ( 'NONE', #3260, #2310, #3607, .T. ) ;
#2368 = ADVANCED_FACE ( 'NONE', ( #3101 ), #4897, .F. ) ;
#2369 = AXIS2_PLACEMENT_3D ( 'NONE', #3503, #5740, #1658 ) ;
#2370 = AXIS2_PLACEMENT_3D ( 'NONE', #4389, #5269, #5353 ) ;
#2371 = CARTESIAN_POINT ( 'NONE',  ( 5.500000000000000000, 0.000000000000000000, 2.500000000000000000 ) ) ;
#2372 = DIRECTION ( 'NONE',  ( 0.000000000000000000, 0.000000000000000000, -1.000000000000000000 ) ) ;
#2373 = ORIENTED_EDGE ( 'NONE', *, *, #5098, .F. ) ;
#2374 = VECTOR ( 'NONE', #820, 1000.000000000000000 ) ;
#2375 = PLANE ( 'NONE',  #3236 ) ;
#2376 = ADVANCED_FACE ( 'NONE', ( #4010 ), #1780, .T. ) ;
#2377 = CIRCLE ( 'NONE', #1241, 2.500000000000000000 ) ;
#2378 = AXIS2_PLACEMENT_3D ( 'NONE', #3706, #5554, #5114 ) ;
#2379 = DIRECTION ( 'NONE',  ( 0.000000000000000000, 0.000000000000000000, -1.000000000000000000 ) ) ;
#2380 = LOCAL_TIME ( 10, 17, 39.00000000000000000, #1176 ) ;
#2381 = DIRECTION ( 'NONE',  ( 1.000000000000000000, 1.747729060459025020E-16, 0.000000000000000000 ) ) ;
#2382 = APPROVAL_ROLE ( '' ) ;
#2383 = LOCAL_TIME ( 10, 17, 39.00000000000000000, #3590 ) ;
#2384 = EDGE_CURVE ( 'NONE', #2217, #3357, #1452, .T. ) ;
#2385 = DATE_TIME_ROLE ( 'classification_date' ) ;
#2386 = ORIENTED_EDGE ( 'NONE', *, *, #2213, .T. ) ;
#2387 = DIRECTION ( 'NONE',  ( 0.000000000000000000, -1.000000000000000000, 0.000000000000000000 ) ) ;
#2388 = PERSON ( 'NAUO-PER6', 'UNSPECIFIED', 'UNSPECIFIED', ('UNSPECIFIED'), ('UNSPECIFIED'), ('UNSPECIFIED') ) ;
#2389 = LOCAL_TIME ( 10, 17, 39.00000000000000000, #4914 ) ;
#2390 = CARTESIAN_POINT ( 'NONE',  ( -5.500000000000000000, -6.379211070675430182E-16, -2.500000000000000000 ) ) ;
#2391 = LINE ( 'NONE', #3736, #2917 ) ;
#2392 = MANIFOLD_SOLID_BREP ( 'NONE', #4331 ) ;
#2393 = PERSON_AND_ORGANIZATION ( #3639, #409 ) ;
#2394 = VECTOR ( 'NONE', #2070, 1000.000000000000000 ) ;
#2395 = VERTEX_POINT ( 'NONE', #565 ) ;
#2396 = DIRECTION ( 'NONE',  ( 0.000000000000000000, 1.000000000000000000, 0.000000000000000000 ) ) ;
#2397 = ORIENTED_EDGE ( 'NONE', *, *, #5032, .F. ) ;
#2398 = LINE ( 'NONE', #3718, #1805 ) ;
#2399 = CC_DESIGN_DATE_AND_TIME_ASSIGNMENT ( #5203, #5731, ( #793 ) ) ;
#2400 = AXIS2_PLACEMENT_3D ( 'NONE', #3257, #3280, #81 ) ;
#2401 = DIRECTION ( 'NONE',  ( 0.000000000000000000, 1.000000000000000000, 0.000000000000000000 ) ) ;
#2402 = CARTESIAN_POINT ( 'NONE',  ( -13.65358983848622110, -2.399999999999999911, -3.000000000000000000 ) ) ;
#2403 = ORIENTED_EDGE ( 'NONE', *, *, #5573, .T. ) ;
#2404 = ORIENTED_EDGE ( 'NONE', *, *, #1081, .T. ) ;
#2405 = EDGE_CURVE ( 'NONE', #4505, #1564, #5040, .T. ) ;
#2406 = DIRECTION ( 'NONE',  ( 0.000000000000000000, 0.000000000000000000, -1.000000000000000000 ) ) ;
#2407 = DIRECTION ( 'NONE',  ( 1.000000000000000000, -9.227252531791529091E-17, 0.000000000000000000 ) ) ;
#2408 = EDGE_CURVE ( 'NONE', #2510, #151, #3196, .T. ) ;
#2409 = VERTEX_POINT ( 'NONE', #2161 ) ;
#2410 = EDGE_CURVE ( 'NONE', #5488, #4290, #4427, .T. ) ;
#2411 = CARTESIAN_POINT ( 'NONE',  ( 0.000000000000000000, -3.500000000000000000, 1.250000000000000000 ) ) ;
#2412 = COORDINATED_UNIVERSAL_TIME_OFFSET ( 1, 0, .AHEAD. ) ;
#2413 = APPROVAL_DATE_TIME ( #2772, #916 ) ;
#2414 = CARTESIAN_POINT ( 'NONE',  ( -4.279385241571814547, 0.000000000000000000, 3.000000000000000000 ) ) ;
#2415 = DIRECTION ( 'NONE',  ( 0.000000000000000000, 0.000000000000000000, -1.000000000000000000 ) ) ;
#2416 = DIRECTION ( 'NONE',  ( 9.227252531791529091E-17, 1.000000000000000000, 0.000000000000000000 ) ) ;
#2417 = APPROVAL_ROLE ( '' ) ;
#2418 = ORIENTED_EDGE ( 'NONE', *, *, #318, .F. ) ;
#2419 = CYLINDRICAL_SURFACE ( 'NONE', #5558, 1.000000000000000000 ) ;
#2421 = ORIENTED_EDGE ( 'NONE', *, *, #5033, .F. ) ;
#2420 = AXIS2_PLACEMENT_3D ( 'NONE', #5106, #4189, #161 ) ;
#2422 = DIRECTION ( 'NONE',  ( 1.000000000000000000, -1.685467801206459812E-16, 0.000000000000000000 ) ) ;
#2423 = CARTESIAN_POINT ( 'NONE',  ( 95.00000000000000000, 2.500000000000000000, -5.000000000000000000 ) ) ;
#2424 = CYLINDRICAL_SURFACE ( 'NONE', #5738, 0.5000000000000000000 ) ;
#2425 = ORIENTED_EDGE ( 'NONE', *, *, #3020, .F. ) ;
#2426 = ORIENTED_EDGE ( 'NONE', *, *, #3234, .F. ) ;
#2427 = FACE_OUTER_BOUND ( 'NONE', #4748, .T. ) ;
#2428 = DIRECTION ( 'NONE',  ( 0.000000000000000000, 0.000000000000000000, -1.000000000000000000 ) ) ;
#2429 = ORIENTED_EDGE ( 'NONE', *, *, #4823, .T. ) ;
#2430 = CARTESIAN_POINT ( 'NONE',  ( 1.850000000000000089, 8.427339006032289201E-17, -2.500000000000000000 ) ) ;
#2431 = CALENDAR_DATE ( 2025, 16, 6 ) ;
#2432 = EDGE_CURVE ( 'NONE', #4089, #5702, #653, .T. ) ;
#2433 = ADVANCED_FACE ( 'NONE', ( #1693 ), #5696, .F. ) ;
#2434 = CARTESIAN_POINT ( 'NONE',  ( -10.13397459621556074, -1.370462676791689779E-15, 3.000000000000000000 ) ) ;
#2435 = DIRECTION ( 'NONE',  ( 0.000000000000000000, 1.000000000000000000, 0.000000000000000000 ) ) ;
#2436 = CIRCLE ( 'NONE', #2283, 1.250000000000000000 ) ;
#2437 = DATE_AND_TIME ( #1480, #3041 ) ;
#2438 = UNCERTAINTY_MEASURE_WITH_UNIT (LENGTH_MEASURE( 1.000000000000000082E-05 ), #4931, 'distance_accuracy_value', 'NONE');
#2439 = ORIENTED_EDGE ( 'NONE', *, *, #3491, .T. ) ;
#2440 = FACE_OUTER_BOUND ( 'NONE', #2457, .T. ) ;
#2441 = VERTEX_POINT ( 'NONE', #3922 ) ;
#2442 = LINE ( 'NONE', #1484, #3862 ) ;
#2443 = SHAPE_REPRESENTATION_RELATIONSHIP ( 'NONE' , 'NONE' ,  #5526, #1470 ) ;
#2444 = VECTOR ( 'NONE', #1101, 1000.000000000000000 ) ;
#2445 = AXIS2_PLACEMENT_3D ( 'NONE', #895, #4481, #1367 ) ;
#2446 = ORIENTED_EDGE ( 'NONE', *, *, #33, .T. ) ;
#2447 = DIRECTION ( 'NONE',  ( 1.000000000000000000, 2.168404344971010347E-16, 0.000000000000000000 ) ) ;
#2448 = EDGE_CURVE ( 'NONE', #1490, #5517, #1599, .T. ) ;
#2449 = LINE ( 'NONE', #5128, #2444 ) ;
#2450 = VERTEX_POINT ( 'NONE', #2512 ) ;
#2451 = ORIENTED_EDGE ( 'NONE', *, *, #3444, .T. ) ;
#2452 = VECTOR ( 'NONE', #304, 1000.000000000000000 ) ;
#2453 = DIRECTION ( 'NONE',  ( 2.168404344971010101E-16, -1.000000000000000000, 0.000000000000000000 ) ) ;
#2454 = DIRECTION ( 'NONE',  ( 1.747729060459025020E-16, 1.000000000000000000, 0.000000000000000000 ) ) ;
#2455 = AXIS2_PLACEMENT_3D ( 'NONE', #5379, #1352, #3146 ) ;
#2456 = VECTOR ( 'NONE', #1624, 1000.000000000000000 ) ;
#2457 = EDGE_LOOP ( 'NONE', ( #2347, #920, #3339, #4264, #1986, #543, #4071, #2307 ) ) ;
#2458 = VECTOR ( 'NONE', #3687, 1000.000000000000000 ) ;
#2459 = AXIS2_PLACEMENT_3D ( 'NONE', #2125, #2620, #4835 ) ;
#2460 = DIRECTION ( 'NONE',  ( -1.772003075187619906E-16, 1.000000000000000000, 0.000000000000000000 ) ) ;
#2461 = AXIS2_PLACEMENT_3D ( 'NONE', #3537, #2248, #4462 ) ;
#2462 = VECTOR ( 'NONE', #970, 1000.000000000000000 ) ;
#2463 = APPROVAL ( #539, 'UNSPECIFIED' ) ;
#2464 = ITEM_DEFINED_TRANSFORMATION ( 'NONE', 'NONE', #5103,  #4351 ) ;
#2465 = CIRCLE ( 'NONE', #1999, 0.5000000000000004441 ) ;
#2466 = COORDINATED_UNIVERSAL_TIME_OFFSET ( 1, 0, .AHEAD. ) ;
#2467 = SECURITY_CLASSIFICATION ( '', '', #3000 ) ;
#2468 = AXIS2_PLACEMENT_3D ( 'NONE', #5621, #3043, #804 ) ;
#2469 = DIRECTION ( 'NONE',  ( 2.168404344971010101E-16, 1.000000000000000000, 0.000000000000000000 ) ) ;
#2470 = EDGE_CURVE ( 'NONE', #5488, #4167, #5354, .T. ) ;
#2471 = PLANE ( 'NONE',  #1323 ) ;
#2472 = COORDINATED_UNIVERSAL_TIME_OFFSET ( 1, 0, .AHEAD. ) ;
#2473 = APPROVAL_PERSON_ORGANIZATION ( #4419, #5239, #446 ) ;
#2474 = ORIENTED_EDGE ( 'NONE', *, *, #2011, .T. ) ;
#2475 = DIRECTION ( 'NONE',  ( 0.000000000000000000, 0.000000000000000000, 1.000000000000000000 ) ) ;
#2476 = ADVANCED_FACE ( 'NONE', ( #2604, #780 ), #4779, .F. ) ;
#2477 = CC_DESIGN_APPROVAL ( #2532, ( #3600 ) ) ;
#2478 = ORIENTED_EDGE ( 'NONE', *, *, #4230, .F. ) ;
#2479 = EDGE_CURVE ( 'NONE', #4042, #1635, #1220, .T. ) ;
#2480 = CARTESIAN_POINT ( 'NONE',  ( -2.350000000000000089, -2.799999999999999822, 3.000000000000000000 ) ) ;
#2481 = DIRECTION ( 'NONE',  ( 0.000000000000000000, 1.000000000000000000, 1.047444401652940007E-14 ) ) ;
#2482 = ORIENTED_EDGE ( 'NONE', *, *, #4296, .F. ) ;
#2483 = DIRECTION ( 'NONE',  ( 0.000000000000000000, -1.000000000000000000, 0.000000000000000000 ) ) ;
#2484 = LINE ( 'NONE', #689, #2452 ) ;
#2485 = ORIENTED_EDGE ( 'NONE', *, *, #4485, .F. ) ;
#2486 = ORIENTED_EDGE ( 'NONE', *, *, #1768, .T. ) ;
#2487 = FACE_OUTER_BOUND ( 'NONE', #1809, .T. ) ;
#2488 = DIRECTION ( 'NONE',  ( 0.5000000000000003331, 0.8660254037844383745, 0.000000000000000000 ) ) ;
#2489 = CARTESIAN_POINT ( 'NONE',  ( 1.899999999999999911, -3.500000000000000000, 2.500000000000000000 ) ) ;
#2490 = ORIENTED_EDGE ( 'NONE', *, *, #4899, .T. ) ;
#2491 = ORIENTED_EDGE ( 'NONE', *, *, #2904, .F. ) ;
#2492 = DIRECTION ( 'NONE',  ( 0.000000000000000000, 0.000000000000000000, 1.000000000000000000 ) ) ;
#2493 = SECURITY_CLASSIFICATION_LEVEL ( 'unclassified' ) ;
#2494 = APPROVAL ( #1495, 'UNSPECIFIED' ) ;
#2495 = CARTESIAN_POINT ( 'NONE',  ( 1.530808498934190091E-16, 5.000000000000000000, -1.250000000000000000 ) ) ;
#2496 = FACE_OUTER_BOUND ( 'NONE', #3851, .T. ) ;
#2497 = SHAPE_DEFINITION_REPRESENTATION ( #2319, #5526 ) ;
#2498 = APPLICATION_CONTEXT ( 'configuration controlled 3d designs of mechanical parts and assemblies' ) ;
#2499 = ORIENTED_EDGE ( 'NONE', *, *, #3259, .T. ) ;
#2500 = DIRECTION ( 'NONE',  ( 0.000000000000000000, -1.000000000000000000, 0.000000000000000000 ) ) ;
#2501 = ADVANCED_FACE ( 'NONE', ( #2068 ), #5282, .T. ) ;
#2502 = VERTEX_POINT ( 'NONE', #3858 ) ;
#2503 = LINE ( 'NONE', #2059, #4243 ) ;
#2504 = CARTESIAN_POINT ( 'NONE',  ( 46.31141183569545916, 2.869377014437728857, -0.4999999999999695244 ) ) ;
#2505 = EDGE_CURVE ( 'NONE', #2677, #816, #2436, .T. ) ;
#2506 = ORIENTED_EDGE ( 'NONE', *, *, #3906, .F. ) ;
#2507 = CARTESIAN_POINT ( 'NONE',  ( -9.845299461620751202, 2.000000000000000000, -3.000000000000000000 ) ) ;
#2508 = EDGE_CURVE ( 'NONE', #3213, #3625, #1406, .T. ) ;
#2509 = DIRECTION ( 'NONE',  ( 0.000000000000000000, 0.000000000000000000, -1.000000000000000000 ) ) ;
#2510 = VERTEX_POINT ( 'NONE', #2990 ) ;
#2511 = VERTEX_POINT ( 'NONE', #4399 ) ;
#2512 = CARTESIAN_POINT ( 'NONE',  ( -4.000000000000000000, 2.500000000000000000, 3.000000000000000000 ) ) ;
#2513 = CARTESIAN_POINT ( 'NONE',  ( -10.13397459621556074, 4.500000000000000000, -3.000000000000000000 ) ) ;
#2514 = CYLINDRICAL_SURFACE ( 'NONE', #4081, 0.5000000000000000000 ) ;
#2515 = CARTESIAN_POINT ( 'NONE',  ( 0.000000000000000000, 0.000000000000000000, -3.000000000000000000 ) ) ;
#2516 = PERSON ( 'NAUO-PER14', 'UNSPECIFIED', 'UNSPECIFIED', ('UNSPECIFIED'), ('UNSPECIFIED'), ('UNSPECIFIED') ) ;
#2517 = CYLINDRICAL_SURFACE ( 'NONE', #3201, 1.000000000000000888 ) ;
#2518 = VERTEX_POINT ( 'NONE', #341 ) ;
#2519 = ORIENTED_EDGE ( 'NONE', *, *, #323, .T. ) ;
#2520 = LINE ( 'NONE', #1553, #4650 ) ;
#2521 = COORDINATED_UNIVERSAL_TIME_OFFSET ( 1, 0, .AHEAD. ) ;
#2522 = ITEM_DEFINED_TRANSFORMATION ( 'NONE', 'NONE', #1249,  #4351 ) ;
#2523 = EDGE_CURVE ( 'NONE', #158, #3597, #5722, .T. ) ;
#2524 = CARTESIAN_POINT ( 'NONE',  ( -2.350000000000000089, -2.000000000000000000, -3.000000000000000000 ) ) ;
#2525 = DIRECTION ( 'NONE',  ( 0.000000000000000000, 0.000000000000000000, -1.000000000000000000 ) ) ;
#2526 = PERSON_AND_ORGANIZATION_ROLE ( 'design_owner' ) ;
#2527 = VERTEX_POINT ( 'NONE', #3477 ) ;
#2528 = CARTESIAN_POINT ( 'NONE',  ( 0.000000000000000000, -2.500000000000000000, 0.000000000000000000 ) ) ;
#2529 = ORIENTED_EDGE ( 'NONE', *, *, #2096, .T. ) ;
#2530 = CARTESIAN_POINT ( 'NONE',  ( 1.850000000000000089, 4.584626329367279696E-16, 2.500000000000000000 ) ) ;
#2531 = CARTESIAN_POINT ( 'NONE',  ( 60.31141183569545206, 2.869377014437729301, -0.4999999999999696354 ) ) ;
#2532 = APPROVAL ( #2236, 'UNSPECIFIED' ) ;
#2533 = AXIS2_PLACEMENT_3D ( 'NONE', #3452, #3894, #1665 ) ;
#2534 = ORIENTED_EDGE ( 'NONE', *, *, #323, .F. ) ;
#2535 = CARTESIAN_POINT ( 'NONE',  ( -13.65358983848622110, -2.399999999999999911, 3.000000000000000000 ) ) ;
#2536 = DIRECTION ( 'NONE',  ( 1.000000000000000000, -2.168404344971010840E-16, 0.000000000000000000 ) ) ;
#2537 = VERTEX_POINT ( 'NONE', #2961 ) ;
#2538 = ORIENTED_EDGE ( 'NONE', *, *, #1521, .F. ) ;
#2539 = EDGE_CURVE ( 'NONE', #151, #4424, #745, .T. ) ;
#2540 = CIRCLE ( 'NONE', #662, 0.5000000000000000000 ) ;
#2541 = CARTESIAN_POINT ( 'NONE',  ( 2.399999999999999911, 0.000000000000000000, 3.000000000000000000 ) ) ;
#2542 = LINE ( 'NONE', #5724, #3775 ) ;
#2543 = CARTESIAN_POINT ( 'NONE',  ( 1.850000000000000089, 8.738645302295120172E-17, 2.500000000000000000 ) ) ;
#2544 = EDGE_CURVE ( 'NONE', #3833, #5200, #3951, .T. ) ;
#2545 = AXIS2_PLACEMENT_3D ( 'NONE', #4467, #488, #456 ) ;
#2546 = DIRECTION ( 'NONE',  ( 0.000000000000000000, 0.000000000000000000, -1.000000000000000000 ) ) ;
#2547 = CARTESIAN_POINT ( 'NONE',  ( -2.399999999999999911, -3.500000000000000000, 3.000000000000000000 ) ) ;
#2548 = VERTEX_POINT ( 'NONE', #810 ) ;
#2549 = ORIENTED_EDGE ( 'NONE', *, *, #3116, .F. ) ;
#2550 = ADVANCED_FACE ( 'NONE', ( #4335 ), #5751, .F. ) ;
#2551 = VECTOR ( 'NONE', #2012, 1000.000000000000000 ) ;
#2552 = AXIS2_PLACEMENT_3D ( 'NONE', #5648, #736, #5685 ) ;
#2553 = CARTESIAN_POINT ( 'NONE',  ( -94.00000000000000000, 2.500000000000000000, 6.000000000000000000 ) ) ;
#2554 = DATE_AND_TIME ( #754, #3413 ) ;
#2555 = CIRCLE ( 'NONE', #4622, 0.9999999999999995559 ) ;
#2556 = COORDINATED_UNIVERSAL_TIME_OFFSET ( 1, 0, .AHEAD. ) ;
#2557 = VECTOR ( 'NONE', #180, 1000.000000000000000 ) ;
#2558 = VECTOR ( 'NONE', #659, 1000.000000000000000 ) ;
#2559 = DIRECTION ( 'NONE',  ( -1.000000000000000000, 0.000000000000000000, 0.000000000000000000 ) ) ;
#2560 = LINE ( 'NONE', #5589, #5368 ) ;
#2561 = AXIS2_PLACEMENT_3D ( 'NONE', #90, #4150, #3269 ) ;
#2562 = EDGE_CURVE ( 'NONE', #5581, #5601, #2908, .T. ) ;
#2563 = APPROVAL_ROLE ( '' ) ;
#2564 = EDGE_CURVE ( 'NONE', #2773, #4752, #4038, .T. ) ;
#2565 = CC_DESIGN_SECURITY_CLASSIFICATION ( #305, ( #5819 ) ) ;
#2566 = AXIS2_PLACEMENT_3D ( 'NONE', #5244, #4799, #5741 ) ;
#2567 = ORIENTED_EDGE ( 'NONE', *, *, #1261, .F. ) ;
#2568 = DIRECTION ( 'NONE',  ( -1.000000000000000000, 0.000000000000000000, 0.000000000000000000 ) ) ;
#2569 = ORIENTED_EDGE ( 'NONE', *, *, #2508, .T. ) ;
#2570 = CARTESIAN_POINT ( 'NONE',  ( 2.350000000000000089, 0.000000000000000000, -2.500000000000000000 ) ) ;
#2571 = DIRECTION ( 'NONE',  ( 1.000000000000000000, 0.000000000000000000, 0.000000000000000000 ) ) ;
#2572 = CC_DESIGN_APPROVAL ( #4117, ( #1732 ) ) ;
#2573 = ORIENTED_EDGE ( 'NONE', *, *, #2470, .F. ) ;
#2574 = CYLINDRICAL_SURFACE ( 'NONE', #1106, 0.5000000000000000000 ) ;
#2575 = DIRECTION ( 'NONE',  ( 0.000000000000000000, 0.000000000000000000, 1.000000000000000000 ) ) ;
#2576 = VERTEX_POINT ( 'NONE', #1396 ) ;
#2577 = EDGE_LOOP ( 'NONE', ( #4239, #2023, #2006, #5268 ) ) ;
#2578 = CC_DESIGN_DATE_AND_TIME_ASSIGNMENT ( #5706, #4315, ( #406 ) ) ;
#2579 = DIRECTION ( 'NONE',  ( 0.000000000000000000, -1.000000000000000000, 0.000000000000000000 ) ) ;
#2580 = LOCAL_TIME ( 10, 17, 39.00000000000000000, #1175 ) ;
#2581 = CARTESIAN_POINT ( 'NONE',  ( -12.78756443470179960, -2.899999999999999911, 3.000000000000000000 ) ) ;
#2582 = FACE_BOUND ( 'NONE', #5721, .T. ) ;
#2583 = CARTESIAN_POINT ( 'NONE',  ( 0.000000000000000000, -2.799999999999999822, 0.000000000000000000 ) ) ;
#2584 = CIRCLE ( 'NONE', #2110, 0.5000000000000004441 ) ;
#2585 = DIRECTION ( 'NONE',  ( 0.5000000000000003331, 0.8660254037844383745, 0.000000000000000000 ) ) ;
#2586 = ORIENTED_EDGE ( 'NONE', *, *, #1395, .T. ) ;
#2587 = EDGE_LOOP ( 'NONE', ( #2139, #5028, #4543, #4015 ) ) ;
#2588 = EDGE_CURVE ( 'NONE', #4882, #3833, #4137, .T. ) ;
#2589 = DIRECTION ( 'NONE',  ( -1.000000000000000000, 0.000000000000000000, 0.000000000000000000 ) ) ;
#2590 = APPROVAL_DATE_TIME ( #349, #4039 ) ;
#2591 = VECTOR ( 'NONE', #2232, 1000.000000000000000 ) ;
#2592 = EDGE_CURVE ( 'NONE', #1350, #2502, #955, .T. ) ;
#2593 = LINE ( 'NONE', #3001, #4157 ) ;
#2594 = FACE_OUTER_BOUND ( 'NONE', #2750, .T. ) ;
#2595 = COORDINATED_UNIVERSAL_TIME_OFFSET ( 1, 0, .AHEAD. ) ;
#2596 = VERTEX_POINT ( 'NONE', #868 ) ;
#2597 = FACE_OUTER_BOUND ( 'NONE', #4961, .T. ) ;
#2598 = DIRECTION ( 'NONE',  ( 0.000000000000000000, 1.000000000000000000, 0.000000000000000000 ) ) ;
#2599 = ORIENTED_EDGE ( 'NONE', *, *, #1701, .T. ) ;
#2600 = CARTESIAN_POINT ( 'NONE',  ( 1.850000000000000089, 8.738645302295110311E-17, 2.500000000000000000 ) ) ;
#2601 = LINE ( 'NONE', #4299, #479 ) ;
#2602 = ORIENTED_EDGE ( 'NONE', *, *, #3496, .F. ) ;
#2603 = ORIENTED_EDGE ( 'NONE', *, *, #2231, .F. ) ;
#2604 = FACE_BOUND ( 'NONE', #598, .T. ) ;
#2605 = FACE_OUTER_BOUND ( 'NONE', #1163, .T. ) ;
#2606 = DIRECTION ( 'NONE',  ( 0.000000000000000000, 0.000000000000000000, -1.000000000000000000 ) ) ;
#2607 = DIRECTION ( 'NONE',  ( 0.000000000000000000, 0.000000000000000000, -1.000000000000000000 ) ) ;
#2608 = DIRECTION ( 'NONE',  ( -2.478176394252580155E-16, 1.000000000000000000, 0.000000000000000000 ) ) ;
#2609 = EDGE_LOOP ( 'NONE', ( #3418, #1096, #4667, #5426 ) ) ;
#2610 = VECTOR ( 'NONE', #5186, 1000.000000000000000 ) ;
#2611 = LINE ( 'NONE', #1738, #4086 ) ;
#2612 =( REPRESENTATION_RELATIONSHIP ('NONE','NONE', #3114, #75 ) REPRESENTATION_RELATIONSHIP_WITH_TRANSFORMATION ( #3342 )SHAPE_REPRESENTATION_RELATIONSHIP( ) );
#2613 = EDGE_CURVE ( 'NONE', #3664, #270, #3192, .T. ) ;
#2614 = PLANE ( 'NONE',  #3495 ) ;
#2615 = CARTESIAN_POINT ( 'NONE',  ( -95.00000000000000000, 2.500000000000000000, 6.000000000000000000 ) ) ;
#2616 = PERSON_AND_ORGANIZATION ( #3639, #409 ) ;
#2617 = ADVANCED_FACE ( 'NONE', ( #485 ), #3988, .F. ) ;
#2618 = PLANE ( 'NONE',  #2370 ) ;
#2619 = ORIENTED_EDGE ( 'NONE', *, *, #4924, .F. ) ;
#2620 = DIRECTION ( 'NONE',  ( 0.000000000000000000, 0.000000000000000000, 1.000000000000000000 ) ) ;
#2621 = CIRCLE ( 'NONE', #2141, 0.5000000000000000000 ) ;
#2622 = EDGE_CURVE ( 'NONE', #4682, #2847, #2719, .T. ) ;
#2623 = CARTESIAN_POINT ( 'NONE',  ( -1.850000000000000089, -2.000000000000000000, 2.500000000000000000 ) ) ;
#2624 = APPROVAL_STATUS ( 'not_yet_approved' ) ;
#2625 = ORIENTED_EDGE ( 'NONE', *, *, #3238, .F. ) ;
#2626 = FACE_OUTER_BOUND ( 'NONE', #5547, .T. ) ;
#2627 = LINE ( 'NONE', #5360, #4797 ) ;
#2628 = ORIENTED_EDGE ( 'NONE', *, *, #3520, .T. ) ;
#2629 = ORIENTED_EDGE ( 'NONE', *, *, #1762, .T. ) ;
#2630 = DIRECTION ( 'NONE',  ( 1.000000000000000000, 1.685467801206459812E-16, 0.000000000000000000 ) ) ;
#2631 = DIRECTION ( 'NONE',  ( -2.168404344971010101E-16, 1.000000000000000000, 0.000000000000000000 ) ) ;
#2632 = PLANE ( 'NONE',  #326 ) ;
#2633 = AXIS2_PLACEMENT_3D ( 'NONE', #5810, #4075, #2635 ) ;
#2634 = EDGE_CURVE ( 'NONE', #5801, #2038, #844, .T. ) ;
#2635 = DIRECTION ( 'NONE',  ( -1.000000000000000000, -3.469446951953611033E-15, 0.000000000000000000 ) ) ;
#2636 = LINE ( 'NONE', #2671, #852 ) ;
#2637 = ORIENTED_EDGE ( 'NONE', *, *, #4561, .F. ) ;
#2638 = CIRCLE ( 'NONE', #5173, 0.5000000000000002220 ) ;
#2639 = DIRECTION ( 'NONE',  ( 0.000000000000000000, 0.000000000000000000, 1.000000000000000000 ) ) ;
#2640 = PRODUCT ( 'piece_up_serrage_rails_mobiles.step', 'piece_up_serrage_rails_mobiles.step', '', ( #2778 ) ) ;
#2641 = CIRCLE ( 'NONE', #3849, 0.5000000000000000000 ) ;
#2642 = AXIS2_PLACEMENT_3D ( 'NONE', #3831, #1697, #5160 ) ;
#2643 = VECTOR ( 'NONE', #865, 1000.000000000000000 ) ;
#2644 = CC_DESIGN_PERSON_AND_ORGANIZATION_ASSIGNMENT ( #4144, #3202, ( #5518 ) ) ;
#2645 = CARTESIAN_POINT ( 'NONE',  ( -9.845299461620751202, 3.000000000000000000, -3.000000000000000000 ) ) ;
#2646 = LINE ( 'NONE', #4442, #1799 ) ;
#2647 = APPROVAL_DATE_TIME ( #412, #1676 ) ;
#2648 = AXIS2_PLACEMENT_3D ( 'NONE', #3154, #3180, #4000 ) ;
#2649 = VECTOR ( 'NONE', #359, 1000.000000000000000 ) ;
#2650 = ORIENTED_EDGE ( 'NONE', *, *, #1731, .T. ) ;
#2651 = CARTESIAN_POINT ( 'NONE',  ( -1.850000000000000089, 8.427339006032289201E-17, 2.500000000000000000 ) ) ;
#2652 = EDGE_CURVE ( 'NONE', #2956, #1198, #1591, .T. ) ;
#2653 = PLANE ( 'NONE',  #2932 ) ;
#2654 = PERSON_AND_ORGANIZATION ( #3639, #409 ) ;
#2655 = CIRCLE ( 'NONE', #2183, 0.5000000000000000000 ) ;
#2656 = AXIS2_PLACEMENT_3D ( 'NONE', #1227, #4283, #1996 ) ;
#2657 = AXIS2_PLACEMENT_3D ( 'NONE', #1003, #2854, #2381 ) ;
#2658 = VERTEX_POINT ( 'NONE', #4508 ) ;
#2659 = EDGE_CURVE ( 'NONE', #4209, #2988, #1843, .T. ) ;
#2660 = CARTESIAN_POINT ( 'NONE',  ( -94.00000000000000000, 2.500000000000000000, -5.000000000000000000 ) ) ;
#2661 = CARTESIAN_POINT ( 'NONE',  ( -2.350000000000000089, 0.000000000000000000, -2.500000000000000000 ) ) ;
#2662 = APPROVAL_PERSON_ORGANIZATION ( #1028, #5527, #5477 ) ;
#2663 = ORIENTED_EDGE ( 'NONE', *, *, #856, .F. ) ;
#2664 = ORIENTED_EDGE ( 'NONE', *, *, #5069, .F. ) ;
#2665 = DIRECTION ( 'NONE',  ( 0.000000000000000000, -1.000000000000000000, 0.000000000000000000 ) ) ;
#2666 = CARTESIAN_POINT ( 'NONE',  ( 5.500000000000000000, 2.500000000000000000, 3.000000000000000000 ) ) ;
#2667 = CARTESIAN_POINT ( 'NONE',  ( 0.000000000000000000, -2.000000000000000000, 0.000000000000000000 ) ) ;
#2668 = APPROVAL_PERSON_ORGANIZATION ( #704, #3258, #329 ) ;
#2669 = DIRECTION ( 'NONE',  ( 0.000000000000000000, 0.000000000000000000, 1.000000000000000000 ) ) ;
#2670 = COORDINATED_UNIVERSAL_TIME_OFFSET ( 1, 0, .AHEAD. ) ;
#2671 = CARTESIAN_POINT ( 'NONE',  ( -12.78756443470179960, -1.899999999999999911, 3.000000000000000000 ) ) ;
#2672 = ORIENTED_EDGE ( 'NONE', *, *, #2278, .T. ) ;
#2673 = PERSON ( 'NAUO-PER2', 'UNSPECIFIED', 'UNSPECIFIED', ('UNSPECIFIED'), ('UNSPECIFIED'), ('UNSPECIFIED') ) ;
#2674 = ORIENTED_EDGE ( 'NONE', *, *, #3402, .F. ) ;
#2675 = CARTESIAN_POINT ( 'NONE',  ( -88.00000000000000000, 2.500000000000000000, 0.000000000000000000 ) ) ;
#2676 = VECTOR ( 'NONE', #5284, 1000.000000000000000 ) ;
#2677 = VERTEX_POINT ( 'NONE', #3539 ) ;
#2678 = CYLINDRICAL_SURFACE ( 'NONE', #3691, 0.5000000000000004441 ) ;
#2679 = CARTESIAN_POINT ( 'NONE',  ( -9.556624327025931009, 2.500000000000000000, -3.000000000000000000 ) ) ;
#2680 = AXIS2_PLACEMENT_3D ( 'NONE', #1646, #3432, #1200 ) ;
#2681 = SHAPE_DEFINITION_REPRESENTATION ( #531, #4500 ) ;
#2682 = CC_DESIGN_DATE_AND_TIME_ASSIGNMENT ( #3709, #173, ( #5570 ) ) ;
#2683 = ORIENTED_EDGE ( 'NONE', *, *, #3601, .T. ) ;
#2684 = CARTESIAN_POINT ( 'NONE',  ( -10.13397459621556074, 5.000000000000000000, 3.000000000000000000 ) ) ;
#2685 = CARTESIAN_POINT ( 'NONE',  ( 0.000000000000000000, -2.799999999999999822, 1.250000000000000000 ) ) ;
#2686 = COORDINATED_UNIVERSAL_TIME_OFFSET ( 1, 0, .AHEAD. ) ;
#2687 = ADVANCED_FACE ( 'NONE', ( #3565 ), #839, .F. ) ;
#2688 = ORIENTED_EDGE ( 'NONE', *, *, #4306, .T. ) ;
#2689 = CARTESIAN_POINT ( 'NONE',  ( 5.500000000000000000, -5.493209533081619120E-16, 3.000000000000000000 ) ) ;
#2690 = PLANE ( 'NONE',  #3955 ) ;
#2691 = ORIENTED_EDGE ( 'NONE', *, *, #4597, .F. ) ;
#2692 = VERTEX_POINT ( 'NONE', #4465 ) ;
#2693 = DIRECTION ( 'NONE',  ( -1.000000000000000000, 1.747729060459019350E-16, 0.000000000000000000 ) ) ;
#2694 = SHAPE_REPRESENTATION_RELATIONSHIP ( 'NONE' , 'NONE' ,  #483, #3923 ) ;
#2695 = EDGE_CURVE ( 'NONE', #2327, #2211, #1312, .T. ) ;
#2696 = ADVANCED_FACE ( 'NONE', ( #3629 ), #3516, .T. ) ;
#2697 = DIRECTION ( 'NONE',  ( 0.000000000000000000, -1.000000000000000000, 0.000000000000000000 ) ) ;
#2698 = COORDINATED_UNIVERSAL_TIME_OFFSET ( 1, 0, .AHEAD. ) ;
#2699 = DIRECTION ( 'NONE',  ( 0.000000000000000000, 0.000000000000000000, 1.000000000000000000 ) ) ;
#2700 = EDGE_LOOP ( 'NONE', ( #1699, #1183, #1908, #5618 ) ) ;
#2701 = CARTESIAN_POINT ( 'NONE',  ( 5.500000000000000000, 2.500000000000000000, 3.000000000000000000 ) ) ;
#2702 = EDGE_LOOP ( 'NONE', ( #5156, #134, #3396, #5616 ) ) ;
#2703 = DIRECTION ( 'NONE',  ( 0.000000000000000000, 0.000000000000000000, -1.000000000000000000 ) ) ;
#2704 = CARTESIAN_POINT ( 'NONE',  ( -6.000000000000000000, 3.000000000000000000, 3.000000000000000000 ) ) ;
#2705 = CARTESIAN_POINT ( 'NONE',  ( 0.000000000000000000, 2.500000000000000000, 1.250000000000000000 ) ) ;
#2706 = DATE_AND_TIME ( #1382, #2389 ) ;
#2707 = EDGE_CURVE ( 'NONE', #787, #3274, #3103, .T. ) ;
#2708 = VERTEX_POINT ( 'NONE', #5315 ) ;
#2709 = PLANE ( 'NONE',  #2459 ) ;
#2710 = CARTESIAN_POINT ( 'NONE',  ( -14.00000000000000000, 0.3339745962155615255, -3.000000000000000000 ) ) ;
#2711 = DIRECTION ( 'NONE',  ( 1.000000000000000000, 0.000000000000000000, 0.000000000000000000 ) ) ;
#2712 = ORIENTED_EDGE ( 'NONE', *, *, #2278, .F. ) ;
#2713 = DIRECTION ( 'NONE',  ( 0.000000000000000000, -1.000000000000000000, 0.000000000000000000 ) ) ;
#2714 = CARTESIAN_POINT ( 'NONE',  ( 0.000000000000000000, -2.000000000000000000, 0.000000000000000000 ) ) ;
#2715 = ORIENTED_EDGE ( 'NONE', *, *, #318, .T. ) ;
#2716 = ORIENTED_EDGE ( 'NONE', *, *, #5167, .T. ) ;
#2717 = CARTESIAN_POINT ( 'NONE',  ( -94.00000000000000000, 2.500000000000000000, -5.000000000000000000 ) ) ;
#2718 = PRODUCT_DEFINITION ( 'UNKNOWN', '', #3600, #621 ) ;
#2719 = LINE ( 'NONE', #3956, #1123 ) ;
#2720 = COORDINATED_UNIVERSAL_TIME_OFFSET ( 1, 0, .AHEAD. ) ;
#2721 = PLANE ( 'NONE',  #5463 ) ;
#2722 = EDGE_LOOP ( 'NONE', ( #4413, #892, #1761, #2968 ) ) ;
#2723 = EDGE_CURVE ( 'NONE', #4916, #1758, #5402, .T. ) ;
#2724 = VECTOR ( 'NONE', #5339, 1000.000000000000000 ) ;
#2725 = DIRECTION ( 'NONE',  ( 0.000000000000000000, 0.000000000000000000, 1.000000000000000000 ) ) ;
#2726 = EDGE_LOOP ( 'NONE', ( #2386, #1483, #724, #1776, #1214, #4967, #179, #13 ) ) ;
#2727 = EDGE_CURVE ( 'NONE', #4167, #2022, #2227, .T. ) ;
#2728 = EDGE_CURVE ( 'NONE', #1272, #959, #1781, .T. ) ;
#2729 = ORIENTED_EDGE ( 'NONE', *, *, #2408, .F. ) ;
#2730 = DIRECTION ( 'NONE',  ( -1.000000000000000000, 0.000000000000000000, 0.000000000000000000 ) ) ;
#2731 = CIRCLE ( 'NONE', #5083, 0.5000000000000000000 ) ;
#2732 = CARTESIAN_POINT ( 'NONE',  ( -9.000000000000000000, -5.000000000000000000, 3.000000000000000000 ) ) ;
#2733 = PERSON_AND_ORGANIZATION ( #3639, #409 ) ;
#2734 = CIRCLE ( 'NONE', #2831, 0.9999999999999995559 ) ;
#2735 = EDGE_LOOP ( 'NONE', ( #3447, #3604, #3804, #1437 ) ) ;
#2736 = LINE ( 'NONE', #469, #3963 ) ;
#2737 = AXIS2_PLACEMENT_3D ( 'NONE', #2243, #1806, #513 ) ;
#2738 = CARTESIAN_POINT ( 'NONE',  ( 1.530808498934190091E-16, -2.000000000000000000, -1.250000000000000000 ) ) ;
#2739 = LINE ( 'NONE', #154, #1795 ) ;
#2740 = VECTOR ( 'NONE', #516, 1000.000000000000000 ) ;
#2741 = EDGE_CURVE ( 'NONE', #4209, #193, #1342, .T. ) ;
#2742 = COORDINATED_UNIVERSAL_TIME_OFFSET ( 1, 0, .AHEAD. ) ;
#2743 = CIRCLE ( 'NONE', #1426, 1.250000000000000000 ) ;
#2744 = DESIGN_CONTEXT ( 'detailed design', #5321, 'design' ) ;
#2745 = VERTEX_POINT ( 'NONE', #4872 ) ;
#2746 = LINE ( 'NONE', #5097, #4994 ) ;
#2747 = AXIS2_PLACEMENT_3D ( 'NONE', #602, #3275, #3768 ) ;
#2748 = DIRECTION ( 'NONE',  ( 1.000000000000000000, -1.747729060459025020E-16, 0.000000000000000000 ) ) ;
#2749 = CIRCLE ( 'NONE', #208, 0.9999999999999991118 ) ;
#2750 = EDGE_LOOP ( 'NONE', ( #1931, #1626, #5770, #1388 ) ) ;
#2751 = ORIENTED_EDGE ( 'NONE', *, *, #5692, .T. ) ;
#2752 = CARTESIAN_POINT ( 'NONE',  ( 6.000000000000000000, -6.379211070675430182E-16, 3.000000000000000000 ) ) ;
#2753 = AXIS2_PLACEMENT_3D ( 'NONE', #3828, #811, #5224 ) ;
#2754 =( NAMED_UNIT ( * ) SI_UNIT ( $, .STERADIAN. ) SOLID_ANGLE_UNIT ( ) );
#2755 = VECTOR ( 'NONE', #1824, 1000.000000000000114 ) ;
#2756 = ORGANIZATION ( 'NAUO-ORG5', 'UNSPECIFIED', 'UNSPECIFIED' ) ;
#2757 = CARTESIAN_POINT ( 'NONE',  ( -4.500000000000000000, 2.500000000000000000, 3.000000000000000000 ) ) ;
#2758 = AXIS2_PLACEMENT_3D ( 'NONE', #1629, #335, #4295 ) ;
#2759 = CC_DESIGN_DATE_AND_TIME_ASSIGNMENT ( #3657, #1844, ( #4308 ) ) ;
#2760 = ITEM_DEFINED_TRANSFORMATION ( 'NONE', 'NONE', #2758,  #4351 ) ;
#2761 = DIRECTION ( 'NONE',  ( 0.000000000000000000, 1.000000000000000000, 0.000000000000000000 ) ) ;
#2762 = ORIENTED_EDGE ( 'NONE', *, *, #4789, .T. ) ;
#2763 = CC_DESIGN_APPROVAL ( #2463, ( #197 ) ) ;
#2764 = CARTESIAN_POINT ( 'NONE',  ( 2.399999999999999911, -4.814824860968089633E-32, -2.500000000000000000 ) ) ;
#2765 = EDGE_CURVE ( 'NONE', #82, #5813, #1100, .T. ) ;
#2766 = ORIENTED_EDGE ( 'NONE', *, *, #3368, .T. ) ;
#2767 = LOCAL_TIME ( 10, 17, 39.00000000000000000, #1970 ) ;
#2768 = VERTEX_POINT ( 'NONE', #4603 ) ;
#2769 = DIRECTION ( 'NONE',  ( 0.000000000000000000, 0.000000000000000000, 1.000000000000000000 ) ) ;
#2770 = APPLICATION_PROTOCOL_DEFINITION ( 'international standard', 'config_control_design', 1994, #1597 ) ;
#2771 = ADVANCED_FACE ( 'NONE', ( #1460 ), #2786, .F. ) ;
#2772 = DATE_AND_TIME ( #120, #2940 ) ;
#2773 = VERTEX_POINT ( 'NONE', #2344 ) ;
#2774 = LINE ( 'NONE', #3734, #3771 ) ;
#2775 = DIRECTION ( 'NONE',  ( 2.168404344971010101E-16, -1.000000000000000000, 0.000000000000000000 ) ) ;
#2776 = DIRECTION ( 'NONE',  ( -1.000000000000000000, -1.772003075187619166E-16, 0.000000000000000000 ) ) ;
#2777 = CARTESIAN_POINT ( 'NONE',  ( 2.350000000000000089, -2.299999999999999822, 3.000000000000000000 ) ) ;
#2778 = MECHANICAL_CONTEXT ( 'NONE', #4420, 'mechanical' ) ;
#2779 = AXIS2_PLACEMENT_3D ( 'NONE', #372, #460, #5762 ) ;
#2780 = VERTEX_POINT ( 'NONE', #5020 ) ;
#2781 = CARTESIAN_POINT ( 'NONE',  ( -88.00000000000000000, -2.500000000000000000, 2.500000000000000000 ) ) ;
#2782 = FACE_OUTER_BOUND ( 'NONE', #5695, .T. ) ;
#2783 = ORIENTED_EDGE ( 'NONE', *, *, #2741, .T. ) ;
#2784 = EDGE_LOOP ( 'NONE', ( #422, #3843, #2339, #4715 ) ) ;
#2785 = CARTESIAN_POINT ( 'NONE',  ( -6.000000000000000000, -6.379211070675430182E-16, -2.500000000000000000 ) ) ;
#2786 = PLANE ( 'NONE',  #4318 ) ;
#2787 = PERSON_AND_ORGANIZATION_ROLE ( 'classification_officer' ) ;
#2788 = CARTESIAN_POINT ( 'NONE',  ( 88.00000000000000000, -2.500000000000000000, -2.500000000000000000 ) ) ;
#2789 = ORIENTED_EDGE ( 'NONE', *, *, #2226, .T. ) ;
#2790 = VERTEX_POINT ( 'NONE', #1904 ) ;
#2791 = CARTESIAN_POINT ( 'NONE',  ( -10.13397459621556074, 0.5000000000000000000, -3.000000000000000000 ) ) ;
#2792 = PRODUCT_DEFINITION_SHAPE ( 'NONE', 'NONE',  #5826 ) ;
#2793 = ORIENTED_EDGE ( 'NONE', *, *, #3263, .T. ) ;
#2794 = ORIENTED_EDGE ( 'NONE', *, *, #5636, .F. ) ;
#2795 = CARTESIAN_POINT ( 'NONE',  ( -3.289692620785909849, -0.3420201433256724877, 3.000000000000000000 ) ) ;
#2796 = APPROVAL_STATUS ( 'not_yet_approved' ) ;
#2797 = APPROVAL_DATE_TIME ( #558, #1203 ) ;
#2798 = ORIENTED_EDGE ( 'NONE', *, *, #3314, .F. ) ;
#2799 = DIRECTION ( 'NONE',  ( 0.000000000000000000, 1.000000000000000000, 0.000000000000000000 ) ) ;
#2800 = EDGE_CURVE ( 'NONE', #959, #1606, #103, .T. ) ;
#2801 = LINE ( 'NONE', #593, #587 ) ;
#2802 = EDGE_CURVE ( 'NONE', #2931, #164, #1019, .T. ) ;
#2803 = CARTESIAN_POINT ( 'NONE',  ( -1.850000000000000089, 8.738645302295090589E-17, -3.000000000000000000 ) ) ;
#2804 = DIRECTION ( 'NONE',  ( 0.000000000000000000, 0.000000000000000000, -1.000000000000000000 ) ) ;
#2805 = COORDINATED_UNIVERSAL_TIME_OFFSET ( 1, 0, .AHEAD. ) ;
#2806 = DESIGN_CONTEXT ( 'detailed design', #5615, 'design' ) ;
#2807 = VERTEX_POINT ( 'NONE', #3693 ) ;
#2808 = CYLINDRICAL_SURFACE ( 'NONE', #764, 0.5000000000000004441 ) ;
#2809 = EDGE_CURVE ( 'NONE', #3451, #831, #74, .T. ) ;
#2810 = EDGE_LOOP ( 'NONE', ( #4106, #1375, #3685, #4808, #3574, #3803, #435, #3596 ) ) ;
#2811 = EDGE_CURVE ( 'NONE', #3727, #5425, #1545, .T. ) ;
#2812 = DIRECTION ( 'NONE',  ( -1.000000000000000000, 0.000000000000000000, 0.000000000000000000 ) ) ;
#2813 =( REPRESENTATION_RELATIONSHIP ('NONE','NONE', #3114, #3300 ) REPRESENTATION_RELATIONSHIP_WITH_TRANSFORMATION ( #4761 )SHAPE_REPRESENTATION_RELATIONSHIP( ) );
#2814 = CARTESIAN_POINT ( 'NONE',  ( 0.000000000000000000, -3.500000000000000000, 1.250000000000000000 ) ) ;
#2815 = LOCAL_TIME ( 10, 17, 39.00000000000000000, #3138 ) ;
#2816 = CARTESIAN_POINT ( 'NONE',  ( 6.000000000000000000, 2.500000000000000000, 2.500000000000000000 ) ) ;
#2817 = ORIENTED_EDGE ( 'NONE', *, *, #4136, .T. ) ;
#2818 = CARTESIAN_POINT ( 'NONE',  ( -4.000000000000000000, -2.781021871990660059E-16, 2.500000000000000000 ) ) ;
#2819 = ADVANCED_FACE ( 'NONE', ( #547 ), #1935, .T. ) ;
#2820 = ORIENTED_EDGE ( 'NONE', *, *, #396, .F. ) ;
#2821 = PLANE ( 'NONE',  #2657 ) ;
#2822 = EDGE_CURVE ( 'NONE', #834, #1300, #628, .T. ) ;
#2823 = APPROVAL_ROLE ( '' ) ;
#2824 = VECTOR ( 'NONE', #4900, 1000.000000000000000 ) ;
#2825 = COORDINATED_UNIVERSAL_TIME_OFFSET ( 1, 0, .AHEAD. ) ;
#2826 = VERTEX_POINT ( 'NONE', #2314 ) ;
#2827 = CARTESIAN_POINT ( 'NONE',  ( -2.399999999999999911, -2.407412430484044816E-32, 3.000000000000000000 ) ) ;
#2828 = CC_DESIGN_PERSON_AND_ORGANIZATION_ASSIGNMENT ( #1291, #3065, ( #5109 ) ) ;
#2829 = CARTESIAN_POINT ( 'NONE',  ( 94.00000000000000000, 2.500000000000000000, -5.000000000000000000 ) ) ;
#2830 = CARTESIAN_POINT ( 'NONE',  ( -2.350000000000000089, -2.000000000000000000, 3.000000000000000000 ) ) ;
#2831 = AXIS2_PLACEMENT_3D ( 'NONE', #2965, #2607, #2107 ) ;
#2832 = PERSON_AND_ORGANIZATION ( #3639, #409 ) ;
#2833 = ORIENTED_EDGE ( 'NONE', *, *, #2588, .F. ) ;
#2834 = LINE ( 'NONE', #1456, #3392 ) ;
#2835 = EDGE_CURVE ( 'NONE', #5478, #2692, #574, .T. ) ;
#2836 = VECTOR ( 'NONE', #2235, 1000.000000000000000 ) ;
#2837 = ORIENTED_EDGE ( 'NONE', *, *, #1216, .F. ) ;
#2838 = PRODUCT_DEFINITION_SHAPE ( 'NONE', 'NONE',  #5823 ) ;
#2839 = VECTOR ( 'NONE', #83, 1000.000000000000000 ) ;
#2840 = LINE ( 'NONE', #1563, #583 ) ;
#2841 = EDGE_CURVE ( 'NONE', #1416, #5386, #5048, .T. ) ;
#2842 = VECTOR ( 'NONE', #4970, 1000.000000000000000 ) ;
#2843 = VECTOR ( 'NONE', #1955, 1000.000000000000000 ) ;
#2844 = DIRECTION ( 'NONE',  ( 0.000000000000000000, 0.000000000000000000, 1.000000000000000000 ) ) ;
#2845 = CARTESIAN_POINT ( 'NONE',  ( -14.00000000000000000, 0.2000000000000000111, 3.000000000000000000 ) ) ;
#2846 = EDGE_LOOP ( 'NONE', ( #2573, #878, #3475, #817 ) ) ;
#2847 = VERTEX_POINT ( 'NONE', #3719 ) ;
#2848 = FACE_OUTER_BOUND ( 'NONE', #4125, .T. ) ;
#2849 = DIRECTION ( 'NONE',  ( 0.000000000000000000, -1.000000000000000000, 0.000000000000000000 ) ) ;
#2850 = LOCAL_TIME ( 10, 17, 39.00000000000000000, #1112 ) ;
#2851 = VECTOR ( 'NONE', #837, 1000.000000000000000 ) ;
#2852 = EDGE_LOOP ( 'NONE', ( #4803, #1467, #3272, #988, #4024, #5524, #1094, #527 ) ) ;
#2853 = APPROVAL_PERSON_ORGANIZATION ( #4064, #786, #35 ) ;
#2854 = DIRECTION ( 'NONE',  ( -1.747729060459025020E-16, 1.000000000000000000, 0.000000000000000000 ) ) ;
#2855 = PERSON_AND_ORGANIZATION_ROLE ( 'design_owner' ) ;
#2856 = LOCAL_TIME ( 10, 17, 39.00000000000000000, #4857 ) ;
#2857 = CONTEXT_DEPENDENT_SHAPE_REPRESENTATION ( #2207, #3725 ) ;
#2858 = DIRECTION ( 'NONE',  ( -1.000000000000000000, 0.000000000000000000, 0.000000000000000000 ) ) ;
#2859 = SECURITY_CLASSIFICATION ( '', '', #3031 ) ;
#2860 = CARTESIAN_POINT ( 'NONE',  ( 2.350000000000000089, 0.000000000000000000, 2.500000000000000000 ) ) ;
#2861 = DIRECTION ( 'NONE',  ( -2.168404344971010101E-16, -1.000000000000000000, 0.000000000000000000 ) ) ;
#2862 = PERSON_AND_ORGANIZATION_ROLE ( 'classification_officer' ) ;
#2863 = AXIS2_PLACEMENT_3D ( 'NONE', #4812, #3514, #782 ) ;
#2864 = ORIENTED_EDGE ( 'NONE', *, *, #2811, .F. ) ;
#2865 = DIRECTION ( 'NONE',  ( -1.000000000000000000, 0.000000000000000000, 0.000000000000000000 ) ) ;
#2866 = ORIENTED_EDGE ( 'NONE', *, *, #5408, .T. ) ;
#2867 = CARTESIAN_POINT ( 'NONE',  ( 0.000000000000000000, 2.500000000000000000, 1.250000000000000000 ) ) ;
#2868 = AXIS2_PLACEMENT_3D ( 'NONE', #1965, #1879, #3663 ) ;
#2869 = DIRECTION ( 'NONE',  ( 0.000000000000000000, 1.000000000000000000, 0.000000000000000000 ) ) ;
#2870 = DIRECTION ( 'NONE',  ( 0.000000000000000000, -1.000000000000000000, 0.000000000000000000 ) ) ;
#2871 = ORIENTED_EDGE ( 'NONE', *, *, #2562, .T. ) ;
#2872 = PRODUCT_DEFINITION ( 'UNKNOWN', '', #3502, #4681 ) ;
#2873 = DIRECTION ( 'NONE',  ( 0.000000000000000000, 0.000000000000000000, -1.000000000000000000 ) ) ;
#2874 = CARTESIAN_POINT ( 'NONE',  ( -6.000000000000000000, 3.000000000000000000, 3.000000000000000000 ) ) ;
#2875 = EDGE_CURVE ( 'NONE', #4939, #5185, #2621, .T. ) ;
#2876 = ORIENTED_EDGE ( 'NONE', *, *, #1654, .F. ) ;
#2877 = CARTESIAN_POINT ( 'NONE',  ( -2.350000000000000089, -0.6840402866513449753, 3.000000000000000000 ) ) ;
#2878 = PERSON_AND_ORGANIZATION_ROLE ( 'creator' ) ;
#2879 = CALENDAR_DATE ( 2025, 16, 6 ) ;
#2880 = CARTESIAN_POINT ( 'NONE',  ( 1.850000000000000089, 8.427339006032270712E-17, 3.000000000000000000 ) ) ;
#2881 = CARTESIAN_POINT ( 'NONE',  ( -12.78756443470179960, -1.899999999999999911, 3.000000000000000000 ) ) ;
#2882 = APPROVAL_ROLE ( '' ) ;
#2883 = ADVANCED_FACE ( 'NONE', ( #3332 ), #5521, .T. ) ;
#2884 = ORIENTED_EDGE ( 'NONE', *, *, #968, .T. ) ;
#2885 = LINE ( 'NONE', #3375, #1616 ) ;
#2887 = ORIENTED_EDGE ( 'NONE', *, *, #609, .T. ) ;
#2886 = CIRCLE ( 'NONE', #5151, 0.5000000000000004441 ) ;
#2888 = DIRECTION ( 'NONE',  ( 0.000000000000000000, 0.000000000000000000, -1.000000000000000000 ) ) ;
#2889 = ORIENTED_EDGE ( 'NONE', *, *, #421, .F. ) ;
#2890 = CARTESIAN_POINT ( 'NONE',  ( -6.000000000000000000, -6.379211070675430182E-16, 3.000000000000000000 ) ) ;
#2891 = DIRECTION ( 'NONE',  ( 0.000000000000000000, 0.000000000000000000, -1.000000000000000000 ) ) ;
#2892 = EDGE_LOOP ( 'NONE', ( #2619, #4078, #1880, #3765 ) ) ;
#2893 = VERTEX_POINT ( 'NONE', #3223 ) ;
#2894 = CC_DESIGN_PERSON_AND_ORGANIZATION_ASSIGNMENT ( #5350, #1004, ( #32 ) ) ;
#2895 = DIRECTION ( 'NONE',  ( 1.000000000000000000, 1.772003075187619906E-16, 0.000000000000000000 ) ) ;
#2896 = PLANE ( 'NONE',  #2205 ) ;
#2897 = CC_DESIGN_SECURITY_CLASSIFICATION ( #5345, ( #5829 ) ) ;
#2898 = AXIS2_PLACEMENT_3D ( 'NONE', #2890, #2063, #337 ) ;
#2899 = VERTEX_POINT ( 'NONE', #1076 ) ;
#2900 = EDGE_CURVE ( 'NONE', #2768, #1109, #1486, .T. ) ;
#2901 = CYLINDRICAL_SURFACE ( 'NONE', #2779, 0.5000000000000000000 ) ;
#2902 = DATE_TIME_ROLE ( 'creation_date' ) ;
#2903 = EDGE_CURVE ( 'NONE', #4329, #735, #5140, .T. ) ;
#2904 = EDGE_CURVE ( 'NONE', #1758, #4647, #2886, .T. ) ;
#2905 = CALENDAR_DATE ( 2025, 16, 6 ) ;
#2906 = DIRECTION ( 'NONE',  ( -2.168404344971010101E-16, 1.000000000000000000, 0.000000000000000000 ) ) ;
#2907 = CARTESIAN_POINT ( 'NONE',  ( 2.399999999999999911, -0.6840402866513449753, 3.000000000000000000 ) ) ;
#2908 = CIRCLE ( 'NONE', #285, 0.5000000000000002220 ) ;
#2909 = DATE_TIME_ROLE ( 'classification_date' ) ;
#2910 =( REPRESENTATION_RELATIONSHIP ('NONE','NONE', #3114, #5526 ) REPRESENTATION_RELATIONSHIP_WITH_TRANSFORMATION ( #433 )SHAPE_REPRESENTATION_RELATIONSHIP( ) );
#2911 = ORIENTED_EDGE ( 'NONE', *, *, #5062, .T. ) ;
#2912 = DIRECTION ( 'NONE',  ( 0.000000000000000000, -1.000000000000000000, 0.000000000000000000 ) ) ;
#2913 = ORIENTED_EDGE ( 'NONE', *, *, #1287, .T. ) ;
#2914 = DIRECTION ( 'NONE',  ( 0.000000000000000000, -1.000000000000000000, 0.000000000000000000 ) ) ;
#2915 = DIRECTION ( 'NONE',  ( 0.000000000000000000, 0.000000000000000000, 1.000000000000000000 ) ) ;
#2916 = VECTOR ( 'NONE', #282, 1000.000000000000000 ) ;
#2917 = VECTOR ( 'NONE', #1889, 1000.000000000000000 ) ;
#2918 = EDGE_LOOP ( 'NONE', ( #4599, #3231, #1150, #5774 ) ) ;
#2919 = DIRECTION ( 'NONE',  ( 0.000000000000000000, 0.000000000000000000, 1.000000000000000000 ) ) ;
#2920 = DIRECTION ( 'NONE',  ( 1.747729060459019844E-16, -1.000000000000000000, 0.000000000000000000 ) ) ;
#2921 = ORIENTED_EDGE ( 'NONE', *, *, #46, .F. ) ;
#2922 = VERTEX_POINT ( 'NONE', #3305 ) ;
#2923 = AXIS2_PLACEMENT_3D ( 'NONE', #5187, #4274, #2100 ) ;
#2924 = FACE_OUTER_BOUND ( 'NONE', #4435, .T. ) ;
#2925 = CARTESIAN_POINT ( 'NONE',  ( 0.000000000000000000, 5.000000000000000000, 1.250000000000000000 ) ) ;
#2926 = VECTOR ( 'NONE', #1294, 1000.000000000000000 ) ;
#2927 = VECTOR ( 'NONE', #331, 1000.000000000000000 ) ;
#2928 = CC_DESIGN_DATE_AND_TIME_ASSIGNMENT ( #4560, #1945, ( #1598 ) ) ;
#2929 = DIRECTION ( 'NONE',  ( -1.000000000000000000, 0.000000000000000000, 0.000000000000000000 ) ) ;
#2930 = ORIENTED_EDGE ( 'NONE', *, *, #1259, .T. ) ;
#2931 = VERTEX_POINT ( 'NONE', #4578 ) ;
#2932 = AXIS2_PLACEMENT_3D ( 'NONE', #3125, #1800, #4920 ) ;
#2933 = AXIS2_PLACEMENT_3D ( 'NONE', #356, #2212, #1767 ) ;
#2934 = CARTESIAN_POINT ( 'NONE',  ( -4.229385241571814724, 0.000000000000000000, 3.000000000000000000 ) ) ;
#2935 = AXIS2_PLACEMENT_3D ( 'NONE', #166, #26, #2873 ) ;
#2936 = AXIS2_PLACEMENT_3D ( 'NONE', #1673, #3784, #1137 ) ;
#2937 = EDGE_CURVE ( 'NONE', #2076, #193, #3743, .T. ) ;
#2938 = CIRCLE ( 'NONE', #1813, 0.5000000000000000000 ) ;
#2939 = APPROVAL_DATE_TIME ( #3812, #2246 ) ;
#2940 = LOCAL_TIME ( 10, 17, 39.00000000000000000, #5509 ) ;
#2941 =( GEOMETRIC_REPRESENTATION_CONTEXT ( 3 ) GLOBAL_UNCERTAINTY_ASSIGNED_CONTEXT ( ( #5800 ) ) GLOBAL_UNIT_ASSIGNED_CONTEXT ( ( #2343, #652, #5018 ) ) REPRESENTATION_CONTEXT ( 'NONE', 'WORKASPACE' ) );
#2942 = EDGE_CURVE ( 'NONE', #2807, #2441, #1632, .T. ) ;
#2943 = DIRECTION ( 'NONE',  ( -1.000000000000000000, -2.478176394252580155E-16, 0.000000000000000000 ) ) ;
#2944 = CARTESIAN_POINT ( 'NONE',  ( 1.530808498934190091E-16, -2.799999999999999822, -1.250000000000000000 ) ) ;
#2945 = PERSON_AND_ORGANIZATION ( #3639, #409 ) ;
#2946 = PRODUCT_DEFINITION_FORMATION_WITH_SPECIFIED_SOURCE ( 'ANY', '', #3163, .NOT_KNOWN. ) ;
#2947 = ADVANCED_FACE ( 'NONE', ( #4774 ), #5598, .F. ) ;
#2948 = EDGE_LOOP ( 'NONE', ( #3430, #1886, #1775, #3450 ) ) ;
#2949 = DIRECTION ( 'NONE',  ( 0.000000000000000000, 0.000000000000000000, -1.000000000000000000 ) ) ;
#2950 = ADVANCED_BREP_SHAPE_REPRESENTATION ( '', ( #4323, #4351 ), #4066 ) ;
#2951 = ORGANIZATION ( 'NAUO-ORG1', 'UNSPECIFIED', 'UNSPECIFIED' ) ;
#2952 = ORIENTED_EDGE ( 'NONE', *, *, #1348, .F. ) ;
#2953 = PLANE ( 'NONE',  #2648 ) ;
#2954 = DIRECTION ( 'NONE',  ( 0.000000000000000000, 1.000000000000000000, 1.047444401652940007E-14 ) ) ;
#2955 = AXIS2_PLACEMENT_3D ( 'NONE', #866, #367, #1667 ) ;
#2956 = VERTEX_POINT ( 'NONE', #2507 ) ;
#2957 = DIRECTION ( 'NONE',  ( 1.000000000000000000, -9.227252531791529091E-17, 0.000000000000000000 ) ) ;
#2958 = CARTESIAN_POINT ( 'NONE',  ( -12.78756443470179960, -2.899999999999999911, -3.000000000000000000 ) ) ;
#2959 = ORIENTED_EDGE ( 'NONE', *, *, #968, .F. ) ;
#2960 = ORIENTED_EDGE ( 'NONE', *, *, #2875, .T. ) ;
#2961 = CARTESIAN_POINT ( 'NONE',  ( -1.850000000000000089, -2.000000000000000000, 3.000000000000000000 ) ) ;
#2962 = DIRECTION ( 'NONE',  ( 0.000000000000000000, 1.000000000000000000, 0.000000000000000000 ) ) ;
#2963 = DIRECTION ( 'NONE',  ( 0.000000000000000000, 0.000000000000000000, 1.000000000000000000 ) ) ;
#2964 = EDGE_CURVE ( 'NONE', #2922, #5044, #5442, .T. ) ;
#2965 = CARTESIAN_POINT ( 'NONE',  ( 3.339692620785910115, -0.3420201433256729318, 3.000000000000000000 ) ) ;
#2966 = CARTESIAN_POINT ( 'NONE',  ( 4.000000000000000000, 2.500000000000000000, 2.500000000000000000 ) ) ;
#2967 = ORIENTED_EDGE ( 'NONE', *, *, #5715, .F. ) ;
#2968 = ORIENTED_EDGE ( 'NONE', *, *, #3317, .F. ) ;
#2969 = ADVANCED_FACE ( 'NONE', ( #5718, #1159 ), #271, .F. ) ;
#2970 = DIRECTION ( 'NONE',  ( -2.168404344971010101E-16, -1.000000000000000000, 0.000000000000000000 ) ) ;
#2971 = CALENDAR_DATE ( 2025, 16, 6 ) ;
#2972 = APPROVAL_STATUS ( 'not_yet_approved' ) ;
#2973 = APPROVAL ( #1891, 'UNSPECIFIED' ) ;
#2974 = EDGE_CURVE ( 'NONE', #5736, #2193, #4330, .T. ) ;
#2975 = DIRECTION ( 'NONE',  ( 0.000000000000000000, 0.000000000000000000, -1.000000000000000000 ) ) ;
#2976 = DIRECTION ( 'NONE',  ( 0.000000000000000000, 0.000000000000000000, -1.000000000000000000 ) ) ;
#2977 = DATE_TIME_ROLE ( 'classification_date' ) ;
#2978 = VERTEX_POINT ( 'NONE', #5657 ) ;
#2979 = EDGE_CURVE ( 'NONE', #5108, #5749, #5428, .T. ) ;
#2980 = DIRECTION ( 'NONE',  ( 2.168404344971010101E-16, -1.000000000000000000, 0.000000000000000000 ) ) ;
#2981 = ORIENTED_EDGE ( 'NONE', *, *, #4564, .T. ) ;
#2982 = ADVANCED_FACE ( 'NONE', ( #303 ), #714, .F. ) ;
#2983 = DIRECTION ( 'NONE',  ( 1.000000000000000000, 1.772003075187619906E-16, 0.000000000000000000 ) ) ;
#2984 = ORIENTED_EDGE ( 'NONE', *, *, #5746, .F. ) ;
#2985 = EDGE_CURVE ( 'NONE', #2658, #4290, #4864, .T. ) ;
#2986 = DIRECTION ( 'NONE',  ( 0.000000000000000000, -1.000000000000000000, 0.000000000000000000 ) ) ;
#2987 = DIRECTION ( 'NONE',  ( -2.168404344971010101E-16, -1.000000000000000000, 0.000000000000000000 ) ) ;
#2988 = VERTEX_POINT ( 'NONE', #4716 ) ;
#2989 = EDGE_LOOP ( 'NONE', ( #3049, #5096, #2794, #4709 ) ) ;
#2990 = CARTESIAN_POINT ( 'NONE',  ( -6.000000000000000000, 2.500000000000000000, 2.500000000000000000 ) ) ;
#2991 = CYLINDRICAL_SURFACE ( 'NONE', #209, 0.5000000000000004441 ) ;
#2992 = CARTESIAN_POINT ( 'NONE',  ( -5.500000000000000000, 2.500000000000000000, -3.000000000000000000 ) ) ;
#2993 = CARTESIAN_POINT ( 'NONE',  ( 95.00000000000000000, -2.500000000000000000, 6.000000000000000000 ) ) ;
#2994 = PLANE ( 'NONE',  #108 ) ;
#2995 = ORIENTED_EDGE ( 'NONE', *, *, #3230, .T. ) ;
#2996 = ORIENTED_EDGE ( 'NONE', *, *, #3842, .F. ) ;
#2997 = EDGE_CURVE ( 'NONE', #3423, #340, #2099, .T. ) ;
#2998 = CARTESIAN_POINT ( 'NONE',  ( 5.500000000000000000, -5.505346540445919644E-16, 3.000000000000000000 ) ) ;
#2999 = DATE_AND_TIME ( #321, #692 ) ;
#3000 = SECURITY_CLASSIFICATION_LEVEL ( 'unclassified' ) ;
#3001 = CARTESIAN_POINT ( 'NONE',  ( 2.350000000000000089, -9.629649721936179265E-32, 3.000000000000000000 ) ) ;
#3002 = FACE_OUTER_BOUND ( 'NONE', #948, .T. ) ;
#3003 = APPROVAL_ROLE ( '' ) ;
#3004 = APPROVAL ( #4352, 'UNSPECIFIED' ) ;
#3005 = ORIENTED_EDGE ( 'NONE', *, *, #5208, .T. ) ;
#3006 = DIRECTION ( 'NONE',  ( 0.000000000000000000, 0.000000000000000000, -1.000000000000000000 ) ) ;
#3007 = ORIENTED_EDGE ( 'NONE', *, *, #4700, .F. ) ;
#3008 = LINE ( 'NONE', #5716, #4527 ) ;
#3009 = CARTESIAN_POINT ( 'NONE',  ( 5.811411835695469819, 2.869377014437723972, 0.000000000000000000 ) ) ;
#3010 = ADVANCED_FACE ( 'NONE', ( #5691 ), #688, .F. ) ;
#3011 = ORIENTED_EDGE ( 'NONE', *, *, #4899, .F. ) ;
#3012 = DIRECTION ( 'NONE',  ( 0.000000000000000000, 0.000000000000000000, -1.000000000000000000 ) ) ;
#3013 = LINE ( 'NONE', #338, #5272 ) ;
#3014 = ORIENTED_EDGE ( 'NONE', *, *, #430, .F. ) ;
#3015 = ORIENTED_EDGE ( 'NONE', *, *, #4545, .F. ) ;
#3016 = CIRCLE ( 'NONE', #2361, 0.5000000000000000000 ) ;
#3017 = CARTESIAN_POINT ( 'NONE',  ( 2.350000000000000089, -9.629649721936179265E-32, -3.000000000000000000 ) ) ;
#3018 = DIRECTION ( 'NONE',  ( -1.000000000000000000, 0.000000000000000000, 0.000000000000000000 ) ) ;
#3019 = CARTESIAN_POINT ( 'NONE',  ( -95.00000000000000000, 2.500000000000000000, -5.000000000000000000 ) ) ;
#3020 = EDGE_CURVE ( 'NONE', #2450, #4042, #1189, .T. ) ;
#3021 = AXIS2_PLACEMENT_3D ( 'NONE', #813, #4309, #4402 ) ;
#3022 = CIRCLE ( 'NONE', #4706, 0.5000000000000000000 ) ;
#3023 = LINE ( 'NONE', #749, #3291 ) ;
#3024 = FACE_OUTER_BOUND ( 'NONE', #1430, .T. ) ;
#3025 = VERTEX_POINT ( 'NONE', #774 ) ;
#3026 = EDGE_LOOP ( 'NONE', ( #3169, #5259, #5162, #2311 ) ) ;
#3027 = VECTOR ( 'NONE', #1092, 1000.000000000000000 ) ;
#3028 = CLOSED_SHELL ( 'NONE', ( #2696, #5604, #2336, #877, #1178, #2376, #4452, #1104, #3090, #4813, #2687, #4885, #790, #1943, #4991, #1974, #4611, #5675, #5290, #5351 ) ) ;
#3029 = CIRCLE ( 'NONE', #4905, 1.000000000000000000 ) ;
#3030 = DIRECTION ( 'NONE',  ( 0.000000000000000000, 0.000000000000000000, -1.000000000000000000 ) ) ;
#3031 = SECURITY_CLASSIFICATION_LEVEL ( 'unclassified' ) ;
#3032 = AXIS2_PLACEMENT_3D ( 'NONE', #2530, #4294, #5688 ) ;
#3033 = AXIS2_PLACEMENT_3D ( 'NONE', #4061, #5479, #4563 ) ;
#3034 = DIRECTION ( 'NONE',  ( 0.000000000000000000, 1.000000000000000000, 0.000000000000000000 ) ) ;
#3035 = CARTESIAN_POINT ( 'NONE',  ( 5.500000000000000000, 2.500000000000000000, 3.000000000000000000 ) ) ;
#3036 = VECTOR ( 'NONE', #3735, 1000.000000000000000 ) ;
#3037 = CALENDAR_DATE ( 2025, 16, 6 ) ;
#3038 = PERSON_AND_ORGANIZATION_ROLE ( 'creator' ) ;
#3039 = ORIENTED_EDGE ( 'NONE', *, *, #1909, .F. ) ;
#3040 = LINE ( 'NONE', #3067, #1054 ) ;
#3041 = LOCAL_TIME ( 10, 17, 39.00000000000000000, #5041 ) ;
#3042 = DIRECTION ( 'NONE',  ( 0.000000000000000000, 0.000000000000000000, -1.000000000000000000 ) ) ;
#3043 = DIRECTION ( 'NONE',  ( 0.000000000000000000, -1.000000000000000000, -3.491481338843133355E-15 ) ) ;
#3044 = APPROVAL_PERSON_ORGANIZATION ( #3118, #3932, #4386 ) ;
#3045 = ORIENTED_EDGE ( 'NONE', *, *, #4969, .F. ) ;
#3046 = DIRECTION ( 'NONE',  ( 0.000000000000000000, 0.000000000000000000, -1.000000000000000000 ) ) ;
#3047 = CARTESIAN_POINT ( 'NONE',  ( 5.500000000000000000, -5.493209533081619120E-16, -3.000000000000000000 ) ) ;
#3048 = EDGE_LOOP ( 'NONE', ( #4122, #873, #1015, #371, #5129, #4404, #2674, #2128 ) ) ;
#3049 = ORIENTED_EDGE ( 'NONE', *, *, #2695, .F. ) ;
#3050 = DIRECTION ( 'NONE',  ( -1.000000000000000000, 0.000000000000000000, 0.000000000000000000 ) ) ;
#3051 = DIRECTION ( 'NONE',  ( -1.000000000000000000, -1.747729060459019350E-16, 0.000000000000000000 ) ) ;
#3052 = CARTESIAN_POINT ( 'NONE',  ( 5.500000000000000000, -5.505346540445919644E-16, -3.000000000000000000 ) ) ;
#3053 = DIRECTION ( 'NONE',  ( 0.000000000000000000, 0.000000000000000000, 1.000000000000000000 ) ) ;
#3054 = VECTOR ( 'NONE', #2606, 1000.000000000000000 ) ;
#3055 = CYLINDRICAL_SURFACE ( 'NONE', #1048, 0.5000000000000004441 ) ;
#3056 = ADVANCED_FACE ( 'NONE', ( #5248 ), #2574, .T. ) ;
#3057 = ORIENTED_EDGE ( 'NONE', *, *, #466, .T. ) ;
#3058 = ORIENTED_EDGE ( 'NONE', *, *, #3020, .T. ) ;
#3059 = EDGE_CURVE ( 'NONE', #4275, #5124, #1125, .T. ) ;
#3060 = DIRECTION ( 'NONE',  ( 0.000000000000000000, 1.000000000000000000, 0.000000000000000000 ) ) ;
#3061 = CIRCLE ( 'NONE', #1363, 0.5000000000000004441 ) ;
#3062 = ADVANCED_FACE ( 'NONE', ( #248 ), #222, .F. ) ;
#3063 = DIRECTION ( 'NONE',  ( 0.000000000000000000, 0.000000000000000000, -1.000000000000000000 ) ) ;
#3064 = DIRECTION ( 'NONE',  ( -1.000000000000000000, 0.000000000000000000, 0.000000000000000000 ) ) ;
#3065 = PERSON_AND_ORGANIZATION_ROLE ( 'classification_officer' ) ;
#3066 = VERTEX_POINT ( 'NONE', #2039 ) ;
#3067 = CARTESIAN_POINT ( 'NONE',  ( -2.350000000000000089, -2.000000000000000000, 3.000000000000000000 ) ) ;
#3068 = CARTESIAN_POINT ( 'NONE',  ( -13.50000000000000000, 3.000000000000000000, -3.000000000000000000 ) ) ;
#3069 = EDGE_CURVE ( 'NONE', #752, #4978, #5623, .T. ) ;
#3070 = PERSON_AND_ORGANIZATION ( #3639, #409 ) ;
#3071 = ORIENTED_EDGE ( 'NONE', *, *, #2562, .F. ) ;
#3072 = LINE ( 'NONE', #1298, #3917 ) ;
#3073 = LINE ( 'NONE', #1723, #1899 ) ;
#3074 = EDGE_LOOP ( 'NONE', ( #3533, #601, #654, #2663 ) ) ;
#3075 = ORIENTED_EDGE ( 'NONE', *, *, #280, .T. ) ;
#3076 = CARTESIAN_POINT ( 'NONE',  ( -4.500000000000000000, -3.623755772593889841E-16, 3.000000000000000000 ) ) ;
#3077 = DIRECTION ( 'NONE',  ( 0.000000000000000000, 0.000000000000000000, -1.000000000000000000 ) ) ;
#3078 = CARTESIAN_POINT ( 'NONE',  ( 6.000000000000000000, -6.379211070675430182E-16, 2.500000000000000000 ) ) ;
#3079 = DIRECTION ( 'NONE',  ( 1.000000000000000000, -1.747729060459025020E-16, 0.000000000000000000 ) ) ;
#3080 = PRODUCT_DEFINITION ( 'UNKNOWN', '', #3318, #4451 ) ;
#3081 = CARTESIAN_POINT ( 'NONE',  ( 5.500000000000000000, 0.000000000000000000, 3.000000000000000000 ) ) ;
#3082 = ORIENTED_EDGE ( 'NONE', *, *, #3359, .T. ) ;
#3083 = AXIS2_PLACEMENT_3D ( 'NONE', #4687, #2483, #5153 ) ;
#3084 = CARTESIAN_POINT ( 'NONE',  ( 1.850000000000000089, 8.738645302295120172E-17, -2.500000000000000000 ) ) ;
#3085 = ADVANCED_FACE ( 'NONE', ( #2626 ), #474, .T. ) ;
#3086 = PLANE ( 'NONE',  #213 ) ;
#3087 = DIRECTION ( 'NONE',  ( 0.000000000000000000, 0.000000000000000000, -1.000000000000000000 ) ) ;
#3088 = EDGE_CURVE ( 'NONE', #5200, #4082, #3072, .T. ) ;
#3089 = SECURITY_CLASSIFICATION_LEVEL ( 'unclassified' ) ;
#3090 = ADVANCED_FACE ( 'NONE', ( #4422 ), #860, .F. ) ;
#3091 = ORIENTED_EDGE ( 'NONE', *, *, #1940, .F. ) ;
#3092 = CARTESIAN_POINT ( 'NONE',  ( -4.500000000000000000, 2.500000000000000000, 2.500000000000000000 ) ) ;
#3093 = CARTESIAN_POINT ( 'NONE',  ( -1.850000000000000089, -2.000000000000000000, -3.000000000000000000 ) ) ;
#3094 = APPLICATION_PROTOCOL_DEFINITION ( 'international standard', 'config_control_design', 1994, #4225 ) ;
#3095 = ORIENTED_EDGE ( 'NONE', *, *, #3830, .T. ) ;
#3096 = DIRECTION ( 'NONE',  ( 0.000000000000000000, 0.000000000000000000, -1.000000000000000000 ) ) ;
#3097 = CARTESIAN_POINT ( 'NONE',  ( -6.000000000000000000, -6.379211070675430182E-16, -3.000000000000000000 ) ) ;
#3098 = ORIENTED_EDGE ( 'NONE', *, *, #1287, .F. ) ;
#3099 = EDGE_LOOP ( 'NONE', ( #550, #97, #1876, #5024, #4784, #921, #5805, #524 ) ) ;
#3100 = CARTESIAN_POINT ( 'NONE',  ( 6.000000000000000000, -6.379211070675430182E-16, 2.500000000000000000 ) ) ;
#3101 = FACE_OUTER_BOUND ( 'NONE', #4977, .T. ) ;
#3102 = AXIS2_PLACEMENT_3D ( 'NONE', #925, #1733, #4932 ) ;
#3103 = LINE ( 'NONE', #2164, #184 ) ;
#3104 = APPLICATION_CONTEXT ( 'configuration controlled 3d designs of mechanical parts and assemblies' ) ;
#3105 = CALENDAR_DATE ( 2025, 16, 6 ) ;
#3106 = DIRECTION ( 'NONE',  ( 0.000000000000000000, 0.000000000000000000, 1.000000000000000000 ) ) ;
#3107 = ORIENTED_EDGE ( 'NONE', *, *, #214, .T. ) ;
#3108 = AXIS2_PLACEMENT_3D ( 'NONE', #2830, #2416, #1952 ) ;
#3109 = CYLINDRICAL_SURFACE ( 'NONE', #5118, 2.500000000000000000 ) ;
#3110 = APPROVAL ( #5811, 'UNKNOWN' ) ;
#3112 = EDGE_LOOP ( 'NONE', ( #5421, #553, #708, #478 ) ) ;
#3111 = AXIS2_PLACEMENT_3D ( 'NONE', #1582, #4287, #5210 ) ;
#3113 = VECTOR ( 'NONE', #4557, 1000.000000000000000 ) ;
#3114 = SHAPE_REPRESENTATION ( '25-06-03-usinageA_6mm', ( #5105, #5103, #1443, #219, #779, #2566, #24, #3499, #1249, #4538, #5297, #2758, #1727, #5010, #2468 ), #4730 ) ;
#3115 = DIRECTION ( 'NONE',  ( 0.000000000000000000, 0.000000000000000000, -1.000000000000000000 ) ) ;
#3116 = EDGE_CURVE ( 'NONE', #1464, #4211, #3348, .T. ) ;
#3117 = CARTESIAN_POINT ( 'NONE',  ( 0.000000000000000000, -2.000000000000000000, 0.000000000000000000 ) ) ;
#3118 = PERSON_AND_ORGANIZATION ( #3639, #409 ) ;
#3119 = AXIS2_PLACEMENT_3D ( 'NONE', #3445, #4363, #4390 ) ;
#3120 = VECTOR ( 'NONE', #1713, 1000.000000000000000 ) ;
#3121 = ORIENTED_EDGE ( 'NONE', *, *, #2809, .F. ) ;
#3122 = DIRECTION ( 'NONE',  ( -1.000000000000000000, -1.685467801206459812E-16, 0.000000000000000000 ) ) ;
#3123 = EDGE_CURVE ( 'NONE', #489, #3386, #3531, .T. ) ;
#3124 = VECTOR ( 'NONE', #5707, 1000.000000000000000 ) ;
#3125 = CARTESIAN_POINT ( 'NONE',  ( 0.000000000000000000, 0.000000000000000000, 3.000000000000000000 ) ) ;
#3126 = EDGE_CURVE ( 'NONE', #4630, #362, #5775, .T. ) ;
#3127 = APPLICATION_PROTOCOL_DEFINITION ( 'international standard', 'config_control_design', 1994, #2498 ) ;
#3128 = CIRCLE ( 'NONE', #592, 0.5000000000000000000 ) ;
#3129 = VERTEX_POINT ( 'NONE', #2188 ) ;
#3130 = DIRECTION ( 'NONE',  ( -2.168404344971010101E-16, -1.000000000000000000, 0.000000000000000000 ) ) ;
#3131 = DIRECTION ( 'NONE',  ( 0.000000000000000000, -1.000000000000000000, 0.000000000000000000 ) ) ;
#3132 = APPROVAL_PERSON_ORGANIZATION ( #1972, #4663, #4204 ) ;
#3133 = VERTEX_POINT ( 'NONE', #832 ) ;
#3134 = ORIENTED_EDGE ( 'NONE', *, *, #4026, .T. ) ;
#3135 = DIRECTION ( 'NONE',  ( 0.000000000000000000, 1.000000000000000000, 0.000000000000000000 ) ) ;
#3136 = LOCAL_TIME ( 10, 17, 39.00000000000000000, #4658 ) ;
#3137 = CARTESIAN_POINT ( 'NONE',  ( 6.000000000000000000, -6.379211070675430182E-16, -3.000000000000000000 ) ) ;
#3138 = COORDINATED_UNIVERSAL_TIME_OFFSET ( 1, 0, .AHEAD. ) ;
#3139 = DIRECTION ( 'NONE',  ( 0.000000000000000000, 1.000000000000000000, 0.000000000000000000 ) ) ;
#3140 = VERTEX_POINT ( 'NONE', #4865 ) ;
#3141 = CC_DESIGN_APPROVAL ( #4555, ( #32 ) ) ;
#3142 = CARTESIAN_POINT ( 'NONE',  ( -95.00000000000000000, 2.500000000000000000, 6.000000000000000000 ) ) ;
#3143 = ADVANCED_FACE ( 'NONE', ( #3158 ), #3946, .T. ) ;
#3144 = AXIS2_PLACEMENT_3D ( 'NONE', #1173, #753, #726 ) ;
#3145 = ORIENTED_EDGE ( 'NONE', *, *, #3088, .T. ) ;
#3146 = DIRECTION ( 'NONE',  ( 0.000000000000000000, 0.000000000000000000, -1.000000000000000000 ) ) ;
#3147 = CARTESIAN_POINT ( 'NONE',  ( -95.00000000000000000, 2.500000000000000000, 6.000000000000000000 ) ) ;
#3148 = FACE_OUTER_BOUND ( 'NONE', #5357, .T. ) ;
#3149 = VECTOR ( 'NONE', #611, 1000.000000000000000 ) ;
#3150 = PERSON_AND_ORGANIZATION ( #3639, #409 ) ;
#3151 = VERTEX_POINT ( 'NONE', #1273 ) ;
#3152 = FACE_OUTER_BOUND ( 'NONE', #1736, .T. ) ;
#3153 = CC_DESIGN_DATE_AND_TIME_ASSIGNMENT ( #4263, #762, ( #1242 ) ) ;
#3154 = CARTESIAN_POINT ( 'NONE',  ( -14.00000000000000000, 0.2000000000000000111, -3.000000000000000000 ) ) ;
#3155 = UNCERTAINTY_MEASURE_WITH_UNIT (LENGTH_MEASURE( 1.000000000000000082E-05 ), #4161, 'distance_accuracy_value', 'NONE');
#3156 = CC_DESIGN_PERSON_AND_ORGANIZATION_ASSIGNMENT ( #1295, #858, ( #2872 ) ) ;
#3157 = EDGE_LOOP ( 'NONE', ( #4530, #2093, #2952, #2683 ) ) ;
#3158 = FACE_OUTER_BOUND ( 'NONE', #1655, .T. ) ;
#3159 = ADVANCED_FACE ( 'NONE', ( #4503 ), #1773, .F. ) ;
#3160 = DIRECTION ( 'NONE',  ( 0.000000000000000000, 0.000000000000000000, -1.000000000000000000 ) ) ;
#3161 = ORIENTED_EDGE ( 'NONE', *, *, #2974, .T. ) ;
#3162 = ORIENTED_EDGE ( 'NONE', *, *, #130, .F. ) ;
#3163 = PRODUCT ( 'rail_mobile_dessous_P_1.step', 'rail_mobile_dessous_P_1.step', '', ( #830 ) ) ;
#3164 = LINE ( 'NONE', #7, #2740 ) ;
#3165 = ADVANCED_FACE ( 'NONE', ( #1244 ), #2242, .F. ) ;
#3166 = EDGE_CURVE ( 'NONE', #1818, #799, #2218, .T. ) ;
#3167 = DIRECTION ( 'NONE',  ( 0.000000000000000000, 0.000000000000000000, -1.000000000000000000 ) ) ;
#3168 = CARTESIAN_POINT ( 'NONE',  ( 94.00000000000000000, -2.500000000000000000, 5.000000000000000000 ) ) ;
#3169 = ORIENTED_EDGE ( 'NONE', *, *, #466, .F. ) ;
#3170 = DIRECTION ( 'NONE',  ( 0.000000000000000000, 0.000000000000000000, -1.000000000000000000 ) ) ;
#3171 = ORIENTED_EDGE ( 'NONE', *, *, #2410, .F. ) ;
#3172 = VECTOR ( 'NONE', #4246, 1000.000000000000000 ) ;
#3173 = DIRECTION ( 'NONE',  ( -2.478176394252580155E-16, 1.000000000000000000, 0.000000000000000000 ) ) ;
#3174 = ADVANCED_FACE ( 'NONE', ( #4949 ), #3623, .T. ) ;
#3175 = DIRECTION ( 'NONE',  ( 0.000000000000000000, 0.000000000000000000, 1.000000000000000000 ) ) ;
#3176 = CARTESIAN_POINT ( 'NONE',  ( -4.000000000000000000, 2.500000000000000000, -3.000000000000000000 ) ) ;
#3177 = APPLICATION_PROTOCOL_DEFINITION ( 'international standard', 'config_control_design', 1994, #5131 ) ;
#3178 = ORIENTED_EDGE ( 'NONE', *, *, #1160, .F. ) ;
#3179 = CYLINDRICAL_SURFACE ( 'NONE', #4998, 0.5000000000000000000 ) ;
#3180 = DIRECTION ( 'NONE',  ( 0.8660254037844384856, 0.5000000000000003331, 0.000000000000000000 ) ) ;
#3181 = CYLINDRICAL_SURFACE ( 'NONE', #1, 1.000000000000000000 ) ;
#3182 = APPROVAL_STATUS ( 'not_yet_approved' ) ;
#3183 = CC_DESIGN_PERSON_AND_ORGANIZATION_ASSIGNMENT ( #1527, #4996, ( #1598 ) ) ;
#3184 = AXIS2_PLACEMENT_3D ( 'NONE', #4804, #2014, #3852 ) ;
#3185 = ORIENTED_EDGE ( 'NONE', *, *, #2822, .T. ) ;
#3186 = CARTESIAN_POINT ( 'NONE',  ( -1.850000000000000089, 0.000000000000000000, 3.000000000000000000 ) ) ;
#3187 = DIRECTION ( 'NONE',  ( 0.000000000000000000, 1.000000000000000000, 0.000000000000000000 ) ) ;
#3188 = VERTEX_POINT ( 'NONE', #4394 ) ;
#3189 = ORIENTED_EDGE ( 'NONE', *, *, #5765, .F. ) ;
#3190 = CARTESIAN_POINT ( 'NONE',  ( 5.500000000000000000, 2.500000000000000000, -2.500000000000000000 ) ) ;
#3191 = EDGE_CURVE ( 'NONE', #799, #996, #4807, .T. ) ;
#3192 = LINE ( 'NONE', #2757, #3372 ) ;
#3193 = PLANE ( 'NONE',  #3571 ) ;
#3194 = ORIENTED_EDGE ( 'NONE', *, *, #2037, .T. ) ;
#3195 = ADVANCED_FACE ( 'NONE', ( #2272 ), #5358, .F. ) ;
#3196 = CIRCLE ( 'NONE', #96, 0.5000000000000000000 ) ;
#3197 = PLANE ( 'NONE',  #3522 ) ;
#3198 = ORIENTED_EDGE ( 'NONE', *, *, #1870, .T. ) ;
#3199 = LINE ( 'NONE', #3233, #383 ) ;
#3200 = DIRECTION ( 'NONE',  ( 1.000000000000000000, 1.845450506358304832E-16, 0.000000000000000000 ) ) ;
#3201 = AXIS2_PLACEMENT_3D ( 'NONE', #5198, #617, #5669 ) ;
#3202 = PERSON_AND_ORGANIZATION_ROLE ( 'design_owner' ) ;
#3203 = PERSON_AND_ORGANIZATION_ROLE ( 'classification_officer' ) ;
#3204 = ORIENTED_EDGE ( 'NONE', *, *, #4564, .F. ) ;
#3205 = DIRECTION ( 'NONE',  ( 0.000000000000000000, 1.000000000000000000, 0.000000000000000000 ) ) ;
#3206 = AXIS2_PLACEMENT_3D ( 'NONE', #2041, #5278, #4396 ) ;
#3207 = LINE ( 'NONE', #5005, #4997 ) ;
#3208 = CARTESIAN_POINT ( 'NONE',  ( -94.00000000000000000, -2.500000000000000000, 5.000000000000000000 ) ) ;
#3209 = AXIS2_PLACEMENT_3D ( 'NONE', #3220, #5399, #2279 ) ;
#3210 = LINE ( 'NONE', #4463, #4838 ) ;
#3211 = DATE_AND_TIME ( #4183, #1819 ) ;
#3212 = AXIS2_PLACEMENT_3D ( 'NONE', #2600, #5802, #3556 ) ;
#3213 = VERTEX_POINT ( 'NONE', #2689 ) ;
#3214 = LINE ( 'NONE', #512, #3488 ) ;
#3215 = CIRCLE ( 'NONE', #1331, 0.5000000000000000000 ) ;
#3216 = CARTESIAN_POINT ( 'NONE',  ( -10.56698729810777948, 4.250000000000000000, -3.000000000000000000 ) ) ;
#3217 = CIRCLE ( 'NONE', #677, 1.000000000000000000 ) ;
#3218 = ORIENTED_EDGE ( 'NONE', *, *, #1394, .T. ) ;
#3219 = VERTEX_POINT ( 'NONE', #4031 ) ;
#3220 = CARTESIAN_POINT ( 'NONE',  ( 0.000000000000000000, 2.500000000000000000, 0.000000000000000000 ) ) ;
#3221 = CIRCLE ( 'NONE', #5378, 1.000000000000000000 ) ;
#3222 = CC_DESIGN_SECURITY_CLASSIFICATION ( #596, ( #5822 ) ) ;
#3223 = CARTESIAN_POINT ( 'NONE',  ( 1.530808498934190091E-16, -2.000000000000000000, -1.250000000000000000 ) ) ;
#3224 = APPROVAL_ROLE ( '' ) ;
#3225 = DIRECTION ( 'NONE',  ( -0.5000000000000003331, 0.8660254037844383745, 0.000000000000000000 ) ) ;
#3226 = ORIENTED_EDGE ( 'NONE', *, *, #5285, .F. ) ;
#3227 = EDGE_LOOP ( 'NONE', ( #863, #5246, #1742, #2921 ) ) ;
#3228 = LOCAL_TIME ( 10, 17, 39.00000000000000000, #4234 ) ;
#3229 = CYLINDRICAL_SURFACE ( 'NONE', #51, 1.000000000000000000 ) ;
#3230 = EDGE_CURVE ( 'NONE', #5702, #5659, #4068, .T. ) ;
#3231 = ORIENTED_EDGE ( 'NONE', *, *, #2800, .T. ) ;
#3232 = CC_DESIGN_SECURITY_CLASSIFICATION ( #32, ( #3600 ) ) ;
#3233 = CARTESIAN_POINT ( 'NONE',  ( -13.93301270189222052, 0.08397459621556110920, -3.000000000000000000 ) ) ;
#3234 = EDGE_CURVE ( 'NONE', #1368, #358, #1836, .T. ) ;
#3235 = LINE ( 'NONE', #529, #4251 ) ;
#3236 = AXIS2_PLACEMENT_3D ( 'NONE', #111, #551, #492 ) ;
#3237 = MECHANICAL_CONTEXT ( 'NONE', #1597, 'mechanical' ) ;
#3238 = EDGE_CURVE ( 'NONE', #1504, #2576, #3739, .T. ) ;
#3239 = EDGE_LOOP ( 'NONE', ( #37, #2602, #4458, #4371 ) ) ;
#3240 = CARTESIAN_POINT ( 'NONE',  ( -6.000000000000000000, 2.500000000000000000, 3.000000000000000000 ) ) ;
#3241 = CARTESIAN_POINT ( 'NONE',  ( 1.850000000000000089, -1.084202172485503941E-16, -2.500000000000000000 ) ) ;
#3242 = FACE_OUTER_BOUND ( 'NONE', #2846, .T. ) ;
#3243 = DIRECTION ( 'NONE',  ( 0.000000000000000000, 1.000000000000000000, 0.000000000000000000 ) ) ;
#3244 = CALENDAR_DATE ( 2025, 16, 6 ) ;
#3245 = CIRCLE ( 'NONE', #4180, 1.250000000000000000 ) ;
#3246 = ORIENTED_EDGE ( 'NONE', *, *, #3996, .F. ) ;
#3247 = FACE_OUTER_BOUND ( 'NONE', #1079, .T. ) ;
#3248 = ORIENTED_EDGE ( 'NONE', *, *, #4854, .F. ) ;
#3249 = ORIENTED_EDGE ( 'NONE', *, *, #5204, .F. ) ;
#3250 = EDGE_CURVE ( 'NONE', #1660, #4777, #568, .T. ) ;
#3251 = CARTESIAN_POINT ( 'NONE',  ( -12.49888930010695987, -2.399999999999999911, -3.000000000000000000 ) ) ;
#3252 = CARTESIAN_POINT ( 'NONE',  ( -6.000000000000000000, -6.379211070675430182E-16, -3.000000000000000000 ) ) ;
#3253 = PERSON_AND_ORGANIZATION_ROLE ( 'classification_officer' ) ;
#3254 = PLANE ( 'NONE',  #1228 ) ;
#3255 = ORIENTED_EDGE ( 'NONE', *, *, #3758, .F. ) ;
#3256 = ORIENTED_EDGE ( 'NONE', *, *, #4130, .F. ) ;
#3257 = CARTESIAN_POINT ( 'NONE',  ( -1.850000000000000089, 0.000000000000000000, 2.500000000000000000 ) ) ;
#3258 = APPROVAL ( #5174, 'UNSPECIFIED' ) ;
#3259 = EDGE_CURVE ( 'NONE', #2187, #4158, #599, .T. ) ;
#3260 = VERTEX_POINT ( 'NONE', #2308 ) ;
#3261 = DIRECTION ( 'NONE',  ( 0.000000000000000000, 1.000000000000000000, 0.000000000000000000 ) ) ;
#3262 = APPROVAL_DATE_TIME ( #5530, #1353 ) ;
#3263 = EDGE_CURVE ( 'NONE', #447, #5386, #115, .T. ) ;
#3264 = DATE_AND_TIME ( #588, #1074 ) ;
#3265 = ORIENTED_EDGE ( 'NONE', *, *, #1929, .T. ) ;
#3266 = FACE_BOUND ( 'NONE', #5701, .T. ) ;
#3267 = ADVANCED_FACE ( 'NONE', ( #3247 ), #2419, .F. ) ;
#3268 = EDGE_CURVE ( 'NONE', #2596, #3615, #625, .T. ) ;
#3269 = DIRECTION ( 'NONE',  ( -1.000000000000000000, 0.000000000000000000, 0.000000000000000000 ) ) ;
#3270 = CARTESIAN_POINT ( 'NONE',  ( -5.500000000000000000, 2.500000000000000000, -3.000000000000000000 ) ) ;
#3271 = CALENDAR_DATE ( 2025, 16, 6 ) ;
#3272 = ORIENTED_EDGE ( 'NONE', *, *, #1787, .F. ) ;
#3273 = LINE ( 'NONE', #3649, #5374 ) ;
#3274 = VERTEX_POINT ( 'NONE', #2781 ) ;
#3275 = DIRECTION ( 'NONE',  ( 0.000000000000000000, 1.000000000000000000, 0.000000000000000000 ) ) ;
#3276 = DIRECTION ( 'NONE',  ( 0.000000000000000000, -1.000000000000000000, 0.000000000000000000 ) ) ;
#3277 = CARTESIAN_POINT ( 'NONE',  ( 2.339692620785905230, -0.3420201433256729318, -3.000000000000000000 ) ) ;
#3278 = ORIENTED_EDGE ( 'NONE', *, *, #5033, .T. ) ;
#3279 = DIRECTION ( 'NONE',  ( -2.168404344971010101E-16, -1.000000000000000000, 0.000000000000000000 ) ) ;
#3280 = DIRECTION ( 'NONE',  ( 0.000000000000000000, -1.000000000000000000, 0.000000000000000000 ) ) ;
#3281 = ORIENTED_EDGE ( 'NONE', *, *, #4456, .F. ) ;
#3282 = CC_DESIGN_PERSON_AND_ORGANIZATION_ASSIGNMENT ( #701, #4040, ( #1246 ) ) ;
#3283 = LINE ( 'NONE', #5082, #2462 ) ;
#3284 = DATE_TIME_ROLE ( 'classification_date' ) ;
#3285 = VECTOR ( 'NONE', #4845, 1000.000000000000000 ) ;
#3286 = ITEM_DEFINED_TRANSFORMATION ( 'NONE', 'NONE', #24,  #4351 ) ;
#3287 = CARTESIAN_POINT ( 'NONE',  ( -2.399999999999999911, -2.000000000000000000, -3.000000000000000000 ) ) ;
#3288 = AXIS2_PLACEMENT_3D ( 'NONE', #3957, #5759, #5316 ) ;
#3289 = DIRECTION ( 'NONE',  ( -1.685467801206459812E-16, -1.000000000000000000, 0.000000000000000000 ) ) ;
#3290 = DIRECTION ( 'NONE',  ( 0.000000000000000000, 0.000000000000000000, 1.000000000000000000 ) ) ;
#3291 = VECTOR ( 'NONE', #5699, 1000.000000000000000 ) ;
#3292 = PERSON_AND_ORGANIZATION ( #3639, #409 ) ;
#3293 = VECTOR ( 'NONE', #5599, 1000.000000000000000 ) ;
#3294 = ORIENTED_EDGE ( 'NONE', *, *, #4565, .T. ) ;
#3295 = EDGE_CURVE ( 'NONE', #5517, #2922, #3029, .T. ) ;
#3296 = DIRECTION ( 'NONE',  ( -1.000000000000000000, 0.000000000000000000, 0.000000000000000000 ) ) ;
#3297 = ORIENTED_EDGE ( 'NONE', *, *, #241, .F. ) ;
#3298 = ADVANCED_FACE ( 'NONE', ( #5541 ), #2808, .T. ) ;
#3299 = VECTOR ( 'NONE', #2422, 1000.000000000000000 ) ;
#3300 = SHAPE_REPRESENTATION ( 'pattes_mobiles_bottom_rail_6.step', ( #4351 ), #1063 ) ;
#3301 = VECTOR ( 'NONE', #4186, 1000.000000000000000 ) ;
#3302 = FACE_OUTER_BOUND ( 'NONE', #181, .T. ) ;
#3303 = AXIS2_PLACEMENT_3D ( 'NONE', #2267, #1325, #34 ) ;
#3304 = VECTOR ( 'NONE', #61, 1000.000000000000000 ) ;
#3305 = CARTESIAN_POINT ( 'NONE',  ( 2.289692620785909849, -0.3420201433256724877, -3.000000000000000000 ) ) ;
#3306 = CARTESIAN_POINT ( 'NONE',  ( 1.850000000000000089, 8.738645302295090589E-17, -3.000000000000000000 ) ) ;
#3307 = ORIENTED_EDGE ( 'NONE', *, *, #4171, .F. ) ;
#3308 = AXIS2_PLACEMENT_3D ( 'NONE', #5588, #4355, #3343 ) ;
#3309 = CARTESIAN_POINT ( 'NONE',  ( -14.00000000000000000, 2.500000000000000000, -3.000000000000000000 ) ) ;
#3310 = DIRECTION ( 'NONE',  ( 0.000000000000000000, 0.000000000000000000, 1.000000000000000000 ) ) ;
#3311 = CC_DESIGN_APPROVAL ( #4663, ( #5570 ) ) ;
#3312 = ORIENTED_EDGE ( 'NONE', *, *, #4653, .T. ) ;
#3313 = CC_DESIGN_APPROVAL ( #4014, ( #313 ) ) ;
#3314 = EDGE_CURVE ( 'NONE', #3129, #1109, #2746, .T. ) ;
#3315 = LINE ( 'NONE', #1056, #3403 ) ;
#3316 = COORDINATED_UNIVERSAL_TIME_OFFSET ( 1, 0, .AHEAD. ) ;
#3317 = EDGE_CURVE ( 'NONE', #1001, #4187, #1389, .T. ) ;
#3318 = PRODUCT_DEFINITION_FORMATION_WITH_SPECIFIED_SOURCE ( 'ANY', '', #905, .NOT_KNOWN. ) ;
#3319 = DATE_TIME_ROLE ( 'classification_date' ) ;
#3320 = APPROVAL_PERSON_ORGANIZATION ( #4382, #4039, #792 ) ;
#3321 = CARTESIAN_POINT ( 'NONE',  ( -2.399999999999999911, -3.500000000000000000, -2.500000000000000000 ) ) ;
#3322 = CARTESIAN_POINT ( 'NONE',  ( 5.500000000000000000, 0.000000000000000000, 3.000000000000000000 ) ) ;
#3323 = PERSON_AND_ORGANIZATION_ROLE ( 'creator' ) ;
#3324 = CC_DESIGN_PERSON_AND_ORGANIZATION_ASSIGNMENT ( #3292, #2862, ( #5014 ) ) ;
#3325 = VECTOR ( 'NONE', #4278, 1000.000000000000000 ) ;
#3326 = ORIENTED_EDGE ( 'NONE', *, *, #2367, .T. ) ;
#3327 = DIRECTION ( 'NONE',  ( 0.000000000000000000, 1.000000000000000000, 0.000000000000000000 ) ) ;
#3328 = ORIENTED_EDGE ( 'NONE', *, *, #3330, .F. ) ;
#3329 = CARTESIAN_POINT ( 'NONE',  ( 1.530808498934190091E-16, -3.500000000000000000, -1.250000000000000000 ) ) ;
#3330 = EDGE_CURVE ( 'NONE', #3929, #1540, #2743, .T. ) ;
#3331 = ORIENTED_EDGE ( 'NONE', *, *, #825, .T. ) ;
#3332 = FACE_OUTER_BOUND ( 'NONE', #1607, .T. ) ;
#3333 = CARTESIAN_POINT ( 'NONE',  ( 1.850000000000000089, 4.011548038196364434E-16, 2.500000000000000000 ) ) ;
#3334 = VERTEX_POINT ( 'NONE', #1482 ) ;
#3335 = ORIENTED_EDGE ( 'NONE', *, *, #4590, .T. ) ;
#3336 = LINE ( 'NONE', #1105, #2280 ) ;
#3337 = CARTESIAN_POINT ( 'NONE',  ( 2.399999999999999911, -4.814824860968089633E-32, 2.500000000000000000 ) ) ;
#3338 = EDGE_CURVE ( 'NONE', #5258, #2527, #3273, .T. ) ;
#3339 = ORIENTED_EDGE ( 'NONE', *, *, #4881, .F. ) ;
#3340 = CYLINDRICAL_SURFACE ( 'NONE', #5587, 0.5000000000000004441 ) ;
#3341 = PERSON_AND_ORGANIZATION ( #3639, #409 ) ;
#3342 = ITEM_DEFINED_TRANSFORMATION ( 'NONE', 'NONE', #5297,  #4351 ) ;
#3343 = DIRECTION ( 'NONE',  ( -1.000000000000000000, 0.000000000000000000, 0.000000000000000000 ) ) ;
#3344 = DIRECTION ( 'NONE',  ( 0.000000000000000000, 0.000000000000000000, -1.000000000000000000 ) ) ;
#3345 = COORDINATED_UNIVERSAL_TIME_OFFSET ( 1, 0, .AHEAD. ) ;
#3346 = ORIENTED_EDGE ( 'NONE', *, *, #2470, .T. ) ;
#3347 = CARTESIAN_POINT ( 'NONE',  ( -3.339692620785910115, -0.3420201433256729318, -3.000000000000000000 ) ) ;
#3349 = ORIENTED_EDGE ( 'NONE', *, *, #5, .F. ) ;
#3348 = CIRCLE ( 'NONE', #2330, 0.5000000000000000000 ) ;
#3350 = CARTESIAN_POINT ( 'NONE',  ( -10.63397459621555896, 4.500000000000000000, -3.000000000000000000 ) ) ;
#3351 = CC_DESIGN_PERSON_AND_ORGANIZATION_ASSIGNMENT ( #3904, #1201, ( #1357 ) ) ;
#3352 = CARTESIAN_POINT ( 'NONE',  ( -2.188588164304525741, -22.13062298556227248, -0.5000000000004276579 ) ) ;
#3353 = PERSON ( 'NAUO-PER3', 'UNSPECIFIED', 'UNSPECIFIED', ('UNSPECIFIED'), ('UNSPECIFIED'), ('UNSPECIFIED') ) ;
#3354 = ORIENTED_EDGE ( 'NONE', *, *, #2302, .F. ) ;
#3355 = DIRECTION ( 'NONE',  ( 0.000000000000000000, 1.000000000000000000, 0.000000000000000000 ) ) ;
#3356 = CARTESIAN_POINT ( 'NONE',  ( -14.00000000000000000, 2.500000000000000000, 3.000000000000000000 ) ) ;
#3357 = VERTEX_POINT ( 'NONE', #5452 ) ;
#3358 = ORIENTED_EDGE ( 'NONE', *, *, #5573, .F. ) ;
#3359 = EDGE_CURVE ( 'NONE', #2893, #1540, #3214, .T. ) ;
#3360 = CARTESIAN_POINT ( 'NONE',  ( 4.500000000000000000, -3.623755772593889841E-16, 3.000000000000000000 ) ) ;
#3361 = CARTESIAN_POINT ( 'NONE',  ( -9.500000000000000000, -4.500000000000000000, 3.000000000000000000 ) ) ;
#3362 = FACE_OUTER_BOUND ( 'NONE', #1099, .T. ) ;
#3363 = VECTOR ( 'NONE', #1661, 1000.000000000000000 ) ;
#3364 = EDGE_CURVE ( 'NONE', #4424, #897, #2270, .T. ) ;
#3365 = ORIENTED_EDGE ( 'NONE', *, *, #5027, .T. ) ;
#3366 = EDGE_LOOP ( 'NONE', ( #1346, #850, #225, #4867 ) ) ;
#3367 = DIRECTION ( 'NONE',  ( 1.685467801206459812E-16, 1.000000000000000000, 0.000000000000000000 ) ) ;
#3368 = EDGE_CURVE ( 'NONE', #3697, #2511, #2834, .T. ) ;
#3369 = PERSON_AND_ORGANIZATION_ROLE ( 'classification_officer' ) ;
#3370 = DIRECTION ( 'NONE',  ( 0.000000000000000000, 0.000000000000000000, -1.000000000000000000 ) ) ;
#3371 = CARTESIAN_POINT ( 'NONE',  ( 5.500000000000000000, 2.500000000000000000, -3.000000000000000000 ) ) ;
#3372 = VECTOR ( 'NONE', #2200, 1000.000000000000000 ) ;
#3373 = PERSON_AND_ORGANIZATION ( #3639, #409 ) ;
#3374 = ORIENTED_EDGE ( 'NONE', *, *, #908, .T. ) ;
#3375 = CARTESIAN_POINT ( 'NONE',  ( -88.00000000000000000, 2.500000000000000000, 2.500000000000000000 ) ) ;
#3376 = ORIENTED_EDGE ( 'NONE', *, *, #4600, .T. ) ;
#3377 = AXIS2_PLACEMENT_3D ( 'NONE', #314, #5630, #1132 ) ;
#3378 = CARTESIAN_POINT ( 'NONE',  ( -2.350000000000000089, -3.500000000000000000, -3.000000000000000000 ) ) ;
#3379 = CARTESIAN_POINT ( 'NONE',  ( 31.81141183569546982, -22.13062298556227958, -0.5000000000004277689 ) ) ;
#3380 = VECTOR ( 'NONE', #2608, 1000.000000000000000 ) ;
#3381 = CIRCLE ( 'NONE', #5644, 0.5000000000000000000 ) ;
#3382 = ORIENTED_EDGE ( 'NONE', *, *, #5145, .T. ) ;
#3383 = CARTESIAN_POINT ( 'NONE',  ( -1.850000000000000089, -1.084202172485503941E-16, -3.000000000000000000 ) ) ;
#3384 = AXIS2_PLACEMENT_3D ( 'NONE', #1370, #427, #4073 ) ;
#3385 = FACE_OUTER_BOUND ( 'NONE', #5292, .T. ) ;
#3386 = VERTEX_POINT ( 'NONE', #5422 ) ;
#3387 = ORIENTED_EDGE ( 'NONE', *, *, #4307, .T. ) ;
#3388 = DIRECTION ( 'NONE',  ( -1.000000000000000000, 0.000000000000000000, 0.000000000000000000 ) ) ;
#3389 = CYLINDRICAL_SURFACE ( 'NONE', #1621, 1.250000000000000000 ) ;
#3390 = LINE ( 'NONE', #1519, #3417 ) ;
#3391 = AXIS2_PLACEMENT_3D ( 'NONE', #1900, #1073, #2812 ) ;
#3392 = VECTOR ( 'NONE', #1979, 1000.000000000000000 ) ;
#3393 = DIRECTION ( 'NONE',  ( 1.000000000000000000, 1.807003620809174878E-16, 0.000000000000000000 ) ) ;
#3394 = DIRECTION ( 'NONE',  ( 0.000000000000000000, 0.000000000000000000, -1.000000000000000000 ) ) ;
#3395 = EDGE_LOOP ( 'NONE', ( #2065, #1497, #4668, #768 ) ) ;
#3396 = ORIENTED_EDGE ( 'NONE', *, *, #1365, .F. ) ;
#3397 = AXIS2_PLACEMENT_3D ( 'NONE', #1706, #3115, #3993 ) ;
#3398 = LINE ( 'NONE', #5165, #5481 ) ;
#3399 = AXIS2_PLACEMENT_3D ( 'NONE', #2430, #3367, #5608 ) ;
#3400 =( REPRESENTATION_RELATIONSHIP ('NONE','NONE', #3114, #4500 ) REPRESENTATION_RELATIONSHIP_WITH_TRANSFORMATION ( #2522 )SHAPE_REPRESENTATION_RELATIONSHIP( ) );
#3401 = APPROVAL_STATUS ( 'not_yet_approved' ) ;
#3402 = EDGE_CURVE ( 'NONE', #4850, #4744, #541, .T. ) ;
#3403 = VECTOR ( 'NONE', #3666, 1000.000000000000000 ) ;
#3404 = EDGE_CURVE ( 'NONE', #1855, #3423, #5087, .T. ) ;
#3405 = CARTESIAN_POINT ( 'NONE',  ( 5.500000000000000000, -5.493209533081619120E-16, -3.000000000000000000 ) ) ;
#3406 = DIRECTION ( 'NONE',  ( 0.000000000000000000, 0.000000000000000000, -1.000000000000000000 ) ) ;
#3407 = DIRECTION ( 'NONE',  ( 0.000000000000000000, 0.000000000000000000, -1.000000000000000000 ) ) ;
#3408 = PERSON_AND_ORGANIZATION ( #3639, #409 ) ;
#3409 = CC_DESIGN_SECURITY_CLASSIFICATION ( #5014, ( #4257 ) ) ;
#3410 = EDGE_CURVE ( 'NONE', #831, #4605, #5489, .T. ) ;
#3411 = ORIENTED_EDGE ( 'NONE', *, *, #2564, .T. ) ;
#3412 = PLANE ( 'NONE',  #3863 ) ;
#3413 = LOCAL_TIME ( 10, 17, 39.00000000000000000, #4733 ) ;
#3414 = ORIENTED_EDGE ( 'NONE', *, *, #828, .F. ) ;
#3415 = FACE_OUTER_BOUND ( 'NONE', #4640, .T. ) ;
#3416 = DIRECTION ( 'NONE',  ( 0.000000000000000000, 0.000000000000000000, 1.000000000000000000 ) ) ;
#3417 = VECTOR ( 'NONE', #1167, 1000.000000000000000 ) ;
#3418 = ORIENTED_EDGE ( 'NONE', *, *, #1913, .F. ) ;
#3419 = DIRECTION ( 'NONE',  ( 0.000000000000000000, 0.000000000000000000, 1.000000000000000000 ) ) ;
#3420 = EDGE_CURVE ( 'NONE', #2548, #5528, #5617, .T. ) ;
#3421 = LINE ( 'NONE', #4718, #4235 ) ;
#3422 = ORIENTED_EDGE ( 'NONE', *, *, #186, .F. ) ;
#3423 = VERTEX_POINT ( 'NONE', #5214 ) ;
#3424 = DIRECTION ( 'NONE',  ( 0.000000000000000000, 0.000000000000000000, 1.000000000000000000 ) ) ;
#3425 = VECTOR ( 'NONE', #2204, 1000.000000000000000 ) ;
#3426 = CARTESIAN_POINT ( 'NONE',  ( -5.500000000000000000, -5.505346540445919644E-16, 2.500000000000000000 ) ) ;
#3427 = CARTESIAN_POINT ( 'NONE',  ( 1.850000000000000089, -2.000000000000000000, -3.000000000000000000 ) ) ;
#3428 = DIRECTION ( 'NONE',  ( 0.000000000000000000, 0.000000000000000000, 1.000000000000000000 ) ) ;
#3429 = DIRECTION ( 'NONE',  ( 1.000000000000000000, 0.000000000000000000, 0.000000000000000000 ) ) ;
#3430 = ORIENTED_EDGE ( 'NONE', *, *, #1010, .F. ) ;
#3431 = VERTEX_POINT ( 'NONE', #265 ) ;
#3432 = DIRECTION ( 'NONE',  ( 0.000000000000000000, 1.000000000000000000, 0.000000000000000000 ) ) ;
#3433 = CC_DESIGN_DATE_AND_TIME_ASSIGNMENT ( #2554, #1647, ( #1357 ) ) ;
#3434 = DATE_AND_TIME ( #2431, #883 ) ;
#3435 = PERSON ( 'NAUO-PER7', 'UNSPECIFIED', 'UNSPECIFIED', ('UNSPECIFIED'), ('UNSPECIFIED'), ('UNSPECIFIED') ) ;
#3436 = DIRECTION ( 'NONE',  ( -1.747729060459019844E-16, -1.000000000000000000, 0.000000000000000000 ) ) ;
#3437 = ADVANCED_FACE ( 'NONE', ( #212 ), #1656, .T. ) ;
#3438 = CARTESIAN_POINT ( 'NONE',  ( -6.000000000000000000, -6.379211070675430182E-16, 2.500000000000000000 ) ) ;
#3439 = SHAPE_DEFINITION_REPRESENTATION ( #5414, #75 ) ;
#3440 = ORIENTED_EDGE ( 'NONE', *, *, #552, .F. ) ;
#3441 = DIRECTION ( 'NONE',  ( -1.000000000000000000, 0.000000000000000000, 0.000000000000000000 ) ) ;
#3442 = ORIENTED_EDGE ( 'NONE', *, *, #2822, .F. ) ;
#3443 = EDGE_CURVE ( 'NONE', #4191, #5035, #392, .T. ) ;
#3444 = EDGE_CURVE ( 'NONE', #158, #5568, #5177, .T. ) ;
#3445 = CARTESIAN_POINT ( 'NONE',  ( -5.500000000000000000, -6.379211070675430182E-16, -2.500000000000000000 ) ) ;
#3446 = DIRECTION ( 'NONE',  ( 1.000000000000000000, 0.000000000000000000, 0.000000000000000000 ) ) ;
#3447 = ORIENTED_EDGE ( 'NONE', *, *, #1089, .F. ) ;
#3448 = DIRECTION ( 'NONE',  ( 0.000000000000000000, 0.000000000000000000, -1.000000000000000000 ) ) ;
#3449 = DIRECTION ( 'NONE',  ( -1.000000000000000000, 0.000000000000000000, 0.000000000000000000 ) ) ;
#3450 = ORIENTED_EDGE ( 'NONE', *, *, #5708, .F. ) ;
#3451 = VERTEX_POINT ( 'NONE', #2092 ) ;
#3452 = CARTESIAN_POINT ( 'NONE',  ( 0.000000000000000000, -2.000000000000000000, 0.000000000000000000 ) ) ;
#3453 = LINE ( 'NONE', #1221, #4633 ) ;
#3454 = FACE_OUTER_BOUND ( 'NONE', #4345, .T. ) ;
#3455 = PLANE ( 'NONE',  #1983 ) ;
#3456 = CARTESIAN_POINT ( 'NONE',  ( 5.500000000000000000, 4.500000000000000000, 3.000000000000000000 ) ) ;
#3457 = VERTEX_POINT ( 'NONE', #2057 ) ;
#3458 = ORIENTED_EDGE ( 'NONE', *, *, #3116, .T. ) ;
#3459 = CARTESIAN_POINT ( 'NONE',  ( -2.350000000000000089, -3.500000000000000000, 2.500000000000000000 ) ) ;
#3460 = PERSON_AND_ORGANIZATION_ROLE ( 'classification_officer' ) ;
#3461 = CARTESIAN_POINT ( 'NONE',  ( 95.00000000000000000, 2.500000000000000000, 6.000000000000000000 ) ) ;
#3462 = CARTESIAN_POINT ( 'NONE',  ( -1.899999999999999911, 0.000000000000000000, 2.500000000000000000 ) ) ;
#3463 = CALENDAR_DATE ( 2025, 16, 6 ) ;
#3464 = ORIENTED_EDGE ( 'NONE', *, *, #4485, .T. ) ;
#3465 = CARTESIAN_POINT ( 'NONE',  ( -1.850000000000000089, 8.427339006032300294E-17, -2.500000000000000000 ) ) ;
#3466 = AXIS2_PLACEMENT_3D ( 'NONE', #5223, #1636, #1250 ) ;
#3467 = DIRECTION ( 'NONE',  ( 0.000000000000000000, 0.000000000000000000, -1.000000000000000000 ) ) ;
#3468 =( LENGTH_UNIT ( ) NAMED_UNIT ( * ) SI_UNIT ( .MILLI., .METRE. ) );
#3469 = EDGE_CURVE ( 'NONE', #1335, #4767, #1992, .T. ) ;
#3470 = VERTEX_POINT ( 'NONE', #766 ) ;
#3471 = DIRECTION ( 'NONE',  ( 1.000000000000000000, 0.000000000000000000, 0.000000000000000000 ) ) ;
#3472 = EDGE_CURVE ( 'NONE', #2126, #5577, #5593, .T. ) ;
#3473 = CARTESIAN_POINT ( 'NONE',  ( -6.000000000000000000, 5.000000000000000000, 3.000000000000000000 ) ) ;
#3474 = EDGE_LOOP ( 'NONE', ( #2637, #3015, #1120, #514 ) ) ;
#3475 = ORIENTED_EDGE ( 'NONE', *, *, #2123, .F. ) ;
#3476 = AXIS2_PLACEMENT_3D ( 'NONE', #5432, #957, #3106 ) ;
#3477 = CARTESIAN_POINT ( 'NONE',  ( -5.500000000000000000, 2.500000000000000000, -3.000000000000000000 ) ) ;
#3478 = CARTESIAN_POINT ( 'NONE',  ( 6.000000000000000000, 4.500000000000000000, -3.000000000000000000 ) ) ;
#3479 = CARTESIAN_POINT ( 'NONE',  ( 0.000000000000000000, -2.000000000000000000, 1.250000000000000000 ) ) ;
#3480 = CIRCLE ( 'NONE', #5270, 1.250000000000000000 ) ;
#3481 = ADVANCED_FACE ( 'NONE', ( #240 ), #4291, .T. ) ;
#3482 = AXIS2_PLACEMENT_3D ( 'NONE', #3509, #4891, #2748 ) ;
#3483 = CARTESIAN_POINT ( 'NONE',  ( -5.500000000000000000, 2.500000000000000000, 3.000000000000000000 ) ) ;
#3484 = CARTESIAN_POINT ( 'NONE',  ( 1.850000000000000089, -2.000000000000000000, -3.000000000000000000 ) ) ;
#3485 = ORIENTED_EDGE ( 'NONE', *, *, #5536, .F. ) ;
#3486 = ORIENTED_EDGE ( 'NONE', *, *, #171, .T. ) ;
#3487 = AXIS2_PLACEMENT_3D ( 'NONE', #922, #3135, #3598 ) ;
#3488 = VECTOR ( 'NONE', #5067, 1000.000000000000000 ) ;
#3489 = CARTESIAN_POINT ( 'NONE',  ( 1.530808498934190091E-16, -2.000000000000000000, -1.250000000000000000 ) ) ;
#3490 = VECTOR ( 'NONE', #5181, 1000.000000000000000 ) ;
#3491 = EDGE_CURVE ( 'NONE', #3188, #4346, #1537, .T. ) ;
#3492 = CIRCLE ( 'NONE', #4250, 0.5000000000000004441 ) ;
#3493 = LINE ( 'NONE', #2704, #4347 ) ;
#3494 = LINE ( 'NONE', #5734, #3573 ) ;
#3495 = AXIS2_PLACEMENT_3D ( 'NONE', #5411, #410, #4472 ) ;
#3496 = EDGE_CURVE ( 'NONE', #816, #2677, #4711, .T. ) ;
#3497 = PERSON_AND_ORGANIZATION_ROLE ( 'creator' ) ;
#3498 = LOCAL_TIME ( 10, 17, 39.00000000000000000, #87 ) ;
#3499 = AXIS2_PLACEMENT_3D ( 'NONE', #2155, #1589, #4365 ) ;
#3500 = ORIENTED_EDGE ( 'NONE', *, *, #989, .F. ) ;
#3501 = CARTESIAN_POINT ( 'NONE',  ( -13.65358983848622110, -2.399999999999999911, -3.000000000000000000 ) ) ;
#3502 = PRODUCT_DEFINITION_FORMATION_WITH_SPECIFIED_SOURCE ( 'ANY', '', #3859, .NOT_KNOWN. ) ;
#3503 = CARTESIAN_POINT ( 'NONE',  ( 1.899999999999999911, 8.860015375938099529E-17, 2.500000000000000000 ) ) ;
#3504 = SECURITY_CLASSIFICATION_LEVEL ( 'unclassified' ) ;
#3505 = CC_DESIGN_DATE_AND_TIME_ASSIGNMENT ( #2437, #4680, ( #4070 ) ) ;
#3506 = CC_DESIGN_APPROVAL ( #136, ( #3080 ) ) ;
#3507 = ORIENTED_EDGE ( 'NONE', *, *, #4364, .F. ) ;
#3508 = DIRECTION ( 'NONE',  ( 0.000000000000000000, -1.000000000000000000, 0.000000000000000000 ) ) ;
#3509 = CARTESIAN_POINT ( 'NONE',  ( 6.000000000000000000, -6.379211070675430182E-16, 3.000000000000000000 ) ) ;
#3510 = ORIENTED_EDGE ( 'NONE', *, *, #1031, .F. ) ;
#3511 = EDGE_LOOP ( 'NONE', ( #5178, #3058, #1226, #4109, #3747, #5542, #156, #1476 ) ) ;
#3512 = CARTESIAN_POINT ( 'NONE',  ( 0.000000000000000000, -3.500000000000000000, 0.000000000000000000 ) ) ;
#3513 = DIRECTION ( 'NONE',  ( 0.000000000000000000, -1.000000000000000000, 0.000000000000000000 ) ) ;
#3514 = DIRECTION ( 'NONE',  ( 0.000000000000000000, 1.000000000000000000, 0.000000000000000000 ) ) ;
#3515 = EDGE_CURVE ( 'NONE', #1300, #3819, #3681, .T. ) ;
#3516 = CYLINDRICAL_SURFACE ( 'NONE', #3564, 0.5000000000000000000 ) ;
#3517 = CARTESIAN_POINT ( 'NONE',  ( 1.899999999999999911, 4.708535149079899336E-16, 3.000000000000000000 ) ) ;
#3518 = ORIENTED_EDGE ( 'NONE', *, *, #1506, .T. ) ;
#3519 = ADVANCED_FACE ( 'NONE', ( #1095 ), #1182, .F. ) ;
#3520 = EDGE_CURVE ( 'NONE', #1458, #4777, #4266, .T. ) ;
#3521 = LINE ( 'NONE', #791, #2306 ) ;
#3522 = AXIS2_PLACEMENT_3D ( 'NONE', #4582, #5501, #2849 ) ;
#3523 = CARTESIAN_POINT ( 'NONE',  ( 6.000000000000000000, 4.500000000000000000, 3.000000000000000000 ) ) ;
#3524 = LINE ( 'NONE', #3748, #5095 ) ;
#3525 = MECHANICAL_CONTEXT ( 'NONE', #1915, 'mechanical' ) ;
#3526 = ORIENTED_EDGE ( 'NONE', *, *, #2046, .F. ) ;
#3527 = LINE ( 'NONE', #1321, #5287 ) ;
#3528 = LINE ( 'NONE', #3618, #5286 ) ;
#3529 = CALENDAR_DATE ( 2025, 16, 6 ) ;
#3530 = EDGE_LOOP ( 'NONE', ( #1949, #4796, #3354, #2864 ) ) ;
#3531 = LINE ( 'NONE', #5815, #5610 ) ;
#3532 = FACE_OUTER_BOUND ( 'NONE', #1978, .T. ) ;
#3533 = ORIENTED_EDGE ( 'NONE', *, *, #1395, .F. ) ;
#3534 = ORIENTED_EDGE ( 'NONE', *, *, #2011, .F. ) ;
#3535 = PRODUCT_DEFINITION ( 'UNKNOWN', '', #5578, #982 ) ;
#3536 = FACE_OUTER_BOUND ( 'NONE', #224, .T. ) ;
#3537 = CARTESIAN_POINT ( 'NONE',  ( 0.000000000000000000, 2.500000000000000000, 0.000000000000000000 ) ) ;
#3538 = CARTESIAN_POINT ( 'NONE',  ( 0.000000000000000000, -2.000000000000000000, 0.000000000000000000 ) ) ;
#3539 = CARTESIAN_POINT ( 'NONE',  ( 1.530808498934190091E-16, -3.500000000000000000, -1.250000000000000000 ) ) ;
#3540 = COORDINATED_UNIVERSAL_TIME_OFFSET ( 1, 0, .AHEAD. ) ;
#3541 = DIRECTION ( 'NONE',  ( -1.000000000000000000, -2.478176394252580648E-16, 0.000000000000000000 ) ) ;
#3542 = ORIENTED_EDGE ( 'NONE', *, *, #1584, .F. ) ;
#3543 = EDGE_CURVE ( 'NONE', #787, #1504, #2885, .T. ) ;
#3544 = PLANE ( 'NONE',  #4936 ) ;
#3545 = ADVANCED_FACE ( 'NONE', ( #3817, #2440 ), #3412, .T. ) ;
#3546 = VERTEX_POINT ( 'NONE', #3763 ) ;
#3547 = EDGE_CURVE ( 'NONE', #5729, #489, #4339, .T. ) ;
#3548 = CARTESIAN_POINT ( 'NONE',  ( -1.899999999999999911, 8.860015375938110623E-17, 3.000000000000000000 ) ) ;
#3549 = CYLINDRICAL_SURFACE ( 'NONE', #4328, 1.250000000000000000 ) ;
#3550 = PERSON_AND_ORGANIZATION ( #3639, #409 ) ;
#3551 = ORIENTED_EDGE ( 'NONE', *, *, #4635, .T. ) ;
#3552 = CARTESIAN_POINT ( 'NONE',  ( -1.850000000000000089, 8.427339006032289201E-17, -3.000000000000000000 ) ) ;
#3553 = PLANE ( 'NONE',  #1238 ) ;
#3554 = APPROVAL_DATE_TIME ( #1771, #453 ) ;
#3555 = ORIENTED_EDGE ( 'NONE', *, *, #110, .T. ) ;
#3556 = DIRECTION ( 'NONE',  ( -1.000000000000000000, 1.747729060459025020E-16, 0.000000000000000000 ) ) ;
#3557 = PLANE ( 'NONE',  #3482 ) ;
#3558 = ORIENTED_EDGE ( 'NONE', *, *, #1360, .F. ) ;
#3559 = EDGE_LOOP ( 'NONE', ( #3134, #4809, #2884, #1877 ) ) ;
#3560 = EDGE_CURVE ( 'NONE', #4684, #1272, #3844, .T. ) ;
#3561 = CARTESIAN_POINT ( 'NONE',  ( 5.500000000000000000, -5.505346540445919644E-16, -2.500000000000000000 ) ) ;
#3562 = LINE ( 'NONE', #5337, #401 ) ;
#3563 = CARTESIAN_POINT ( 'NONE',  ( -13.56698729810778126, -4.250000000000000000, 3.000000000000000000 ) ) ;
#3564 = AXIS2_PLACEMENT_3D ( 'NONE', #3602, #5430, #432 ) ;
#3565 = FACE_OUTER_BOUND ( 'NONE', #3511, .T. ) ;
#3566 = DATE_AND_TIME ( #926, #4876 ) ;
#3567 = FACE_OUTER_BOUND ( 'NONE', #1301, .T. ) ;
#3568 = EDGE_LOOP ( 'NONE', ( #316, #4691, #3440, #1785 ) ) ;
#3569 = AXIS2_PLACEMENT_3D ( 'NONE', #5013, #4098, #5454 ) ;
#3570 = CARTESIAN_POINT ( 'NONE',  ( 2.399999999999999911, -3.500000000000000000, -2.500000000000000000 ) ) ;
#3571 = AXIS2_PLACEMENT_3D ( 'NONE', #5785, #4984, #12 ) ;
#3572 = PRODUCT_DEFINITION ( 'UNKNOWN', '', #2946, #1861 ) ;
#3574 = ORIENTED_EDGE ( 'NONE', *, *, #459, .T. ) ;
#3573 = VECTOR ( 'NONE', #4385, 1000.000000000000000 ) ;
#3575 = CARTESIAN_POINT ( 'NONE',  ( -9.000000000000000000, -4.500000000000000000, 3.000000000000000000 ) ) ;
#3576 = AXIS2_PLACEMENT_3D ( 'NONE', #4584, #2379, #5470 ) ;
#3577 = EDGE_CURVE ( 'NONE', #1564, #2221, #862, .T. ) ;
#3578 = CARTESIAN_POINT ( 'NONE',  ( -2.399999999999999911, -2.000000000000000000, 3.000000000000000000 ) ) ;
#3579 = CARTESIAN_POINT ( 'NONE',  ( -6.000000000000000000, 2.500000000000000000, 2.500000000000000000 ) ) ;
#3580 = APPROVAL_STATUS ( 'not_yet_approved' ) ;
#3581 = ADVANCED_FACE ( 'NONE', ( #2597 ), #2618, .F. ) ;
#3582 = CIRCLE ( 'NONE', #4814, 0.5000000000000000000 ) ;
#3583 = VECTOR ( 'NONE', #648, 1000.000000000000000 ) ;
#3584 = VERTEX_POINT ( 'NONE', #2151 ) ;
#3585 = LINE ( 'NONE', #4945, #15 ) ;
#3586 = AXIS2_PLACEMENT_3D ( 'NONE', #3813, #5264, #2975 ) ;
#3587 = EDGE_CURVE ( 'NONE', #996, #1867, #4025, .T. ) ;
#3588 = EDGE_CURVE ( 'NONE', #2745, #505, #1237, .T. ) ;
#3589 = CARTESIAN_POINT ( 'NONE',  ( 4.500000000000000000, 2.500000000000000000, -2.500000000000000000 ) ) ;
#3590 = COORDINATED_UNIVERSAL_TIME_OFFSET ( 1, 0, .AHEAD. ) ;
#3591 = CARTESIAN_POINT ( 'NONE',  ( 5.500000000000000000, 2.500000000000000000, -2.500000000000000000 ) ) ;
#3592 = ORIENTED_EDGE ( 'NONE', *, *, #1140, .F. ) ;
#3593 = DIRECTION ( 'NONE',  ( 0.000000000000000000, 0.000000000000000000, 1.000000000000000000 ) ) ;
#3594 = DIRECTION ( 'NONE',  ( 0.000000000000000000, 0.000000000000000000, 1.000000000000000000 ) ) ;
#3595 = APPROVAL_PERSON_ORGANIZATION ( #1271, #4014, #2215 ) ;
#3596 = ORIENTED_EDGE ( 'NONE', *, *, #1010, .T. ) ;
#3597 = VERTEX_POINT ( 'NONE', #3552 ) ;
#3598 = DIRECTION ( 'NONE',  ( 0.000000000000000000, 0.000000000000000000, 1.000000000000000000 ) ) ;
#3599 = LINE ( 'NONE', #1371, #2851 ) ;
#3600 = PRODUCT_DEFINITION_FORMATION_WITH_SPECIFIED_SOURCE ( 'ANY', '', #580, .NOT_KNOWN. ) ;
#3601 = EDGE_CURVE ( 'NONE', #2321, #2518, #5797, .T. ) ;
#3602 = CARTESIAN_POINT ( 'NONE',  ( 4.000000000000000000, -3.623755772593889841E-16, -2.500000000000000000 ) ) ;
#3603 = DIRECTION ( 'NONE',  ( 1.000000000000000000, 2.478176394252580155E-16, 0.000000000000000000 ) ) ;
#3604 = ORIENTED_EDGE ( 'NONE', *, *, #2046, .T. ) ;
#3605 = CC_DESIGN_SECURITY_CLASSIFICATION ( #793, ( #5817 ) ) ;
#3606 = CARTESIAN_POINT ( 'NONE',  ( 94.00000000000000000, -2.500000000000000000, -6.000000000000000000 ) ) ;
#3607 = CIRCLE ( 'NONE', #1080, 1.250000000000000000 ) ;
#3608 = EDGE_LOOP ( 'NONE', ( #4380, #3162, #426, #2091 ) ) ;
#3609 = DIRECTION ( 'NONE',  ( 2.168404344971010101E-16, 1.000000000000000000, 0.000000000000000000 ) ) ;
#3610 = APPROVAL ( #2972, 'UNKNOWN' ) ;
#3611 = CARTESIAN_POINT ( 'NONE',  ( -1.899999999999999911, -2.000000000000000000, -3.000000000000000000 ) ) ;
#3612 = DIRECTION ( 'NONE',  ( -1.747729060459025020E-16, 1.000000000000000000, 0.000000000000000000 ) ) ;
#3613 = CIRCLE ( 'NONE', #4559, 0.5000000000000000000 ) ;
#3614 = CALENDAR_DATE ( 2025, 16, 6 ) ;
#3615 = VERTEX_POINT ( 'NONE', #2684 ) ;
#3616 = CARTESIAN_POINT ( 'NONE',  ( 3.339692620785910115, -0.3420201433256729318, -3.000000000000000000 ) ) ;
#3617 = EDGE_CURVE ( 'NONE', #3697, #5425, #3040, .T. ) ;
#3618 = CARTESIAN_POINT ( 'NONE',  ( 1.850000000000000089, -2.000000000000000000, -3.000000000000000000 ) ) ;
#3619 = COORDINATED_UNIVERSAL_TIME_OFFSET ( 1, 0, .AHEAD. ) ;
#3620 = UNCERTAINTY_MEASURE_WITH_UNIT (LENGTH_MEASURE( 1.000000000000000082E-05 ), #3769, 'distance_accuracy_value', 'NONE');
#3621 = ORIENTED_EDGE ( 'NONE', *, *, #2588, .T. ) ;
#3622 = EDGE_CURVE ( 'NONE', #3597, #2441, #1239, .T. ) ;
#3623 = CYLINDRICAL_SURFACE ( 'NONE', #201, 0.5000000000000000000 ) ;
#3624 = LINE ( 'NONE', #3947, #5465 ) ;
#3625 = VERTEX_POINT ( 'NONE', #1743 ) ;
#3626 = ORIENTED_EDGE ( 'NONE', *, *, #556, .T. ) ;
#3627 = DIRECTION ( 'NONE',  ( 0.000000000000000000, 1.000000000000000000, 0.000000000000000000 ) ) ;
#3628 = CARTESIAN_POINT ( 'NONE',  ( 0.000000000000000000, 0.000000000000000000, 0.000000000000000000 ) ) ;
#3629 = FACE_OUTER_BOUND ( 'NONE', #4139, .T. ) ;
#3630 = DATE_TIME_ROLE ( 'classification_date' ) ;
#3631 = DIRECTION ( 'NONE',  ( -2.168404344971010101E-16, 1.000000000000000000, 0.000000000000000000 ) ) ;
#3632 = ORIENTED_EDGE ( 'NONE', *, *, #388, .F. ) ;
#3633 = CYLINDRICAL_SURFACE ( 'NONE', #998, 0.5000000000000004441 ) ;
#3634 = ORIENTED_EDGE ( 'NONE', *, *, #1650, .F. ) ;
#3635 = VECTOR ( 'NONE', #5575, 1000.000000000000000 ) ;
#3636 = CARTESIAN_POINT ( 'NONE',  ( -2.350000000000000089, -2.000000000000000000, 3.000000000000000000 ) ) ;
#3637 = CARTESIAN_POINT ( 'NONE',  ( -88.00000000000000000, 2.500000000000000000, -2.500000000000000000 ) ) ;
#3638 = FACE_OUTER_BOUND ( 'NONE', #5690, .T. ) ;
#3639 = PERSON ( 'UNSPECIFIED', 'UNSPECIFIED', 'UNSPECIFIED', ('UNSPECIFIED'), ('UNSPECIFIED'), ('UNSPECIFIED') ) ;
#3640 = APPLICATION_PROTOCOL_DEFINITION ( 'international standard', 'config_control_design', 1994, #4036 ) ;
#3641 = COORDINATED_UNIVERSAL_TIME_OFFSET ( 1, 0, .AHEAD. ) ;
#3642 = ORIENTED_EDGE ( 'NONE', *, *, #1140, .T. ) ;
#3643 = CARTESIAN_POINT ( 'NONE',  ( 5.500000000000000000, 0.000000000000000000, 2.500000000000000000 ) ) ;
#3644 = LINE ( 'NONE', #2738, #4714 ) ;
#3645 = CARTESIAN_POINT ( 'NONE',  ( -94.00000000000000000, -2.500000000000000000, -5.000000000000000000 ) ) ;
#3646 = APPROVAL_ROLE ( '' ) ;
#3647 = VECTOR ( 'NONE', #2869, 1000.000000000000000 ) ;
#3648 = ORIENTED_EDGE ( 'NONE', *, *, #4130, .T. ) ;
#3649 = CARTESIAN_POINT ( 'NONE',  ( -6.000000000000000000, 2.500000000000000000, -3.000000000000000000 ) ) ;
#3650 = CARTESIAN_POINT ( 'NONE',  ( 6.000000000000000000, -6.379211070675430182E-16, 3.000000000000000000 ) ) ;
#3651 = EDGE_LOOP ( 'NONE', ( #5607, #1383 ) ) ;
#3652 = ORIENTED_EDGE ( 'NONE', *, *, #2622, .T. ) ;
#3653 = DIRECTION ( 'NONE',  ( 1.772003075187619906E-16, 1.000000000000000000, 0.000000000000000000 ) ) ;
#3654 = CC_DESIGN_PERSON_AND_ORGANIZATION_ASSIGNMENT ( #4450, #1154, ( #313 ) ) ;
#3655 = EDGE_CURVE ( 'NONE', #2310, #2032, #5771, .T. ) ;
#3656 = CARTESIAN_POINT ( 'NONE',  ( -5.500000000000000000, 2.500000000000000000, -2.500000000000000000 ) ) ;
#3657 = DATE_AND_TIME ( #4933, #5252 ) ;
#3658 = FACE_OUTER_BOUND ( 'NONE', #4479, .T. ) ;
#3659 = ORIENTED_EDGE ( 'NONE', *, *, #3250, .F. ) ;
#3660 = EDGE_LOOP ( 'NONE', ( #607, #307, #540, #937, #2075, #4985, #2751, #2960 ) ) ;
#3661 = AXIS2_PLACEMENT_3D ( 'NONE', #900, #454, #2284 ) ;
#3662 = EDGE_CURVE ( 'NONE', #4519, #5778, #2749, .T. ) ;
#3663 = DIRECTION ( 'NONE',  ( -1.000000000000000000, 1.747729060459019350E-16, 0.000000000000000000 ) ) ;
#3664 = VERTEX_POINT ( 'NONE', #3092 ) ;
#3665 = CARTESIAN_POINT ( 'NONE',  ( -10.71132486540517981, 2.500000000000000000, 3.000000000000000000 ) ) ;
#3666 = DIRECTION ( 'NONE',  ( 1.000000000000000000, 9.227252531791529091E-17, 0.000000000000000000 ) ) ;
#3667 = CIRCLE ( 'NONE', #3476, 1.250000000000000000 ) ;
#3668 = APPROVAL_STATUS ( 'not_yet_approved' ) ;
#3669 = AXIS2_PLACEMENT_3D ( 'NONE', #3677, #5538, #3290 ) ;
#3670 = PRODUCT_DEFINITION_SHAPE ( 'NONE', 'NONE',  #5819 ) ;
#3671 = ADVANCED_FACE ( 'NONE', ( #827 ), #2709, .T. ) ;
#3672 = APPROVAL_DATE_TIME ( #4999, #4663 ) ;
#3673 = ORIENTED_EDGE ( 'NONE', *, *, #3543, .F. ) ;
#3674 = DIRECTION ( 'NONE',  ( 0.000000000000000000, -1.000000000000000000, 0.000000000000000000 ) ) ;
#3675 = CIRCLE ( 'NONE', #3206, 0.5000000000000004441 ) ;
#3676 = CARTESIAN_POINT ( 'NONE',  ( -10.56698729810777948, 0.7500000000000000000, -3.000000000000000000 ) ) ;
#3677 = CARTESIAN_POINT ( 'NONE',  ( 0.000000000000000000, 2.500000000000000000, 0.000000000000000000 ) ) ;
#3678 = VECTOR ( 'NONE', #4712, 1000.000000000000000 ) ;
#3679 = CARTESIAN_POINT ( 'NONE',  ( 6.000000000000000000, -6.379211070675430182E-16, 3.000000000000000000 ) ) ;
#3680 = DATE_AND_TIME ( #3244, #2005 ) ;
#3681 = CIRCLE ( 'NONE', #2176, 0.9999999999999995559 ) ;
#3682 = ORIENTED_EDGE ( 'NONE', *, *, #3662, .T. ) ;
#3683 = DIRECTION ( 'NONE',  ( 0.000000000000000000, 0.000000000000000000, 1.000000000000000000 ) ) ;
#3684 = VECTOR ( 'NONE', #3711, 1000.000000000000000 ) ;
#3685 = ORIENTED_EDGE ( 'NONE', *, *, #4528, .F. ) ;
#3686 = ORIENTED_EDGE ( 'NONE', *, *, #350, .T. ) ;
#3687 = DIRECTION ( 'NONE',  ( 0.000000000000000000, 0.000000000000000000, -1.000000000000000000 ) ) ;
#3688 = AXIS2_PLACEMENT_3D ( 'NONE', #311, #1280, #3077 ) ;
#3689 = CC_DESIGN_PERSON_AND_ORGANIZATION_ASSIGNMENT ( #3070, #4095, ( #3163 ) ) ;
#3690 = SHAPE_REPRESENTATION_RELATIONSHIP ( 'NONE' , 'NONE' ,  #4500, #202 ) ;
#3691 = AXIS2_PLACEMENT_3D ( 'NONE', #3933, #3063, #845 ) ;
#3692 = CC_DESIGN_APPROVAL ( #3110, ( #2191 ) ) ;
#3693 = CARTESIAN_POINT ( 'NONE',  ( -2.350000000000000089, -4.814824860968089633E-32, 2.500000000000000000 ) ) ;
#3694 = SECURITY_CLASSIFICATION_LEVEL ( 'unclassified' ) ;
#3695 = CARTESIAN_POINT ( 'NONE',  ( -9.000000000000000000, -2.000000000000000000, 3.000000000000000000 ) ) ;
#3696 = ORIENTED_EDGE ( 'NONE', *, *, #5, .T. ) ;
#3697 = VERTEX_POINT ( 'NONE', #4414 ) ;
#3698 = EDGE_CURVE ( 'NONE', #3819, #4767, #3585, .T. ) ;
#3699 = LOCAL_TIME ( 10, 17, 39.00000000000000000, #2472 ) ;
#3700 = DIRECTION ( 'NONE',  ( -1.000000000000000000, -1.685467801206458333E-16, 0.000000000000000000 ) ) ;
#3701 = ORIENTED_EDGE ( 'NONE', *, *, #1213, .F. ) ;
#3702 = EDGE_CURVE ( 'NONE', #4217, #1657, #4529, .T. ) ;
#3703 = APPROVAL_PERSON_ORGANIZATION ( #2733, #4555, #2823 ) ;
#3704 = EDGE_CURVE ( 'NONE', #3615, #4630, #5562, .T. ) ;
#3705 = ORIENTED_EDGE ( 'NONE', *, *, #5653, .F. ) ;
#3706 = CARTESIAN_POINT ( 'NONE',  ( -10.13397459621556074, 0.5000000000000000000, -3.000000000000000000 ) ) ;
#3707 = AXIS2_PLACEMENT_3D ( 'NONE', #2543, #2454, #660 ) ;
#3708 = PERSON_AND_ORGANIZATION_ROLE ( 'classification_officer' ) ;
#3709 = DATE_AND_TIME ( #1496, #3498 ) ;
#3710 = ORIENTED_EDGE ( 'NONE', *, *, #4561, .T. ) ;
#3711 = DIRECTION ( 'NONE',  ( 1.000000000000000000, 1.191190382581905865E-16, 0.000000000000000000 ) ) ;
#3712 = DIRECTION ( 'NONE',  ( 2.168404344971010101E-16, 1.000000000000000000, 0.000000000000000000 ) ) ;
#3713 = DIRECTION ( 'NONE',  ( 0.000000000000000000, -1.000000000000000000, 0.000000000000000000 ) ) ;
#3714 = PERSON_AND_ORGANIZATION ( #3639, #409 ) ;
#3715 = ORIENTED_EDGE ( 'NONE', *, *, #4306, .F. ) ;
#3716 = DIRECTION ( 'NONE',  ( 0.000000000000000000, 0.000000000000000000, 1.000000000000000000 ) ) ;
#3717 = VERTEX_POINT ( 'NONE', #4883 ) ;
#3718 = CARTESIAN_POINT ( 'NONE',  ( 6.000000000000000000, 4.500000000000000000, 3.000000000000000000 ) ) ;
#3719 = CARTESIAN_POINT ( 'NONE',  ( -2.350000000000000089, -3.500000000000000000, -2.500000000000000000 ) ) ;
#3720 = CC_DESIGN_DATE_AND_TIME_ASSIGNMENT ( #670, #2250, ( #1246 ) ) ;
#3721 = APPROVAL_DATE_TIME ( #1960, #597 ) ;
#3722 = CYLINDRICAL_SURFACE ( 'NONE', #4327, 2.000000000000000888 ) ;
#3723 = VERTEX_POINT ( 'NONE', #3972 ) ;
#3724 = FACE_OUTER_BOUND ( 'NONE', #2577, .T. ) ;
#3725 = PRODUCT_DEFINITION_SHAPE ( 'NONE', 'NONE',  #5820 ) ;
#3726 = EDGE_CURVE ( 'NONE', #2327, #2931, #3527, .T. ) ;
#3727 = VERTEX_POINT ( 'NONE', #851 ) ;
#3728 = CARTESIAN_POINT ( 'NONE',  ( 88.00000000000000000, 2.500000000000000000, 2.500000000000000000 ) ) ;
#3729 = APPROVAL_DATE_TIME ( #4526, #5340 ) ;
#3730 = EDGE_CURVE ( 'NONE', #2807, #1635, #961, .T. ) ;
#3731 = ADVANCED_FACE ( 'NONE', ( #885 ), #4476, .T. ) ;
#3732 = APPROVAL_STATUS ( 'not_yet_approved' ) ;
#3733 = ORIENTED_EDGE ( 'NONE', *, *, #3655, .T. ) ;
#3734 = CARTESIAN_POINT ( 'NONE',  ( 1.899999999999999911, -2.000000000000000000, 3.000000000000000000 ) ) ;
#3735 = DIRECTION ( 'NONE',  ( 0.000000000000000000, 1.000000000000000000, 0.000000000000000000 ) ) ;
#3736 = CARTESIAN_POINT ( 'NONE',  ( -6.000000000000000000, -6.379211070675430182E-16, 3.000000000000000000 ) ) ;
#3737 = PERSON_AND_ORGANIZATION_ROLE ( 'design_supplier' ) ;
#3738 = ORIENTED_EDGE ( 'NONE', *, *, #2727, .T. ) ;
#3739 = LINE ( 'NONE', #1070, #3960 ) ;
#3740 = ORIENTED_EDGE ( 'NONE', *, *, #5789, .F. ) ;
#3741 = CARTESIAN_POINT ( 'NONE',  ( 4.229385241571814724, -9.629649721936179265E-32, 3.000000000000000000 ) ) ;
#3742 = ORGANIZATION ( 'NAUO-ORG11', 'UNSPECIFIED', 'UNSPECIFIED' ) ;
#3743 = LINE ( 'NONE', #1512, #2152 ) ;
#3744 = ADVANCED_FACE ( 'NONE', ( #3152 ), #2264, .T. ) ;
#3745 = DIRECTION ( 'NONE',  ( 0.000000000000000000, 1.000000000000000000, 0.000000000000000000 ) ) ;
#3746 = ORIENTED_EDGE ( 'NONE', *, *, #1613, .F. ) ;
#3747 = ORIENTED_EDGE ( 'NONE', *, *, #5746, .T. ) ;
#3748 = CARTESIAN_POINT ( 'NONE',  ( -6.000000000000000000, -6.379211070675430182E-16, 3.000000000000000000 ) ) ;
#3749 = DIRECTION ( 'NONE',  ( -1.000000000000000000, 0.000000000000000000, 0.000000000000000000 ) ) ;
#3750 = ORIENTED_EDGE ( 'NONE', *, *, #431, .F. ) ;
#3751 = DIRECTION ( 'NONE',  ( 0.000000000000000000, -1.000000000000000000, 0.000000000000000000 ) ) ;
#3752 = FACE_OUTER_BOUND ( 'NONE', #571, .T. ) ;
#3753 = APPROVAL ( #5590, 'UNSPECIFIED' ) ;
#3754 = CALENDAR_DATE ( 2025, 16, 6 ) ;
#3755 = CALENDAR_DATE ( 2025, 16, 6 ) ;
#3756 = CIRCLE ( 'NONE', #3288, 0.5000000000000000000 ) ;
#3757 = DIRECTION ( 'NONE',  ( 0.000000000000000000, 0.000000000000000000, 1.000000000000000000 ) ) ;
#3758 = EDGE_CURVE ( 'NONE', #340, #4707, #4244, .T. ) ;
#3759 = DIRECTION ( 'NONE',  ( 0.000000000000000000, 0.000000000000000000, -1.000000000000000000 ) ) ;
#3760 = VECTOR ( 'NONE', #3393, 1000.000000000000000 ) ;
#3761 = APPROVAL_STATUS ( 'not_yet_approved' ) ;
#3762 = EDGE_LOOP ( 'NONE', ( #2397, #4944, #4928, #4583 ) ) ;
#3763 = CARTESIAN_POINT ( 'NONE',  ( 6.000000000000000000, -6.379211070675430182E-16, 2.500000000000000000 ) ) ;
#3764 = AXIS2_PLACEMENT_3D ( 'NONE', #5643, #3407, #1533 ) ;
#3765 = ORIENTED_EDGE ( 'NONE', *, *, #2564, .F. ) ;
#3766 = ADVANCED_FACE ( 'NONE', ( #1384 ), #3179, .T. ) ;
#3767 = VECTOR ( 'NONE', #157, 1000.000000000000000 ) ;
#3768 = DIRECTION ( 'NONE',  ( 0.000000000000000000, 0.000000000000000000, 1.000000000000000000 ) ) ;
#3769 =( LENGTH_UNIT ( ) NAMED_UNIT ( * ) SI_UNIT ( .MILLI., .METRE. ) );
#3770 = VECTOR ( 'NONE', #63, 1000.000000000000000 ) ;
#3771 = VECTOR ( 'NONE', #1008, 1000.000000000000000 ) ;
#3772 = CARTESIAN_POINT ( 'NONE',  ( -5.500000000000000000, -5.493209533081619120E-16, 2.500000000000000000 ) ) ;
#3773 = CARTESIAN_POINT ( 'NONE',  ( 4.000000000000000000, -2.781021871990660059E-16, -3.000000000000000000 ) ) ;
#3774 = ORIENTED_EDGE ( 'NONE', *, *, #3338, .T. ) ;
#3775 = VECTOR ( 'NONE', #3513, 1000.000000000000000 ) ;
#3776 = CIRCLE ( 'NONE', #5294, 0.5000000000000000000 ) ;
#3777 = DIRECTION ( 'NONE',  ( -1.000000000000000000, -1.191190382581905865E-16, 0.000000000000000000 ) ) ;
#3778 = DIRECTION ( 'NONE',  ( 1.772003075187619906E-16, -1.000000000000000000, 0.000000000000000000 ) ) ;
#3779 = EDGE_CURVE ( 'NONE', #4267, #4034, #3217, .T. ) ;
#3780 = LOCAL_TIME ( 10, 17, 39.00000000000000000, #3540 ) ;
#3781 = AXIS2_PLACEMENT_3D ( 'NONE', #5182, #2915, #244 ) ;
#3782 = ORIENTED_EDGE ( 'NONE', *, *, #4699, .T. ) ;
#3783 = APPROVAL_PERSON_ORGANIZATION ( #3373, #3753, #3003 ) ;
#3784 = DIRECTION ( 'NONE',  ( 0.000000000000000000, 0.000000000000000000, -1.000000000000000000 ) ) ;
#3785 = CALENDAR_DATE ( 2025, 16, 6 ) ;
#3786 = CC_DESIGN_APPROVAL ( #3004, ( #5578 ) ) ;
#3787 = CC_DESIGN_PERSON_AND_ORGANIZATION_ASSIGNMENT ( #1344, #4509, ( #2191 ) ) ;
#3788 = FACE_OUTER_BOUND ( 'NONE', #2722, .T. ) ;
#3789 = LINE ( 'NONE', #3438, #4898 ) ;
#3790 = PERSON_AND_ORGANIZATION_ROLE ( 'creator' ) ;
#3791 = DESIGN_CONTEXT ( 'detailed design', #3104, 'design' ) ;
#3792 = VECTOR ( 'NONE', #4120, 1000.000000000000000 ) ;
#3793 = ORIENTED_EDGE ( 'NONE', *, *, #5708, .T. ) ;
#3794 = DIRECTION ( 'NONE',  ( 0.000000000000000000, 0.000000000000000000, -1.000000000000000000 ) ) ;
#3795 = EDGE_CURVE ( 'NONE', #5778, #4329, #2736, .T. ) ;
#3796 = ORIENTED_EDGE ( 'NONE', *, *, #4456, .T. ) ;
#3797 = DIRECTION ( 'NONE',  ( 0.000000000000000000, -1.000000000000000000, 0.000000000000000000 ) ) ;
#3798 = AXIS2_PLACEMENT_3D ( 'NONE', #5525, #4195, #4554 ) ;
#3799 = ADVANCED_FACE ( 'NONE', ( #152 ), #4179, .F. ) ;
#3800 = EDGE_LOOP ( 'NONE', ( #4785, #2048, #2793, #1127 ) ) ;
#3801 = CARTESIAN_POINT ( 'NONE',  ( 0.000000000000000000, -3.500000000000000000, 0.000000000000000000 ) ) ;
#3802 = CARTESIAN_POINT ( 'NONE',  ( -13.93301270189222052, 0.08397459621556110920, -3.000000000000000000 ) ) ;
#3803 = ORIENTED_EDGE ( 'NONE', *, *, #3986, .T. ) ;
#3804 = ORIENTED_EDGE ( 'NONE', *, *, #421, .T. ) ;
#3805 = CARTESIAN_POINT ( 'NONE',  ( -14.00000000000000000, -5.000000000000000000, 3.000000000000000000 ) ) ;
#3806 = LINE ( 'NONE', #4781, #518 ) ;
#3807 = CARTESIAN_POINT ( 'NONE',  ( 6.000000000000000000, -6.379211070675430182E-16, 3.000000000000000000 ) ) ;
#3808 = ORIENTED_EDGE ( 'NONE', *, *, #3704, .F. ) ;
#3809 = ORIENTED_EDGE ( 'NONE', *, *, #396, .T. ) ;
#3810 = LINE ( 'NONE', #2998, #870 ) ;
#3811 = APPROVAL_DATE_TIME ( #232, #5089 ) ;
#3812 = DATE_AND_TIME ( #1580, #1814 ) ;
#3813 = CARTESIAN_POINT ( 'NONE',  ( -5.500000000000000000, 2.500000000000000000, -2.500000000000000000 ) ) ;
#3814 = DIRECTION ( 'NONE',  ( 0.000000000000000000, -1.000000000000000000, 0.000000000000000000 ) ) ;
#3815 = COORDINATED_UNIVERSAL_TIME_OFFSET ( 1, 0, .AHEAD. ) ;
#3816 = ORIENTED_EDGE ( 'NONE', *, *, #3469, .F. ) ;
#3817 = FACE_BOUND ( 'NONE', #2784, .T. ) ;
#3819 = VERTEX_POINT ( 'NONE', #1829 ) ;
#3818 = AXIS2_PLACEMENT_3D ( 'NONE', #3979, #1804, #4925 ) ;
#3820 = DIRECTION ( 'NONE',  ( 1.000000000000000000, 9.227252531791529091E-17, 0.000000000000000000 ) ) ;
#3821 = DIRECTION ( 'NONE',  ( 1.000000000000000000, 0.000000000000000000, 0.000000000000000000 ) ) ;
#3822 = VERTEX_POINT ( 'NONE', #5059 ) ;
#3823 = DIRECTION ( 'NONE',  ( -1.000000000000000000, 0.000000000000000000, 0.000000000000000000 ) ) ;
#3824 = DIRECTION ( 'NONE',  ( -1.000000000000000000, 0.000000000000000000, 0.000000000000000000 ) ) ;
#3825 = EDGE_LOOP ( 'NONE', ( #2058, #2820, #2485, #4927 ) ) ;
#3826 = ORIENTED_EDGE ( 'NONE', *, *, #1317, .F. ) ;
#3827 = EDGE_CURVE ( 'NONE', #4211, #4882, #2774, .T. ) ;
#3828 = CARTESIAN_POINT ( 'NONE',  ( -4.500000000000000000, 2.500000000000000000, 3.000000000000000000 ) ) ;
#3829 = DIRECTION ( 'NONE',  ( 0.000000000000000000, -1.000000000000000000, 0.000000000000000000 ) ) ;
#3830 = EDGE_CURVE ( 'NONE', #1272, #2395, #2180, .T. ) ;
#3831 = CARTESIAN_POINT ( 'NONE',  ( -4.000000000000000000, 2.500000000000000000, 2.500000000000000000 ) ) ;
#3832 = DIRECTION ( 'NONE',  ( 0.000000000000000000, 0.000000000000000000, 1.000000000000000000 ) ) ;
#3833 = VERTEX_POINT ( 'NONE', #1062 ) ;
#3834 = ORIENTED_EDGE ( 'NONE', *, *, #1184, .F. ) ;
#3835 = DIRECTION ( 'NONE',  ( -1.000000000000000000, -1.772003075187619166E-16, 0.000000000000000000 ) ) ;
#3836 = PERSON_AND_ORGANIZATION ( #277, #2951 ) ;
#3837 = APPROVAL_STATUS ( 'not_yet_approved' ) ;
#3838 = CARTESIAN_POINT ( 'NONE',  ( -5.500000000000000000, 2.500000000000000000, 2.500000000000000000 ) ) ;
#3839 = CYLINDRICAL_SURFACE ( 'NONE', #4518, 0.9999999999999995559 ) ;
#3840 = VECTOR ( 'NONE', #1305, 1000.000000000000000 ) ;
#3841 = DATE_AND_TIME ( #1583, #3228 ) ;
#3842 = EDGE_CURVE ( 'NONE', #751, #121, #5476, .T. ) ;
#3843 = ORIENTED_EDGE ( 'NONE', *, *, #3976, .T. ) ;
#3844 = LINE ( 'NONE', #707, #5180 ) ;
#3845 = ORIENTED_EDGE ( 'NONE', *, *, #2523, .F. ) ;
#3846 = VECTOR ( 'NONE', #703, 1000.000000000000000 ) ;
#3847 = DIRECTION ( 'NONE',  ( -1.000000000000000000, 0.000000000000000000, 0.000000000000000000 ) ) ;
#3848 = DIRECTION ( 'NONE',  ( 1.000000000000000000, 0.000000000000000000, 0.000000000000000000 ) ) ;
#3849 = AXIS2_PLACEMENT_3D ( 'NONE', #1698, #815, #1256 ) ;
#3850 = VECTOR ( 'NONE', #205, 1000.000000000000000 ) ;
#3851 = EDGE_LOOP ( 'NONE', ( #2538, #346, #1585, #5333 ) ) ;
#3852 = DIRECTION ( 'NONE',  ( -1.000000000000000000, 0.000000000000000000, 0.000000000000000000 ) ) ;
#3853 = VECTOR ( 'NONE', #218, 1000.000000000000000 ) ;
#3854 = CARTESIAN_POINT ( 'NONE',  ( 0.000000000000000000, 3.000000000000000000, 0.000000000000000000 ) ) ;
#3855 = ORIENTED_EDGE ( 'NONE', *, *, #713, .F. ) ;
#3856 = ORIENTED_EDGE ( 'NONE', *, *, #2997, .T. ) ;
#3857 = CC_DESIGN_DATE_AND_TIME_ASSIGNMENT ( #620, #2977, ( #5014 ) ) ;
#3858 = CARTESIAN_POINT ( 'NONE',  ( 4.500000000000000000, -3.623755772593889841E-16, 2.500000000000000000 ) ) ;
#3859 = PRODUCT ( '25-06-03-usinageA_6mm', '25-06-03-usinageA_6mm', '', ( #510 ) ) ;
#3860 = DIRECTION ( 'NONE',  ( 0.000000000000000000, 0.000000000000000000, -1.000000000000000000 ) ) ;
#3861 = DIRECTION ( 'NONE',  ( 1.000000000000000000, -1.747729060459025020E-16, 0.000000000000000000 ) ) ;
#3862 = VECTOR ( 'NONE', #2888, 1000.000000000000000 ) ;
#3863 = AXIS2_PLACEMENT_3D ( 'NONE', #2528, #1209, #3006 ) ;
#3864 = DIRECTION ( 'NONE',  ( 0.000000000000000000, 0.000000000000000000, -1.000000000000000000 ) ) ;
#3865 = CARTESIAN_POINT ( 'NONE',  ( 6.000000000000000000, 2.500000000000000000, 3.000000000000000000 ) ) ;
#3866 = ORIENTED_EDGE ( 'NONE', *, *, #3268, .F. ) ;
#3867 = ORIENTED_EDGE ( 'NONE', *, *, #1501, .T. ) ;
#3868 = EDGE_CURVE ( 'NONE', #5659, #4167, #1477, .T. ) ;
#3869 = AXIS2_PLACEMENT_3D ( 'NONE', #4737, #351, #4790 ) ;
#3870 = ORGANIZATION ( 'NAUO-ORG8', 'UNSPECIFIED', 'UNSPECIFIED' ) ;
#3871 = DIRECTION ( 'NONE',  ( 0.000000000000000000, -1.000000000000000000, 0.000000000000000000 ) ) ;
#3872 = AXIS2_PLACEMENT_3D ( 'NONE', #2513, #3860, #4374 ) ;
#3873 = APPROVAL_DATE_TIME ( #727, #2494 ) ;
#3874 = EDGE_CURVE ( 'NONE', #1335, #4211, #938, .T. ) ;
#3875 = PERSON_AND_ORGANIZATION_ROLE ( 'classification_officer' ) ;
#3876 = CC_DESIGN_SECURITY_CLASSIFICATION ( #2467, ( #5823 ) ) ;
#3877 = EDGE_CURVE ( 'NONE', #5786, #2211, #4090, .T. ) ;
#3878 = DIRECTION ( 'NONE',  ( -1.000000000000000000, 0.000000000000000000, 0.000000000000000000 ) ) ;
#3879 = CARTESIAN_POINT ( 'NONE',  ( -4.229385241571814724, 0.000000000000000000, 3.000000000000000000 ) ) ;
#3880 = CALENDAR_DATE ( 2025, 16, 6 ) ;
#3881 = APPROVAL_PERSON_ORGANIZATION ( #5645, #4289, #1620 ) ;
#3882 = ORIENTED_EDGE ( 'NONE', *, *, #1499, .F. ) ;
#3883 = DIRECTION ( 'NONE',  ( -1.000000000000000000, 0.000000000000000000, 0.000000000000000000 ) ) ;
#3884 = CC_DESIGN_SECURITY_CLASSIFICATION ( #4074, ( #4549 ) ) ;
#3885 = VERTEX_POINT ( 'NONE', #5534 ) ;
#3886 = DIRECTION ( 'NONE',  ( 1.000000000000000000, -1.747729060459025020E-16, 0.000000000000000000 ) ) ;
#3887 = CARTESIAN_POINT ( 'NONE',  ( 0.000000000000000000, 0.000000000000000000, 0.000000000000000000 ) ) ;
#3888 = CIRCLE ( 'NONE', #2301, 1.000000000000000000 ) ;
#3889 = EDGE_LOOP ( 'NONE', ( #4893, #2603, #2291, #239 ) ) ;
#3890 = CARTESIAN_POINT ( 'NONE',  ( -2.350000000000000089, -4.814824860968089633E-32, 3.000000000000000000 ) ) ;
#3891 = LINE ( 'NONE', #775, #5742 ) ;
#3892 = ORIENTED_EDGE ( 'NONE', *, *, #1432, .T. ) ;
#3893 = ORIENTED_EDGE ( 'NONE', *, *, #2007, .T. ) ;
#3894 = DIRECTION ( 'NONE',  ( 0.000000000000000000, 1.000000000000000000, 0.000000000000000000 ) ) ;
#3895 = CIRCLE ( 'NONE', #4373, 0.5000000000000004441 ) ;
#3896 = DIRECTION ( 'NONE',  ( -1.000000000000000000, -1.685467801206458333E-16, 0.000000000000000000 ) ) ;
#3897 = LINE ( 'NONE', #191, #887 ) ;
#3898 = PRODUCT_RELATED_PRODUCT_CATEGORY ( 'detail', '', ( #5363 ) ) ;
#3899 = FACE_OUTER_BOUND ( 'NONE', #3099, .T. ) ;
#3900 = CARTESIAN_POINT ( 'NONE',  ( -14.00000000000000000, 3.000000000000000000, -3.000000000000000000 ) ) ;
#3901 = ORIENTED_EDGE ( 'NONE', *, *, #1577, .F. ) ;
#3902 = ORIENTED_EDGE ( 'NONE', *, *, #5438, .T. ) ;
#3903 = CARTESIAN_POINT ( 'NONE',  ( -1.850000000000000089, 8.427339006032289201E-17, 3.000000000000000000 ) ) ;
#3904 = PERSON_AND_ORGANIZATION ( #3639, #409 ) ;
#3905 = CONTEXT_DEPENDENT_SHAPE_REPRESENTATION ( #3400, #2838 ) ;
#3906 = EDGE_CURVE ( 'NONE', #2150, #5218, #4439, .T. ) ;
#3907 = DIRECTION ( 'NONE',  ( 1.000000000000000000, 0.000000000000000000, 0.000000000000000000 ) ) ;
#3908 = CARTESIAN_POINT ( 'NONE',  ( -6.000000000000000000, -6.379211070675430182E-16, 3.000000000000000000 ) ) ;
#3909 = CALENDAR_DATE ( 2025, 16, 6 ) ;
#3910 = EDGE_CURVE ( 'NONE', #2708, #5025, #1924, .T. ) ;
#3911 = ORIENTED_EDGE ( 'NONE', *, *, #3842, .T. ) ;
#3912 = DIRECTION ( 'NONE',  ( -1.685467801206459812E-16, 1.000000000000000000, 0.000000000000000000 ) ) ;
#3913 = ORIENTED_EDGE ( 'NONE', *, *, #4743, .T. ) ;
#3914 = CYLINDRICAL_SURFACE ( 'NONE', #1433, 1.000000000000000000 ) ;
#3915 = DIRECTION ( 'NONE',  ( 1.000000000000000000, 0.000000000000000000, 0.000000000000000000 ) ) ;
#3916 = ORIENTED_EDGE ( 'NONE', *, *, #368, .T. ) ;
#3917 = VECTOR ( 'NONE', #3046, 1000.000000000000000 ) ;
#3918 = CARTESIAN_POINT ( 'NONE',  ( -95.00000000000000000, 2.500000000000000000, -6.000000000000000000 ) ) ;
#3919 = DIRECTION ( 'NONE',  ( -1.000000000000000000, 0.000000000000000000, 0.000000000000000000 ) ) ;
#3920 = ORIENTED_EDGE ( 'NONE', *, *, #5692, .F. ) ;
#3921 = ORIENTED_EDGE ( 'NONE', *, *, #4827, .F. ) ;
#3922 = CARTESIAN_POINT ( 'NONE',  ( -2.350000000000000089, -4.814824860968089633E-32, -2.500000000000000000 ) ) ;
#3923 = ADVANCED_BREP_SHAPE_REPRESENTATION ( '', ( #246, #4351 ), #408 ) ;
#3924 = LINE ( 'NONE', #5254, #17 ) ;
#3925 = CARTESIAN_POINT ( 'NONE',  ( 2.399999999999999911, -4.814824860968089633E-32, 3.000000000000000000 ) ) ;
#3926 = EDGE_CURVE ( 'NONE', #2363, #3151, #4619, .T. ) ;
#3927 = CYLINDRICAL_SURFACE ( 'NONE', #3377, 0.5000000000000004441 ) ;
#3928 = LINE ( 'NONE', #3517, #3380 ) ;
#3929 = VERTEX_POINT ( 'NONE', #4116 ) ;
#3930 = ORIENTED_EDGE ( 'NONE', *, *, #2652, .F. ) ;
#3931 = CARTESIAN_POINT ( 'NONE',  ( -5.500000000000000000, 0.000000000000000000, 2.500000000000000000 ) ) ;
#3932 = APPROVAL ( #4444, 'UNSPECIFIED' ) ;
#3933 = CARTESIAN_POINT ( 'NONE',  ( -10.13397459621556074, 4.500000000000000000, -3.000000000000000000 ) ) ;
#3934 = DIRECTION ( 'NONE',  ( 0.000000000000000000, 1.000000000000000000, 0.000000000000000000 ) ) ;
#3935 = PERSON_AND_ORGANIZATION ( #3639, #409 ) ;
#3936 = ORIENTED_EDGE ( 'NONE', *, *, #5429, .T. ) ;
#3937 = CARTESIAN_POINT ( 'NONE',  ( 1.850000000000000089, -2.299999999999999822, 3.000000000000000000 ) ) ;
#3938 = EDGE_CURVE ( 'NONE', #835, #5258, #2540, .T. ) ;
#3939 = VECTOR ( 'NONE', #2103, 1000.000000000000000 ) ;
#3940 = CARTESIAN_POINT ( 'NONE',  ( 3.289692620785909849, -0.3420201433256724877, 3.000000000000000000 ) ) ;
#3941 = CARTESIAN_POINT ( 'NONE',  ( 2.445386431911028779, -12.13062298556227780, -2.168404344971008868E-16 ) ) ;
#3942 = SHAPE_REPRESENTATION ( 'rail_mobile_dessous_P_1.step', ( #4351 ), #1816 ) ;
#3943 = ADVANCED_FACE ( 'NONE', ( #3266, #591 ), #560, .F. ) ;
#3944 = ORIENTED_EDGE ( 'NONE', *, *, #4464, .F. ) ;
#3945 = EDGE_CURVE ( 'NONE', #1218, #2745, #3950, .T. ) ;
#3946 = CYLINDRICAL_SURFACE ( 'NONE', #1399, 1.000000000000000000 ) ;
#3947 = CARTESIAN_POINT ( 'NONE',  ( -2.399999999999999911, -2.407412430484044816E-32, 2.500000000000000000 ) ) ;
#3948 = EDGE_LOOP ( 'NONE', ( #1968, #2482, #3856, #5161 ) ) ;
#3949 = ORIENTED_EDGE ( 'NONE', *, *, #5788, .F. ) ;
#3950 = CIRCLE ( 'NONE', #755, 0.5000000000000004441 ) ;
#3951 = LINE ( 'NONE', #2541, #3285 ) ;
#3952 = CARTESIAN_POINT ( 'NONE',  ( -2.399999999999999911, -2.407412430484044816E-32, 2.500000000000000000 ) ) ;
#3953 = DIRECTION ( 'NONE',  ( -2.478176394252580155E-16, 1.000000000000000000, 0.000000000000000000 ) ) ;
#3954 = VECTOR ( 'NONE', #3713, 1000.000000000000000 ) ;
#3955 = AXIS2_PLACEMENT_3D ( 'NONE', #4976, #1838, #5748 ) ;
#3956 = CARTESIAN_POINT ( 'NONE',  ( -2.350000000000000089, -3.500000000000000000, -2.500000000000000000 ) ) ;
#3957 = CARTESIAN_POINT ( 'NONE',  ( 4.000000000000000000, 2.500000000000000000, -2.500000000000000000 ) ) ;
#3958 = ORIENTED_EDGE ( 'NONE', *, *, #1762, .F. ) ;
#3959 = AXIS2_PLACEMENT_3D ( 'NONE', #3665, #1002, #1753 ) ;
#3960 = VECTOR ( 'NONE', #944, 1000.000000000000000 ) ;
#3961 = DIRECTION ( 'NONE',  ( 0.000000000000000000, 1.000000000000000000, 0.000000000000000000 ) ) ;
#3962 = VECTOR ( 'NONE', #2598, 1000.000000000000000 ) ;
#3963 = VECTOR ( 'NONE', #4531, 1000.000000000000114 ) ;
#3964 = AXIS2_PLACEMENT_3D ( 'NONE', #1694, #2962, #1729 ) ;
#3965 = CYLINDRICAL_SURFACE ( 'NONE', #1438, 0.5000000000000000000 ) ;
#3966 = CARTESIAN_POINT ( 'NONE',  ( -1.850000000000000089, -2.000000000000000000, -2.500000000000000000 ) ) ;
#3967 = VECTOR ( 'NONE', #5382, 1000.000000000000000 ) ;
#3968 = APPROVAL_DATE_TIME ( #4496, #2532 ) ;
#3969 = CC_DESIGN_SECURITY_CLASSIFICATION ( #1246, ( #5825 ) ) ;
#3970 = CC_DESIGN_PERSON_AND_ORGANIZATION_ASSIGNMENT ( #1044, #3253, ( #5345 ) ) ;
#3971 = ORIENTED_EDGE ( 'NONE', *, *, #2741, .F. ) ;
#3972 = CARTESIAN_POINT ( 'NONE',  ( 6.000000000000000000, -6.379211070675430182E-16, 2.500000000000000000 ) ) ;
#3973 = CC_DESIGN_APPROVAL ( #886, ( #4070 ) ) ;
#3974 = DIRECTION ( 'NONE',  ( -1.000000000000000000, -1.747729060459025020E-16, 0.000000000000000000 ) ) ;
#3975 = PERSON_AND_ORGANIZATION_ROLE ( 'creator' ) ;
#3976 = EDGE_CURVE ( 'NONE', #5124, #3274, #4143, .T. ) ;
#3977 = LOCAL_TIME ( 10, 17, 39.00000000000000000, #1356 ) ;
#3978 = ORIENTED_EDGE ( 'NONE', *, *, #3472, .F. ) ;
#3979 = CARTESIAN_POINT ( 'NONE',  ( -2.350000000000000089, -4.814824860968089633E-32, 3.000000000000000000 ) ) ;
#3980 = DIRECTION ( 'NONE',  ( 0.000000000000000000, 0.000000000000000000, -1.000000000000000000 ) ) ;
#3981 = VERTEX_POINT ( 'NONE', #5727 ) ;
#3982 = ORIENTED_EDGE ( 'NONE', *, *, #5787, .F. ) ;
#3983 = CARTESIAN_POINT ( 'NONE',  ( 5.500000000000000000, -5.505346540445919644E-16, -3.000000000000000000 ) ) ;
#3984 = CIRCLE ( 'NONE', #2955, 0.5000000000000000000 ) ;
#3985 = DIRECTION ( 'NONE',  ( 0.000000000000000000, 0.000000000000000000, -1.000000000000000000 ) ) ;
#3986 = EDGE_CURVE ( 'NONE', #1606, #4388, #2641, .T. ) ;
#3987 = EDGE_CURVE ( 'NONE', #859, #2327, #2111, .T. ) ;
#3988 = CYLINDRICAL_SURFACE ( 'NONE', #3661, 1.000000000000000000 ) ;
#3989 = CARTESIAN_POINT ( 'NONE',  ( 0.000000000000000000, 3.000000000000000000, 0.000000000000000000 ) ) ;
#3990 = ORIENTED_EDGE ( 'NONE', *, *, #4019, .F. ) ;
#3991 = DIRECTION ( 'NONE',  ( -1.000000000000000000, 0.000000000000000000, 0.000000000000000000 ) ) ;
#3992 = EDGE_LOOP ( 'NONE', ( #984, #5462, #168, #1369 ) ) ;
#3993 = DIRECTION ( 'NONE',  ( -1.000000000000000000, 0.000000000000000000, 0.000000000000000000 ) ) ;
#3994 = CYLINDRICAL_SURFACE ( 'NONE', #854, 0.5000000000000000000 ) ;
#3995 = APPROVAL_DATE_TIME ( #2706, #269 ) ;
#3996 = EDGE_CURVE ( 'NONE', #1907, #1660, #3016, .T. ) ;
#3997 = VERTEX_POINT ( 'NONE', #1170 ) ;
#3998 = DIRECTION ( 'NONE',  ( 0.000000000000000000, 0.000000000000000000, 1.000000000000000000 ) ) ;
#3999 = EDGE_CURVE ( 'NONE', #247, #1300, #1605, .T. ) ;
#4000 = DIRECTION ( 'NONE',  ( 0.000000000000000000, 0.000000000000000000, -1.000000000000000000 ) ) ;
#4001 = APPROVAL_ROLE ( '' ) ;
#4002 =( REPRESENTATION_RELATIONSHIP ('NONE','NONE', #3114, #75 ) REPRESENTATION_RELATIONSHIP_WITH_TRANSFORMATION ( #5169 )SHAPE_REPRESENTATION_RELATIONSHIP( ) );
#4003 = ORIENTED_EDGE ( 'NONE', *, *, #2985, .F. ) ;
#4004 = CARTESIAN_POINT ( 'NONE',  ( 5.500000000000000000, -6.379211070675430182E-16, -2.500000000000000000 ) ) ;
#4005 = FACE_OUTER_BOUND ( 'NONE', #147, .T. ) ;
#4006 = ORIENTED_EDGE ( 'NONE', *, *, #33, .F. ) ;
#4007 = ORIENTED_EDGE ( 'NONE', *, *, #1472, .T. ) ;
#4008 = CARTESIAN_POINT ( 'NONE',  ( -5.500000000000000000, 2.500000000000000000, 3.000000000000000000 ) ) ;
#4009 = PRODUCT_RELATED_PRODUCT_CATEGORY ( 'detail', '', ( #1377 ) ) ;
#4010 = FACE_OUTER_BOUND ( 'NONE', #4990, .T. ) ;
#4011 = CARTESIAN_POINT ( 'NONE',  ( -5.500000000000000000, 2.500000000000000000, 2.500000000000000000 ) ) ;
#4012 = SECURITY_CLASSIFICATION_LEVEL ( 'unclassified' ) ;
#4013 = CARTESIAN_POINT ( 'NONE',  ( -6.000000000000000000, -6.379211070675430182E-16, -3.000000000000000000 ) ) ;
#4014 = APPROVAL ( #1834, 'UNSPECIFIED' ) ;
#4015 = ORIENTED_EDGE ( 'NONE', *, *, #130, .T. ) ;
#4016 = ADVANCED_FACE ( 'NONE', ( #174 ), #2517, .F. ) ;
#4017 = CARTESIAN_POINT ( 'NONE',  ( -4.500000000000000000, 2.500000000000000000, 3.000000000000000000 ) ) ;
#4018 = EDGE_LOOP ( 'NONE', ( #5625, #4454, #230, #4311 ) ) ;
#4019 = EDGE_CURVE ( 'NONE', #4292, #5577, #4818, .T. ) ;
#4020 = EDGE_CURVE ( 'NONE', #4290, #4300, #4981, .T. ) ;
#4021 = LINE ( 'NONE', #1763, #1059 ) ;
#4022 = DIRECTION ( 'NONE',  ( 0.000000000000000000, -1.000000000000000000, 0.000000000000000000 ) ) ;
#4023 = APPROVAL_ROLE ( '' ) ;
#4024 = ORIENTED_EDGE ( 'NONE', *, *, #4987, .T. ) ;
#4025 = LINE ( 'NONE', #5713, #5651 ) ;
#4026 = EDGE_CURVE ( 'NONE', #864, #735, #1643, .T. ) ;
#4027 = FACE_OUTER_BOUND ( 'NONE', #2735, .T. ) ;
#4028 = ADVANCED_FACE ( 'NONE', ( #4654 ), #3055, .T. ) ;
#4029 = DATE_TIME_ROLE ( 'creation_date' ) ;
#4030 = EDGE_LOOP ( 'NONE', ( #3642, #71, #1158, #3095, #2421, #2930, #4539, #4778 ) ) ;
#4031 = CARTESIAN_POINT ( 'NONE',  ( 5.500000000000000000, -5.505346540445919644E-16, 3.000000000000000000 ) ) ;
#4032 = DIRECTION ( 'NONE',  ( 1.000000000000000000, 1.772003075187619906E-16, 0.000000000000000000 ) ) ;
#4033 = ORIENTED_EDGE ( 'NONE', *, *, #1288, .F. ) ;
#4034 = VERTEX_POINT ( 'NONE', #785 ) ;
#4035 = PLANE ( 'NONE',  #1709 ) ;
#4036 = APPLICATION_CONTEXT ( 'configuration controlled 3d designs of mechanical parts and assemblies' ) ;
#4037 = DIRECTION ( 'NONE',  ( 1.000000000000000000, 0.000000000000000000, 0.000000000000000000 ) ) ;
#4038 = LINE ( 'NONE', #4982, #5635 ) ;
#4039 = APPROVAL ( #3401, 'UNKNOWN' ) ;
#4040 = PERSON_AND_ORGANIZATION_ROLE ( 'classification_officer' ) ;
#4041 = FACE_OUTER_BOUND ( 'NONE', #3026, .T. ) ;
#4042 = VERTEX_POINT ( 'NONE', #5257 ) ;
#4043 = AXIS2_PLACEMENT_3D ( 'NONE', #3989, #3139, #4902 ) ;
#4044 = VECTOR ( 'NONE', #1419, 1000.000000000000000 ) ;
#4045 = DIRECTION ( 'NONE',  ( 0.000000000000000000, 0.000000000000000000, 1.000000000000000000 ) ) ;
#4046 = PRODUCT_DEFINITION_SHAPE ( 'NONE', 'NONE',  #5824 ) ;
#4047 = AXIS2_PLACEMENT_3D ( 'NONE', #4750, #2920, #1566 ) ;
#4048 = EDGE_CURVE ( 'NONE', #5025, #1350, #2731, .T. ) ;
#4050 = ORIENTED_EDGE ( 'NONE', *, *, #2900, .F. ) ;
#4049 = CIRCLE ( 'NONE', #1609, 0.5000000000000002220 ) ;
#4051 = CARTESIAN_POINT ( 'NONE',  ( 1.850000000000000089, 8.427339006032289201E-17, -3.000000000000000000 ) ) ;
#4052 = VECTOR ( 'NONE', #2341, 1000.000000000000000 ) ;
#4053 = AXIS2_PLACEMENT_3D ( 'NONE', #4455, #4480, #423 ) ;
#4054 = DIRECTION ( 'NONE',  ( -1.747729060459025020E-16, 1.000000000000000000, 0.000000000000000000 ) ) ;
#4055 = LINE ( 'NONE', #2732, #1914 ) ;
#4056 = DATE_TIME_ROLE ( 'creation_date' ) ;
#4057 = EDGE_CURVE ( 'NONE', #4089, #5749, #315, .T. ) ;
#4058 = AXIS2_PLACEMENT_3D ( 'NONE', #2303, #4418, #5355 ) ;
#4059 = AXIS2_PLACEMENT_3D ( 'NONE', #4589, #1950, #2300 ) ;
#4060 = ORIENTED_EDGE ( 'NONE', *, *, #1508, .F. ) ;
#4061 = CARTESIAN_POINT ( 'NONE',  ( 1.899999999999999911, -1.500000000000000000, 3.000000000000000000 ) ) ;
#4062 = CIRCLE ( 'NONE', #681, 0.5000000000000000000 ) ;
#4063 = CARTESIAN_POINT ( 'NONE',  ( -1.899999999999999911, -3.500000000000000000, 3.000000000000000000 ) ) ;
#4064 = PERSON_AND_ORGANIZATION ( #3639, #409 ) ;
#4065 = LOCAL_TIME ( 10, 17, 39.00000000000000000, #3641 ) ;
#4066 =( GEOMETRIC_REPRESENTATION_CONTEXT ( 3 ) GLOBAL_UNCERTAINTY_ASSIGNED_CONTEXT ( ( #1559 ) ) GLOBAL_UNIT_ASSIGNED_CONTEXT ( ( #603, #5572, #991 ) ) REPRESENTATION_CONTEXT ( 'NONE', 'WORKASPACE' ) );
#4067 = EDGE_LOOP ( 'NONE', ( #1492, #274, #306, #2373 ) ) ;
#4068 = LINE ( 'NONE', #38, #2649 ) ;
#4069 = CARTESIAN_POINT ( 'NONE',  ( -5.500000000000000000, 2.500000000000000000, -3.000000000000000000 ) ) ;
#4070 = SECURITY_CLASSIFICATION ( '', '', #5093 ) ;
#4071 = ORIENTED_EDGE ( 'NONE', *, *, #1569, .F. ) ;
#4072 = VERTEX_POINT ( 'NONE', #3484 ) ;
#4073 = DIRECTION ( 'NONE',  ( -1.000000000000000000, 0.000000000000000000, 0.000000000000000000 ) ) ;
#4074 = SECURITY_CLASSIFICATION ( '', '', #149 ) ;
#4075 = DIRECTION ( 'NONE',  ( 0.000000000000000000, 0.000000000000000000, 1.000000000000000000 ) ) ;
#4076 = DATE_AND_TIME ( #4487, #4407 ) ;
#4077 = LINE ( 'NONE', #4434, #2168 ) ;
#4078 = ORIENTED_EDGE ( 'NONE', *, *, #3126, .T. ) ;
#4079 = ORGANIZATION ( 'NAUO-ORG2', 'UNSPECIFIED', 'UNSPECIFIED' ) ;
#4080 = CARTESIAN_POINT ( 'NONE',  ( -1.850000000000000089, -2.799999999999999822, -3.000000000000000000 ) ) ;
#4081 = AXIS2_PLACEMENT_3D ( 'NONE', #4305, #1639, #1107 ) ;
#4082 = VERTEX_POINT ( 'NONE', #5228 ) ;
#4083 = LINE ( 'NONE', #3636, #1991 ) ;
#4084 = LINE ( 'NONE', #3637, #4913 ) ;
#4085 = FACE_OUTER_BOUND ( 'NONE', #4661, .T. ) ;
#4086 = VECTOR ( 'NONE', #2589, 1000.000000000000000 ) ;
#4087 = PERSON_AND_ORGANIZATION ( #3639, #409 ) ;
#4088 = DATE_TIME_ROLE ( 'classification_date' ) ;
#4089 = VERTEX_POINT ( 'NONE', #345 ) ;
#4090 = LINE ( 'NONE', #5088, #3304 ) ;
#4091 = ADVANCED_FACE ( 'NONE', ( #1197 ), #2994, .F. ) ;
#4092 = LINE ( 'NONE', #382, #5179 ) ;
#4093 = ADVANCED_FACE ( 'NONE', ( #1670, #3024 ), #750, .F. ) ;
#4094 = DIRECTION ( 'NONE',  ( 0.000000000000000000, 0.000000000000000000, -1.000000000000000000 ) ) ;
#4095 = PERSON_AND_ORGANIZATION_ROLE ( 'design_owner' ) ;
#4096 = EDGE_LOOP ( 'NONE', ( #4007, #3326 ) ) ;
#4097 = CARTESIAN_POINT ( 'NONE',  ( 0.000000000000000000, 2.500000000000000000, 0.000000000000000000 ) ) ;
#4098 = DIRECTION ( 'NONE',  ( 0.000000000000000000, 1.000000000000000000, 0.000000000000000000 ) ) ;
#4099 = EDGE_LOOP ( 'NONE', ( #740, #2887, #4511, #1993 ) ) ;
#4100 = EDGE_LOOP ( 'NONE', ( #98, #1808, #2519, #3796, #2474, #1681, #3746, #79 ) ) ;
#4101 = CARTESIAN_POINT ( 'NONE',  ( 6.000000000000000000, -6.379211070675430182E-16, -3.000000000000000000 ) ) ;
#4102 = PLANE ( 'NONE',  #5758 ) ;
#4103 = DIRECTION ( 'NONE',  ( 0.000000000000000000, 1.000000000000000000, 0.000000000000000000 ) ) ;
#4104 = DATE_TIME_ROLE ( 'classification_date' ) ;
#4105 = CARTESIAN_POINT ( 'NONE',  ( -95.00000000000000000, 2.500000000000000000, 5.000000000000000000 ) ) ;
#4106 = ORIENTED_EDGE ( 'NONE', *, *, #2384, .F. ) ;
#4107 = FACE_OUTER_BOUND ( 'NONE', #437, .T. ) ;
#4108 = EDGE_CURVE ( 'NONE', #2826, #3133, #3928, .T. ) ;
#4109 = ORIENTED_EDGE ( 'NONE', *, *, #295, .T. ) ;
#4110 = AXIS2_PLACEMENT_3D ( 'NONE', #4368, #4298, #5219 ) ;
#4111 = FACE_OUTER_BOUND ( 'NONE', #2317, .T. ) ;
#4112 = CARTESIAN_POINT ( 'NONE',  ( -1.850000000000000089, 8.738645302295110311E-17, 2.500000000000000000 ) ) ;
#4113 = APPROVAL_DATE_TIME ( #5031, #1278 ) ;
#4114 = DATE_AND_TIME ( #2879, #4065 ) ;
#4115 = ORIENTED_EDGE ( 'NONE', *, *, #3588, .T. ) ;
#4116 = CARTESIAN_POINT ( 'NONE',  ( 0.000000000000000000, 2.500000000000000000, 1.250000000000000000 ) ) ;
#4117 = APPROVAL ( #5211, 'UNSPECIFIED' ) ;
#4118 = LINE ( 'NONE', #5482, #966 ) ;
#4119 = FACE_OUTER_BOUND ( 'NONE', #4030, .T. ) ;
#4120 = DIRECTION ( 'NONE',  ( 1.000000000000000000, 9.227252531791529091E-17, 0.000000000000000000 ) ) ;
#4121 = CALENDAR_DATE ( 2025, 16, 6 ) ;
#4122 = ORIENTED_EDGE ( 'NONE', *, *, #2118, .F. ) ;
#4123 = CARTESIAN_POINT ( 'NONE',  ( 0.000000000000000000, -2.000000000000000000, 0.000000000000000000 ) ) ;
#4124 = EDGE_CURVE ( 'NONE', #355, #3066, #3756, .T. ) ;
#4125 = EDGE_LOOP ( 'NONE', ( #1378, #3387, #4192, #1700 ) ) ;
#4126 = ORIENTED_EDGE ( 'NONE', *, *, #890, .F. ) ;
#4127 = CARTESIAN_POINT ( 'NONE',  ( -4.500000000000000000, -3.623755772593889841E-16, 3.000000000000000000 ) ) ;
#4128 =( NAMED_UNIT ( * ) PLANE_ANGLE_UNIT ( ) SI_UNIT ( $, .RADIAN. ) );
#4129 = EDGE_CURVE ( 'NONE', #2658, #4191, #902, .T. ) ;
#4130 = EDGE_CURVE ( 'NONE', #3140, #5436, #4426, .T. ) ;
#4131 = CARTESIAN_POINT ( 'NONE',  ( -1.850000000000000089, 8.738645302295120172E-17, 2.500000000000000000 ) ) ;
#4132 = CONTEXT_DEPENDENT_SHAPE_REPRESENTATION ( #2910, #159 ) ;
#4133 = CARTESIAN_POINT ( 'NONE',  ( -5.500000000000000000, 0.000000000000000000, 2.500000000000000000 ) ) ;
#4134 = ORIENTED_EDGE ( 'NONE', *, *, #2800, .F. ) ;
#4135 = VERTEX_POINT ( 'NONE', #1307 ) ;
#4136 = EDGE_CURVE ( 'NONE', #4959, #1564, #2229, .T. ) ;
#4137 = CIRCLE ( 'NONE', #3102, 0.5000000000000000000 ) ;
#4138 = LINE ( 'NONE', #1400, #2021 ) ;
#4139 = EDGE_LOOP ( 'NONE', ( #4489, #3204, #5080, #3414 ) ) ;
#4140 = ORIENTED_EDGE ( 'NONE', *, *, #5226, .T. ) ;
#4141 = VECTOR ( 'NONE', #2304, 1000.000000000000000 ) ;
#4142 = LINE ( 'NONE', #1919, #125 ) ;
#4143 = CIRCLE ( 'NONE', #1603, 2.500000000000000000 ) ;
#4144 = PERSON_AND_ORGANIZATION ( #3639, #409 ) ;
#4145 = AXIS2_PLACEMENT_3D ( 'NONE', #2615, #1740, #1678 ) ;
#4146 = PRODUCT_DEFINITION_SHAPE ( 'NONE', 'NONE',  #5828 ) ;
#4147 = CALENDAR_DATE ( 2025, 16, 6 ) ;
#4148 = ORIENTED_EDGE ( 'NONE', *, *, #4227, .F. ) ;
#4149 = DIRECTION ( 'NONE',  ( 0.000000000000000000, 1.000000000000000000, 0.000000000000000000 ) ) ;
#4150 = DIRECTION ( 'NONE',  ( 0.000000000000000000, 0.000000000000000000, -1.000000000000000000 ) ) ;
#4151 = DIRECTION ( 'NONE',  ( 0.000000000000000000, -1.000000000000000000, 0.000000000000000000 ) ) ;
#4152 = CALENDAR_DATE ( 2025, 16, 6 ) ;
#4153 = AXIS2_PLACEMENT_3D ( 'NONE', #448, #1330, #3130 ) ;
#4154 = CC_DESIGN_DATE_AND_TIME_ASSIGNMENT ( #1142, #2027, ( #596 ) ) ;
#4155 = EDGE_LOOP ( 'NONE', ( #5250, #5405, #4033, #94 ) ) ;
#4156 = DIRECTION ( 'NONE',  ( 0.000000000000000000, 0.000000000000000000, -1.000000000000000000 ) ) ;
#4157 = VECTOR ( 'NONE', #4286, 1000.000000000000000 ) ;
#4158 = VERTEX_POINT ( 'NONE', #4934 ) ;
#4159 = DIRECTION ( 'NONE',  ( 0.000000000000000000, 0.000000000000000000, -1.000000000000000000 ) ) ;
#4160 = VECTOR ( 'NONE', #2970, 1000.000000000000000 ) ;
#4161 =( LENGTH_UNIT ( ) NAMED_UNIT ( * ) SI_UNIT ( .MILLI., .METRE. ) );
#4162 = EDGE_CURVE ( 'NONE', #5778, #5108, #2636, .T. ) ;
#4163 = AXIS2_PLACEMENT_3D ( 'NONE', #2795, #4648, #169 ) ;
#4164 = LOCAL_TIME ( 10, 17, 39.00000000000000000, #2000 ) ;
#4165 = CARTESIAN_POINT ( 'NONE',  ( 2.350000000000000089, -9.629649721936179265E-32, -2.500000000000000000 ) ) ;
#4166 = DIRECTION ( 'NONE',  ( 1.747729060459019844E-16, -1.000000000000000000, 0.000000000000000000 ) ) ;
#4167 = VERTEX_POINT ( 'NONE', #872 ) ;
#4168 = ADVANCED_FACE ( 'NONE', ( #927 ), #5812, .F. ) ;
#4169 = LOCAL_TIME ( 10, 17, 39.00000000000000000, #2742 ) ;
#4170 = FACE_OUTER_BOUND ( 'NONE', #2810, .T. ) ;
#4171 = EDGE_CURVE ( 'NONE', #1712, #4197, #434, .T. ) ;
#4172 = APPROVAL_PERSON_ORGANIZATION ( #5232, #3004, #198 ) ;
#4173 = PLANE ( 'NONE',  #2455 ) ;
#4174 = PLANE ( 'NONE',  #5003 ) ;
#4175 = VECTOR ( 'NONE', #2963, 1000.000000000000000 ) ;
#4176 = COORDINATED_UNIVERSAL_TIME_OFFSET ( 1, 0, .AHEAD. ) ;
#4177 = COORDINATED_UNIVERSAL_TIME_OFFSET ( 1, 0, .AHEAD. ) ;
#4178 = ORIENTED_EDGE ( 'NONE', *, *, #637, .F. ) ;
#4179 = PLANE ( 'NONE',  #491 ) ;
#4180 = AXIS2_PLACEMENT_3D ( 'NONE', #4875, #4906, #4045 ) ;
#4181 = DIRECTION ( 'NONE',  ( 0.000000000000000000, 1.000000000000000000, 0.000000000000000000 ) ) ;
#4182 = DIRECTION ( 'NONE',  ( 0.000000000000000000, 0.000000000000000000, 1.000000000000000000 ) ) ;
#4183 = CALENDAR_DATE ( 2025, 16, 6 ) ;
#4184 = ADVANCED_FACE ( 'NONE', ( #3567 ), #3193, .F. ) ;
#4185 = EDGE_LOOP ( 'NONE', ( #5633, #613 ) ) ;
#4186 = DIRECTION ( 'NONE',  ( 2.478176394252580155E-16, -1.000000000000000000, 0.000000000000000000 ) ) ;
#4187 = VERTEX_POINT ( 'NONE', #5372 ) ;
#4188 = CARTESIAN_POINT ( 'NONE',  ( 6.000000000000000000, -6.379211070675430182E-16, 2.500000000000000000 ) ) ;
#4189 = DIRECTION ( 'NONE',  ( 0.000000000000000000, 0.000000000000000000, -1.000000000000000000 ) ) ;
#4190 = DIRECTION ( 'NONE',  ( -1.000000000000000000, 0.000000000000000000, 0.000000000000000000 ) ) ;
#4191 = VERTEX_POINT ( 'NONE', #2251 ) ;
#4192 = ORIENTED_EDGE ( 'NONE', *, *, #2964, .T. ) ;
#4193 = CC_DESIGN_PERSON_AND_ORGANIZATION_ASSIGNMENT ( #4569, #1066, ( #2640 ) ) ;
#4194 = DIRECTION ( 'NONE',  ( -1.000000000000000000, 1.772003075187617934E-16, 0.000000000000000000 ) ) ;
#4195 = DIRECTION ( 'NONE',  ( -1.747729060459019844E-16, -1.000000000000000000, 0.000000000000000000 ) ) ;
#4196 = ADVANCED_FACE ( 'NONE', ( #4041 ), #1397, .T. ) ;
#4197 = VERTEX_POINT ( 'NONE', #840 ) ;
#4198 = EDGE_CURVE ( 'NONE', #4197, #4553, #2259, .T. ) ;
#4199 = DIRECTION ( 'NONE',  ( -1.000000000000000000, -1.747729060459025020E-16, 0.000000000000000000 ) ) ;
#4200 = CALENDAR_DATE ( 2025, 16, 6 ) ;
#4201 = ADVANCED_FACE ( 'NONE', ( #3658 ), #2721, .F. ) ;
#4202 = AXIS2_PLACEMENT_3D ( 'NONE', #2157, #5745, #3508 ) ;
#4203 = EDGE_CURVE ( 'NONE', #2211, #2049, #4077, .T. ) ;
#4204 = APPROVAL_ROLE ( '' ) ;
#4205 = DIRECTION ( 'NONE',  ( 0.000000000000000000, 0.000000000000000000, -1.000000000000000000 ) ) ;
#4206 = FACE_OUTER_BOUND ( 'NONE', #1334, .T. ) ;
#4207 = FACE_BOUND ( 'NONE', #1683, .T. ) ;
#4208 = DATE_AND_TIME ( #4152, #5672 ) ;
#4209 = VERTEX_POINT ( 'NONE', #49 ) ;
#4210 = DIRECTION ( 'NONE',  ( 1.747729060459019844E-16, -1.000000000000000000, 0.000000000000000000 ) ) ;
#4211 = VERTEX_POINT ( 'NONE', #1845 ) ;
#4212 = EDGE_CURVE ( 'NONE', #3470, #2893, #3667, .T. ) ;
#4213 = LINE ( 'NONE', #3741, #3853 ) ;
#4214 = ORGANIZATION ( 'NAUO-ORG12', 'UNSPECIFIED', 'UNSPECIFIED' ) ;
#4215 = CARTESIAN_POINT ( 'NONE',  ( -6.000000000000000000, -6.379211070675430182E-16, 3.000000000000000000 ) ) ;
#4216 = DIRECTION ( 'NONE',  ( -1.000000000000000000, -2.168404344971010840E-16, 0.000000000000000000 ) ) ;
#4217 = VERTEX_POINT ( 'NONE', #4105 ) ;
#4218 = ORIENTED_EDGE ( 'NONE', *, *, #3779, .F. ) ;
#4219 = CARTESIAN_POINT ( 'NONE',  ( 1.530808498934190091E-16, 3.000000000000000000, -1.250000000000000000 ) ) ;
#4220 = LINE ( 'NONE', #2992, #2394 ) ;
#4221 = CC_DESIGN_PERSON_AND_ORGANIZATION_ASSIGNMENT ( #4285, #5206, ( #2467 ) ) ;
#4222 = ORIENTED_EDGE ( 'NONE', *, *, #1139, .F. ) ;
#4223 = VECTOR ( 'NONE', #3079, 1000.000000000000000 ) ;
#4224 = CARTESIAN_POINT ( 'NONE',  ( -2.399999999999999911, -4.814824860968089633E-32, 3.000000000000000000 ) ) ;
#4225 = APPLICATION_CONTEXT ( 'configuration controlled 3d designs of mechanical parts and assemblies' ) ;
#4226 = COORDINATED_UNIVERSAL_TIME_OFFSET ( 1, 0, .AHEAD. ) ;
#4227 = EDGE_CURVE ( 'NONE', #1416, #404, #5641, .T. ) ;
#4228 = CALENDAR_DATE ( 2025, 16, 6 ) ;
#4229 = AXIS2_PLACEMENT_3D ( 'NONE', #995, #3745, #2346 ) ;
#4230 = EDGE_CURVE ( 'NONE', #4255, #5786, #78, .T. ) ;
#4231 = DIRECTION ( 'NONE',  ( -1.772003075187619906E-16, 1.000000000000000000, 0.000000000000000000 ) ) ;
#4232 = LINE ( 'NONE', #760, #3850 ) ;
#4233 = AXIS2_PLACEMENT_3D ( 'NONE', #5063, #4592, #2776 ) ;
#4234 = COORDINATED_UNIVERSAL_TIME_OFFSET ( 1, 0, .AHEAD. ) ;
#4235 = VECTOR ( 'NONE', #1245, 1000.000000000000000 ) ;
#4236 = ADVANCED_FACE ( 'NONE', ( #4873 ), #403, .T. ) ;
#4237 = ORIENTED_EDGE ( 'NONE', *, *, #3779, .T. ) ;
#4238 = CARTESIAN_POINT ( 'NONE',  ( 1.899999999999999911, -3.500000000000000000, -3.000000000000000000 ) ) ;
#4239 = ORIENTED_EDGE ( 'NONE', *, *, #1544, .F. ) ;
#4240 = VECTOR ( 'NONE', #3173, 1000.000000000000000 ) ;
#4241 = VECTOR ( 'NONE', #2008, 1000.000000000000000 ) ;
#4242 = CARTESIAN_POINT ( 'NONE',  ( 1.850000000000000089, -3.500000000000000000, -2.500000000000000000 ) ) ;
#4243 = VECTOR ( 'NONE', #1185, 1000.000000000000000 ) ;
#4244 = CIRCLE ( 'NONE', #1714, 1.250000000000000000 ) ;
#4245 = ORIENTED_EDGE ( 'NONE', *, *, #5783, .T. ) ;
#4246 = DIRECTION ( 'NONE',  ( -1.000000000000000000, 0.000000000000000000, 0.000000000000000000 ) ) ;
#4247 = CARTESIAN_POINT ( 'NONE',  ( 5.500000000000000000, -5.505346540445919644E-16, 3.000000000000000000 ) ) ;
#4248 = ORIENTED_EDGE ( 'NONE', *, *, #4198, .F. ) ;
#4249 = ORIENTED_EDGE ( 'NONE', *, *, #1055, .T. ) ;
#4250 = AXIS2_PLACEMENT_3D ( 'NONE', #3426, #1638, #3051 ) ;
#4251 = VECTOR ( 'NONE', #585, 1000.000000000000000 ) ;
#4252 = CARTESIAN_POINT ( 'NONE',  ( 6.000000000000000000, 2.500000000000000000, -2.500000000000000000 ) ) ;
#4253 = FACE_OUTER_BOUND ( 'NONE', #5510, .T. ) ;
#4254 = LOCAL_TIME ( 10, 17, 39.00000000000000000, #2556 ) ;
#4255 = VERTEX_POINT ( 'NONE', #4247 ) ;
#4256 = ORIENTED_EDGE ( 'NONE', *, *, #2078, .F. ) ;
#4257 = PRODUCT_DEFINITION_FORMATION_WITH_SPECIFIED_SOURCE ( 'ANY', '', #2640, .NOT_KNOWN. ) ;
#4258 = CYLINDRICAL_SURFACE ( 'NONE', #2936, 0.5000000000000000000 ) ;
#4259 = APPROVAL_PERSON_ORGANIZATION ( #3408, #4117, #2563 ) ;
#4260 = APPROVAL_STATUS ( 'not_yet_approved' ) ;
#4261 = CARTESIAN_POINT ( 'NONE',  ( 2.399999999999999911, -4.814824860968089633E-32, 3.000000000000000000 ) ) ;
#4262 = DIRECTION ( 'NONE',  ( -1.000000000000000000, 0.000000000000000000, 0.000000000000000000 ) ) ;
#4263 = DATE_AND_TIME ( #3909, #973 ) ;
#4264 = ORIENTED_EDGE ( 'NONE', *, *, #4198, .T. ) ;
#4265 = EDGE_CURVE ( 'NONE', #5303, #151, #548, .T. ) ;
#4266 = LINE ( 'NONE', #2033, #2927 ) ;
#4267 = VERTEX_POINT ( 'NONE', #3277 ) ;
#4268 = ADVANCED_FACE ( 'NONE', ( #5576 ), #3254, .F. ) ;
#4269 = FACE_OUTER_BOUND ( 'NONE', #805, .T. ) ;
#4270 = CARTESIAN_POINT ( 'NONE',  ( 24.07936102812658774, -12.13062298556227780, 1.084202172485504434E-16 ) ) ;
#4271 = EDGE_CURVE ( 'NONE', #2271, #5456, #4613, .T. ) ;
#4272 = ORIENTED_EDGE ( 'NONE', *, *, #4528, .T. ) ;
#4273 = DIRECTION ( 'NONE',  ( 0.000000000000000000, 0.000000000000000000, -1.000000000000000000 ) ) ;
#4274 = DIRECTION ( 'NONE',  ( 0.000000000000000000, 0.000000000000000000, -1.000000000000000000 ) ) ;
#4275 = VERTEX_POINT ( 'NONE', #2788 ) ;
#4276 = VERTEX_POINT ( 'NONE', #3773 ) ;
#4277 = CARTESIAN_POINT ( 'NONE',  ( -5.500000000000000000, -6.379211070675430182E-16, -2.500000000000000000 ) ) ;
#4278 = DIRECTION ( 'NONE',  ( -2.168404344971010101E-16, 1.000000000000000000, 0.000000000000000000 ) ) ;
#4279 = CARTESIAN_POINT ( 'NONE',  ( -2.399999999999999911, -3.500000000000000000, 3.000000000000000000 ) ) ;
#4280 = ORIENTED_EDGE ( 'NONE', *, *, #2974, .F. ) ;
#4281 = EDGE_LOOP ( 'NONE', ( #1596, #1420, #3376, #2439 ) ) ;
#4282 = EDGE_CURVE ( 'NONE', #5113, #4267, #1513, .T. ) ;
#4283 = DIRECTION ( 'NONE',  ( 0.000000000000000000, -1.000000000000000000, 0.000000000000000000 ) ) ;
#4284 = COORDINATED_UNIVERSAL_TIME_OFFSET ( 1, 0, .AHEAD. ) ;
#4285 = PERSON_AND_ORGANIZATION ( #4694, #3870 ) ;
#4286 = DIRECTION ( 'NONE',  ( 0.000000000000000000, 0.000000000000000000, -1.000000000000000000 ) ) ;
#4287 = DIRECTION ( 'NONE',  ( 0.000000000000000000, 0.000000000000000000, -1.000000000000000000 ) ) ;
#4288 = SECURITY_CLASSIFICATION_LEVEL ( 'unclassified' ) ;
#4289 = APPROVAL ( #5266, 'UNSPECIFIED' ) ;
#4290 = VERTEX_POINT ( 'NONE', #4604 ) ;
#4291 = CYLINDRICAL_SURFACE ( 'NONE', #1903, 0.5000000000000000000 ) ;
#4292 = VERTEX_POINT ( 'NONE', #2816 ) ;
#4293 = MANIFOLD_SOLID_BREP ( 'NONE', #5471 ) ;
#4294 = DIRECTION ( 'NONE',  ( -2.478176394252580155E-16, 1.000000000000000000, 0.000000000000000000 ) ) ;
#4295 = DIRECTION ( 'NONE',  ( 1.000000000000000000, 0.000000000000000000, 0.000000000000000000 ) ) ;
#4296 = EDGE_CURVE ( 'NONE', #3423, #1855, #5170, .T. ) ;
#4297 = EDGE_LOOP ( 'NONE', ( #3485, #2691, #2245, #4050 ) ) ;
#4298 = DIRECTION ( 'NONE',  ( 0.000000000000000000, 1.000000000000000000, 0.000000000000000000 ) ) ;
#4299 = CARTESIAN_POINT ( 'NONE',  ( 0.000000000000000000, -2.000000000000000000, 1.250000000000000000 ) ) ;
#4300 = VERTEX_POINT ( 'NONE', #3695 ) ;
#4301 = ORIENTED_EDGE ( 'NONE', *, *, #5049, .T. ) ;
#4302 =( REPRESENTATION_RELATIONSHIP ('NONE','NONE', #3114, #3942 ) REPRESENTATION_RELATIONSHIP_WITH_TRANSFORMATION ( #1373 )SHAPE_REPRESENTATION_RELATIONSHIP( ) );
#4303 = CARTESIAN_POINT ( 'NONE',  ( -9.500000000000000000, -4.500000000000000000, -3.000000000000000000 ) ) ;
#4304 = CYLINDRICAL_SURFACE ( 'NONE', #3964, 0.5000000000000000000 ) ;
#4305 = CARTESIAN_POINT ( 'NONE',  ( -5.500000000000000000, 0.000000000000000000, 2.500000000000000000 ) ) ;
#4306 = EDGE_CURVE ( 'NONE', #567, #5051, #1703, .T. ) ;
#4307 = EDGE_CURVE ( 'NONE', #5456, #2922, #2449, .T. ) ;
#4308 = SECURITY_CLASSIFICATION ( '', '', #4012 ) ;
#4309 = DIRECTION ( 'NONE',  ( 0.000000000000000000, 1.000000000000000000, 0.000000000000000000 ) ) ;
#4310 = DIRECTION ( 'NONE',  ( 0.000000000000000000, 0.000000000000000000, 1.000000000000000000 ) ) ;
#4311 = ORIENTED_EDGE ( 'NONE', *, *, #2096, .F. ) ;
#4312 = ORIENTED_EDGE ( 'NONE', *, *, #1394, .F. ) ;
#4313 = DIRECTION ( 'NONE',  ( 0.000000000000000000, 0.000000000000000000, -1.000000000000000000 ) ) ;
#4314 = PERSON_AND_ORGANIZATION ( #3639, #409 ) ;
#4315 = DATE_TIME_ROLE ( 'classification_date' ) ;
#4316 = DIRECTION ( 'NONE',  ( 1.000000000000000000, -9.227252531791529091E-17, 0.000000000000000000 ) ) ;
#4317 = CARTESIAN_POINT ( 'NONE',  ( 6.000000000000000000, 0.5000000000000000000, 3.000000000000000000 ) ) ;
#4318 = AXIS2_PLACEMENT_3D ( 'NONE', #4215, #76, #5127 ) ;
#4319 = COORDINATED_UNIVERSAL_TIME_OFFSET ( 1, 0, .AHEAD. ) ;
#4320 = EDGE_LOOP ( 'NONE', ( #5306, #3782, #5523, #5455 ) ) ;
#4321 = DIRECTION ( 'NONE',  ( 1.000000000000000000, 0.000000000000000000, 0.000000000000000000 ) ) ;
#4322 = ORIENTED_EDGE ( 'NONE', *, *, #249, .T. ) ;
#4323 = MANIFOLD_SOLID_BREP ( 'NONE', #4805 ) ;
#4324 = CARTESIAN_POINT ( 'NONE',  ( 1.530808498934190091E-16, -2.000000000000000000, -1.250000000000000000 ) ) ;
#4325 = CC_DESIGN_DATE_AND_TIME_ASSIGNMENT ( #324, #200, ( #2467 ) ) ;
#4326 =( NAMED_UNIT ( * ) PLANE_ANGLE_UNIT ( ) SI_UNIT ( $, .RADIAN. ) );
#4327 = AXIS2_PLACEMENT_3D ( 'NONE', #1045, #2891, #163 ) ;
#4328 = AXIS2_PLACEMENT_3D ( 'NONE', #3117, #847, #4941 ) ;
#4329 = VERTEX_POINT ( 'NONE', #3802 ) ;
#4330 = LINE ( 'NONE', #741, #1114 ) ;
#4331 = CLOSED_SHELL ( 'NONE', ( #3143, #4992, #1538, #1946, #3671, #1833, #1971, #4717, #5319, #1036, #2982, #1108, #3545, #2969 ) ) ;
#4332 = CARTESIAN_POINT ( 'NONE',  ( -6.000000000000000000, 3.000000000000000000, -3.000000000000000000 ) ) ;
#4333 = ORIENTED_EDGE ( 'NONE', *, *, #295, .F. ) ;
#4334 = ORIENTED_EDGE ( 'NONE', *, *, #2544, .F. ) ;
#4335 = FACE_OUTER_BOUND ( 'NONE', #4751, .T. ) ;
#4336 = CARTESIAN_POINT ( 'NONE',  ( 5.500000000000000000, 3.000000000000000000, -3.000000000000000000 ) ) ;
#4337 = CARTESIAN_POINT ( 'NONE',  ( 1.850000000000000089, 8.427339006032289201E-17, 2.500000000000000000 ) ) ;
#4338 = VECTOR ( 'NONE', #684, 1000.000000000000000 ) ;
#4339 = CIRCLE ( 'NONE', #9, 0.5000000000000004441 ) ;
#4340 = CARTESIAN_POINT ( 'NONE',  ( 1.899999999999999911, -2.000000000000000000, 3.000000000000000000 ) ) ;
#4341 = AXIS2_PLACEMENT_3D ( 'NONE', #1964, #5076, #1082 ) ;
#4342 = APPLICATION_CONTEXT ( 'configuration controlled 3d designs of mechanical parts and assemblies' ) ;
#4343 = CARTESIAN_POINT ( 'NONE',  ( -1.850000000000000089, -2.299999999999999822, -3.000000000000000000 ) ) ;
#4344 = ADVANCED_FACE ( 'NONE', ( #1488 ), #2424, .T. ) ;
#4345 = EDGE_LOOP ( 'NONE', ( #788, #2101, #3705, #336 ) ) ;
#4346 = VERTEX_POINT ( 'NONE', #1936 ) ;
#4347 = VECTOR ( 'NONE', #2730, 1000.000000000000000 ) ;
#4348 = ADVANCED_FACE ( 'NONE', ( #4580 ), #3722, .F. ) ;
#4349 = ORGANIZATION ( 'NAUO-ORG9', 'UNSPECIFIED', 'UNSPECIFIED' ) ;
#4350 = CARTESIAN_POINT ( 'NONE',  ( 1.850000000000000089, -2.799999999999999822, 3.000000000000000000 ) ) ;
#4351 = AXIS2_PLACEMENT_3D ( 'NONE', #3628, #1779, #4037 ) ;
#4352 = APPROVAL_STATUS ( 'not_yet_approved' ) ;
#4353 = DATE_AND_TIME ( #3105, #1918 ) ;
#4354 = CC_DESIGN_APPROVAL ( #453, ( #3572 ) ) ;
#4355 = DIRECTION ( 'NONE',  ( 0.000000000000000000, 0.000000000000000000, -1.000000000000000000 ) ) ;
#4356 = DIRECTION ( 'NONE',  ( 1.000000000000000000, -1.772003075187619906E-16, 0.000000000000000000 ) ) ;
#4357 = DATE_AND_TIME ( #3037, #3699 ) ;
#4358 = CC_DESIGN_SECURITY_CLASSIFICATION ( #5494, ( #5816 ) ) ;
#4359 = ORIENTED_EDGE ( 'NONE', *, *, #5328, .T. ) ;
#4360 = DIRECTION ( 'NONE',  ( 0.000000000000000000, 0.000000000000000000, -1.000000000000000000 ) ) ;
#4361 = LOCAL_TIME ( 10, 17, 39.00000000000000000, #4284 ) ;
#4362 = ORIENTED_EDGE ( 'NONE', *, *, #2997, .F. ) ;
#4363 = DIRECTION ( 'NONE',  ( 0.000000000000000000, 1.000000000000000000, 0.000000000000000000 ) ) ;
#4364 = EDGE_CURVE ( 'NONE', #5108, #3457, #5522, .T. ) ;
#4365 = DIRECTION ( 'NONE',  ( 1.000000000000000000, 0.000000000000000000, 0.000000000000000000 ) ) ;
#4366 = AXIS2_PLACEMENT_3D ( 'NONE', #2080, #3871, #5673 ) ;
#4367 = ORIENTED_EDGE ( 'NONE', *, *, #2185, .F. ) ;
#4368 = CARTESIAN_POINT ( 'NONE',  ( 0.000000000000000000, -2.000000000000000000, 0.000000000000000000 ) ) ;
#4369 = DIRECTION ( 'NONE',  ( 0.000000000000000000, 0.000000000000000000, 1.000000000000000000 ) ) ;
#4370 = EDGE_LOOP ( 'NONE', ( #4379, #4758, #4659, #5230 ) ) ;
#4371 = ORIENTED_EDGE ( 'NONE', *, *, #5788, .T. ) ;
#4372 = DIRECTION ( 'NONE',  ( 0.000000000000000000, 0.000000000000000000, 1.000000000000000000 ) ) ;
#4373 = AXIS2_PLACEMENT_3D ( 'NONE', #16, #5320, #3991 ) ;
#4374 = DIRECTION ( 'NONE',  ( -1.000000000000000000, 0.000000000000000000, 0.000000000000000000 ) ) ;
#4375 = LINE ( 'NONE', #3563, #1930 ) ;
#4376 = DIRECTION ( 'NONE',  ( 0.000000000000000000, 1.000000000000000000, 0.000000000000000000 ) ) ;
#4377 = CC_DESIGN_PERSON_AND_ORGANIZATION_ASSIGNMENT ( #1765, #3038, ( #3600 ) ) ;
#4378 = DIRECTION ( 'NONE',  ( -1.000000000000000000, 0.000000000000000000, 0.000000000000000000 ) ) ;
#4379 = ORIENTED_EDGE ( 'NONE', *, *, #4383, .F. ) ;
#4380 = ORIENTED_EDGE ( 'NONE', *, *, #2903, .F. ) ;
#4381 = DIRECTION ( 'NONE',  ( 2.168404344971010101E-16, 1.000000000000000000, 0.000000000000000000 ) ) ;
#4382 = PERSON_AND_ORGANIZATION ( #2673, #4079 ) ;
#4383 = EDGE_CURVE ( 'NONE', #3822, #903, #5497, .T. ) ;
#4384 = CARTESIAN_POINT ( 'NONE',  ( -1.850000000000000089, -1.084202172485503941E-16, -2.500000000000000000 ) ) ;
#4385 = DIRECTION ( 'NONE',  ( 0.000000000000000000, -1.000000000000000000, 0.000000000000000000 ) ) ;
#4386 = APPROVAL_ROLE ( '' ) ;
#4387 = ADVANCED_FACE ( 'NONE', ( #223 ), #606, .F. ) ;
#4388 = VERTEX_POINT ( 'NONE', #3306 ) ;
#4389 = CARTESIAN_POINT ( 'NONE',  ( 0.000000000000000000, 0.000000000000000000, 3.000000000000000000 ) ) ;
#4390 = DIRECTION ( 'NONE',  ( 0.000000000000000000, 0.000000000000000000, 1.000000000000000000 ) ) ;
#4391 = DIRECTION ( 'NONE',  ( 0.000000000000000000, 0.000000000000000000, 1.000000000000000000 ) ) ;
#4392 = ORIENTED_EDGE ( 'NONE', *, *, #1590, .F. ) ;
#4393 = AXIS2_PLACEMENT_3D ( 'NONE', #4131, #5495, #1043 ) ;
#4394 = CARTESIAN_POINT ( 'NONE',  ( -94.00000000000000000, -2.500000000000000000, -6.000000000000000000 ) ) ;
#4395 = ADVANCED_FACE ( 'NONE', ( #656 ), #1077, .T. ) ;
#4396 = DIRECTION ( 'NONE',  ( -1.000000000000000000, 0.000000000000000000, 0.000000000000000000 ) ) ;
#4397 = ORIENTED_EDGE ( 'NONE', *, *, #3472, .T. ) ;
#4398 = VERTEX_POINT ( 'NONE', #629 ) ;
#4399 = CARTESIAN_POINT ( 'NONE',  ( -2.350000000000000089, -4.814824860968089633E-32, 2.500000000000000000 ) ) ;
#4400 = CARTESIAN_POINT ( 'NONE',  ( -13.13397459621555896, -5.000000000000000000, -3.000000000000000000 ) ) ;
#4401 = DIRECTION ( 'NONE',  ( 0.000000000000000000, 0.000000000000000000, 1.000000000000000000 ) ) ;
#4402 = DIRECTION ( 'NONE',  ( 0.000000000000000000, 0.000000000000000000, -1.000000000000000000 ) ) ;
#4403 = DIRECTION ( 'NONE',  ( 0.000000000000000000, 1.000000000000000000, 0.000000000000000000 ) ) ;
#4404 = ORIENTED_EDGE ( 'NONE', *, *, #1324, .T. ) ;
#4405 = DIRECTION ( 'NONE',  ( 1.747729060459025020E-16, 1.000000000000000000, 0.000000000000000000 ) ) ;
#4406 = APPROVAL ( #77, 'UNKNOWN' ) ;
#4407 = LOCAL_TIME ( 10, 17, 39.00000000000000000, #2670 ) ;
#4408 = VECTOR ( 'NONE', #139, 1000.000000000000000 ) ;
#4409 = LINE ( 'NONE', #4494, #867 ) ;
#4410 = EDGE_CURVE ( 'NONE', #3584, #2056, #1463, .T. ) ;
#4411 = FACE_OUTER_BOUND ( 'NONE', #2726, .T. ) ;
#4412 = PERSON_AND_ORGANIZATION ( #3639, #409 ) ;
#4413 = ORIENTED_EDGE ( 'NONE', *, *, #794, .F. ) ;
#4414 = CARTESIAN_POINT ( 'NONE',  ( -2.350000000000000089, -2.000000000000000000, 2.500000000000000000 ) ) ;
#4415 = PERSON ( 'NAUO-PER4', 'UNSPECIFIED', 'UNSPECIFIED', ('UNSPECIFIED'), ('UNSPECIFIED'), ('UNSPECIFIED') ) ;
#4416 = EDGE_CURVE ( 'NONE', #2745, #3615, #1906, .T. ) ;
#4417 = VECTOR ( 'NONE', #2630, 1000.000000000000000 ) ;
#4418 = DIRECTION ( 'NONE',  ( 0.000000000000000000, -1.000000000000000000, 0.000000000000000000 ) ) ;
#4419 = PERSON_AND_ORGANIZATION ( #3639, #409 ) ;
#4420 = APPLICATION_CONTEXT ( 'configuration controlled 3d designs of mechanical parts and assemblies' ) ;
#4421 = VERTEX_POINT ( 'NONE', #5719 ) ;
#4422 = FACE_OUTER_BOUND ( 'NONE', #3948, .T. ) ;
#4423 = CARTESIAN_POINT ( 'NONE',  ( 1.530808498934190091E-16, 2.500000000000000000, -1.250000000000000000 ) ) ;
#4424 = VERTEX_POINT ( 'NONE', #807 ) ;
#4425 = VERTEX_POINT ( 'NONE', #3047 ) ;
#4426 = CIRCLE ( 'NONE', #4043, 1.250000000000000000 ) ;
#4427 = LINE ( 'NONE', #5662, #570 ) ;
#4428 = DIRECTION ( 'NONE',  ( -1.685467801206459812E-16, -1.000000000000000000, 0.000000000000000000 ) ) ;
#4429 = DIRECTION ( 'NONE',  ( 0.000000000000000000, -1.000000000000000000, 0.000000000000000000 ) ) ;
#4430 = CIRCLE ( 'NONE', #1602, 1.250000000000000000 ) ;
#4431 = CIRCLE ( 'NONE', #3959, 1.000000000000000888 ) ;
#4432 = VECTOR ( 'NONE', #1274, 1000.000000000000114 ) ;
#4433 = DIRECTION ( 'NONE',  ( 0.000000000000000000, 0.000000000000000000, 1.000000000000000000 ) ) ;
#4434 = CARTESIAN_POINT ( 'NONE',  ( -5.500000000000000000, 0.000000000000000000, 3.000000000000000000 ) ) ;
#4435 = EDGE_LOOP ( 'NONE', ( #264, #4397, #3990, #3916 ) ) ;
#4436 = VECTOR ( 'NONE', #1509, 1000.000000000000000 ) ;
#4437 = DIRECTION ( 'NONE',  ( -1.191190382581905865E-16, 1.000000000000000000, 0.000000000000000000 ) ) ;
#4438 = CIRCLE ( 'NONE', #3397, 0.5000000000000004441 ) ;
#4439 = CIRCLE ( 'NONE', #1911, 0.5000000000000004441 ) ;
#4440 = VECTOR ( 'NONE', #5158, 1000.000000000000000 ) ;
#4441 = CARTESIAN_POINT ( 'NONE',  ( -6.000000000000000000, -6.379211070675430182E-16, 3.000000000000000000 ) ) ;
#4442 = CARTESIAN_POINT ( 'NONE',  ( 0.000000000000000000, -2.799999999999999822, 1.250000000000000000 ) ) ;
#4443 = CIRCLE ( 'NONE', #2378, 0.5000000000000004441 ) ;
#4444 = APPROVAL_STATUS ( 'not_yet_approved' ) ;
#4445 = LOCAL_TIME ( 10, 17, 39.00000000000000000, #2315 ) ;
#4446 = ORIENTED_EDGE ( 'NONE', *, *, #5519, .F. ) ;
#4447 = DIRECTION ( 'NONE',  ( 0.000000000000000000, 0.000000000000000000, 1.000000000000000000 ) ) ;
#4448 = CC_DESIGN_APPROVAL ( #3258, ( #1921 ) ) ;
#4449 = FACE_OUTER_BOUND ( 'NONE', #4874, .T. ) ;
#4450 = PERSON_AND_ORGANIZATION ( #3639, #409 ) ;
#4451 = DESIGN_CONTEXT ( 'detailed design', #1296, 'design' ) ;
#4452 = ADVANCED_FACE ( 'NONE', ( #3385 ), #1161, .T. ) ;
#4453 = CC_DESIGN_APPROVAL ( #1353, ( #4074 ) ) ;
#4454 = ORIENTED_EDGE ( 'NONE', *, *, #3560, .F. ) ;
#4455 = CARTESIAN_POINT ( 'NONE',  ( 0.000000000000000000, -2.799999999999999822, 0.000000000000000000 ) ) ;
#4456 = EDGE_CURVE ( 'NONE', #164, #544, #6, .T. ) ;
#4457 = LINE ( 'NONE', #4866, #5552 ) ;
#4458 = ORIENTED_EDGE ( 'NONE', *, *, #4956, .T. ) ;
#4459 = EDGE_LOOP ( 'NONE', ( #2729, #1308, #1124, #5215 ) ) ;
#4460 = CARTESIAN_POINT ( 'NONE',  ( -4.279385241571814547, 0.000000000000000000, 3.000000000000000000 ) ) ;
#4461 = CIRCLE ( 'NONE', #1263, 0.5000000000000004441 ) ;
#4462 = DIRECTION ( 'NONE',  ( 0.000000000000000000, 0.000000000000000000, 1.000000000000000000 ) ) ;
#4463 = CARTESIAN_POINT ( 'NONE',  ( 6.000000000000000000, -6.379211070675430182E-16, -3.000000000000000000 ) ) ;
#4464 = EDGE_CURVE ( 'NONE', #5729, #744, #2064, .T. ) ;
#4465 = CARTESIAN_POINT ( 'NONE',  ( -6.000000000000000000, -6.379211070675430182E-16, -2.500000000000000000 ) ) ;
#4466 = COORDINATED_UNIVERSAL_TIME_OFFSET ( 1, 0, .AHEAD. ) ;
#4467 = CARTESIAN_POINT ( 'NONE',  ( -6.000000000000000000, -6.379211070675430182E-16, 3.000000000000000000 ) ) ;
#4468 = ORIENTED_EDGE ( 'NONE', *, *, #3910, .F. ) ;
#4469 = DIRECTION ( 'NONE',  ( 0.000000000000000000, -1.000000000000000000, 0.000000000000000000 ) ) ;
#4470 = ORIENTED_EDGE ( 'NONE', *, *, #3547, .T. ) ;
#4471 = EDGE_CURVE ( 'NONE', #4424, #831, #2484, .T. ) ;
#4472 = DIRECTION ( 'NONE',  ( 0.000000000000000000, 1.000000000000000000, 0.000000000000000000 ) ) ;
#4473 = CARTESIAN_POINT ( 'NONE',  ( -95.00000000000000000, -2.500000000000000000, 5.000000000000000000 ) ) ;
#4474 = APPROVAL_ROLE ( '' ) ;
#4475 = VERTEX_POINT ( 'NONE', #5658 ) ;
#4476 = CYLINDRICAL_SURFACE ( 'NONE', #2275, 0.5000000000000002220 ) ;
#4477 = DIRECTION ( 'NONE',  ( -1.000000000000000000, 0.000000000000000000, 0.000000000000000000 ) ) ;
#4478 = CC_DESIGN_PERSON_AND_ORGANIZATION_ASSIGNMENT ( #1920, #3708, ( #4074 ) ) ;
#4479 = EDGE_LOOP ( 'NONE', ( #2404, #1257, #4334, #2166 ) ) ;
#4480 = DIRECTION ( 'NONE',  ( 0.000000000000000000, 1.000000000000000000, 0.000000000000000000 ) ) ;
#4481 = DIRECTION ( 'NONE',  ( -1.000000000000000000, -2.168404344971010101E-16, 0.000000000000000000 ) ) ;
#4482 = VERTEX_POINT ( 'NONE', #1633 ) ;
#4483 = ORIENTED_EDGE ( 'NONE', *, *, #1440, .T. ) ;
#4484 = LINE ( 'NONE', #452, #581 ) ;
#4485 = EDGE_CURVE ( 'NONE', #505, #5606, #5555, .T. ) ;
#4486 = CARTESIAN_POINT ( 'NONE',  ( 4.500000000000000000, -3.623755772593889841E-16, 2.500000000000000000 ) ) ;
#4487 = CALENDAR_DATE ( 2025, 16, 6 ) ;
#4488 = CARTESIAN_POINT ( 'NONE',  ( 1.850000000000000089, -2.799999999999999822, 3.000000000000000000 ) ) ;
#4489 = ORIENTED_EDGE ( 'NONE', *, *, #5814, .F. ) ;
#4490 = EDGE_CURVE ( 'NONE', #284, #1631, #3421, .T. ) ;
#4491 = DIRECTION ( 'NONE',  ( 0.000000000000000000, 0.000000000000000000, 1.000000000000000000 ) ) ;
#4492 = VERTEX_POINT ( 'NONE', #360 ) ;
#4493 = CARTESIAN_POINT ( 'NONE',  ( -5.500000000000000000, 2.500000000000000000, -3.000000000000000000 ) ) ;
#4494 = CARTESIAN_POINT ( 'NONE',  ( -1.850000000000000089, -2.799999999999999822, 3.000000000000000000 ) ) ;
#4495 = CARTESIAN_POINT ( 'NONE',  ( -1.899999999999999911, -3.500000000000000000, -2.500000000000000000 ) ) ;
#4496 = DATE_AND_TIME ( #2174, #1260 ) ;
#4497 = ORIENTED_EDGE ( 'NONE', *, *, #1253, .T. ) ;
#4498 = DIRECTION ( 'NONE',  ( -1.000000000000000000, 0.000000000000000000, 0.000000000000000000 ) ) ;
#4499 = CARTESIAN_POINT ( 'NONE',  ( -10.13397459621556074, -1.370462676791689779E-15, -3.000000000000000000 ) ) ;
#4500 = SHAPE_REPRESENTATION ( 'piece_serrage_rails_mobiles.step', ( #4351 ), #5763 ) ;
#4501 = COORDINATED_UNIVERSAL_TIME_OFFSET ( 1, 0, .AHEAD. ) ;
#4502 = ORIENTED_EDGE ( 'NONE', *, *, #908, .F. ) ;
#4503 = FACE_OUTER_BOUND ( 'NONE', #5712, .T. ) ;
#4504 = DIRECTION ( 'NONE',  ( 0.000000000000000000, 1.000000000000000000, 0.000000000000000000 ) ) ;
#4505 = VERTEX_POINT ( 'NONE', #2131 ) ;
#4506 = VERTEX_POINT ( 'NONE', #3356 ) ;
#4507 = FACE_OUTER_BOUND ( 'NONE', #1515, .T. ) ;
#4508 = CARTESIAN_POINT ( 'NONE',  ( -7.000000000000000000, -8.126940131134461119E-16, -3.000000000000000000 ) ) ;
#4509 = PERSON_AND_ORGANIZATION_ROLE ( 'classification_officer' ) ;
#4510 = CARTESIAN_POINT ( 'NONE',  ( 2.399999999999999911, 0.000000000000000000, 3.000000000000000000 ) ) ;
#4511 = ORIENTED_EDGE ( 'NONE', *, *, #3587, .F. ) ;
#4512 = AXIS2_PLACEMENT_3D ( 'NONE', #2201, #1756, #3541 ) ;
#4513 = AXIS2_PLACEMENT_3D ( 'NONE', #5227, #4782, #3428 ) ;
#4514 = FACE_OUTER_BOUND ( 'NONE', #3074, .T. ) ;
#4515 = PRODUCT_DEFINITION_SHAPE ( 'NONE', 'NONE',  #5825 ) ;
#4516 = CIRCLE ( 'NONE', #2171, 1.250000000000000000 ) ;
#4517 = CC_DESIGN_PERSON_AND_ORGANIZATION_ASSIGNMENT ( #420, #3975, ( #3502 ) ) ;
#4519 = VERTEX_POINT ( 'NONE', #2958 ) ;
#4518 = AXIS2_PLACEMENT_3D ( 'NONE', #5236, #2121, #2054 ) ;
#4520 = DIRECTION ( 'NONE',  ( 0.000000000000000000, 0.000000000000000000, 1.000000000000000000 ) ) ;
#4521 = EDGE_CURVE ( 'NONE', #3151, #3129, #3022, .T. ) ;
#4522 = VECTOR ( 'NONE', #497, 1000.000000000000000 ) ;
#4523 = AXIS2_PLACEMENT_3D ( 'NONE', #1037, #4210, #1895 ) ;
#4524 = DIRECTION ( 'NONE',  ( 0.000000000000000000, 0.000000000000000000, -1.000000000000000000 ) ) ;
#4525 = DIRECTION ( 'NONE',  ( -1.191190382581905865E-16, 1.000000000000000000, 0.000000000000000000 ) ) ;
#4526 = DATE_AND_TIME ( #5084, #604 ) ;
#4527 = VECTOR ( 'NONE', #334, 1000.000000000000000 ) ;
#4528 = EDGE_CURVE ( 'NONE', #2978, #4255, #4806, .T. ) ;
#4529 = CIRCLE ( 'NONE', #1995, 1.000000000000000000 ) ;
#4530 = ORIENTED_EDGE ( 'NONE', *, *, #1569, .T. ) ;
#4531 = DIRECTION ( 'NONE',  ( -0.5000000000000003331, 0.8660254037844383745, 0.000000000000000000 ) ) ;
#4532 = AXIS2_PLACEMENT_3D ( 'NONE', #5697, #5664, #3896 ) ;
#4533 = AXIS2_PLACEMENT_3D ( 'NONE', #644, #3289, #1888 ) ;
#4534 = CARTESIAN_POINT ( 'NONE',  ( -88.00000000000000000, 2.500000000000000000, 2.500000000000000000 ) ) ;
#4535 = PLANE ( 'NONE',  #3108 ) ;
#4536 = SHAPE_DEFINITION_REPRESENTATION ( #1473, #3114 ) ;
#4537 = CC_DESIGN_APPROVAL ( #3610, ( #596 ) ) ;
#4538 = AXIS2_PLACEMENT_3D ( 'NONE', #2531, #711, #5689 ) ;
#4539 = ORIENTED_EDGE ( 'NONE', *, *, #3617, .T. ) ;
#4540 = CARTESIAN_POINT ( 'NONE',  ( 0.000000000000000000, 2.500000000000000000, 0.000000000000000000 ) ) ;
#4541 = CARTESIAN_POINT ( 'NONE',  ( -6.000000000000000000, -6.379211070675430182E-16, 2.500000000000000000 ) ) ;
#4542 = LOCAL_TIME ( 10, 17, 39.00000000000000000, #3815 ) ;
#4543 = ORIENTED_EDGE ( 'NONE', *, *, #4364, .T. ) ;
#4544 = ORIENTED_EDGE ( 'NONE', *, *, #3515, .F. ) ;
#4545 = EDGE_CURVE ( 'NONE', #744, #4482, #3891, .T. ) ;
#4546 = LINE ( 'NONE', #5017, #5646 ) ;
#4547 = CARTESIAN_POINT ( 'NONE',  ( -6.000000000000000000, 2.500000000000000000, 3.000000000000000000 ) ) ;
#4548 = EDGE_CURVE ( 'NONE', #3470, #3929, #2601, .T. ) ;
#4549 = PRODUCT_DEFINITION_FORMATION_WITH_SPECIFIED_SOURCE ( 'ANY', '', #5518, .NOT_KNOWN. ) ;
#4550 = CARTESIAN_POINT ( 'NONE',  ( -2.350000000000000089, -2.000000000000000000, -2.500000000000000000 ) ) ;
#4551 = DIRECTION ( 'NONE',  ( 0.000000000000000000, -1.000000000000000000, 0.000000000000000000 ) ) ;
#4552 = ORIENTED_EDGE ( 'NONE', *, *, #4637, .F. ) ;
#4553 = VERTEX_POINT ( 'NONE', #1662 ) ;
#4554 = DIRECTION ( 'NONE',  ( -1.000000000000000000, 1.747729060459019350E-16, 0.000000000000000000 ) ) ;
#4555 = APPROVAL ( #58, 'UNSPECIFIED' ) ;
#4556 = VERTEX_POINT ( 'NONE', #250 ) ;
#4557 = DIRECTION ( 'NONE',  ( 0.000000000000000000, 1.000000000000000000, 0.000000000000000000 ) ) ;
#4558 = CARTESIAN_POINT ( 'NONE',  ( 4.500000000000000000, 2.500000000000000000, 2.500000000000000000 ) ) ;
#4559 = AXIS2_PLACEMENT_3D ( 'NONE', #5052, #2318, #3749 ) ;
#4560 = DATE_AND_TIME ( #971, #1737 ) ;
#4561 = EDGE_CURVE ( 'NONE', #4482, #4506, #3675, .T. ) ;
#4562 = ORIENTED_EDGE ( 'NONE', *, *, #5285, .T. ) ;
#4563 = DIRECTION ( 'NONE',  ( -1.000000000000000000, 0.000000000000000000, 0.000000000000000000 ) ) ;
#4564 = EDGE_CURVE ( 'NONE', #3066, #4276, #272, .T. ) ;
#4565 = EDGE_CURVE ( 'NONE', #5436, #3140, #4516, .T. ) ;
#4566 = DIRECTION ( 'NONE',  ( 0.000000000000000000, 1.000000000000000000, 0.000000000000000000 ) ) ;
#4567 = CARTESIAN_POINT ( 'NONE',  ( -2.350000000000000089, -4.814824860968089633E-32, 3.000000000000000000 ) ) ;
#4568 = LINE ( 'NONE', #5754, #5679 ) ;
#4569 = PERSON_AND_ORGANIZATION ( #3639, #409 ) ;
#4570 = UNCERTAINTY_MEASURE_WITH_UNIT (LENGTH_MEASURE( 1.000000000000000082E-05 ), #3468, 'distance_accuracy_value', 'NONE');
#4571 = ORIENTED_EDGE ( 'NONE', *, *, #3987, .T. ) ;
#4572 = DIRECTION ( 'NONE',  ( -1.000000000000000000, 0.000000000000000000, 0.000000000000000000 ) ) ;
#4573 = LINE ( 'NONE', #3650, #4044 ) ;
#4574 = ORIENTED_EDGE ( 'NONE', *, *, #3622, .F. ) ;
#4575 = ORIENTED_EDGE ( 'NONE', *, *, #241, .T. ) ;
#4576 = PRODUCT_DEFINITION_SHAPE ( 'NONE', 'NONE',  #5817 ) ;
#4577 = CYLINDRICAL_SURFACE ( 'NONE', #199, 1.000000000000000000 ) ;
#4578 = CARTESIAN_POINT ( 'NONE',  ( -6.000000000000000000, 2.500000000000000000, -2.500000000000000000 ) ) ;
#4579 = DATE_AND_TIME ( #871, #4445 ) ;
#4580 = FACE_OUTER_BOUND ( 'NONE', #1956, .T. ) ;
#4581 = ORIENTED_EDGE ( 'NONE', *, *, #2634, .T. ) ;
#4582 = CARTESIAN_POINT ( 'NONE',  ( -88.00000000000000000, 2.500000000000000000, 2.500000000000000000 ) ) ;
#4583 = ORIENTED_EDGE ( 'NONE', *, *, #5317, .F. ) ;
#4584 = CARTESIAN_POINT ( 'NONE',  ( 0.000000000000000000, 0.000000000000000000, -3.000000000000000000 ) ) ;
#4585 = CARTESIAN_POINT ( 'NONE',  ( 0.000000000000000000, -2.000000000000000000, 0.000000000000000000 ) ) ;
#4586 = APPROVAL_STATUS ( 'not_yet_approved' ) ;
#4587 = APPROVAL_DATE_TIME ( #1060, #5527 ) ;
#4588 = ORIENTED_EDGE ( 'NONE', *, *, #67, .F. ) ;
#4589 = CARTESIAN_POINT ( 'NONE',  ( 1.850000000000000089, -2.000000000000000000, 2.500000000000000000 ) ) ;
#4590 = EDGE_CURVE ( 'NONE', #4777, #4505, #1138, .T. ) ;
#4591 = CARTESIAN_POINT ( 'NONE',  ( -14.00000000000000000, 3.000000000000000000, 3.000000000000000000 ) ) ;
#4592 = DIRECTION ( 'NONE',  ( -1.772003075187619906E-16, 1.000000000000000000, 0.000000000000000000 ) ) ;
#4593 = DIRECTION ( 'NONE',  ( 0.000000000000000000, 0.000000000000000000, -1.000000000000000000 ) ) ;
#4594 = APPROVAL_DATE_TIME ( #93, #2463 ) ;
#4595 = CC_DESIGN_APPROVAL ( #597, ( #5345 ) ) ;
#4596 = ORIENTED_EDGE ( 'NONE', *, *, #3577, .T. ) ;
#4597 = EDGE_CURVE ( 'NONE', #4850, #4425, #742, .T. ) ;
#4598 = CARTESIAN_POINT ( 'NONE',  ( 3.339692620785910115, -0.3420201433256729318, 3.000000000000000000 ) ) ;
#4599 = ORIENTED_EDGE ( 'NONE', *, *, #2728, .T. ) ;
#4600 = EDGE_CURVE ( 'NONE', #1766, #3188, #3013, .T. ) ;
#4601 = LINE ( 'NONE', #1541, #2458 ) ;
#4602 =( NAMED_UNIT ( * ) SI_UNIT ( $, .STERADIAN. ) SOLID_ANGLE_UNIT ( ) );
#4603 = CARTESIAN_POINT ( 'NONE',  ( 6.000000000000000000, -6.379211070675430182E-16, -2.500000000000000000 ) ) ;
#4604 = CARTESIAN_POINT ( 'NONE',  ( -9.000000000000000000, -2.000000000000000000, -3.000000000000000000 ) ) ;
#4605 = VERTEX_POINT ( 'NONE', #1690 ) ;
#4606 = AXIS2_PLACEMENT_3D ( 'NONE', #4011, #369, #1815 ) ;
#4607 = DIRECTION ( 'NONE',  ( 1.000000000000000000, 1.747729060459025020E-16, 0.000000000000000000 ) ) ;
#4608 =( REPRESENTATION_RELATIONSHIP ('NONE','NONE', #3114, #483 ) REPRESENTATION_RELATIONSHIP_WITH_TRANSFORMATION ( #5262 )SHAPE_REPRESENTATION_RELATIONSHIP( ) );
#4609 = CARTESIAN_POINT ( 'NONE',  ( 2.350000000000000089, -2.299999999999999822, 3.000000000000000000 ) ) ;
#4610 = AXIS2_PLACEMENT_3D ( 'NONE', #3807, #721, #2072 ) ;
#4611 = ADVANCED_FACE ( 'NONE', ( #3532 ), #2690, .F. ) ;
#4612 = DIRECTION ( 'NONE',  ( -1.845450506358304832E-16, 1.000000000000000000, 0.000000000000000000 ) ) ;
#4613 = CIRCLE ( 'NONE', #1982, 1.000000000000000000 ) ;
#4614 = APPLICATION_PROTOCOL_DEFINITION ( 'international standard', 'config_control_design', 1994, #5435 ) ;
#4615 = AXIS2_PLACEMENT_3D ( 'NONE', #645, #292, #1116 ) ;
#4616 = PRODUCT_DEFINITION_SHAPE ( 'NONE', 'NONE',  #3535 ) ;
#4617 = PERSON_AND_ORGANIZATION_ROLE ( 'classification_officer' ) ;
#4618 = VERTEX_POINT ( 'NONE', #1299 ) ;
#4619 = LINE ( 'NONE', #2328, #4986 ) ;
#4620 = LINE ( 'NONE', #5090, #4908 ) ;
#4621 = CARTESIAN_POINT ( 'NONE',  ( -1.899999999999999911, -3.500000000000000000, 2.500000000000000000 ) ) ;
#4622 = AXIS2_PLACEMENT_3D ( 'NONE', #710, #2095, #3847 ) ;
#4623 = COORDINATED_UNIVERSAL_TIME_OFFSET ( 1, 0, .AHEAD. ) ;
#4624 = AXIS2_PLACEMENT_3D ( 'NONE', #1151, #4360, #3883 ) ;
#4625 = PERSON ( 'NAUO-PER13', 'UNSPECIFIED', 'UNSPECIFIED', ('UNSPECIFIED'), ('UNSPECIFIED'), ('UNSPECIFIED') ) ;
#4626 = CC_DESIGN_DATE_AND_TIME_ASSIGNMENT ( #5735, #353, ( #2718 ) ) ;
#4627 = ORIENTED_EDGE ( 'NONE', *, *, #2432, .T. ) ;
#4628 = DIRECTION ( 'NONE',  ( 0.000000000000000000, 1.000000000000000000, 0.000000000000000000 ) ) ;
#4629 = CIRCLE ( 'NONE', #4533, 0.5000000000000000000 ) ;
#4630 = VERTEX_POINT ( 'NONE', #1749 ) ;
#4631 = APPROVAL_PERSON_ORGANIZATION ( #1408, #916, #1529 ) ;
#4632 = DIRECTION ( 'NONE',  ( -1.000000000000000000, 0.000000000000000000, 0.000000000000000000 ) ) ;
#4633 = VECTOR ( 'NONE', #3018, 1000.000000000000000 ) ;
#4634 = SHAPE_REPRESENTATION_RELATIONSHIP ( 'NONE' , 'NONE' ,  #75, #767 ) ;
#4635 = EDGE_CURVE ( 'NONE', #141, #1631, #5332, .T. ) ;
#4636 = ADVANCED_FACE ( 'NONE', ( #833 ), #3557, .F. ) ;
#4637 = EDGE_CURVE ( 'NONE', #799, #3219, #2, .T. ) ;
#4638 = CARTESIAN_POINT ( 'NONE',  ( -13.50000000000000000, 0.3339745962155620251, -3.000000000000000000 ) ) ;
#4639 = CARTESIAN_POINT ( 'NONE',  ( -2.399999999999999911, -3.500000000000000000, 3.000000000000000000 ) ) ;
#4640 = EDGE_LOOP ( 'NONE', ( #4641, #5073, #2762, #5409 ) ) ;
#4641 = ORIENTED_EDGE ( 'NONE', *, *, #4307, .F. ) ;
#4642 = CC_DESIGN_APPROVAL ( #4289, ( #1242 ) ) ;
#4643 = PLANE ( 'NONE',  #4341 ) ;
#4644 = CARTESIAN_POINT ( 'NONE',  ( 6.000000000000000000, -6.379211070675430182E-16, 3.000000000000000000 ) ) ;
#4645 = EDGE_CURVE ( 'NONE', #1198, #4752, #1332, .T. ) ;
#4646 = APPROVAL_PERSON_ORGANIZATION ( #3550, #269, #2210 ) ;
#4647 = VERTEX_POINT ( 'NONE', #4541 ) ;
#4648 = DIRECTION ( 'NONE',  ( 0.000000000000000000, 0.000000000000000000, -1.000000000000000000 ) ) ;
#4649 =( REPRESENTATION_RELATIONSHIP ('NONE','NONE', #3114, #483 ) REPRESENTATION_RELATIONSHIP_WITH_TRANSFORMATION ( #1948 )SHAPE_REPRESENTATION_RELATIONSHIP( ) );
#4650 = VECTOR ( 'NONE', #4313, 1000.000000000000000 ) ;
#4651 = CIRCLE ( 'NONE', #4930, 0.5000000000000000000 ) ;
#4652 = MECHANICAL_CONTEXT ( 'NONE', #4036, 'mechanical' ) ;
#4653 = EDGE_CURVE ( 'NONE', #4421, #4553, #3073, .T. ) ;
#4654 = FACE_OUTER_BOUND ( 'NONE', #3889, .T. ) ;
#4655 = AXIS2_PLACEMENT_3D ( 'NONE', #5790, #4381, #5380 ) ;
#4656 = LINE ( 'NONE', #618, #3124 ) ;
#4657 = CARTESIAN_POINT ( 'NONE',  ( -2.350000000000000089, -0.6840402866513449753, -3.000000000000000000 ) ) ;
#4658 = COORDINATED_UNIVERSAL_TIME_OFFSET ( 1, 0, .AHEAD. ) ;
#4659 = ORIENTED_EDGE ( 'NONE', *, *, #2257, .T. ) ;
#4660 = DIRECTION ( 'NONE',  ( 0.000000000000000000, 0.000000000000000000, -1.000000000000000000 ) ) ;
#4661 = EDGE_LOOP ( 'NONE', ( #3500, #576, #5515, #4468 ) ) ;
#4662 = LINE ( 'NONE', #4127, #2079 ) ;
#4663 = APPROVAL ( #5532, 'UNKNOWN' ) ;
#4664 =( NAMED_UNIT ( * ) PLANE_ANGLE_UNIT ( ) SI_UNIT ( $, .RADIAN. ) );
#4665 = DIRECTION ( 'NONE',  ( 1.772003075187619906E-16, -1.000000000000000000, 0.000000000000000000 ) ) ;
#4666 = DIRECTION ( 'NONE',  ( 0.000000000000000000, 0.000000000000000000, -1.000000000000000000 ) ) ;
#4667 = ORIENTED_EDGE ( 'NONE', *, *, #3191, .F. ) ;
#4668 = ORIENTED_EDGE ( 'NONE', *, *, #5789, .T. ) ;
#4669 = ADVANCED_FACE ( 'NONE', ( #2190 ), #5308, .F. ) ;
#4670 = DIRECTION ( 'NONE',  ( 0.000000000000000000, 1.000000000000000000, 0.000000000000000000 ) ) ;
#4671 = CARTESIAN_POINT ( 'NONE',  ( 3.289692620785909849, -0.3420201433256724877, 3.000000000000000000 ) ) ;
#4672 = ADVANCED_FACE ( 'NONE', ( #946 ), #5776, .T. ) ;
#4673 = ORIENTED_EDGE ( 'NONE', *, *, #2367, .F. ) ;
#4674 = DIRECTION ( 'NONE',  ( 0.000000000000000000, 0.000000000000000000, 1.000000000000000000 ) ) ;
#4675 = VECTOR ( 'NONE', #5544, 1000.000000000000000 ) ;
#4676 = EDGE_CURVE ( 'NONE', #3822, #5694, #3624, .T. ) ;
#4677 = ITEM_DEFINED_TRANSFORMATION ( 'NONE', 'NONE', #2566,  #4351 ) ;
#4678 = CARTESIAN_POINT ( 'NONE',  ( 2.350000000000000089, -2.000000000000000000, -2.500000000000000000 ) ) ;
#4679 = CYLINDRICAL_SURFACE ( 'NONE', #3764, 0.5000000000000000000 ) ;
#4680 = DATE_TIME_ROLE ( 'classification_date' ) ;
#4681 = DESIGN_CONTEXT ( 'detailed design', #517, 'design' ) ;
#4682 = VERTEX_POINT ( 'NONE', #2661 ) ;
#4683 = DIRECTION ( 'NONE',  ( 0.000000000000000000, 1.000000000000000000, 0.000000000000000000 ) ) ;
#4684 = VERTEX_POINT ( 'NONE', #5396 ) ;
#4685 = CARTESIAN_POINT ( 'NONE',  ( 6.000000000000000000, -6.379211070675430182E-16, 3.000000000000000000 ) ) ;
#4686 = ORIENTED_EDGE ( 'NONE', *, *, #2811, .T. ) ;
#4687 = CARTESIAN_POINT ( 'NONE',  ( 0.000000000000000000, 2.500000000000000000, 0.000000000000000000 ) ) ;
#4688 = CONTEXT_DEPENDENT_SHAPE_REPRESENTATION ( #4302, #1947 ) ;
#4689 = DIRECTION ( 'NONE',  ( 0.000000000000000000, 0.000000000000000000, -1.000000000000000000 ) ) ;
#4690 = ORIENTED_EDGE ( 'NONE', *, *, #1288, .T. ) ;
#4691 = ORIENTED_EDGE ( 'NONE', *, *, #3259, .F. ) ;
#4692 = CARTESIAN_POINT ( 'NONE',  ( -9.000000000000000000, -4.500000000000000000, -3.000000000000000000 ) ) ;
#4693 = DIRECTION ( 'NONE',  ( 0.000000000000000000, 0.000000000000000000, -1.000000000000000000 ) ) ;
#4694 = PERSON ( 'NAUO-PER8', 'UNSPECIFIED', 'UNSPECIFIED', ('UNSPECIFIED'), ('UNSPECIFIED'), ('UNSPECIFIED') ) ;
#4695 = ORIENTED_EDGE ( 'NONE', *, *, #2410, .T. ) ;
#4696 = VECTOR ( 'NONE', #3751, 1000.000000000000000 ) ;
#4697 = CYLINDRICAL_SURFACE ( 'NONE', #2656, 1.000000000000000000 ) ;
#4698 = SHAPE_DEFINITION_REPRESENTATION ( #4616, #3300 ) ;
#4699 = EDGE_CURVE ( 'NONE', #5656, #4034, #4457, .T. ) ;
#4700 = EDGE_CURVE ( 'NONE', #4767, #5581, #2627, .T. ) ;
#4701 = VECTOR ( 'NONE', #2015, 1000.000000000000000 ) ;
#4702 = PLANE ( 'NONE',  #2282 ) ;
#4703 = LINE ( 'NONE', #3908, #5085 ) ;
#4704 = CIRCLE ( 'NONE', #2169, 1.000000000000000000 ) ;
#4705 = DATE_AND_TIME ( #1117, #2104 ) ;
#4706 = AXIS2_PLACEMENT_3D ( 'NONE', #5154, #715, #2509 ) ;
#4707 = VERTEX_POINT ( 'NONE', #4423 ) ;
#4708 = CARTESIAN_POINT ( 'NONE',  ( -94.00000000000000000, 2.500000000000000000, -6.000000000000000000 ) ) ;
#4709 = ORIENTED_EDGE ( 'NONE', *, *, #4203, .F. ) ;
#4710 = CIRCLE ( 'NONE', #1801, 0.5000000000000000000 ) ;
#4711 = CIRCLE ( 'NONE', #2552, 1.250000000000000000 ) ;
#4712 = DIRECTION ( 'NONE',  ( 0.000000000000000000, 0.000000000000000000, -1.000000000000000000 ) ) ;
#4713 = DIRECTION ( 'NONE',  ( 0.000000000000000000, 1.000000000000000000, 1.047444401652940007E-14 ) ) ;
#4714 = VECTOR ( 'NONE', #2181, 1000.000000000000000 ) ;
#4715 = ORIENTED_EDGE ( 'NONE', *, *, #4918, .T. ) ;
#4716 = CARTESIAN_POINT ( 'NONE',  ( 1.850000000000000089, -3.500000000000000000, -3.000000000000000000 ) ) ;
#4717 = ADVANCED_FACE ( 'NONE', ( #4005 ), #5803, .F. ) ;
#4718 = CARTESIAN_POINT ( 'NONE',  ( -1.899999999999999911, -2.407412430484044816E-32, -3.000000000000000000 ) ) ;
#4719 = ORIENTED_EDGE ( 'NONE', *, *, #622, .F. ) ;
#4720 = ORIENTED_EDGE ( 'NONE', *, *, #2297, .F. ) ;
#4721 = LOCAL_TIME ( 10, 17, 39.00000000000000000, #2698 ) ;
#4722 = CIRCLE ( 'NONE', #4909, 0.5000000000000002220 ) ;
#4723 = VECTOR ( 'NONE', #933, 1000.000000000000000 ) ;
#4724 = CARTESIAN_POINT ( 'NONE',  ( 6.000000000000000000, -6.379211070675430182E-16, 3.000000000000000000 ) ) ;
#4725 = CARTESIAN_POINT ( 'NONE',  ( 5.500000000000000000, 2.500000000000000000, -3.000000000000000000 ) ) ;
#4726 = ORIENTED_EDGE ( 'NONE', *, *, #709, .T. ) ;
#4727 = DIRECTION ( 'NONE',  ( 0.000000000000000000, -1.000000000000000000, 0.000000000000000000 ) ) ;
#4728 = ORIENTED_EDGE ( 'NONE', *, *, #1407, .T. ) ;
#4729 = ORIENTED_EDGE ( 'NONE', *, *, #5212, .T. ) ;
#4730 =( GEOMETRIC_REPRESENTATION_CONTEXT ( 3 ) GLOBAL_UNCERTAINTY_ASSIGNED_CONTEXT ( ( #4570 ) ) GLOBAL_UNIT_ASSIGNED_CONTEXT ( ( #3468, #4326, #1686 ) ) REPRESENTATION_CONTEXT ( 'NONE', 'WORKASPACE' ) );
#4731 = LINE ( 'NONE', #2025, #43 ) ;
#4732 = CC_DESIGN_DATE_AND_TIME_ASSIGNMENT ( #882, #5413, ( #5109 ) ) ;
#4733 = COORDINATED_UNIVERSAL_TIME_OFFSET ( 1, 0, .AHEAD. ) ;
#4734 = LOCAL_TIME ( 10, 17, 39.00000000000000000, #615 ) ;
#4735 = APPROVAL_ROLE ( '' ) ;
#4736 = AXIS2_PLACEMENT_3D ( 'NONE', #1195, #2019, #3861 ) ;
#4737 = CARTESIAN_POINT ( 'NONE',  ( -4.000000000000000000, 0.000000000000000000, 2.500000000000000000 ) ) ;
#4738 = ADVANCED_FACE ( 'NONE', ( #1774 ), #919, .F. ) ;
#4739 = CARTESIAN_POINT ( 'NONE',  ( 6.000000000000000000, -6.379211070675430182E-16, 3.000000000000000000 ) ) ;
#4740 = PERSON_AND_ORGANIZATION_ROLE ( 'design_supplier' ) ;
#4741 = ORIENTED_EDGE ( 'NONE', *, *, #4987, .F. ) ;
#4742 = CARTESIAN_POINT ( 'NONE',  ( 5.500000000000000000, 2.500000000000000000, -3.000000000000000000 ) ) ;
#4743 = EDGE_CURVE ( 'NONE', #2893, #3470, #4430, .T. ) ;
#4744 = VERTEX_POINT ( 'NONE', #4069 ) ;
#4745 = EDGE_CURVE ( 'NONE', #4556, #3664, #2274, .T. ) ;
#4746 = CARTESIAN_POINT ( 'NONE',  ( -5.500000000000000000, -5.505346540445919644E-16, -3.000000000000000000 ) ) ;
#4747 = DIRECTION ( 'NONE',  ( 0.000000000000000000, 0.000000000000000000, 1.000000000000000000 ) ) ;
#4748 = EDGE_LOOP ( 'NONE', ( #2534, #4571, #283, #41 ) ) ;
#4749 = CARTESIAN_POINT ( 'NONE',  ( 0.000000000000000000, -2.000000000000000000, 1.250000000000000000 ) ) ;
#4750 = CARTESIAN_POINT ( 'NONE',  ( -5.500000000000000000, -5.505346540445919644E-16, -2.500000000000000000 ) ) ;
#4751 = EDGE_LOOP ( 'NONE', ( #4726, #3652, #3826, #3194 ) ) ;
#4752 = VERTEX_POINT ( 'NONE', #3216 ) ;
#4753 = DIRECTION ( 'NONE',  ( 0.000000000000000000, 0.000000000000000000, -1.000000000000000000 ) ) ;
#4754 = CARTESIAN_POINT ( 'NONE',  ( 0.000000000000000000, -3.500000000000000000, 0.000000000000000000 ) ) ;
#4755 = CARTESIAN_POINT ( 'NONE',  ( -5.500000000000000000, -5.493209533081619120E-16, -2.500000000000000000 ) ) ;
#4756 = CARTESIAN_POINT ( 'NONE',  ( 5.500000000000000000, 2.500000000000000000, -3.000000000000000000 ) ) ;
#4757 = CARTESIAN_POINT ( 'NONE',  ( -12.49888930010695987, -2.399999999999999911, 3.000000000000000000 ) ) ;
#4758 = ORIENTED_EDGE ( 'NONE', *, *, #4676, .T. ) ;
#4759 = ORIENTED_EDGE ( 'NONE', *, *, #1759, .T. ) ;
#4760 = LINE ( 'NONE', #4224, #4160 ) ;
#4761 = ITEM_DEFINED_TRANSFORMATION ( 'NONE', 'NONE', #1443,  #4351 ) ;
#4762 = CALENDAR_DATE ( 2025, 16, 6 ) ;
#4763 = APPROVAL ( #521, 'UNKNOWN' ) ;
#4764 = LINE ( 'NONE', #1115, #4821 ) ;
#4765 = LINE ( 'NONE', #2029, #3027 ) ;
#4766 = APPROVAL_DATE_TIME ( #1206, #4117 ) ;
#4767 = VERTEX_POINT ( 'NONE', #1865 ) ;
#4768 = CARTESIAN_POINT ( 'NONE',  ( 6.000000000000000000, 2.500000000000000000, -2.500000000000000000 ) ) ;
#4769 = EDGE_CURVE ( 'NONE', #3546, #2126, #4573, .T. ) ;
#4770 = EDGE_LOOP ( 'NONE', ( #5546, #2625, #252, #582 ) ) ;
#4771 = LINE ( 'NONE', #2154, #2179 ) ;
#4772 = ADVANCED_FACE ( 'NONE', ( #2782 ), #2309, .T. ) ;
#4773 = ORIENTED_EDGE ( 'NONE', *, *, #534, .F. ) ;
#4774 = FACE_OUTER_BOUND ( 'NONE', #4100, .T. ) ;
#4775 = ADVANCED_FACE ( 'NONE', ( #986, #69 ), #1196, .F. ) ;
#4776 = DIRECTION ( 'NONE',  ( 0.000000000000000000, 0.000000000000000000, 1.000000000000000000 ) ) ;
#4777 = VERTEX_POINT ( 'NONE', #2047 ) ;
#4778 = ORIENTED_EDGE ( 'NONE', *, *, #2302, .T. ) ;
#4779 = PLANE ( 'NONE',  #5732 ) ;
#4780 = CARTESIAN_POINT ( 'NONE',  ( -13.13397459621555896, -5.000000000000000000, 3.000000000000000000 ) ) ;
#4781 = CARTESIAN_POINT ( 'NONE',  ( -2.350000000000000089, 0.000000000000000000, 2.500000000000000000 ) ) ;
#4782 = DIRECTION ( 'NONE',  ( -1.000000000000000000, 0.000000000000000000, 0.000000000000000000 ) ) ;
#4783 = CARTESIAN_POINT ( 'NONE',  ( 6.000000000000000000, -6.379211070675430182E-16, 3.000000000000000000 ) ) ;
#4784 = ORIENTED_EDGE ( 'NONE', *, *, #1089, .T. ) ;
#4785 = ORIENTED_EDGE ( 'NONE', *, *, #1734, .F. ) ;
#4786 = CARTESIAN_POINT ( 'NONE',  ( 2.350000000000000089, -9.629649721936179265E-32, 3.000000000000000000 ) ) ;
#4787 = DATE_AND_TIME ( #1088, #1539 ) ;
#4788 = APPROVAL_ROLE ( '' ) ;
#4789 = EDGE_CURVE ( 'NONE', #2271, #5517, #3023, .T. ) ;
#4790 = DIRECTION ( 'NONE',  ( 0.000000000000000000, 0.000000000000000000, -1.000000000000000000 ) ) ;
#4791 = DIRECTION ( 'NONE',  ( -1.000000000000000000, 0.000000000000000000, 0.000000000000000000 ) ) ;
#4792 = ADVANCED_FACE ( 'NONE', ( #1223 ), #3927, .T. ) ;
#4793 = PERSON_AND_ORGANIZATION ( #3639, #409 ) ;
#4794 = EDGE_LOOP ( 'NONE', ( #2418, #4839, #3834, #3978 ) ) ;
#4795 = DIRECTION ( 'NONE',  ( -1.000000000000000000, 0.000000000000000000, 0.000000000000000000 ) ) ;
#4796 = ORIENTED_EDGE ( 'NONE', *, *, #3069, .F. ) ;
#4797 = VECTOR ( 'NONE', #2219, 1000.000000000000000 ) ;
#4798 = CARTESIAN_POINT ( 'NONE',  ( -6.000000000000000000, -6.379211070675430182E-16, -2.500000000000000000 ) ) ;
#4799 = DIRECTION ( 'NONE',  ( 0.000000000000000000, 1.000000000000000000, 1.047444401652940007E-14 ) ) ;
#4800 = AXIS2_PLACEMENT_3D ( 'NONE', #2402, #1985, #4190 ) ;
#4801 = CC_DESIGN_PERSON_AND_ORGANIZATION_ASSIGNMENT ( #4412, #911, ( #580 ) ) ;
#4802 = CIRCLE ( 'NONE', #4615, 0.5000000000000000000 ) ;
#4803 = ORIENTED_EDGE ( 'NONE', *, *, #2613, .F. ) ;
#4804 = CARTESIAN_POINT ( 'NONE',  ( -7.000000000000000000, -2.000000000000000000, -3.000000000000000000 ) ) ;
#4805 = CLOSED_SHELL ( 'NONE', ( #924, #3481, #2189, #146, #1684, #4344, #1794, #3056, #3519, #2883, #803, #2024, #4738, #5037, #3159, #2947, #5505, #216, #5247, #3010 ) ) ;
#4806 = LINE ( 'NONE', #5220, #385 ) ;
#4807 = CIRCLE ( 'NONE', #3212, 0.5000000000000000000 ) ;
#4808 = ORIENTED_EDGE ( 'NONE', *, *, #2067, .T. ) ;
#4809 = ORIENTED_EDGE ( 'NONE', *, *, #2153, .T. ) ;
#4810 = CARTESIAN_POINT ( 'NONE',  ( 0.000000000000000000, 0.000000000000000000, -3.000000000000000000 ) ) ;
#4811 = LINE ( 'NONE', #781, #5381 ) ;
#4812 = CARTESIAN_POINT ( 'NONE',  ( -4.000000000000000000, -3.623755772593889841E-16, -2.500000000000000000 ) ) ;
#4813 = ADVANCED_FACE ( 'NONE', ( #3362 ), #1168, .T. ) ;
#4814 = AXIS2_PLACEMENT_3D ( 'NONE', #2623, #1745, #4477 ) ;
#4815 = VECTOR ( 'NONE', #4860, 1000.000000000000000 ) ;
#4816 = FACE_OUTER_BOUND ( 'NONE', #778, .T. ) ;
#4817 = CIRCLE ( 'NONE', #869, 0.5000000000000000000 ) ;
#4818 = LINE ( 'NONE', #3865, #1510 ) ;
#4819 = EDGE_LOOP ( 'NONE', ( #3039, #3686, #3107, #511 ) ) ;
#4820 = ORIENTED_EDGE ( 'NONE', *, *, #2130, .F. ) ;
#4821 = VECTOR ( 'NONE', #3406, 1000.000000000000000 ) ;
#4822 = EDGE_CURVE ( 'NONE', #3664, #2450, #1042, .T. ) ;
#4823 = EDGE_CURVE ( 'NONE', #5113, #5656, #2734, .T. ) ;
#4824 = APPROVAL_PERSON_ORGANIZATION ( #5057, #1203, #2354 ) ;
#4825 = DIRECTION ( 'NONE',  ( 1.000000000000000000, 0.000000000000000000, 0.000000000000000000 ) ) ;
#4826 = APPROVAL_STATUS ( 'not_yet_approved' ) ;
#4827 = EDGE_CURVE ( 'NONE', #4744, #5478, #102, .T. ) ;
#4828 = CC_DESIGN_SECURITY_CLASSIFICATION ( #4070, ( #2946 ) ) ;
#4829 = FACE_OUTER_BOUND ( 'NONE', #1039, .T. ) ;
#4830 = CARTESIAN_POINT ( 'NONE',  ( 0.000000000000000000, 0.000000000000000000, 3.000000000000000000 ) ) ;
#4831 = DATE_AND_TIME ( #3880, #133 ) ;
#4832 = CC_DESIGN_APPROVAL ( #3932, ( #5109 ) ) ;
#4833 = EDGE_CURVE ( 'NONE', #4158, #2826, #4988, .T. ) ;
#4834 = ORIENTED_EDGE ( 'NONE', *, *, #3868, .F. ) ;
#4835 = DIRECTION ( 'NONE',  ( 1.000000000000000000, 0.000000000000000000, 0.000000000000000000 ) ) ;
#4836 = LINE ( 'NONE', #4324, #3962 ) ;
#4837 = DIRECTION ( 'NONE',  ( 0.000000000000000000, 0.000000000000000000, 1.000000000000000000 ) ) ;
#4838 = VECTOR ( 'NONE', #4847, 1000.000000000000000 ) ;
#4839 = ORIENTED_EDGE ( 'NONE', *, *, #2937, .F. ) ;
#4840 = CARTESIAN_POINT ( 'NONE',  ( 1.850000000000000089, 4.584626329367279696E-16, 3.000000000000000000 ) ) ;
#4841 = DIRECTION ( 'NONE',  ( 1.000000000000000000, -1.747729060459025020E-16, 0.000000000000000000 ) ) ;
#4842 = ORIENTED_EDGE ( 'NONE', *, *, #5069, .T. ) ;
#4843 = ORIENTED_EDGE ( 'NONE', *, *, #3702, .T. ) ;
#4844 = CC_DESIGN_PERSON_AND_ORGANIZATION_ASSIGNMENT ( #5586, #3875, ( #406 ) ) ;
#4845 = DIRECTION ( 'NONE',  ( -2.168404344971010101E-16, 1.000000000000000000, 0.000000000000000000 ) ) ;
#4846 = DIRECTION ( 'NONE',  ( 0.000000000000000000, 0.000000000000000000, -1.000000000000000000 ) ) ;
#4847 = DIRECTION ( 'NONE',  ( 0.000000000000000000, 1.000000000000000000, 0.000000000000000000 ) ) ;
#4848 = CARTESIAN_POINT ( 'NONE',  ( -10.13397459621556074, 4.500000000000000000, 3.000000000000000000 ) ) ;
#4849 = DIRECTION ( 'NONE',  ( 0.000000000000000000, 0.000000000000000000, 1.000000000000000000 ) ) ;
#4850 = VERTEX_POINT ( 'NONE', #4756 ) ;
#4851 = ORIENTED_EDGE ( 'NONE', *, *, #3996, .T. ) ;
#4852 = EDGE_CURVE ( 'NONE', #1766, #82, #5739, .T. ) ;
#4853 = LINE ( 'NONE', #818, #3149 ) ;
#4854 = EDGE_CURVE ( 'NONE', #765, #2826, #1641, .T. ) ;
#4855 = CARTESIAN_POINT ( 'NONE',  ( -2.350000000000000089, -3.500000000000000000, 3.000000000000000000 ) ) ;
#4856 = DIRECTION ( 'NONE',  ( -1.000000000000000000, 0.000000000000000000, 0.000000000000000000 ) ) ;
#4857 = COORDINATED_UNIVERSAL_TIME_OFFSET ( 1, 0, .AHEAD. ) ;
#4858 = ADVANCED_FACE ( 'NONE', ( #4816 ), #2020, .F. ) ;
#4859 = ORIENTED_EDGE ( 'NONE', *, *, #2147, .T. ) ;
#4860 = DIRECTION ( 'NONE',  ( 0.000000000000000000, 1.000000000000000000, 0.000000000000000000 ) ) ;
#4861 = DIRECTION ( 'NONE',  ( 0.000000000000000000, 0.000000000000000000, 1.000000000000000000 ) ) ;
#4862 = DATE_AND_TIME ( #3529, #5764 ) ;
#4863 = ORIENTED_EDGE ( 'NONE', *, *, #4745, .F. ) ;
#4864 = CIRCLE ( 'NONE', #3184, 2.000000000000000888 ) ;
#4865 = CARTESIAN_POINT ( 'NONE',  ( 0.000000000000000000, 3.000000000000000000, 1.250000000000000000 ) ) ;
#4866 = CARTESIAN_POINT ( 'NONE',  ( 4.279385241571814547, 0.000000000000000000, 3.000000000000000000 ) ) ;
#4867 = ORIENTED_EDGE ( 'NONE', *, *, #4162, .F. ) ;
#4868 = ORIENTED_EDGE ( 'NONE', *, *, #4129, .T. ) ;
#4869 = DIRECTION ( 'NONE',  ( 0.000000000000000000, 0.000000000000000000, -1.000000000000000000 ) ) ;
#4870 = DIRECTION ( 'NONE',  ( 1.000000000000000000, -9.227252531791529091E-17, 0.000000000000000000 ) ) ;
#4871 = DIRECTION ( 'NONE',  ( 0.000000000000000000, 0.000000000000000000, -1.000000000000000000 ) ) ;
#4872 = CARTESIAN_POINT ( 'NONE',  ( 5.500000000000000000, 5.000000000000000000, 3.000000000000000000 ) ) ;
#4873 = FACE_OUTER_BOUND ( 'NONE', #3568, .T. ) ;
#4874 = EDGE_LOOP ( 'NONE', ( #2287, #5600, #1153, #4923 ) ) ;
#4875 = CARTESIAN_POINT ( 'NONE',  ( 0.000000000000000000, 5.000000000000000000, 0.000000000000000000 ) ) ;
#4876 = LOCAL_TIME ( 10, 17, 39.00000000000000000, #2228 ) ;
#4877 = ADVANCED_FACE ( 'NONE', ( #5667 ), #695, .T. ) ;
#4878 = DIRECTION ( 'NONE',  ( 0.000000000000000000, 0.000000000000000000, -1.000000000000000000 ) ) ;
#4879 = DIRECTION ( 'NONE',  ( 0.000000000000000000, -1.000000000000000000, 0.000000000000000000 ) ) ;
#4880 = APPLICATION_PROTOCOL_DEFINITION ( 'international standard', 'config_control_design', 1994, #1915 ) ;
#4881 = EDGE_CURVE ( 'NONE', #4197, #82, #1669, .T. ) ;
#4882 = VERTEX_POINT ( 'NONE', #4340 ) ;
#4883 = CARTESIAN_POINT ( 'NONE',  ( -9.845299461620751202, 2.000000000000000000, 3.000000000000000000 ) ) ;
#4884 = AXIS2_PLACEMENT_3D ( 'NONE', #1755, #4433, #47 ) ;
#4885 = ADVANCED_FACE ( 'NONE', ( #3899 ), #3455, .F. ) ;
#4886 = CARTESIAN_POINT ( 'NONE',  ( 5.500000000000000000, 3.000000000000000000, 3.000000000000000000 ) ) ;
#4887 = DATE_TIME_ROLE ( 'classification_date' ) ;
#4888 = ORIENTED_EDGE ( 'NONE', *, *, #354, .T. ) ;
#4889 = DIRECTION ( 'NONE',  ( -1.000000000000000000, 0.000000000000000000, 0.000000000000000000 ) ) ;
#4890 = VECTOR ( 'NONE', #940, 1000.000000000000000 ) ;
#4891 = DIRECTION ( 'NONE',  ( 1.747729060459025020E-16, 1.000000000000000000, 0.000000000000000000 ) ) ;
#4892 = EDGE_LOOP ( 'NONE', ( #590, #716, #5597, #3855 ) ) ;
#4893 = ORIENTED_EDGE ( 'NONE', *, *, #2432, .F. ) ;
#4894 = AXIS2_PLACEMENT_3D ( 'NONE', #3240, #2387, #2356 ) ;
#4895 = LINE ( 'NONE', #4101, #2643 ) ;
#4896 = DIRECTION ( 'NONE',  ( 0.000000000000000000, 0.000000000000000000, 1.000000000000000000 ) ) ;
#4897 = CYLINDRICAL_SURFACE ( 'NONE', #44, 1.250000000000000000 ) ;
#4898 = VECTOR ( 'NONE', #2435, 1000.000000000000000 ) ;
#4899 = EDGE_CURVE ( 'NONE', #5152, #809, #3480, .T. ) ;
#4900 = DIRECTION ( 'NONE',  ( 0.000000000000000000, -1.000000000000000000, 0.000000000000000000 ) ) ;
#4901 = SECURITY_CLASSIFICATION_LEVEL ( 'unclassified' ) ;
#4902 = DIRECTION ( 'NONE',  ( 0.000000000000000000, 0.000000000000000000, 1.000000000000000000 ) ) ;
#4903 = ORIENTED_EDGE ( 'NONE', *, *, #2297, .T. ) ;
#4904 = AXIS2_PLACEMENT_3D ( 'NONE', #5061, #4231, #153 ) ;
#4905 = AXIS2_PLACEMENT_3D ( 'NONE', #1016, #4974, #4572 ) ;
#4906 = DIRECTION ( 'NONE',  ( 0.000000000000000000, 1.000000000000000000, 0.000000000000000000 ) ) ;
#4907 = ORIENTED_EDGE ( 'NONE', *, *, #3622, .T. ) ;
#4908 = VECTOR ( 'NONE', #2002, 1000.000000000000114 ) ;
#4909 = AXIS2_PLACEMENT_3D ( 'NONE', #665, #2460, #3835 ) ;
#4910 = CC_DESIGN_PERSON_AND_ORGANIZATION_ASSIGNMENT ( #4942, #27, ( #3318 ) ) ;
#4911 = DIRECTION ( 'NONE',  ( -1.000000000000000000, 0.000000000000000000, 0.000000000000000000 ) ) ;
#4912 = DIRECTION ( 'NONE',  ( 0.000000000000000000, 0.000000000000000000, 1.000000000000000000 ) ) ;
#4913 = VECTOR ( 'NONE', #5440, 1000.000000000000000 ) ;
#4914 = COORDINATED_UNIVERSAL_TIME_OFFSET ( 1, 0, .AHEAD. ) ;
#4915 = ADVANCED_FACE ( 'NONE', ( #5808 ), #4102, .F. ) ;
#4916 = VERTEX_POINT ( 'NONE', #3483 ) ;
#4917 = DIRECTION ( 'NONE',  ( 0.000000000000000000, -1.000000000000000000, 0.000000000000000000 ) ) ;
#4918 = EDGE_CURVE ( 'NONE', #2576, #4275, #849, .T. ) ;
#4919 = CC_DESIGN_APPROVAL ( #5239, ( #2872 ) ) ;
#4920 = DIRECTION ( 'NONE',  ( 0.000000000000000000, -1.000000000000000000, 0.000000000000000000 ) ) ;
#4921 = APPROVAL_STATUS ( 'not_yet_approved' ) ;
#4922 = CC_DESIGN_APPROVAL ( #1676, ( #2718 ) ) ;
#4923 = ORIENTED_EDGE ( 'NONE', *, *, #4956, .F. ) ;
#4924 = EDGE_CURVE ( 'NONE', #4630, #2773, #5639, .T. ) ;
#4925 = DIRECTION ( 'NONE',  ( -2.168404344971010101E-16, -1.000000000000000000, 0.000000000000000000 ) ) ;
#4926 = DIRECTION ( 'NONE',  ( 1.000000000000000000, -1.747729060459025020E-16, 0.000000000000000000 ) ) ;
#4927 = ORIENTED_EDGE ( 'NONE', *, *, #3588, .F. ) ;
#4928 = ORIENTED_EDGE ( 'NONE', *, *, #5328, .F. ) ;
#4929 = DIRECTION ( 'NONE',  ( -2.168404344971010101E-16, -1.000000000000000000, 0.000000000000000000 ) ) ;
#4930 = AXIS2_PLACEMENT_3D ( 'NONE', #4337, #312, #694 ) ;
#4931 =( LENGTH_UNIT ( ) NAMED_UNIT ( * ) SI_UNIT ( .MILLI., .METRE. ) );
#4932 = DIRECTION ( 'NONE',  ( -1.000000000000000000, 0.000000000000000000, 0.000000000000000000 ) ) ;
#4933 = CALENDAR_DATE ( 2025, 16, 6 ) ;
#4934 = CARTESIAN_POINT ( 'NONE',  ( 2.399999999999999911, -3.500000000000000000, 2.500000000000000000 ) ) ;
#4935 = ORIENTED_EDGE ( 'NONE', *, *, #4020, .T. ) ;
#4936 = AXIS2_PLACEMENT_3D ( 'NONE', #876, #5407, #4437 ) ;
#4937 = CARTESIAN_POINT ( 'NONE',  ( 95.00000000000000000, 2.500000000000000000, 5.000000000000000000 ) ) ;
#4938 = ORIENTED_EDGE ( 'NONE', *, *, #964, .T. ) ;
#4939 = VERTEX_POINT ( 'NONE', #3270 ) ;
#4940 = CARTESIAN_POINT ( 'NONE',  ( 5.500000000000000000, -5.493209533081619120E-16, 2.500000000000000000 ) ) ;
#4941 = DIRECTION ( 'NONE',  ( 0.000000000000000000, 0.000000000000000000, 1.000000000000000000 ) ) ;
#4942 = PERSON_AND_ORGANIZATION ( #3639, #409 ) ;
#4943 = APPROVAL ( #5139, 'UNSPECIFIED' ) ;
#4944 = ORIENTED_EDGE ( 'NONE', *, *, #4490, .F. ) ;
#4945 = CARTESIAN_POINT ( 'NONE',  ( -2.399999999999999911, -4.814824860968089633E-32, -3.000000000000000000 ) ) ;
#4946 = DIRECTION ( 'NONE',  ( 0.000000000000000000, 0.000000000000000000, -1.000000000000000000 ) ) ;
#4947 = DATE_AND_TIME ( #472, #5201 ) ;
#4948 = EDGE_LOOP ( 'NONE', ( #4695, #4935, #5777, #3518 ) ) ;
#4949 = FACE_OUTER_BOUND ( 'NONE', #4297, .T. ) ;
#4950 = DIRECTION ( 'NONE',  ( 0.000000000000000000, 1.000000000000000000, 0.000000000000000000 ) ) ;
#4951 = EDGE_LOOP ( 'NONE', ( #2984, #477, #2017, #1118, #3161, #2338, #2889, #3911 ) ) ;
#4952 = ORIENTED_EDGE ( 'NONE', *, *, #2118, .T. ) ;
#4953 = DIRECTION ( 'NONE',  ( -1.000000000000000000, 0.000000000000000000, 0.000000000000000000 ) ) ;
#4954 = ADVANCED_FACE ( 'NONE', ( #3242 ), #1976, .T. ) ;
#4955 = AXIS2_PLACEMENT_3D ( 'NONE', #4638, #993, #605 ) ;
#4956 = EDGE_CURVE ( 'NONE', #816, #2409, #1065, .T. ) ;
#4957 = CARTESIAN_POINT ( 'NONE',  ( -9.500000000000000000, -5.000000000000000000, 3.000000000000000000 ) ) ;
#4958 = DIRECTION ( 'NONE',  ( 0.000000000000000000, 0.000000000000000000, -1.000000000000000000 ) ) ;
#4959 = VERTEX_POINT ( 'NONE', #1927 ) ;
#4960 = CARTESIAN_POINT ( 'NONE',  ( -2.350000000000000089, -2.000000000000000000, 3.000000000000000000 ) ) ;
#4961 = EDGE_LOOP ( 'NONE', ( #5251, #5199, #912, #221, #242, #5649, #2599, #5221, #3710, #2959, #1210, #3507, #1248, #5238, #4627, #4446, #458, #296, #1522, #2277, #425, #2628, #3335, #2140, #4596 ) ) ;
#4962 = LINE ( 'NONE', #932, #4522 ) ;
#4963 = DIRECTION ( 'NONE',  ( -1.000000000000000000, 1.772003075187617934E-16, 0.000000000000000000 ) ) ;
#4964 = CARTESIAN_POINT ( 'NONE',  ( -2.399999999999999911, -1.500000000000000000, 3.000000000000000000 ) ) ;
#4965 = APPROVAL_STATUS ( 'not_yet_approved' ) ;
#4966 = EDGE_CURVE ( 'NONE', #5258, #5397, #1012, .T. ) ;
#4967 = ORIENTED_EDGE ( 'NONE', *, *, #2539, .T. ) ;
#4968 = DIRECTION ( 'NONE',  ( -1.000000000000000000, 0.000000000000000000, 0.000000000000000000 ) ) ;
#4969 = EDGE_CURVE ( 'NONE', #4421, #5398, #2071, .T. ) ;
#4970 = DIRECTION ( 'NONE',  ( 0.000000000000000000, 1.000000000000000000, 0.000000000000000000 ) ) ;
#4971 = LINE ( 'NONE', #1502, #4890 ) ;
#4972 = CALENDAR_DATE ( 2025, 16, 6 ) ;
#4973 = ORIENTED_EDGE ( 'NONE', *, *, #5242, .T. ) ;
#4974 = DIRECTION ( 'NONE',  ( 0.000000000000000000, 0.000000000000000000, -1.000000000000000000 ) ) ;
#4975 = VECTOR ( 'NONE', #3276, 1000.000000000000000 ) ;
#4976 = CARTESIAN_POINT ( 'NONE',  ( -4.500000000000000000, -3.623755772593889841E-16, 3.000000000000000000 ) ) ;
#4977 = EDGE_LOOP ( 'NONE', ( #4673, #2132, #5189, #5760 ) ) ;
#4978 = VERTEX_POINT ( 'NONE', #2803 ) ;
#4979 = DIRECTION ( 'NONE',  ( 0.000000000000000000, 1.000000000000000000, 0.000000000000000000 ) ) ;
#4980 = APPROVAL ( #3761, 'UNSPECIFIED' ) ;
#4981 = LINE ( 'NONE', #2196, #1811 ) ;
#4982 = CARTESIAN_POINT ( 'NONE',  ( -10.56698729810777948, 4.250000000000000000, -3.000000000000000000 ) ) ;
#4983 = APPROVAL_DATE_TIME ( #48, #4406 ) ;
#4984 = DIRECTION ( 'NONE',  ( 1.000000000000000000, 0.000000000000000000, 0.000000000000000000 ) ) ;
#4985 = ORIENTED_EDGE ( 'NONE', *, *, #1184, .T. ) ;
#4986 = VECTOR ( 'NONE', #5001, 1000.000000000000000 ) ;
#4987 = EDGE_CURVE ( 'NONE', #1350, #355, #2739, .T. ) ;
#4988 = CIRCLE ( 'NONE', #475, 0.5000000000000000000 ) ;
#4989 = CARTESIAN_POINT ( 'NONE',  ( 5.500000000000000000, -5.493209533081619120E-16, 3.000000000000000000 ) ) ;
#4990 = EDGE_LOOP ( 'NONE', ( #2996, #3526, #4256, #3982 ) ) ;
#4991 = ADVANCED_FACE ( 'NONE', ( #5006 ), #127, .F. ) ;
#4992 = ADVANCED_FACE ( 'NONE', ( #5513 ), #3181, .T. ) ;
#4993 = CARTESIAN_POINT ( 'NONE',  ( 5.500000000000000000, 3.000000000000000000, 3.000000000000000000 ) ) ;
#4994 = VECTOR ( 'NONE', #5516, 1000.000000000000000 ) ;
#4995 = CARTESIAN_POINT ( 'NONE',  ( 0.000000000000000000, -3.500000000000000000, 0.000000000000000000 ) ) ;
#4996 = PERSON_AND_ORGANIZATION_ROLE ( 'creator' ) ;
#4997 = VECTOR ( 'NONE', #3712, 1000.000000000000000 ) ;
#4998 = AXIS2_PLACEMENT_3D ( 'NONE', #3643, #2799, #533 ) ;
#4999 = DATE_AND_TIME ( #1090, #129 ) ;
#5000 = ORIENTED_EDGE ( 'NONE', *, *, #5536, .T. ) ;
#5001 = DIRECTION ( 'NONE',  ( 0.000000000000000000, 1.000000000000000000, 0.000000000000000000 ) ) ;
#5002 = AXIS2_PLACEMENT_3D ( 'NONE', #934, #5110, #4194 ) ;
#5003 = AXIS2_PLACEMENT_3D ( 'NONE', #1403, #4612, #3200 ) ;
#5004 = AXIS2_PLACEMENT_3D ( 'NONE', #2120, #3436, #2028 ) ;
#5005 = CARTESIAN_POINT ( 'NONE',  ( -1.850000000000000089, -1.084202172485503941E-16, -3.000000000000000000 ) ) ;
#5006 = FACE_OUTER_BOUND ( 'NONE', #523, .T. ) ;
#5007 = DIRECTION ( 'NONE',  ( 0.000000000000000000, 1.000000000000000000, 0.000000000000000000 ) ) ;
#5008 = APPROVAL_STATUS ( 'not_yet_approved' ) ;
#5009 = ORGANIZATION ( 'NAUO-ORG4', 'UNSPECIFIED', 'UNSPECIFIED' ) ;
#5010 = AXIS2_PLACEMENT_3D ( 'NONE', #5217, #1186, #3915 ) ;
#5011 = ORIENTED_EDGE ( 'NONE', *, *, #2942, .T. ) ;
#5012 = CARTESIAN_POINT ( 'NONE',  ( -2.350000000000000089, -2.299999999999999822, 3.000000000000000000 ) ) ;
#5013 = CARTESIAN_POINT ( 'NONE',  ( -1.850000000000000089, 0.000000000000000000, -2.500000000000000000 ) ) ;
#5014 = SECURITY_CLASSIFICATION ( '', '', #1503 ) ;
#5015 = ORIENTED_EDGE ( 'NONE', *, *, #1075, .T. ) ;
#5016 = ORIENTED_EDGE ( 'NONE', *, *, #3469, .T. ) ;
#5017 = CARTESIAN_POINT ( 'NONE',  ( -1.850000000000000089, 4.011548038196364434E-16, 3.000000000000000000 ) ) ;
#5018 =( NAMED_UNIT ( * ) SI_UNIT ( $, .STERADIAN. ) SOLID_ANGLE_UNIT ( ) );
#5019 = CC_DESIGN_APPROVAL ( #2494, ( #3535 ) ) ;
#5020 = CARTESIAN_POINT ( 'NONE',  ( -2.399999999999999911, -2.407412430484044816E-32, -2.500000000000000000 ) ) ;
#5021 = CC_DESIGN_DATE_AND_TIME_ASSIGNMENT ( #530, #1883, ( #4074 ) ) ;
#5022 = PERSON_AND_ORGANIZATION_ROLE ( 'classification_officer' ) ;
#5023 = CARTESIAN_POINT ( 'NONE',  ( -6.000000000000000000, 2.500000000000000000, 3.000000000000000000 ) ) ;
#5024 = ORIENTED_EDGE ( 'NONE', *, *, #2078, .T. ) ;
#5025 = VERTEX_POINT ( 'NONE', #2332 ) ;
#5026 = DIRECTION ( 'NONE',  ( 1.000000000000000000, 0.000000000000000000, 0.000000000000000000 ) ) ;
#5027 = EDGE_CURVE ( 'NONE', #284, #5528, #4971, .T. ) ;
#5028 = ORIENTED_EDGE ( 'NONE', *, *, #4162, .T. ) ;
#5029 = ORIENTED_EDGE ( 'NONE', *, *, #462, .T. ) ;
#5030 = FACE_OUTER_BOUND ( 'NONE', #4892, .T. ) ;
#5031 = DATE_AND_TIME ( #4200, #2203 ) ;
#5032 = EDGE_CURVE ( 'NONE', #1631, #2780, #756, .T. ) ;
#5033 = EDGE_CURVE ( 'NONE', #2537, #2395, #1033, .T. ) ;
#5034 = SECURITY_CLASSIFICATION_LEVEL ( 'unclassified' ) ;
#5035 = VERTEX_POINT ( 'NONE', #4657 ) ;
#5036 = DIRECTION ( 'NONE',  ( 0.000000000000000000, 1.000000000000000000, 0.000000000000000000 ) ) ;
#5037 = ADVANCED_FACE ( 'NONE', ( #4207, #4119 ), #4535, .F. ) ;
#5038 = FACE_OUTER_BOUND ( 'NONE', #2233, .T. ) ;
#5039 = DIRECTION ( 'NONE',  ( 0.000000000000000000, 0.000000000000000000, -1.000000000000000000 ) ) ;
#5040 = LINE ( 'NONE', #5484, #3792 ) ;
#5041 = COORDINATED_UNIVERSAL_TIME_OFFSET ( 1, 0, .AHEAD. ) ;
#5042 = EDGE_LOOP ( 'NONE', ( #330, #211, #5499, #3793 ) ) ;
#5043 = CARTESIAN_POINT ( 'NONE',  ( 2.399999999999999911, -4.814824860968089633E-32, 2.500000000000000000 ) ) ;
#5044 = VERTEX_POINT ( 'NONE', #64 ) ;
#5045 = VERTEX_POINT ( 'NONE', #177 ) ;
#5046 = DIRECTION ( 'NONE',  ( 0.5000000000000003331, 0.8660254037844383745, 0.000000000000000000 ) ) ;
#5047 =( NAMED_UNIT ( * ) SI_UNIT ( $, .STERADIAN. ) SOLID_ANGLE_UNIT ( ) );
#5048 = LINE ( 'NONE', #2814, #3635 ) ;
#5049 = EDGE_CURVE ( 'NONE', #765, #3822, #2638, .T. ) ;
#5050 = DIRECTION ( 'NONE',  ( -1.000000000000000000, 0.000000000000000000, 0.000000000000000000 ) ) ;
#5051 = VERTEX_POINT ( 'NONE', #5091 ) ;
#5052 = CARTESIAN_POINT ( 'NONE',  ( 1.850000000000000089, -3.500000000000000000, 2.500000000000000000 ) ) ;
#5053 = CARTESIAN_POINT ( 'NONE',  ( 0.000000000000000000, -2.799999999999999822, 0.000000000000000000 ) ) ;
#5054 = CARTESIAN_POINT ( 'NONE',  ( 2.350000000000000089, -2.299999999999999822, -3.000000000000000000 ) ) ;
#5055 = CC_DESIGN_PERSON_AND_ORGANIZATION_ASSIGNMENT ( #1453, #155, ( #2946 ) ) ;
#5056 = PERSON_AND_ORGANIZATION ( #3639, #409 ) ;
#5057 = PERSON_AND_ORGANIZATION ( #2388, #875 ) ;
#5058 = ORIENTED_EDGE ( 'NONE', *, *, #3443, .F. ) ;
#5059 = CARTESIAN_POINT ( 'NONE',  ( -2.399999999999999911, -3.500000000000000000, 2.500000000000000000 ) ) ;
#5060 = EDGE_CURVE ( 'NONE', #2518, #3188, #4704, .T. ) ;
#5061 = CARTESIAN_POINT ( 'NONE',  ( -6.000000000000000000, -6.379211070675430182E-16, 3.000000000000000000 ) ) ;
#5062 = EDGE_CURVE ( 'NONE', #2049, #1007, #2391, .T. ) ;
#5063 = CARTESIAN_POINT ( 'NONE',  ( -1.899999999999999911, 8.860015375938099529E-17, -2.500000000000000000 ) ) ;
#5064 = PERSON_AND_ORGANIZATION ( #3639, #409 ) ;
#5065 = ORGANIZATION ( 'NAUO-ORG13', 'UNSPECIFIED', 'UNSPECIFIED' ) ;
#5066 = ORIENTED_EDGE ( 'NONE', *, *, #5438, .F. ) ;
#5067 = DIRECTION ( 'NONE',  ( 0.000000000000000000, 1.000000000000000000, 0.000000000000000000 ) ) ;
#5068 = ORIENTED_EDGE ( 'NONE', *, *, #3730, .T. ) ;
#5069 = EDGE_CURVE ( 'NONE', #4707, #340, #381, .T. ) ;
#5070 = DIRECTION ( 'NONE',  ( 0.000000000000000000, -1.000000000000000000, 0.000000000000000000 ) ) ;
#5071 = DIRECTION ( 'NONE',  ( -2.168404344971010101E-16, 1.000000000000000000, 0.000000000000000000 ) ) ;
#5072 = CARTESIAN_POINT ( 'NONE',  ( 3.289692620785909849, -0.3420201433256724877, 3.000000000000000000 ) ) ;
#5073 = ORIENTED_EDGE ( 'NONE', *, *, #4271, .F. ) ;
#5074 = EDGE_LOOP ( 'NONE', ( #687, #4178, #3045, #461 ) ) ;
#5075 = AXIS2_PLACEMENT_3D ( 'NONE', #10, #1282, #400 ) ;
#5076 = DIRECTION ( 'NONE',  ( 1.000000000000000000, 0.000000000000000000, 0.000000000000000000 ) ) ;
#5077 = DIRECTION ( 'NONE',  ( 0.000000000000000000, 0.000000000000000000, -1.000000000000000000 ) ) ;
#5078 = EDGE_CURVE ( 'NONE', #1576, #4191, #5143, .T. ) ;
#5079 = VECTOR ( 'NONE', #5700, 1000.000000000000000 ) ;
#5080 = ORIENTED_EDGE ( 'NONE', *, *, #4124, .F. ) ;
#5081 = AXIS2_PLACEMENT_3D ( 'NONE', #4567, #979, #2861 ) ;
#5082 = CARTESIAN_POINT ( 'NONE',  ( -9.000000000000000000, -4.500000000000000000, -3.000000000000000000 ) ) ;
#5083 = AXIS2_PLACEMENT_3D ( 'NONE', #2966, #4403, #5631 ) ;
#5084 = CALENDAR_DATE ( 2025, 16, 6 ) ;
#5085 = VECTOR ( 'NONE', #1652, 1000.000000000000000 ) ;
#5086 = AXIS2_PLACEMENT_3D ( 'NONE', #2752, #3653, #1778 ) ;
#5087 = CIRCLE ( 'NONE', #5094, 1.250000000000000000 ) ;
#5088 = CARTESIAN_POINT ( 'NONE',  ( -6.000000000000000000, 2.500000000000000000, 3.000000000000000000 ) ) ;
#5089 = APPROVAL ( #2115, 'UNKNOWN' ) ;
#5090 = CARTESIAN_POINT ( 'NONE',  ( -9.556624327025931009, 2.500000000000000000, 3.000000000000000000 ) ) ;
#5091 = CARTESIAN_POINT ( 'NONE',  ( -5.500000000000000000, -5.505346540445919644E-16, -3.000000000000000000 ) ) ;
#5092 = VECTOR ( 'NONE', #5046, 1000.000000000000114 ) ;
#5093 = SECURITY_CLASSIFICATION_LEVEL ( 'unclassified' ) ;
#5094 = AXIS2_PLACEMENT_3D ( 'NONE', #4123, #4628, #3683 ) ;
#5095 = VECTOR ( 'NONE', #2895, 1000.000000000000000 ) ;
#5096 = ORIENTED_EDGE ( 'NONE', *, *, #3987, .F. ) ;
#5097 = CARTESIAN_POINT ( 'NONE',  ( 6.000000000000000000, 2.500000000000000000, 3.000000000000000000 ) ) ;
#5098 = EDGE_CURVE ( 'NONE', #3219, #5303, #5681, .T. ) ;
#5099 = CIRCLE ( 'NONE', #5004, 0.5000000000000004441 ) ;
#5100 = ORIENTED_EDGE ( 'NONE', *, *, #2802, .F. ) ;
#5101 = LOCAL_TIME ( 10, 17, 39.00000000000000000, #4177 ) ;
#5102 = CYLINDRICAL_SURFACE ( 'NONE', #3391, 0.5000000000000002220 ) ;
#5103 = AXIS2_PLACEMENT_3D ( 'NONE', #3009, #4837, #3848 ) ;
#5104 = EDGE_CURVE ( 'NONE', #3885, #1576, #4703, .T. ) ;
#5105 = AXIS2_PLACEMENT_3D ( 'NONE', #3887, #4391, #2711 ) ;
#5106 = CARTESIAN_POINT ( 'NONE',  ( 0.000000000000000000, 0.000000000000000000, -3.000000000000000000 ) ) ;
#5107 = CARTESIAN_POINT ( 'NONE',  ( 2.350000000000000089, -9.629649721936179265E-32, 3.000000000000000000 ) ) ;
#5108 = VERTEX_POINT ( 'NONE', #2881 ) ;
#5109 = SECURITY_CLASSIFICATION ( '', '', #1741 ) ;
#5110 = DIRECTION ( 'NONE',  ( -1.772003075187619906E-16, -1.000000000000000000, 0.000000000000000000 ) ) ;
#5111 = CARTESIAN_POINT ( 'NONE',  ( -1.850000000000000089, 8.738645302295090589E-17, -3.000000000000000000 ) ) ;
#5112 = CC_DESIGN_APPROVAL ( #4039, ( #793 ) ) ;
#5113 = VERTEX_POINT ( 'NONE', #2003 ) ;
#5114 = DIRECTION ( 'NONE',  ( -1.000000000000000000, 0.000000000000000000, 0.000000000000000000 ) ) ;
#5115 = AXIS2_PLACEMENT_3D ( 'NONE', #1338, #1890, #92 ) ;
#5116 = APPROVAL_DATE_TIME ( #2999, #3004 ) ;
#5117 = CONTEXT_DEPENDENT_SHAPE_REPRESENTATION ( #4649, #3670 ) ;
#5118 = AXIS2_PLACEMENT_3D ( 'NONE', #5375, #4469, #436 ) ;
#5119 = CARTESIAN_POINT ( 'NONE',  ( -14.00000000000000000, 2.500000000000000000, -3.000000000000000000 ) ) ;
#5120 = CARTESIAN_POINT ( 'NONE',  ( 6.000000000000000000, 2.500000000000000000, 3.000000000000000000 ) ) ;
#5121 = PERSON_AND_ORGANIZATION ( #3639, #409 ) ;
#5122 = ORIENTED_EDGE ( 'NONE', *, *, #3191, .T. ) ;
#5123 = DIRECTION ( 'NONE',  ( 0.000000000000000000, 0.000000000000000000, -1.000000000000000000 ) ) ;
#5124 = VERTEX_POINT ( 'NONE', #2086 ) ;
#5125 = LINE ( 'NONE', #4685, #5755 ) ;
#5126 = VERTEX_POINT ( 'NONE', #1618 ) ;
#5127 = DIRECTION ( 'NONE',  ( 0.000000000000000000, 1.000000000000000000, 0.000000000000000000 ) ) ;
#5128 = CARTESIAN_POINT ( 'NONE',  ( 2.289692620785909849, -0.3420201433256724877, 3.000000000000000000 ) ) ;
#5129 = ORIENTED_EDGE ( 'NONE', *, *, #4635, .F. ) ;
#5130 = ORIENTED_EDGE ( 'NONE', *, *, #2835, .F. ) ;
#5131 = APPLICATION_CONTEXT ( 'configuration controlled 3d designs of mechanical parts and assemblies' ) ;
#5132 = CC_DESIGN_PERSON_AND_ORGANIZATION_ASSIGNMENT ( #2269, #2240, ( #3502 ) ) ;
#5133 = LINE ( 'NONE', #3309, #2558 ) ;
#5134 = FACE_OUTER_BOUND ( 'NONE', #2989, .T. ) ;
#5135 = ADVANCED_FACE ( 'NONE', ( #1557 ), #4679, .T. ) ;
#5136 = ORIENTED_EDGE ( 'NONE', *, *, #3877, .T. ) ;
#5137 = EDGE_CURVE ( 'NONE', #5568, #270, #4802, .T. ) ;
#5138 = DIRECTION ( 'NONE',  ( -1.000000000000000000, 0.000000000000000000, 0.000000000000000000 ) ) ;
#5139 = APPROVAL_STATUS ( 'not_yet_approved' ) ;
#5140 = CIRCLE ( 'NONE', #4955, 0.5000000000000004441 ) ;
#5141 = SECURITY_CLASSIFICATION_LEVEL ( 'unclassified' ) ;
#5142 = CARTESIAN_POINT ( 'NONE',  ( 2.399999999999999911, 0.000000000000000000, -3.000000000000000000 ) ) ;
#5143 = LINE ( 'NONE', #3879, #1135 ) ;
#5144 = APPLICATION_PROTOCOL_DEFINITION ( 'international standard', 'config_control_design', 1994, #1411 ) ;
#5145 = EDGE_CURVE ( 'NONE', #897, #2510, #3789, .T. ) ;
#5146 = ORIENTED_EDGE ( 'NONE', *, *, #5653, .T. ) ;
#5147 = CARTESIAN_POINT ( 'NONE',  ( -3.289692620785909849, -0.3420201433256724877, -3.000000000000000000 ) ) ;
#5148 = ORIENTED_EDGE ( 'NONE', *, *, #5502, .T. ) ;
#5149 = DIRECTION ( 'NONE',  ( 1.000000000000000000, -1.772003075187619906E-16, 0.000000000000000000 ) ) ;
#5150 = CARTESIAN_POINT ( 'NONE',  ( 58.07936102812657708, -8.130622985562270699, -0.5000000000000837108 ) ) ;
#5151 = AXIS2_PLACEMENT_3D ( 'NONE', #3772, #4665, #1959 ) ;
#5152 = VERTEX_POINT ( 'NONE', #2944 ) ;
#5153 = DIRECTION ( 'NONE',  ( 0.000000000000000000, 0.000000000000000000, -1.000000000000000000 ) ) ;
#5154 = CARTESIAN_POINT ( 'NONE',  ( 5.500000000000000000, 2.500000000000000000, 2.500000000000000000 ) ) ;
#5155 = ORIENTED_EDGE ( 'NONE', *, *, #573, .T. ) ;
#5156 = ORIENTED_EDGE ( 'NONE', *, *, #3443, .T. ) ;
#5157 = CC_DESIGN_DATE_AND_TIME_ASSIGNMENT ( #4831, #2909, ( #1732 ) ) ;
#5158 = DIRECTION ( 'NONE',  ( 1.000000000000000000, -1.685467801206459812E-16, 0.000000000000000000 ) ) ;
#5159 = DIRECTION ( 'NONE',  ( -1.000000000000000000, 0.000000000000000000, 0.000000000000000000 ) ) ;
#5160 = DIRECTION ( 'NONE',  ( 0.000000000000000000, 0.000000000000000000, -1.000000000000000000 ) ) ;
#5161 = ORIENTED_EDGE ( 'NONE', *, *, #3758, .T. ) ;
#5162 = ORIENTED_EDGE ( 'NONE', *, *, #1768, .F. ) ;
#5163 = ADVANCED_FACE ( 'NONE', ( #3002 ), #3839, .F. ) ;
#5164 = AXIS2_PLACEMENT_3D ( 'NONE', #4303, #5253, #3388 ) ;
#5165 = CARTESIAN_POINT ( 'NONE',  ( -95.00000000000000000, -2.500000000000000000, 6.000000000000000000 ) ) ;
#5166 = CONTEXT_DEPENDENT_SHAPE_REPRESENTATION ( #1718, #5791 ) ;
#5167 = EDGE_CURVE ( 'NONE', #5659, #3334, #1517, .T. ) ;
#5168 = EDGE_CURVE ( 'NONE', #5126, #835, #262, .T. ) ;
#5169 = ITEM_DEFINED_TRANSFORMATION ( 'NONE', 'NONE', #4538,  #4351 ) ;
#5170 = CIRCLE ( 'NONE', #4229, 1.250000000000000000 ) ;
#5171 = DIRECTION ( 'NONE',  ( 0.000000000000000000, 0.000000000000000000, 1.000000000000000000 ) ) ;
#5172 = DIRECTION ( 'NONE',  ( 0.000000000000000000, 0.000000000000000000, -1.000000000000000000 ) ) ;
#5173 = AXIS2_PLACEMENT_3D ( 'NONE', #4621, #1859, #594 ) ;
#5174 = APPROVAL_STATUS ( 'not_yet_approved' ) ;
#5175 = CIRCLE ( 'NONE', #3487, 1.250000000000000000 ) ;
#5176 = ORIENTED_EDGE ( 'NONE', *, *, #2765, .F. ) ;
#5177 = LINE ( 'NONE', #5566, #2456 ) ;
#5178 = ORIENTED_EDGE ( 'NONE', *, *, #1787, .T. ) ;
#5179 = VECTOR ( 'NONE', #4946, 1000.000000000000000 ) ;
#5180 = VECTOR ( 'NONE', #2980, 1000.000000000000000 ) ;
#5181 = DIRECTION ( 'NONE',  ( 1.000000000000000000, 1.845450506358304832E-16, 0.000000000000000000 ) ) ;
#5182 = CARTESIAN_POINT ( 'NONE',  ( 0.000000000000000000, 0.000000000000000000, 0.000000000000000000 ) ) ;
#5183 = ADVANCED_BREP_SHAPE_REPRESENTATION ( '', ( #2145, #4351 ), #1063 ) ;
#5184 = AXIS2_PLACEMENT_3D ( 'NONE', #2390, #4566, #3757 ) ;
#5185 = VERTEX_POINT ( 'NONE', #1179 ) ;
#5186 = DIRECTION ( 'NONE',  ( 2.168404344971010101E-16, 1.000000000000000000, 0.000000000000000000 ) ) ;
#5187 = CARTESIAN_POINT ( 'NONE',  ( 5.500000000000000000, 4.500000000000000000, -3.000000000000000000 ) ) ;
#5188 = ORIENTED_EDGE ( 'NONE', *, *, #4383, .T. ) ;
#5189 = ORIENTED_EDGE ( 'NONE', *, *, #431, .T. ) ;
#5190 = AXIS2_PLACEMENT_3D ( 'NONE', #4995, #3261, #2769 ) ;
#5191 = CARTESIAN_POINT ( 'NONE',  ( -4.500000000000000000, -3.623755772593889841E-16, -3.000000000000000000 ) ) ;
#5192 = AXIS2_PLACEMENT_3D ( 'NONE', #116, #1969, #1087 ) ;
#5193 = DIRECTION ( 'NONE',  ( -1.000000000000000000, 0.000000000000000000, 0.000000000000000000 ) ) ;
#5194 = CARTESIAN_POINT ( 'NONE',  ( 1.850000000000000089, 4.011548038196364434E-16, 3.000000000000000000 ) ) ;
#5195 = LOCAL_TIME ( 10, 17, 39.00000000000000000, #2119 ) ;
#5196 = CC_DESIGN_PERSON_AND_ORGANIZATION_ASSIGNMENT ( #3341, #259, ( #5578 ) ) ;
#5197 = DIRECTION ( 'NONE',  ( 1.000000000000000000, -2.710505431213760099E-16, 0.000000000000000000 ) ) ;
#5198 = CARTESIAN_POINT ( 'NONE',  ( -10.71132486540517981, 2.500000000000000000, -3.000000000000000000 ) ) ;
#5199 = ORIENTED_EDGE ( 'NONE', *, *, #4271, .T. ) ;
#5200 = VERTEX_POINT ( 'NONE', #2907 ) ;
#5201 = LOCAL_TIME ( 10, 17, 39.00000000000000000, #4501 ) ;
#5202 = CARTESIAN_POINT ( 'NONE',  ( 2.350000000000000089, -9.629649721936179265E-32, -2.500000000000000000 ) ) ;
#5203 = DATE_AND_TIME ( #5638, #4361 ) ;
#5204 = EDGE_CURVE ( 'NONE', #4605, #1587, #3381, .T. ) ;
#5205 = APPROVAL_PERSON_ORGANIZATION ( #3836, #5089, #5609 ) ;
#5206 = PERSON_AND_ORGANIZATION_ROLE ( 'classification_officer' ) ;
#5207 = VECTOR ( 'NONE', #254, 1000.000000000000000 ) ;
#5208 = EDGE_CURVE ( 'NONE', #4752, #362, #1232, .T. ) ;
#5209 = FACE_OUTER_BOUND ( 'NONE', #931, .T. ) ;
#5210 = DIRECTION ( 'NONE',  ( -1.000000000000000000, 0.000000000000000000, 0.000000000000000000 ) ) ;
#5211 = APPROVAL_STATUS ( 'not_yet_approved' ) ;
#5212 = EDGE_CURVE ( 'NONE', #2510, #5185, #4765, .T. ) ;
#5213 = ORIENTED_EDGE ( 'NONE', *, *, #260, .T. ) ;
#5214 = CARTESIAN_POINT ( 'NONE',  ( 0.000000000000000000, -2.000000000000000000, 1.250000000000000000 ) ) ;
#5215 = ORIENTED_EDGE ( 'NONE', *, *, #2539, .F. ) ;
#5216 = LINE ( 'NONE', #1685, #490 ) ;
#5217 = CARTESIAN_POINT ( 'NONE',  ( 164.8114118356954521, -3.606970471194283157, -0.4018461406789498591 ) ) ;
#5218 = VERTEX_POINT ( 'NONE', #5613 ) ;
#5219 = DIRECTION ( 'NONE',  ( 0.000000000000000000, 0.000000000000000000, 1.000000000000000000 ) ) ;
#5220 = CARTESIAN_POINT ( 'NONE',  ( 6.000000000000000000, -6.379211070675430182E-16, 3.000000000000000000 ) ) ;
#5221 = ORIENTED_EDGE ( 'NONE', *, *, #1216, .T. ) ;
#5222 = ORIENTED_EDGE ( 'NONE', *, *, #4645, .T. ) ;
#5223 = CARTESIAN_POINT ( 'NONE',  ( -13.13397459621555896, -4.500000000000000000, 3.000000000000000000 ) ) ;
#5224 = DIRECTION ( 'NONE',  ( 0.000000000000000000, 0.000000000000000000, -1.000000000000000000 ) ) ;
#5225 = FACE_OUTER_BOUND ( 'NONE', #4099, .T. ) ;
#5226 = EDGE_CURVE ( 'NONE', #3625, #5498, #731, .T. ) ;
#5227 = CARTESIAN_POINT ( 'NONE',  ( -14.00000000000000000, 0.000000000000000000, 0.000000000000000000 ) ) ;
#5228 = CARTESIAN_POINT ( 'NONE',  ( 2.399999999999999911, -0.6840402866513449753, -3.000000000000000000 ) ) ;
#5229 = ORIENTED_EDGE ( 'NONE', *, *, #1075, .F. ) ;
#5230 = ORIENTED_EDGE ( 'NONE', *, *, #5317, .T. ) ;
#5231 = CARTESIAN_POINT ( 'NONE',  ( -88.00000000000000000, -2.500000000000000000, 2.500000000000000000 ) ) ;
#5232 = PERSON_AND_ORGANIZATION ( #3639, #409 ) ;
#5233 = DATE_AND_TIME ( #4228, #5195 ) ;
#5234 = CC_DESIGN_PERSON_AND_ORGANIZATION_ASSIGNMENT ( #1953, #3737, ( #4257 ) ) ;
#5235 = DIRECTION ( 'NONE',  ( 0.000000000000000000, 1.000000000000000000, 0.000000000000000000 ) ) ;
#5236 = CARTESIAN_POINT ( 'NONE',  ( -3.339692620785910115, -0.3420201433256729318, 3.000000000000000000 ) ) ;
#5237 = DATE_AND_TIME ( #3463, #4542 ) ;
#5238 = ORIENTED_EDGE ( 'NONE', *, *, #4057, .F. ) ;
#5239 = APPROVAL ( #2624, 'UNSPECIFIED' ) ;
#5240 = CARTESIAN_POINT ( 'NONE',  ( 5.500000000000000000, -6.379211070675430182E-16, -2.500000000000000000 ) ) ;
#5241 = ORIENTED_EDGE ( 'NONE', *, *, #2904, .T. ) ;
#5242 = EDGE_CURVE ( 'NONE', #4553, #5626, #4232, .T. ) ;
#5243 = CARTESIAN_POINT ( 'NONE',  ( 2.399999999999999911, -1.500000000000000000, 3.000000000000000000 ) ) ;
#5244 = CARTESIAN_POINT ( 'NONE',  ( 41.07936102812658419, -8.130622985562270699, -0.5000000000000840439 ) ) ;
#5245 = EDGE_CURVE ( 'NONE', #3133, #2363, #2560, .T. ) ;
#5246 = ORIENTED_EDGE ( 'NONE', *, *, #4136, .F. ) ;
#5247 = ADVANCED_FACE ( 'NONE', ( #328 ), #2471, .F. ) ;
#5248 = FACE_OUTER_BOUND ( 'NONE', #712, .T. ) ;
#5249 = CARTESIAN_POINT ( 'NONE',  ( 5.500000000000000000, -6.379211070675430182E-16, -3.000000000000000000 ) ) ;
#5250 = ORIENTED_EDGE ( 'NONE', *, *, #3874, .T. ) ;
#5251 = ORIENTED_EDGE ( 'NONE', *, *, #1584, .T. ) ;
#5252 = LOCAL_TIME ( 10, 17, 39.00000000000000000, #4466 ) ;
#5253 = DIRECTION ( 'NONE',  ( 0.000000000000000000, 0.000000000000000000, -1.000000000000000000 ) ) ;
#5254 = CARTESIAN_POINT ( 'NONE',  ( -9.845299461620751202, 2.000000000000000000, -3.000000000000000000 ) ) ;
#5255 = CYLINDRICAL_SURFACE ( 'NONE', #2863, 0.5000000000000000000 ) ;
#5256 = CARTESIAN_POINT ( 'NONE',  ( 4.500000000000000000, -3.623755772593889841E-16, 3.000000000000000000 ) ) ;
#5257 = CARTESIAN_POINT ( 'NONE',  ( -4.000000000000000000, -2.781021871990660059E-16, 3.000000000000000000 ) ) ;
#5258 = VERTEX_POINT ( 'NONE', #3371 ) ;
#5259 = ORIENTED_EDGE ( 'NONE', *, *, #2659, .F. ) ;
#5260 = ADVANCED_FACE ( 'NONE', ( #2496 ), #3994, .T. ) ;
#5261 = DIRECTION ( 'NONE',  ( -1.000000000000000000, 0.000000000000000000, 0.000000000000000000 ) ) ;
#5262 = ITEM_DEFINED_TRANSFORMATION ( 'NONE', 'NONE', #219,  #4351 ) ;
#5263 = VECTOR ( 'NONE', #2669, 1000.000000000000000 ) ;
#5264 = DIRECTION ( 'NONE',  ( 0.000000000000000000, 1.000000000000000000, 0.000000000000000000 ) ) ;
#5265 = DIRECTION ( 'NONE',  ( 0.000000000000000000, -1.000000000000000000, 0.000000000000000000 ) ) ;
#5266 = APPROVAL_STATUS ( 'not_yet_approved' ) ;
#5267 = CC_DESIGN_DATE_AND_TIME_ASSIGNMENT ( #4114, #3319, ( #305 ) ) ;
#5268 = ORIENTED_EDGE ( 'NONE', *, *, #3238, .T. ) ;
#5269 = DIRECTION ( 'NONE',  ( 0.000000000000000000, 0.000000000000000000, -1.000000000000000000 ) ) ;
#5270 = AXIS2_PLACEMENT_3D ( 'NONE', #2583, #4376, #2137 ) ;
#5271 = CARTESIAN_POINT ( 'NONE',  ( 5.500000000000000000, 5.000000000000000000, -3.000000000000000000 ) ) ;
#5272 = VECTOR ( 'NONE', #3919, 1000.000000000000000 ) ;
#5273 = EDGE_CURVE ( 'NONE', #3885, #2658, #5794, .T. ) ;
#5274 = VECTOR ( 'NONE', #5349, 1000.000000000000000 ) ;
#5275 = ORIENTED_EDGE ( 'NONE', *, *, #119, .F. ) ;
#5276 = DIRECTION ( 'NONE',  ( 2.168404344971010101E-16, -1.000000000000000000, 0.000000000000000000 ) ) ;
#5277 = VECTOR ( 'NONE', #2322, 1000.000000000000000 ) ;
#5278 = DIRECTION ( 'NONE',  ( 0.000000000000000000, 0.000000000000000000, 1.000000000000000000 ) ) ;
#5279 = VECTOR ( 'NONE', #3327, 1000.000000000000000 ) ;
#5280 = ORIENTED_EDGE ( 'NONE', *, *, #1213, .T. ) ;
#5281 = ORIENTED_EDGE ( 'NONE', *, *, #3926, .T. ) ;
#5282 = PLANE ( 'NONE',  #2353 ) ;
#5283 = FACE_OUTER_BOUND ( 'NONE', #2852, .T. ) ;
#5284 = DIRECTION ( 'NONE',  ( 0.000000000000000000, 0.000000000000000000, -1.000000000000000000 ) ) ;
#5285 = EDGE_CURVE ( 'NONE', #1284, #3819, #1231, .T. ) ;
#5286 = VECTOR ( 'NONE', #445, 1000.000000000000000 ) ;
#5287 = VECTOR ( 'NONE', #5326, 1000.000000000000000 ) ;
#5288 = CARTESIAN_POINT ( 'NONE',  ( 88.00000000000000000, -2.500000000000000000, 0.000000000000000000 ) ) ;
#5289 = CIRCLE ( 'NONE', #4532, 0.5000000000000004441 ) ;
#5290 = ADVANCED_FACE ( 'NONE', ( #375 ), #5323, .F. ) ;
#5291 = CARTESIAN_POINT ( 'NONE',  ( -88.00000000000000000, -2.500000000000000000, 0.000000000000000000 ) ) ;
#5292 = EDGE_LOOP ( 'NONE', ( #1468, #3349, #5720, #4333 ) ) ;
#5293 = EDGE_LOOP ( 'NONE', ( #1750, #5066, #1671, #3648 ) ) ;
#5294 = AXIS2_PLACEMENT_3D ( 'NONE', #3591, #2172, #4524 ) ;
#5295 = ORGANIZATION ( 'NAUO-ORG10', 'UNSPECIFIED', 'UNSPECIFIED' ) ;
#5296 = CARTESIAN_POINT ( 'NONE',  ( 1.850000000000000089, -3.500000000000000000, 3.000000000000000000 ) ) ;
#5297 = AXIS2_PLACEMENT_3D ( 'NONE', #2504, #2954, #5654 ) ;
#5298 = APPROVAL_PERSON_ORGANIZATION ( #2393, #886, #3646 ) ;
#5299 = CARTESIAN_POINT ( 'NONE',  ( -2.399999999999999911, -0.6840402866513449753, 3.000000000000000000 ) ) ;
#5300 = DIRECTION ( 'NONE',  ( 0.8660254037844384856, -0.5000000000000003331, 0.000000000000000000 ) ) ;
#5301 = PERSON_AND_ORGANIZATION ( #3639, #409 ) ;
#5302 = LOCAL_TIME ( 10, 17, 39.00000000000000000, #1998 ) ;
#5303 = VERTEX_POINT ( 'NONE', #3035 ) ;
#5304 = DIRECTION ( 'NONE',  ( 0.000000000000000000, 0.000000000000000000, -1.000000000000000000 ) ) ;
#5305 = LINE ( 'NONE', #300, #4338 ) ;
#5306 = ORIENTED_EDGE ( 'NONE', *, *, #462, .F. ) ;
#5307 = CARTESIAN_POINT ( 'NONE',  ( -10.63397459621555896, 4.500000000000000000, -3.000000000000000000 ) ) ;
#5308 = PLANE ( 'NONE',  #2737 ) ;
#5309 = ORIENTED_EDGE ( 'NONE', *, *, #4700, .T. ) ;
#5310 = VERTEX_POINT ( 'NONE', #3405 ) ;
#5311 = DIRECTION ( 'NONE',  ( 0.000000000000000000, 1.000000000000000000, 0.000000000000000000 ) ) ;
#5312 = AXIS2_PLACEMENT_3D ( 'NONE', #1760, #3961, #2639 ) ;
#5313 = CARTESIAN_POINT ( 'NONE',  ( 94.00000000000000000, 2.500000000000000000, 6.000000000000000000 ) ) ;
#5314 = CARTESIAN_POINT ( 'NONE',  ( 1.899999999999999911, 8.860015375938110623E-17, -2.500000000000000000 ) ) ;
#5315 = CARTESIAN_POINT ( 'NONE',  ( 4.000000000000000000, -2.781021871990660059E-16, 3.000000000000000000 ) ) ;
#5316 = DIRECTION ( 'NONE',  ( -5.204170427930421283E-15, 0.000000000000000000, -1.000000000000000000 ) ) ;
#5317 = EDGE_CURVE ( 'NONE', #2780, #903, #3494, .T. ) ;
#5318 = EDGE_LOOP ( 'NONE', ( #3256, #2159 ) ) ;
#5319 = ADVANCED_FACE ( 'NONE', ( #3148 ), #5709, .F. ) ;
#5320 = DIRECTION ( 'NONE',  ( 0.000000000000000000, 0.000000000000000000, -1.000000000000000000 ) ) ;
#5321 = APPLICATION_CONTEXT ( 'configuration controlled 3d designs of mechanical parts and assemblies' ) ;
#5322 = CARTESIAN_POINT ( 'NONE',  ( -1.850000000000000089, -2.000000000000000000, 2.500000000000000000 ) ) ;
#5323 = PLANE ( 'NONE',  #761 ) ;
#5324 = PERSON_AND_ORGANIZATION ( #3639, #409 ) ;
#5325 = ORIENTED_EDGE ( 'NONE', *, *, #3491, .F. ) ;
#5326 = DIRECTION ( 'NONE',  ( 0.000000000000000000, 0.000000000000000000, -1.000000000000000000 ) ) ;
#5327 = CARTESIAN_POINT ( 'NONE',  ( 95.00000000000000000, 2.500000000000000000, 6.000000000000000000 ) ) ;
#5328 = EDGE_CURVE ( 'NONE', #903, #284, #4049, .T. ) ;
#5329 = PERSON_AND_ORGANIZATION_ROLE ( 'design_owner' ) ;
#5330 = ORIENTED_EDGE ( 'NONE', *, *, #3986, .F. ) ;
#5331 = DIRECTION ( 'NONE',  ( 0.000000000000000000, 0.000000000000000000, 1.000000000000000000 ) ) ;
#5332 = LINE ( 'NONE', #3097, #1422 ) ;
#5333 = ORIENTED_EDGE ( 'NONE', *, *, #171, .F. ) ;
#5334 = EDGE_LOOP ( 'NONE', ( #3011, #54, #3294, #705 ) ) ;
#5335 = CARTESIAN_POINT ( 'NONE',  ( 5.500000000000000000, 0.000000000000000000, 2.500000000000000000 ) ) ;
#5336 = ADVANCED_FACE ( 'NONE', ( #4411 ), #5383, .F. ) ;
#5337 = CARTESIAN_POINT ( 'NONE',  ( 1.850000000000000089, 4.011548038196364434E-16, 3.000000000000000000 ) ) ;
#5338 = DIRECTION ( 'NONE',  ( 0.000000000000000000, 1.000000000000000000, 0.000000000000000000 ) ) ;
#5339 = DIRECTION ( 'NONE',  ( 0.000000000000000000, -1.000000000000000000, 0.000000000000000000 ) ) ;
#5340 = APPROVAL ( #2796, 'UNSPECIFIED' ) ;
#5341 = CONTEXT_DEPENDENT_SHAPE_REPRESENTATION ( #4002, #4046 ) ;
#5342 = DIRECTION ( 'NONE',  ( 0.000000000000000000, -1.000000000000000000, 0.000000000000000000 ) ) ;
#5343 = ORIENTED_EDGE ( 'NONE', *, *, #3874, .F. ) ;
#5344 = FACE_OUTER_BOUND ( 'NONE', #4770, .T. ) ;
#5345 = SECURITY_CLASSIFICATION ( '', '', #3694 ) ;
#5346 = EDGE_CURVE ( 'NONE', #5303, #4292, #1988, .T. ) ;
#5347 = ORIENTED_EDGE ( 'NONE', *, *, #2622, .F. ) ;
#5348 = CARTESIAN_POINT ( 'NONE',  ( 94.00000000000000000, 2.500000000000000000, -6.000000000000000000 ) ) ;
#5349 = DIRECTION ( 'NONE',  ( 1.000000000000000000, 1.747729060459025020E-16, 0.000000000000000000 ) ) ;
#5350 = PERSON_AND_ORGANIZATION ( #3639, #409 ) ;
#5351 = ADVANCED_FACE ( 'NONE', ( #1764 ), #3549, .F. ) ;
#5352 = EDGE_LOOP ( 'NONE', ( #3331, #4938, #2789, #5213, #333, #4843, #468, #4903 ) ) ;
#5353 = DIRECTION ( 'NONE',  ( 0.000000000000000000, -1.000000000000000000, 0.000000000000000000 ) ) ;
#5354 = CIRCLE ( 'NONE', #5164, 0.5000000000000004441 ) ;
#5355 = DIRECTION ( 'NONE',  ( -1.000000000000000000, 0.000000000000000000, 0.000000000000000000 ) ) ;
#5356 = PERSON_AND_ORGANIZATION ( #3639, #409 ) ;
#5357 = EDGE_LOOP ( 'NONE', ( #3312, #4973, #113, #1133 ) ) ;
#5358 = PLANE ( 'NONE',  #4153 ) ;
#5359 = AXIS2_PLACEMENT_3D ( 'NONE', #281, #255, #5197 ) ;
#5360 = CARTESIAN_POINT ( 'NONE',  ( -2.399999999999999911, -1.500000000000000000, 3.000000000000000000 ) ) ;
#5361 = VERTEX_POINT ( 'NONE', #3579 ) ;
#5362 = ORIENTED_EDGE ( 'NONE', *, *, #143, .F. ) ;
#5363 = PRODUCT ( 'pattes_mobiles_bottom_rail_6.step', 'pattes_mobiles_bottom_rail_6.step', '', ( #3237 ) ) ;
#5364 = AXIS2_PLACEMENT_3D ( 'NONE', #1961, #4166, #5545 ) ;
#5365 = DIRECTION ( 'NONE',  ( 0.000000000000000000, -1.000000000000000000, 0.000000000000000000 ) ) ;
#5366 =( LENGTH_UNIT ( ) NAMED_UNIT ( * ) SI_UNIT ( .MILLI., .METRE. ) );
#5367 = CARTESIAN_POINT ( 'NONE',  ( -6.000000000000000000, 2.500000000000000000, 2.500000000000000000 ) ) ;
#5368 = VECTOR ( 'NONE', #4356, 1000.000000000000000 ) ;
#5369 = CLOSED_SHELL ( 'NONE', ( #4672, #612, #1848, #5260, #4236, #2819, #3174, #3731, #3062, #3437, #4915, #4858, #1084, #4093, #3799, #894, #1340, #3943, #4091, #739 ) ) ;
#5370 = CARTESIAN_POINT ( 'NONE',  ( 2.350000000000000089, -2.000000000000000000, 3.000000000000000000 ) ) ;
#5371 = CALENDAR_DATE ( 2025, 16, 6 ) ;
#5372 = CARTESIAN_POINT ( 'NONE',  ( 2.350000000000000089, -9.629649721936179265E-32, -2.500000000000000000 ) ) ;
#5373 = ORIENTED_EDGE ( 'NONE', *, *, #828, .T. ) ;
#5374 = VECTOR ( 'NONE', #3296, 1000.000000000000000 ) ;
#5375 = CARTESIAN_POINT ( 'NONE',  ( 88.00000000000000000, 2.500000000000000000, 0.000000000000000000 ) ) ;
#5376 = CC_DESIGN_PERSON_AND_ORGANIZATION_ASSIGNMENT ( #5057, #4617, ( #217 ) ) ;
#5377 = ORIENTED_EDGE ( 'NONE', *, *, #503, .F. ) ;
#5378 = AXIS2_PLACEMENT_3D ( 'NONE', #2829, #4181, #535 ) ;
#5379 = CARTESIAN_POINT ( 'NONE',  ( -11.00000000000000000, 5.000000000000000000, -3.000000000000000000 ) ) ;
#5380 = DIRECTION ( 'NONE',  ( -1.000000000000000000, 2.168404344971010347E-16, 0.000000000000000000 ) ) ;
#5381 = VECTOR ( 'NONE', #4870, 1000.000000000000000 ) ;
#5382 = DIRECTION ( 'NONE',  ( 1.000000000000000000, -2.710505431213760099E-16, 0.000000000000000000 ) ) ;
#5383 = PLANE ( 'NONE',  #2266 ) ;
#5384 = PERSON_AND_ORGANIZATION_ROLE ( 'design_supplier' ) ;
#5385 = LOCAL_TIME ( 10, 17, 39.00000000000000000, #915 ) ;
#5386 = VERTEX_POINT ( 'NONE', #2705 ) ;
#5387 = DIRECTION ( 'NONE',  ( 2.478176394252580155E-16, -1.000000000000000000, 0.000000000000000000 ) ) ;
#5388 = ADVANCED_FACE ( 'NONE', ( #2594 ), #1792, .F. ) ;
#5389 = CC_DESIGN_SECURITY_CLASSIFICATION ( #5109, ( #3318 ) ) ;
#5390 = DIRECTION ( 'NONE',  ( 0.000000000000000000, 1.000000000000000000, 0.000000000000000000 ) ) ;
#5391 = EDGE_CURVE ( 'NONE', #809, #3140, #2646, .T. ) ;
#5392 = APPLICATION_PROTOCOL_DEFINITION ( 'international standard', 'config_control_design', 1994, #210 ) ;
#5393 = LOCAL_TIME ( 10, 17, 39.00000000000000000, #2595 ) ;
#5394 = ORIENTED_EDGE ( 'NONE', *, *, #2185, .T. ) ;
#5395 = DIRECTION ( 'NONE',  ( 0.000000000000000000, 0.000000000000000000, -1.000000000000000000 ) ) ;
#5396 = CARTESIAN_POINT ( 'NONE',  ( 2.350000000000000089, -9.629649721936179265E-32, 2.500000000000000000 ) ) ;
#5397 = VERTEX_POINT ( 'NONE', #352 ) ;
#5398 = VERTEX_POINT ( 'NONE', #4473 ) ;
#5399 = DIRECTION ( 'NONE',  ( 0.000000000000000000, 1.000000000000000000, 0.000000000000000000 ) ) ;
#5400 = VECTOR ( 'NONE', #2333, 1000.000000000000000 ) ;
#5401 = DIRECTION ( 'NONE',  ( 0.000000000000000000, 1.000000000000000000, 0.000000000000000000 ) ) ;
#5402 = LINE ( 'NONE', #5784, #2824 ) ;
#5403 = APPROVAL_DATE_TIME ( #1783, #4763 ) ;
#5404 = DIRECTION ( 'NONE',  ( 1.000000000000000000, 1.747729060459025020E-16, 0.000000000000000000 ) ) ;
#5405 = ORIENTED_EDGE ( 'NONE', *, *, #3827, .T. ) ;
#5406 = CIRCLE ( 'NONE', #3798, 0.5000000000000004441 ) ;
#5407 = DIRECTION ( 'NONE',  ( -1.000000000000000000, -1.191190382581905865E-16, 0.000000000000000000 ) ) ;
#5408 = EDGE_CURVE ( 'NONE', #5051, #2056, #821, .T. ) ;
#5409 = ORIENTED_EDGE ( 'NONE', *, *, #3295, .T. ) ;
#5410 = CARTESIAN_POINT ( 'NONE',  ( 6.000000000000000000, -6.379211070675430182E-16, -3.000000000000000000 ) ) ;
#5411 = CARTESIAN_POINT ( 'NONE',  ( -6.000000000000000000, -6.379211070675430182E-16, 3.000000000000000000 ) ) ;
#5412 = LINE ( 'NONE', #3805, #963 ) ;
#5413 = DATE_TIME_ROLE ( 'classification_date' ) ;
#5414 = PRODUCT_DEFINITION_SHAPE ( 'NONE', 'NONE',  #1242 ) ;
#5415 = ORIENTED_EDGE ( 'NONE', *, *, #853, .T. ) ;
#5416 = CARTESIAN_POINT ( 'NONE',  ( -14.00000000000000000, -5.000000000000000000, -3.000000000000000000 ) ) ;
#5417 = CC_DESIGN_PERSON_AND_ORGANIZATION_ASSIGNMENT ( #263, #2055, ( #1732 ) ) ;
#5418 = CARTESIAN_POINT ( 'NONE',  ( 2.350000000000000089, -9.629649721936179265E-32, 3.000000000000000000 ) ) ;
#5419 = APPROVAL_DATE_TIME ( #384, #5239 ) ;
#5420 = EDGE_CURVE ( 'NONE', #4135, #5736, #2655, .T. ) ;
#5421 = ORIENTED_EDGE ( 'NONE', *, *, #4057, .T. ) ;
#5422 = CARTESIAN_POINT ( 'NONE',  ( 6.000000000000000000, 2.500000000000000000, 3.000000000000000000 ) ) ;
#5423 = EDGE_CURVE ( 'NONE', #3431, #3457, #308, .T. ) ;
#5424 = CARTESIAN_POINT ( 'NONE',  ( -11.00000000000000000, 5.000000000000000000, -3.000000000000000000 ) ) ;
#5425 = VERTEX_POINT ( 'NONE', #5767 ) ;
#5426 = ORIENTED_EDGE ( 'NONE', *, *, #3166, .F. ) ;
#5427 = CARTESIAN_POINT ( 'NONE',  ( -1.850000000000000089, -3.500000000000000000, -2.500000000000000000 ) ) ;
#5428 = CIRCLE ( 'NONE', #365, 0.9999999999999991118 ) ;
#5429 = EDGE_CURVE ( 'NONE', #1758, #1243, #3524, .T. ) ;
#5430 = DIRECTION ( 'NONE',  ( 0.000000000000000000, -1.000000000000000000, 0.000000000000000000 ) ) ;
#5431 = CONTEXT_DEPENDENT_SHAPE_REPRESENTATION ( #623, #4146 ) ;
#5432 = CARTESIAN_POINT ( 'NONE',  ( 0.000000000000000000, -2.000000000000000000, 0.000000000000000000 ) ) ;
#5433 = ORIENTED_EDGE ( 'NONE', *, *, #2809, .T. ) ;
#5434 = DIRECTION ( 'NONE',  ( 0.000000000000000000, 0.000000000000000000, -1.000000000000000000 ) ) ;
#5435 = APPLICATION_CONTEXT ( 'configuration controlled 3d designs of mechanical parts and assemblies' ) ;
#5436 = VERTEX_POINT ( 'NONE', #4219 ) ;
#5437 = LINE ( 'NONE', #4493, #3113 ) ;
#5438 = EDGE_CURVE ( 'NONE', #809, #5152, #678, .T. ) ;
#5439 = LOCAL_TIME ( 10, 17, 39.00000000000000000, #5460 ) ;
#5440 = DIRECTION ( 'NONE',  ( -1.000000000000000000, 0.000000000000000000, 0.000000000000000000 ) ) ;
#5441 = PLANE ( 'NONE',  #5480 ) ;
#5442 = CIRCLE ( 'NONE', #1571, 1.000000000000000000 ) ;
#5443 = PERSON_AND_ORGANIZATION_ROLE ( 'design_supplier' ) ;
#5444 = COORDINATED_UNIVERSAL_TIME_OFFSET ( 1, 0, .AHEAD. ) ;
#5445 = ORIENTED_EDGE ( 'NONE', *, *, #3404, .F. ) ;
#5446 = DIRECTION ( 'NONE',  ( 1.000000000000000000, 0.000000000000000000, 0.000000000000000000 ) ) ;
#5447 = CARTESIAN_POINT ( 'NONE',  ( 0.000000000000000000, -3.500000000000000000, 1.250000000000000000 ) ) ;
#5448 = DIRECTION ( 'NONE',  ( 0.000000000000000000, 0.000000000000000000, -1.000000000000000000 ) ) ;
#5449 = APPLICATION_PROTOCOL_DEFINITION ( 'international standard', 'config_control_design', 1994, #4420 ) ;
#5450 = CC_DESIGN_PERSON_AND_ORGANIZATION_ASSIGNMENT ( #1675, #1306, ( #596 ) ) ;
#5451 = EDGE_LOOP ( 'NONE', ( #1687, #5622, #658, #1398 ) ) ;
#5452 = CARTESIAN_POINT ( 'NONE',  ( 6.000000000000000000, -6.379211070675430182E-16, -2.500000000000000000 ) ) ;
#5453 = AXIS2_PLACEMENT_3D ( 'NONE', #310, #1728, #5311 ) ;
#5454 = DIRECTION ( 'NONE',  ( 0.000000000000000000, 0.000000000000000000, 1.000000000000000000 ) ) ;
#5455 = ORIENTED_EDGE ( 'NONE', *, *, #1901, .T. ) ;
#5456 = VERTEX_POINT ( 'NONE', #5548 ) ;
#5457 = FACE_OUTER_BOUND ( 'NONE', #2702, .T. ) ;
#5458 = ADVANCED_FACE ( 'NONE', ( #2924 ), #5441, .F. ) ;
#5459 = DIRECTION ( 'NONE',  ( 0.000000000000000000, 0.000000000000000000, -1.000000000000000000 ) ) ;
#5460 = COORDINATED_UNIVERSAL_TIME_OFFSET ( 1, 0, .AHEAD. ) ;
#5461 = CARTESIAN_POINT ( 'NONE',  ( 0.000000000000000000, -3.500000000000000000, 0.000000000000000000 ) ) ;
#5462 = ORIENTED_EDGE ( 'NONE', *, *, #542, .F. ) ;
#5463 = AXIS2_PLACEMENT_3D ( 'NONE', #4510, #2286, #3631 ) ;
#5464 = EDGE_CURVE ( 'NONE', #2056, #4682, #4817, .T. ) ;
#5465 = VECTOR ( 'NONE', #4504, 1000.000000000000000 ) ;
#5466 = PLANE ( 'NONE',  #5686 ) ;
#5467 = PRODUCT_DEFINITION_SHAPE ( 'NONE', 'NONE',  #3572 ) ;
#5468 = VECTOR ( 'NONE', #4926, 1000.000000000000000 ) ;
#5469 = EDGE_LOOP ( 'NONE', ( #268, #5670, #3958, #165 ) ) ;
#5470 = DIRECTION ( 'NONE',  ( 0.000000000000000000, -1.000000000000000000, 0.000000000000000000 ) ) ;
#5471 = CLOSED_SHELL ( 'NONE', ( #3766, #1229, #5756, #4395, #1871, #569, #4772, #4196, #5677, #2501, #5336, #536, #2206, #1474, #2550, #1285, #2771, #2476, #5458, #1487 ) ) ;
#5472 = CARTESIAN_POINT ( 'NONE',  ( -2.350000000000000089, -0.6840402866513449753, 3.000000000000000000 ) ) ;
#5473 = PERSON ( 'NAUO-PER11', 'UNSPECIFIED', 'UNSPECIFIED', ('UNSPECIFIED'), ('UNSPECIFIED'), ('UNSPECIFIED') ) ;
#5474 = PERSON_AND_ORGANIZATION ( #3639, #409 ) ;
#5475 = CIRCLE ( 'NONE', #1994, 0.5000000000000000000 ) ;
#5476 = CIRCLE ( 'NONE', #399, 0.5000000000000000000 ) ;
#5477 = APPROVAL_ROLE ( '' ) ;
#5478 = VERTEX_POINT ( 'NONE', #1570 ) ;
#5479 = DIRECTION ( 'NONE',  ( 0.000000000000000000, 0.000000000000000000, -1.000000000000000000 ) ) ;
#5480 = AXIS2_PLACEMENT_3D ( 'NONE', #4724, #190, #2018 ) ;
#5481 = VECTOR ( 'NONE', #2492, 1000.000000000000000 ) ;
#5482 = CARTESIAN_POINT ( 'NONE',  ( -88.00000000000000000, 2.500000000000000000, -2.500000000000000000 ) ) ;
#5483 = CARTESIAN_POINT ( 'NONE',  ( -9.500000000000000000, -4.500000000000000000, 0.000000000000000000 ) ) ;
#5484 = CARTESIAN_POINT ( 'NONE',  ( -2.350000000000000089, -2.799999999999999822, 3.000000000000000000 ) ) ;
#5485 = DATE_TIME_ROLE ( 'creation_date' ) ;
#5486 = CC_DESIGN_SECURITY_CLASSIFICATION ( #2191, ( #5826 ) ) ;
#5487 = ADVANCED_FACE ( 'NONE', ( #3638 ), #1049, .T. ) ;
#5488 = VERTEX_POINT ( 'NONE', #4692 ) ;
#5489 = LINE ( 'NONE', #3186, #4241 ) ;
#5490 = APPROVAL_PERSON_ORGANIZATION ( #5324, #1676, #4474 ) ;
#5491 = ORIENTED_EDGE ( 'NONE', *, *, #706, .F. ) ;
#5492 = ORIENTED_EDGE ( 'NONE', *, *, #4833, .T. ) ;
#5493 = CARTESIAN_POINT ( 'NONE',  ( 6.000000000000000000, 2.500000000000000000, -3.000000000000000000 ) ) ;
#5494 = SECURITY_CLASSIFICATION ( '', '', #5674 ) ;
#5495 = DIRECTION ( 'NONE',  ( -1.747729060459025020E-16, 1.000000000000000000, 0.000000000000000000 ) ) ;
#5496 = DATE_AND_TIME ( #11, #4721 ) ;
#5497 = LINE ( 'NONE', #4639, #1516 ) ;
#5498 = VERTEX_POINT ( 'NONE', #1129 ) ;
#5499 = ORIENTED_EDGE ( 'NONE', *, *, #2384, .T. ) ;
#5500 = CIRCLE ( 'NONE', #608, 0.5000000000000000000 ) ;
#5501 = DIRECTION ( 'NONE',  ( 0.000000000000000000, 0.000000000000000000, -1.000000000000000000 ) ) ;
#5502 = EDGE_CURVE ( 'NONE', #2441, #4135, #227, .T. ) ;
#5503 = ORIENTED_EDGE ( 'NONE', *, *, #1472, .F. ) ;
#5504 = ORIENTED_EDGE ( 'NONE', *, *, #3704, .T. ) ;
#5505 = ADVANCED_FACE ( 'NONE', ( #2427 ), #4643, .F. ) ;
#5506 = FACE_OUTER_BOUND ( 'NONE', #3800, .T. ) ;
#5507 = COORDINATED_UNIVERSAL_TIME_OFFSET ( 1, 0, .AHEAD. ) ;
#5508 = EDGE_CURVE ( 'NONE', #4506, #864, #5133, .T. ) ;
#5509 = COORDINATED_UNIVERSAL_TIME_OFFSET ( 1, 0, .AHEAD. ) ;
#5510 = EDGE_LOOP ( 'NONE', ( #1862, #2202, #2837, #5533 ) ) ;
#5511 = DIRECTION ( 'NONE',  ( 0.000000000000000000, 0.000000000000000000, -1.000000000000000000 ) ) ;
#5512 = DIRECTION ( 'NONE',  ( -1.000000000000000000, 0.000000000000000000, 0.000000000000000000 ) ) ;
#5513 = FACE_OUTER_BOUND ( 'NONE', #5074, .T. ) ;
#5514 = CALENDAR_DATE ( 2025, 16, 6 ) ;
#5515 = ORIENTED_EDGE ( 'NONE', *, *, #4048, .F. ) ;
#5516 = DIRECTION ( 'NONE',  ( 0.000000000000000000, 0.000000000000000000, -1.000000000000000000 ) ) ;
#5517 = VERTEX_POINT ( 'NONE', #1989 ) ;
#5518 = PRODUCT ( 'pattes_mobiles_rail.step', 'pattes_mobiles_rail.step', '', ( #4652 ) ) ;
#5519 = EDGE_CURVE ( 'NONE', #2022, #5702, #5412, .T. ) ;
#5520 = LINE ( 'NONE', #1958, #3299 ) ;
#5521 = PLANE ( 'NONE',  #2420 ) ;
#5522 = LINE ( 'NONE', #2845, #290 ) ;
#5523 = ORIENTED_EDGE ( 'NONE', *, *, #442, .T. ) ;
#5524 = ORIENTED_EDGE ( 'NONE', *, *, #4124, .T. ) ;
#5525 = CARTESIAN_POINT ( 'NONE',  ( 5.500000000000000000, -5.505346540445919644E-16, 2.500000000000000000 ) ) ;
#5526 = SHAPE_REPRESENTATION ( 'piece_up_serrage_rails_mobiles.step', ( #4351 ), #2941 ) ;
#5527 = APPROVAL ( #4826, 'UNKNOWN' ) ;
#5528 = VERTEX_POINT ( 'NONE', #693 ) ;
#5529 = LINE ( 'NONE', #1026, #402 ) ;
#5530 = DATE_AND_TIME ( #3754, #226 ) ;
#5531 = ADVANCED_FACE ( 'NONE', ( #2848 ), #1381, .F. ) ;
#5532 = APPROVAL_STATUS ( 'not_yet_approved' ) ;
#5533 = ORIENTED_EDGE ( 'NONE', *, *, #713, .T. ) ;
#5534 = CARTESIAN_POINT ( 'NONE',  ( -7.000000000000000000, -8.126940131134461119E-16, 3.000000000000000000 ) ) ;
#5535 = CC_DESIGN_SECURITY_CLASSIFICATION ( #734, ( #5827 ) ) ;
#5536 = EDGE_CURVE ( 'NONE', #4425, #2768, #493, .T. ) ;
#5537 = CARTESIAN_POINT ( 'NONE',  ( 6.000000000000000000, 2.500000000000000000, -2.500000000000000000 ) ) ;
#5538 = DIRECTION ( 'NONE',  ( 0.000000000000000000, 1.000000000000000000, 0.000000000000000000 ) ) ;
#5539 = PERSON_AND_ORGANIZATION_ROLE ( 'design_supplier' ) ;
#5540 = ORIENTED_EDGE ( 'NONE', *, *, #1055, .F. ) ;
#5541 = FACE_OUTER_BOUND ( 'NONE', #3608, .T. ) ;
#5542 = ORIENTED_EDGE ( 'NONE', *, *, #5787, .T. ) ;
#5543 = LINE ( 'NONE', #5595, #4436 ) ;
#5544 = DIRECTION ( 'NONE',  ( 1.000000000000000000, 1.772003075187619906E-16, 0.000000000000000000 ) ) ;
#5545 = DIRECTION ( 'NONE',  ( -1.000000000000000000, -1.747729060459019350E-16, 0.000000000000000000 ) ) ;
#5546 = ORIENTED_EDGE ( 'NONE', *, *, #4918, .F. ) ;
#5547 = EDGE_LOOP ( 'NONE', ( #1447, #1276, #4322, #443, #4851, #2967, #5058, #1134, #1592, #3171, #3346, #4834, #2716, #2299, #3682, #1552, #2244, #515, #1086, #3944, #4470, #4006, #1171, #339, #1692 ) ) ;
#5548 = CARTESIAN_POINT ( 'NONE',  ( 2.289692620785909849, -0.3420201433256724877, 3.000000000000000000 ) ) ;
#5549 = FACE_OUTER_BOUND ( 'NONE', #1835, .T. ) ;
#5550 = AXIS2_PLACEMENT_3D ( 'NONE', #5461, #2761, #2316 ) ;
#5551 = ORIENTED_EDGE ( 'NONE', *, *, #1081, .F. ) ;
#5552 = VECTOR ( 'NONE', #3160, 1000.000000000000000 ) ;
#5553 = DIRECTION ( 'NONE',  ( 0.000000000000000000, 0.000000000000000000, 1.000000000000000000 ) ) ;
#5554 = DIRECTION ( 'NONE',  ( 0.000000000000000000, 0.000000000000000000, -1.000000000000000000 ) ) ;
#5555 = CIRCLE ( 'NONE', #2923, 0.5000000000000004441 ) ;
#5556 = APPLICATION_PROTOCOL_DEFINITION ( 'international standard', 'config_control_design', 1994, #3104 ) ;
#5557 = AXIS2_PLACEMENT_3D ( 'NONE', #1290, #3934, #881 ) ;
#5558 = AXIS2_PLACEMENT_3D ( 'NONE', #4598, #4156, #2865 ) ;
#5559 = DIRECTION ( 'NONE',  ( 0.000000000000000000, 0.000000000000000000, 1.000000000000000000 ) ) ;
#5560 = CARTESIAN_POINT ( 'NONE',  ( 0.000000000000000000, -3.500000000000000000, 1.250000000000000000 ) ) ;
#5561 = PERSON_AND_ORGANIZATION ( #3639, #409 ) ;
#5562 = CIRCLE ( 'NONE', #2933, 0.5000000000000004441 ) ;
#5563 = AXIS2_PLACEMENT_3D ( 'NONE', #1852, #4670, #633 ) ;
#5564 = ORIENTED_EDGE ( 'NONE', *, *, #3359, .F. ) ;
#5565 = CC_DESIGN_PERSON_AND_ORGANIZATION_ASSIGNMENT ( #1386, #5329, ( #3859 ) ) ;
#5566 = CARTESIAN_POINT ( 'NONE',  ( -4.000000000000000000, 2.500000000000000000, -3.000000000000000000 ) ) ;
#5567 = VECTOR ( 'NONE', #3034, 1000.000000000000000 ) ;
#5568 = VERTEX_POINT ( 'NONE', #3176 ) ;
#5569 = EDGE_CURVE ( 'NONE', #996, #1368, #5579, .T. ) ;
#5570 = SECURITY_CLASSIFICATION ( '', '', #2326 ) ;
#5571 = CARTESIAN_POINT ( 'NONE',  ( 1.530808498934190091E-16, 2.500000000000000000, -1.250000000000000000 ) ) ;
#5572 =( NAMED_UNIT ( * ) PLANE_ANGLE_UNIT ( ) SI_UNIT ( $, .RADIAN. ) );
#5573 = EDGE_CURVE ( 'NONE', #4388, #4072, #3336, .T. ) ;
#5574 = APPROVAL_PERSON_ORGANIZATION ( #5682, #136, #1558 ) ;
#5575 = DIRECTION ( 'NONE',  ( 0.000000000000000000, 1.000000000000000000, 0.000000000000000000 ) ) ;
#5576 = FACE_OUTER_BOUND ( 'NONE', #1846, .T. ) ;
#5577 = VERTEX_POINT ( 'NONE', #4252 ) ;
#5578 = PRODUCT_DEFINITION_FORMATION_WITH_SPECIFIED_SOURCE ( 'ANY', '', #5363, .NOT_KNOWN. ) ;
#5579 = LINE ( 'NONE', #1549, #123 ) ;
#5580 = CARTESIAN_POINT ( 'NONE',  ( -2.350000000000000089, -2.000000000000000000, 2.500000000000000000 ) ) ;
#5581 = VERTEX_POINT ( 'NONE', #4964 ) ;
#5582 = EDGE_CURVE ( 'NONE', #947, #2708, #5602, .T. ) ;
#5583 = DIRECTION ( 'NONE',  ( 1.000000000000000000, 0.000000000000000000, 0.000000000000000000 ) ) ;
#5584 = VECTOR ( 'NONE', #2804, 1000.000000000000000 ) ;
#5585 = CALENDAR_DATE ( 2025, 16, 6 ) ;
#5586 = PERSON_AND_ORGANIZATION ( #5752, #4349 ) ;
#5587 = AXIS2_PLACEMENT_3D ( 'NONE', #5703, #3030, #5138 ) ;
#5588 = CARTESIAN_POINT ( 'NONE',  ( 5.500000000000000000, 0.5000000000000000000, -3.000000000000000000 ) ) ;
#5589 = CARTESIAN_POINT ( 'NONE',  ( 6.000000000000000000, -6.379211070675430182E-16, 3.000000000000000000 ) ) ;
#5590 = APPROVAL_STATUS ( 'not_yet_approved' ) ;
#5591 = CC_DESIGN_DATE_AND_TIME_ASSIGNMENT ( #1027, #3284, ( #32 ) ) ;
#5592 = EDGE_LOOP ( 'NONE', ( #2446, #5796, #5491, #2043 ) ) ;
#5593 = LINE ( 'NONE', #4768, #5279 ) ;
#5594 = ORIENTED_EDGE ( 'NONE', *, *, #3587, .T. ) ;
#5595 = CARTESIAN_POINT ( 'NONE',  ( 6.000000000000000000, -6.379211070675430182E-16, -3.000000000000000000 ) ) ;
#5596 = EDGE_CURVE ( 'NONE', #30, #4300, #4055, .T. ) ;
#5597 = ORIENTED_EDGE ( 'NONE', *, *, #3547, .F. ) ;
#5598 = PLANE ( 'NONE',  #2898 ) ;
#5599 = DIRECTION ( 'NONE',  ( 0.000000000000000000, -1.000000000000000000, 0.000000000000000000 ) ) ;
#5600 = ORIENTED_EDGE ( 'NONE', *, *, #1719, .T. ) ;
#5601 = VERTEX_POINT ( 'NONE', #500 ) ;
#5602 = LINE ( 'NONE', #3360, #4440 ) ;
#5603 = LINE ( 'NONE', #747, #5207 ) ;
#5604 = ADVANCED_FACE ( 'NONE', ( #4085 ), #4304, .T. ) ;
#5605 = DIRECTION ( 'NONE',  ( 1.000000000000000000, -1.685467801206459812E-16, 0.000000000000000000 ) ) ;
#5606 = VERTEX_POINT ( 'NONE', #3478 ) ;
#5607 = ORIENTED_EDGE ( 'NONE', *, *, #3496, .T. ) ;
#5608 = DIRECTION ( 'NONE',  ( -1.000000000000000000, 1.685467801206459812E-16, 0.000000000000000000 ) ) ;
#5609 = APPROVAL_ROLE ( '' ) ;
#5610 = VECTOR ( 'NONE', #5331, 1000.000000000000000 ) ;
#5611 = APPROVAL_STATUS ( 'not_yet_approved' ) ;
#5612 = DIRECTION ( 'NONE',  ( -1.000000000000000000, 2.168404344971010347E-16, 0.000000000000000000 ) ) ;
#5613 = CARTESIAN_POINT ( 'NONE',  ( 6.000000000000000000, 0.5000000000000000000, 3.000000000000000000 ) ) ;
#5614 = APPROVAL_DATE_TIME ( #5237, #3753 ) ;
#5615 = APPLICATION_CONTEXT ( 'configuration controlled 3d designs of mechanical parts and assemblies' ) ;
#5616 = ORIENTED_EDGE ( 'NONE', *, *, #5078, .T. ) ;
#5617 = LINE ( 'NONE', #4238, #3583 ) ;
#5618 = ORIENTED_EDGE ( 'NONE', *, *, #110, .F. ) ;
#5619 = CARTESIAN_POINT ( 'NONE',  ( 6.000000000000000000, -6.379211070675430182E-16, 3.000000000000000000 ) ) ;
#5620 = CC_DESIGN_DATE_AND_TIME_ASSIGNMENT ( #4579, #4104, ( #2191 ) ) ;
#5621 = CARTESIAN_POINT ( 'NONE',  ( 164.8114118356954805, -20.60697047119428404, -0.5000000000000702771 ) ) ;
#5622 = ORIENTED_EDGE ( 'NONE', *, *, #2765, .T. ) ;
#5623 = LINE ( 'NONE', #3383, #2610 ) ;
#5624 = CARTESIAN_POINT ( 'NONE',  ( -1.850000000000000089, -2.299999999999999822, 3.000000000000000000 ) ) ;
#5625 = ORIENTED_EDGE ( 'NONE', *, *, #3830, .F. ) ;
#5626 = VERTEX_POINT ( 'NONE', #5313 ) ;
#5627 = EDGE_CURVE ( 'NONE', #3717, #2956, #3924, .T. ) ;
#5628 = DIRECTION ( 'NONE',  ( 0.000000000000000000, 0.000000000000000000, 1.000000000000000000 ) ) ;
#5629 = PLANE ( 'NONE',  #696 ) ;
#5630 = DIRECTION ( 'NONE',  ( 0.000000000000000000, 0.000000000000000000, 1.000000000000000000 ) ) ;
#5631 = DIRECTION ( 'NONE',  ( 0.000000000000000000, 0.000000000000000000, -1.000000000000000000 ) ) ;
#5632 = ADVANCED_FACE ( 'NONE', ( #278 ), #2069, .T. ) ;
#5633 = ORIENTED_EDGE ( 'NONE', *, *, #4296, .T. ) ;
#5634 = ORIENTED_EDGE ( 'NONE', *, *, #5464, .F. ) ;
#5635 = VECTOR ( 'NONE', #3167, 1000.000000000000000 ) ;
#5636 = EDGE_CURVE ( 'NONE', #2049, #859, #3492, .T. ) ;
#5637 = LINE ( 'NONE', #4786, #1622 ) ;
#5638 = CALENDAR_DATE ( 2025, 16, 6 ) ;
#5639 = CIRCLE ( 'NONE', #945, 0.5000000000000004441 ) ;
#5640 = APPROVAL_ROLE ( '' ) ;
#5641 = CIRCLE ( 'NONE', #5550, 1.250000000000000000 ) ;
#5642 = PLANE ( 'NONE',  #21 ) ;
#5643 = CARTESIAN_POINT ( 'NONE',  ( 1.850000000000000089, -2.299999999999999822, 3.000000000000000000 ) ) ;
#5644 = AXIS2_PLACEMENT_3D ( 'NONE', #1205, #3814, #674 ) ;
#5645 = PERSON_AND_ORGANIZATION ( #3639, #409 ) ;
#5646 = VECTOR ( 'NONE', #4929, 1000.000000000000000 ) ;
#5647 = ORIENTED_EDGE ( 'NONE', *, *, #5429, .F. ) ;
#5648 = CARTESIAN_POINT ( 'NONE',  ( 0.000000000000000000, -3.500000000000000000, 0.000000000000000000 ) ) ;
#5649 = ORIENTED_EDGE ( 'NONE', *, *, #706, .T. ) ;
#5650 = AXIS2_PLACEMENT_3D ( 'NONE', #3241, #2775, #1500 ) ;
#5651 = VECTOR ( 'NONE', #5737, 1000.000000000000000 ) ;
#5652 = FACE_OUTER_BOUND ( 'NONE', #2609, .T. ) ;
#5653 = EDGE_CURVE ( 'NONE', #2349, #158, #5289, .T. ) ;
#5654 = DIRECTION ( 'NONE',  ( 1.000000000000000000, 0.000000000000000000, 0.000000000000000000 ) ) ;
#5655 = AXIS2_PLACEMENT_3D ( 'NONE', #4112, #2294, #4199 ) ;
#5656 = VERTEX_POINT ( 'NONE', #1666 ) ;
#5657 = CARTESIAN_POINT ( 'NONE',  ( 1.850000000000000089, 8.738645302295090589E-17, 3.000000000000000000 ) ) ;
#5658 = CARTESIAN_POINT ( 'NONE',  ( 1.530808498934190091E-16, 2.500000000000000000, -1.250000000000000000 ) ) ;
#5659 = VERTEX_POINT ( 'NONE', #4400 ) ;
#5660 = ORIENTED_EDGE ( 'NONE', *, *, #3330, .T. ) ;
#5661 = VECTOR ( 'NONE', #952, 1000.000000000000000 ) ;
#5662 = CARTESIAN_POINT ( 'NONE',  ( -9.000000000000000000, -5.000000000000000000, -3.000000000000000000 ) ) ;
#5663 = VECTOR ( 'NONE', #1525, 1000.000000000000000 ) ;
#5664 = DIRECTION ( 'NONE',  ( 1.685467801206459812E-16, -1.000000000000000000, 0.000000000000000000 ) ) ;
#5665 = CARTESIAN_POINT ( 'NONE',  ( -14.00000000000000000, 0.3339745962155620251, 3.000000000000000000 ) ) ;
#5666 = ORGANIZATION ( 'NAUO-ORG7', 'UNSPECIFIED', 'UNSPECIFIED' ) ;
#5667 = FACE_OUTER_BOUND ( 'NONE', #3559, .T. ) ;
#5668 = CC_DESIGN_DATE_AND_TIME_ASSIGNMENT ( #4208, #128, ( #197 ) ) ;
#5669 = DIRECTION ( 'NONE',  ( -1.000000000000000000, 0.000000000000000000, 0.000000000000000000 ) ) ;
#5670 = ORIENTED_EDGE ( 'NONE', *, *, #1901, .F. ) ;
#5671 = ORIENTED_EDGE ( 'NONE', *, *, #4645, .F. ) ;
#5672 = LOCAL_TIME ( 10, 17, 39.00000000000000000, #2360 ) ;
#5673 = DIRECTION ( 'NONE',  ( -1.000000000000000000, 0.000000000000000000, 0.000000000000000000 ) ) ;
#5674 = SECURITY_CLASSIFICATION_LEVEL ( 'unclassified' ) ;
#5675 = ADVANCED_FACE ( 'NONE', ( #719, #5283 ), #1251, .F. ) ;
#5676 = APPROVAL_PERSON_ORGANIZATION ( #2616, #2532, #4023 ) ;
#5677 = ADVANCED_FACE ( 'NONE', ( #2605 ), #3389, .F. ) ;
#5678 = DATE_AND_TIME ( #1555, #3780 ) ;
#5679 = VECTOR ( 'NONE', #1222, 1000.000000000000000 ) ;
#5680 = FACE_OUTER_BOUND ( 'NONE', #3157, .T. ) ;
#5681 = LINE ( 'NONE', #3322, #3846 ) ;
#5682 = PERSON_AND_ORGANIZATION ( #3639, #409 ) ;
#5683 = ADVANCED_FACE ( 'NONE', ( #2162 ), #2991, .T. ) ;
#5684 = ORIENTED_EDGE ( 'NONE', *, *, #186, .T. ) ;
#5685 = DIRECTION ( 'NONE',  ( 0.000000000000000000, 0.000000000000000000, 1.000000000000000000 ) ) ;
#5686 = AXIS2_PLACEMENT_3D ( 'NONE', #4960, #2348, #2407 ) ;
#5687 = ORIENTED_EDGE ( 'NONE', *, *, #2723, .T. ) ;
#5688 = DIRECTION ( 'NONE',  ( -1.000000000000000000, -2.478176394252580648E-16, 0.000000000000000000 ) ) ;
#5689 = DIRECTION ( 'NONE',  ( 1.000000000000000000, 0.000000000000000000, 0.000000000000000000 ) ) ;
#5690 = EDGE_LOOP ( 'NONE', ( #1575, #2995, #1796, #3738 ) ) ;
#5691 = FACE_OUTER_BOUND ( 'NONE', #647, .T. ) ;
#5692 = EDGE_CURVE ( 'NONE', #2076, #4939, #3453, .T. ) ;
#5693 = DIRECTION ( 'NONE',  ( 0.000000000000000000, 1.000000000000000000, 0.000000000000000000 ) ) ;
#5694 = VERTEX_POINT ( 'NONE', #3952 ) ;
#5695 = EDGE_LOOP ( 'NONE', ( #5634, #1839, #3297, #5347 ) ) ;
#5696 = CYLINDRICAL_SURFACE ( 'NONE', #2533, 1.250000000000000000 ) ;
#5697 = CARTESIAN_POINT ( 'NONE',  ( -4.000000000000000000, -2.781021871990660059E-16, -2.500000000000000000 ) ) ;
#5698 = CARTESIAN_POINT ( 'NONE',  ( 2.350000000000000089, -0.6840402866513449753, 3.000000000000000000 ) ) ;
#5699 = DIRECTION ( 'NONE',  ( 0.000000000000000000, 0.000000000000000000, -1.000000000000000000 ) ) ;
#5700 = DIRECTION ( 'NONE',  ( 0.000000000000000000, -1.000000000000000000, 1.445602896647339903E-16 ) ) ;
#5701 = EDGE_LOOP ( 'NONE', ( #3949, #2160 ) ) ;
#5702 = VERTEX_POINT ( 'NONE', #4780 ) ;
#5703 = CARTESIAN_POINT ( 'NONE',  ( 5.500000000000000000, 0.5000000000000000000, 3.000000000000000000 ) ) ;
#5704 = CC_DESIGN_PERSON_AND_ORGANIZATION_ASSIGNMENT ( #5056, #2855, ( #5363 ) ) ;
#5705 = DATE_AND_TIME ( #5585, #5302 ) ;
#5706 = DATE_AND_TIME ( #289, #2380 ) ;
#5707 = DIRECTION ( 'NONE',  ( 0.000000000000000000, 0.000000000000000000, -1.000000000000000000 ) ) ;
#5708 = EDGE_CURVE ( 'NONE', #3357, #835, #746, .T. ) ;
#5709 = PLANE ( 'NONE',  #4145 ) ;
#5710 = APPLICATION_PROTOCOL_DEFINITION ( 'international standard', 'config_control_design', 1994, #4342 ) ;
#5711 = VECTOR ( 'NONE', #4273, 1000.000000000000000 ) ;
#5712 = EDGE_LOOP ( 'NONE', ( #1507, #4686, #361, #2766 ) ) ;
#5713 = CARTESIAN_POINT ( 'NONE',  ( 2.350000000000000089, 0.000000000000000000, 3.000000000000000000 ) ) ;
#5714 = ORIENTED_EDGE ( 'NONE', *, *, #1317, .T. ) ;
#5715 = EDGE_CURVE ( 'NONE', #5035, #1660, #2542, .T. ) ;
#5716 = CARTESIAN_POINT ( 'NONE',  ( -95.00000000000000000, 2.500000000000000000, 5.000000000000000000 ) ) ;
#5717 = ORIENTED_EDGE ( 'NONE', *, *, #992, .T. ) ;
#5718 = FACE_BOUND ( 'NONE', #682, .T. ) ;
#5719 = CARTESIAN_POINT ( 'NONE',  ( -94.00000000000000000, -2.500000000000000000, 6.000000000000000000 ) ) ;
#5720 = ORIENTED_EDGE ( 'NONE', *, *, #819, .F. ) ;
#5721 = EDGE_LOOP ( 'NONE', ( #1898, #3750 ) ) ;
#5722 = LINE ( 'NONE', #5191, #1884 ) ;
#5723 = AXIS2_PLACEMENT_3D ( 'NONE', #2371, #2401, #2844 ) ;
#5724 = CARTESIAN_POINT ( 'NONE',  ( -2.350000000000000089, -4.814824860968089633E-32, -3.000000000000000000 ) ) ;
#5725 = CARTESIAN_POINT ( 'NONE',  ( 94.00000000000000000, 2.500000000000000000, 5.000000000000000000 ) ) ;
#5726 = DIRECTION ( 'NONE',  ( 0.000000000000000000, 0.000000000000000000, -1.000000000000000000 ) ) ;
#5727 = CARTESIAN_POINT ( 'NONE',  ( 88.00000000000000000, 2.500000000000000000, -2.500000000000000000 ) ) ;
#5728 = EDGE_LOOP ( 'NONE', ( #1401, #3075, #777, #1329, #3740, #4249, #1103, #1072 ) ) ;
#5729 = VERTEX_POINT ( 'NONE', #4336 ) ;
#5730 = DIRECTION ( 'NONE',  ( 0.000000000000000000, -1.000000000000000000, 0.000000000000000000 ) ) ;
#5731 = DATE_TIME_ROLE ( 'classification_date' ) ;
#5732 = AXIS2_PLACEMENT_3D ( 'NONE', #276, #2134, #4753 ) ;
#5733 = DIRECTION ( 'NONE',  ( 0.000000000000000000, -1.000000000000000000, 0.000000000000000000 ) ) ;
#5734 = CARTESIAN_POINT ( 'NONE',  ( -2.399999999999999911, -3.500000000000000000, -2.500000000000000000 ) ) ;
#5735 = DATE_AND_TIME ( #823, #5393 ) ;
#5736 = VERTEX_POINT ( 'NONE', #1166 ) ;
#5737 = DIRECTION ( 'NONE',  ( 0.000000000000000000, 0.000000000000000000, -1.000000000000000000 ) ) ;
#5738 = AXIS2_PLACEMENT_3D ( 'NONE', #3333, #1546, #4216 ) ;
#5739 = CIRCLE ( 'NONE', #194, 1.000000000000000000 ) ;
#5740 = DIRECTION ( 'NONE',  ( 1.772003075187619906E-16, 1.000000000000000000, 0.000000000000000000 ) ) ;
#5741 = DIRECTION ( 'NONE',  ( 1.000000000000000000, 0.000000000000000000, 0.000000000000000000 ) ) ;
#5742 = VECTOR ( 'NONE', #4369, 1000.000000000000000 ) ;
#5743 = EDGE_CURVE ( 'NONE', #5786, #5126, #2090, .T. ) ;
#5744 = ORIENTED_EDGE ( 'NONE', *, *, #1577, .T. ) ;
#5745 = DIRECTION ( 'NONE',  ( 0.000000000000000000, 0.000000000000000000, -1.000000000000000000 ) ) ;
#5746 = EDGE_CURVE ( 'NONE', #2899, #121, #4811, .T. ) ;
#5747 = CIRCLE ( 'NONE', #3209, 1.250000000000000000 ) ;
#5748 = DIRECTION ( 'NONE',  ( 0.000000000000000000, 1.000000000000000000, 0.000000000000000000 ) ) ;
#5749 = VERTEX_POINT ( 'NONE', #2581 ) ;
#5750 = ORIENTED_EDGE ( 'NONE', *, *, #890, .T. ) ;
#5751 = PLANE ( 'NONE',  #5453 ) ;
#5752 = PERSON ( 'NAUO-PER9', 'UNSPECIFIED', 'UNSPECIFIED', ('UNSPECIFIED'), ('UNSPECIFIED'), ('UNSPECIFIED') ) ;
#5753 = CARTESIAN_POINT ( 'NONE',  ( 6.000000000000000000, 2.500000000000000000, -2.500000000000000000 ) ) ;
#5754 = CARTESIAN_POINT ( 'NONE',  ( -95.00000000000000000, 2.500000000000000000, -6.000000000000000000 ) ) ;
#5755 = VECTOR ( 'NONE', #5149, 1000.000000000000000 ) ;
#5756 = ADVANCED_FACE ( 'NONE', ( #2487 ), #342, .T. ) ;
#5757 = DIRECTION ( 'NONE',  ( 0.000000000000000000, -1.000000000000000000, 0.000000000000000000 ) ) ;
#5758 = AXIS2_PLACEMENT_3D ( 'NONE', #1337, #2224, #397 ) ;
#5759 = DIRECTION ( 'NONE',  ( 0.000000000000000000, 1.000000000000000000, 0.000000000000000000 ) ) ;
#5760 = ORIENTED_EDGE ( 'NONE', *, *, #3655, .F. ) ;
#5761 = LOCAL_TIME ( 10, 17, 39.00000000000000000, #2825 ) ;
#5762 = DIRECTION ( 'NONE',  ( 1.000000000000000000, -2.168404344971010840E-16, 0.000000000000000000 ) ) ;
#5763 =( GEOMETRIC_REPRESENTATION_CONTEXT ( 3 ) GLOBAL_UNCERTAINTY_ASSIGNED_CONTEXT ( ( #3155 ) ) GLOBAL_UNIT_ASSIGNED_CONTEXT ( ( #4161, #183, #137 ) ) REPRESENTATION_CONTEXT ( 'NONE', 'WORKASPACE' ) );
#5764 = LOCAL_TIME ( 10, 17, 39.00000000000000000, #3619 ) ;
#5765 = EDGE_CURVE ( 'NONE', #1504, #3981, #2377, .T. ) ;
#5766 = LINE ( 'NONE', #4855, #4723 ) ;
#5767 = CARTESIAN_POINT ( 'NONE',  ( -2.350000000000000089, -2.000000000000000000, -2.500000000000000000 ) ) ;
#5768 = APPROVAL_DATE_TIME ( #848, #3932 ) ;
#5769 = LOCAL_TIME ( 10, 17, 39.00000000000000000, #4176 ) ;
#5770 = ORIENTED_EDGE ( 'NONE', *, *, #2147, .F. ) ;
#5771 = LINE ( 'NONE', #1293, #4815 ) ;
#5772 = CARTESIAN_POINT ( 'NONE',  ( -1.850000000000000089, 8.738645302295130032E-17, -2.500000000000000000 ) ) ;
#5773 = CC_DESIGN_PERSON_AND_ORGANIZATION_ASSIGNMENT ( #5064, #1860, ( #4070 ) ) ;
#5774 = ORIENTED_EDGE ( 'NONE', *, *, #3560, .T. ) ;
#5775 = LINE ( 'NONE', #5307, #546 ) ;
#5776 = CYLINDRICAL_SURFACE ( 'NONE', #1511, 0.5000000000000000000 ) ;
#5777 = ORIENTED_EDGE ( 'NONE', *, *, #5596, .F. ) ;
#5778 = VERTEX_POINT ( 'NONE', #1842 ) ;
#5779 = LINE ( 'NONE', #3100, #953 ) ;
#5780 = CIRCLE ( 'NONE', #5312, 1.250000000000000000 ) ;
#5781 =( NAMED_UNIT ( * ) SI_UNIT ( $, .STERADIAN. ) SOLID_ANGLE_UNIT ( ) );
#5782 = CARTESIAN_POINT ( 'NONE',  ( -4.500000000000000000, -3.623755772593889841E-16, -2.500000000000000000 ) ) ;
#5783 = EDGE_CURVE ( 'NONE', #4158, #1772, #3599, .T. ) ;
#5784 = CARTESIAN_POINT ( 'NONE',  ( -5.500000000000000000, 0.000000000000000000, 3.000000000000000000 ) ) ;
#5785 = CARTESIAN_POINT ( 'NONE',  ( -2.350000000000000089, -4.814824860968089633E-32, 3.000000000000000000 ) ) ;
#5786 = VERTEX_POINT ( 'NONE', #2666 ) ;
#5787 = EDGE_CURVE ( 'NONE', #121, #947, #3562, .T. ) ;
#5788 = EDGE_CURVE ( 'NONE', #2409, #4475, #1997, .T. ) ;
#5789 = EDGE_CURVE ( 'NONE', #5361, #5478, #2313, .T. ) ;
#5790 = CARTESIAN_POINT ( 'NONE',  ( -1.850000000000000089, -1.084202172485503941E-16, -2.500000000000000000 ) ) ;
#5791 = PRODUCT_DEFINITION_SHAPE ( 'NONE', 'NONE',  #5816 ) ;
#5792 = ORIENTED_EDGE ( 'NONE', *, *, #3515, .T. ) ;
#5793 = LINE ( 'NONE', #3147, #405 ) ;
#5794 = LINE ( 'NONE', #1707, #2836 ) ;
#5795 = PERSON_AND_ORGANIZATION ( #3639, #409 ) ;
#5796 = ORIENTED_EDGE ( 'NONE', *, *, #3123, .T. ) ;
#5797 = LINE ( 'NONE', #913, #1333 ) ;
#5798 = CARTESIAN_POINT ( 'NONE',  ( 6.000000000000000000, -6.379211070675430182E-16, 3.000000000000000000 ) ) ;
#5799 = DATE_AND_TIME ( #4972, #686 ) ;
#5800 = UNCERTAINTY_MEASURE_WITH_UNIT (LENGTH_MEASURE( 1.000000000000000082E-05 ), #2343, 'distance_accuracy_value', 'NONE');
#5801 = VERTEX_POINT ( 'NONE', #1812 ) ;
#5802 = DIRECTION ( 'NONE',  ( 1.747729060459025020E-16, 1.000000000000000000, 0.000000000000000000 ) ) ;
#5803 = CYLINDRICAL_SURFACE ( 'NONE', #2262, 2.500000000000000000 ) ;
#5804 = ORIENTED_EDGE ( 'NONE', *, *, #388, .T. ) ;
#5805 = ORIENTED_EDGE ( 'NONE', *, *, #380, .T. ) ;
#5806 = CC_DESIGN_PERSON_AND_ORGANIZATION_ASSIGNMENT ( #3836, #3369, ( #5494 ) ) ;
#5807 = DIRECTION ( 'NONE',  ( 0.000000000000000000, 0.000000000000000000, -1.000000000000000000 ) ) ;
#5808 = FACE_OUTER_BOUND ( 'NONE', #1035, .T. ) ;
#5809 = DIRECTION ( 'NONE',  ( -1.000000000000000000, 1.772003075187619659E-16, 0.000000000000000000 ) ) ;
#5810 = CARTESIAN_POINT ( 'NONE',  ( -10.13397459621556074, 0.5000000000000000000, 3.000000000000000000 ) ) ;
#5811 = APPROVAL_STATUS ( 'not_yet_approved' ) ;
#5812 = PLANE ( 'NONE',  #2545 ) ;
#5813 = VERTEX_POINT ( 'NONE', #428 ) ;
#5814 = EDGE_CURVE ( 'NONE', #4276, #3025, #3128, .T. ) ;
#5815 = CARTESIAN_POINT ( 'NONE',  ( 6.000000000000000000, 2.500000000000000000, 3.000000000000000000 ) ) ;
#5816 = NEXT_ASSEMBLY_USAGE_OCCURRENCE ( 'NAUO1', ' ', ' ', #2872, #3535, $ ) ;
#5817 = NEXT_ASSEMBLY_USAGE_OCCURRENCE ( 'NAUO2', ' ', ' ', #2872, #3535, $ ) ;
#5818 = NEXT_ASSEMBLY_USAGE_OCCURRENCE ( 'NAUO3', ' ', ' ', #2872, #1598, $ ) ;
#5819 = NEXT_ASSEMBLY_USAGE_OCCURRENCE ( 'NAUO4', ' ', ' ', #2872, #1598, $ ) ;
#5820 = NEXT_ASSEMBLY_USAGE_OCCURRENCE ( 'NAUO5', ' ', ' ', #2872, #2718, $ ) ;
#5821 = NEXT_ASSEMBLY_USAGE_OCCURRENCE ( 'NAUO6', ' ', ' ', #2872, #2718, $ ) ;
#5822 = NEXT_ASSEMBLY_USAGE_OCCURRENCE ( 'NAUO7', ' ', ' ', #2872, #3080, $ ) ;
#5823 = NEXT_ASSEMBLY_USAGE_OCCURRENCE ( 'NAUO8', ' ', ' ', #2872, #3080, $ ) ;
#5824 = NEXT_ASSEMBLY_USAGE_OCCURRENCE ( 'NAUO9', ' ', ' ', #2872, #1242, $ ) ;
#5825 = NEXT_ASSEMBLY_USAGE_OCCURRENCE ( 'NAUO10', ' ', ' ', #2872, #1242, $ ) ;
#5826 = NEXT_ASSEMBLY_USAGE_OCCURRENCE ( 'NAUO11', ' ', ' ', #2872, #197, $ ) ;
#5827 = NEXT_ASSEMBLY_USAGE_OCCURRENCE ( 'NAUO12', ' ', ' ', #2872, #197, $ ) ;
#5828 = NEXT_ASSEMBLY_USAGE_OCCURRENCE ( 'NAUO13', ' ', ' ', #2872, #3572, $ ) ;
#5829 = NEXT_ASSEMBLY_USAGE_OCCURRENCE ( 'NAUO14', ' ', ' ', #2872, #3572, $ ) ;
ENDSEC;
END-ISO-10303-21;
