ISO-10303-21;
HEADER;
FILE_DESCRIPTION(('STEP AP214'),'1');
FILE_NAME(' ','  ',('TraceParts'),('TraceParts S.A.'),'XStep 1.0',' ',' ');
FILE_SCHEMA(('automotive_design'));
ENDSEC;
DATA;
#1=MECHANICAL_DESIGN_GEOMETRIC_PRESENTATION_REPRESENTATION(' ',(#10,#11,#12,#13,#14,#15,#16,#17,#18,#19,#20,#21,#22,#23,#24,#25,#26,#27,#28,#29,#30,#31,#32,#33,#34,#35,#36,#37,#38,#39,#40,#41,#42,#43,#44,#45,#46,#47,#48,#49,#50,#51,#52,#53,#54,#55,#56,#57,#58,#59,#60,#61,#62,#63,#64,#65,#66,#67,#68,#69,#70,#71,#72,#73,#74,#75,#76,#77,#78,#79,#80,#81,#82,#83,#84,#85,#86,#87,#88,#89,#90,#91,#92,#93,#94,#95,#96,#97,#98,#99,#100,#101,#102,#103,#104,#105,#106,#107,#108,#109,#110,#111,#112,#113,#114,#115,#116,#117,#118,#119,#120,#121,#122,#123,#124,#125,#126,#127,#128,#129,#130,#131,#132,#133,#134,#135,#136,#137,#138,#139,#140,#141,#142,#143,#144,#145,#146,#147,#148,#149,#150,#151,#152,#153,#154,#155,#156,#157,#158,#159,#160,#161,#162,#163,#164,#165,#166,#167,#168,#169,#170,#171,#172,#173,#174,#175,#176,#177,#178,#179,#180,#181,#182,#183,#184,#185,#186,#187,#188,#189,#190,#191,#192,#193,#194,#195,#196,#197,#198,#199,#200,#201,#202,#203,#204,#205,#206,#207,#208,#209,#210,#211,#212,#213,#214,#215,#216,#217,#218,#219,#220,#221,#222,#223,#224,#225,#226,#227,#228,#229,#230,#231,#232,#233,#234,#235,#236,#237,#238,#239,#240,#241,#242,#243,#244,#245,#246,#247,#248,#249,#250,#251,#252,#253,#254,#255,#256,#257,#258,#259,#260,#261,#262,#263,#264,#265,#266,#267,#268,#269,#270,#271,#272,#273,#274,#275,#276,#277,#278,#279,#280,#281,#282,#283,#284,#285,#286,#287,#288,#289,#290,#291,#292,#293,#294,#295,#296,#297,#298,#299,#300,#301,#302,#303,#304,#305,#306,#307,#308,#309,#310,#311,#312,#313,#314,#315,#316,#317,#318,#319,#320,#321,#322,#323,#324,#325,#326,#327,#328,#329,#330,#331,#332,#333,#334,#335,#336,#337,#338,#339,#340,#341,#342,#343,#344,#345,#346,#347,#348,#349,#350,#351,#352,#353,#354,#355,#356,#357,#358,#359,#360,#361,#362,#363,#364,#365,#366,#367,#368,#369,#370,#371,#372,#373,#374,#375,#376,#377,#378,#379,#380,#381,#382,#383,#384,#385,#386,#387,#388,#389,#390,#391,#392,#393,#394,#395,#396,#397,#398,#399,#400,#401,#402,#403,#404,#405,#406,#407,#408,#409,#410,#411,#412,#413,#414,#415,#416,#417,#418,#419,#420,#421,#422,#423,#424,#425,#426,#427,#428,#429,#430,#431,#432,#433,#434,#435,#436,#437,#438,#439,#440,#441,#442,#443,#444,#445,#446,#447,#448,#449,#450,#451,#452,#453,#454,#455,#456,#457,#458,#459,#460,#461,#462,#463,#464,#465,#466,#467,#468,#469,#470,#471,#472,#473,#474,#475,#476,#477,#478,#479,#480,#481,#482,#483,#484,#485,#486,#487,#488,#489,#490,#491,#492,#493,#494,#495,#496,#497,#498,#499,#500,#501,#502,#503,#504,#505,#506,#507,#508,#509,#510,#511,#512,#513,#514,#515,#516,#517,#518,#519,#520,#521,#522,#523,#524,#525,#526,#527,#528,#529,#530,#531,#532,#533,#534,#535,#536,#537,#538,#539,#540,#541,#542,#543,#544,#545,#546,#547,#548,#549,#550,#551,#552,#553,#554,#555,#556,#557,#558,#559,#560,#561,#562,#563,#564,#565,#566,#567,#568,#569,#570,#571,#572,#573,#574,#575,#576,#577,#578,#579,#580,#581,#582,#583,#584,#585,#586,#587,#588,#589,#590,#591,#592,#593,#594,#595,#596,#597,#598,#599,#600,#601,#602,#603,#604,#605,#606,#607,#608,#609,#610,#611,#612,#613,#614,#615,#616,#617,#618,#619,#620,#621,#622,#623,#624,#625,#626,#627,#628,#629,#630,#631,#632,#633,#634,#635,#636,#637,#638,#639,#640,#641,#642,#643,#644,#645,#646,#647,#648,#649,#650,#651,#652,#653,#654,#655,#656,#657,#658,#659,#660,#661,#662,#663,#664,#665,#666,#667,#668,#669,#670,#671,#672,#673,#674,#675,#676,#677,#678,#679,#680,#681,#682,#683,#684,#685,#686,#687,#688,#689,#690,#691,#692,#693,#694,#695,#696,#697,#698,#699,#700,#701,#702,#703,#704,#705,#706,#707,#708,#709,#710,#711,#712,#713,#714,#715,#716,#717,#718,#719,#720,#721,#722,#723,#724,#725,#726,#727,#728,#729,#730,#731,#732,#733,#734,#735,#736,#737,#738,#739,#740,#741,#742,#743,#744,#745,#746,#747,#748,#749,#750,#751,#752,#753,#754,#755,#756,#757,#758,#759,#760,#761,#762,#763,#764,#765,#766,#767,#768,#769,#770,#771,#772,#773,#774,#775,#776,#777,#778,#779,#780,#781,#782,#783,#784,#785,#786,#787,#788,#789,#790,#791,#792,#793,#794,#795,#796,#797,#798,#799,#800,#801,#802,#803,#804,#805,#806,#807,#808,#809,#810,#811,#812,#813,#814,#815,#816,#817,#818,#819,#820,#821,#822,#823,#824,#825,#826,#827,#828,#829,#830,#831,#832,#833,#834,#835,#836,#837,#838,#839,#840,#841,#842,#843,#844,#845,#846,#847,#848,#849,#850,#851,#852,#853,#854,#855,#856,#857,#858,#859,#860,#861,#862,#863,#864,#865,#866,#867,#868,#869,#870,#871,#872,#873,#874,#875,#876,#877,#878,#879,#880,#881,#882,#883,#884,#885,#886,#887,#888,#889,#890,#891,#892,#893,#894,#895,#896,#897,#898,#899,#900,#901,#902,#903,#904,#905,#906,#907,#908,#909,#910,#911,#912,#913,#914,#915,#916,#917,#918,#919,#920,#921,#922,#923,#924,#925,#926,#927,#928,#929,#930,#931,#932,#933,#934,#935,#936,#937,#938,#939,#940,#941,#942,#943,#944,#945,#946,#947,#948,#949,#950,#951,#952,#953,#954,#955,#956,#957,#958,#959,#960,#961,#962,#963,#964,#965,#966,#967,#968,#969,#970,#971,#972,#973,#974,#975,#976,#977,#978,#979,#980,#981,#982,#983,#984,#985,#986,#987,#988,#989,#990,#991,#992,#993,#994,#995,#996,#997,#998,#999,#1000,#1001,#1002,#1003,#1004,#1005,#1006,#1007,#1008,#1009,#1010,#1011,#1012,#1013,#1014,#1015,#1016,#1017,#1018,#1019,#1020,#1021),#6);
#2=PRODUCT_DEFINITION_CONTEXT('',#1022,'design');
#3=APPLICATION_PROTOCOL_DEFINITION('INTERNATIONAL STANDARD','automotive_design',1994,#1022);
#4=PRODUCT_CATEGORY_RELATIONSHIP('NONE','NONE',#1023,#1024);
#5=SHAPE_DEFINITION_REPRESENTATION(#1025,#1026);
#6= (GEOMETRIC_REPRESENTATION_CONTEXT(3)GLOBAL_UNCERTAINTY_ASSIGNED_CONTEXT((#1029))GLOBAL_UNIT_ASSIGNED_CONTEXT((#1031,#1032,#1033))REPRESENTATION_CONTEXT('NONE','WORKSPACE'));
#10=STYLED_ITEM('',(#1035),#1036);
#11=STYLED_ITEM('',(#1037),#1038);
#12=STYLED_ITEM('',(#1039),#1040);
#13=STYLED_ITEM('',(#1041),#1042);
#14=STYLED_ITEM('',(#1043),#1044);
#15=STYLED_ITEM('',(#1045),#1046);
#16=STYLED_ITEM('',(#1047),#1048);
#17=STYLED_ITEM('',(#1049),#1050);
#18=STYLED_ITEM('',(#1051),#1052);
#19=STYLED_ITEM('',(#1053),#1054);
#20=STYLED_ITEM('',(#1055),#1056);
#21=STYLED_ITEM('',(#1057),#1058);
#22=STYLED_ITEM('',(#1059),#1060);
#23=STYLED_ITEM('',(#1061),#1062);
#24=STYLED_ITEM('',(#1063),#1064);
#25=STYLED_ITEM('',(#1065),#1066);
#26=STYLED_ITEM('',(#1067),#1068);
#27=STYLED_ITEM('',(#1069),#1070);
#28=STYLED_ITEM('',(#1071),#1072);
#29=STYLED_ITEM('',(#1073),#1074);
#30=STYLED_ITEM('',(#1075),#1076);
#31=STYLED_ITEM('',(#1077),#1078);
#32=STYLED_ITEM('',(#1079),#1080);
#33=STYLED_ITEM('',(#1081),#1082);
#34=STYLED_ITEM('',(#1083),#1084);
#35=STYLED_ITEM('',(#1085),#1086);
#36=STYLED_ITEM('',(#1087),#1088);
#37=STYLED_ITEM('',(#1089),#1090);
#38=STYLED_ITEM('',(#1091),#1092);
#39=STYLED_ITEM('',(#1093),#1094);
#40=STYLED_ITEM('',(#1095),#1096);
#41=STYLED_ITEM('',(#1097),#1098);
#42=STYLED_ITEM('',(#1099),#1100);
#43=STYLED_ITEM('',(#1101),#1102);
#44=STYLED_ITEM('',(#1103),#1104);
#45=STYLED_ITEM('',(#1105),#1106);
#46=STYLED_ITEM('',(#1107),#1108);
#47=STYLED_ITEM('',(#1109),#1110);
#48=STYLED_ITEM('',(#1111),#1112);
#49=STYLED_ITEM('',(#1113),#1114);
#50=STYLED_ITEM('',(#1115),#1116);
#51=STYLED_ITEM('',(#1117),#1118);
#52=STYLED_ITEM('',(#1119),#1120);
#53=STYLED_ITEM('',(#1121),#1122);
#54=STYLED_ITEM('',(#1123),#1124);
#55=STYLED_ITEM('',(#1125),#1126);
#56=STYLED_ITEM('',(#1127),#1128);
#57=STYLED_ITEM('',(#1129),#1130);
#58=STYLED_ITEM('',(#1131),#1132);
#59=STYLED_ITEM('',(#1133),#1134);
#60=STYLED_ITEM('',(#1135),#1136);
#61=STYLED_ITEM('',(#1137),#1138);
#62=STYLED_ITEM('',(#1139),#1140);
#63=STYLED_ITEM('',(#1141),#1142);
#64=STYLED_ITEM('',(#1143),#1144);
#65=STYLED_ITEM('',(#1145),#1146);
#66=STYLED_ITEM('',(#1147),#1148);
#67=STYLED_ITEM('',(#1149),#1150);
#68=STYLED_ITEM('',(#1151),#1152);
#69=STYLED_ITEM('',(#1153),#1154);
#70=STYLED_ITEM('',(#1155),#1156);
#71=STYLED_ITEM('',(#1157),#1158);
#72=STYLED_ITEM('',(#1159),#1160);
#73=STYLED_ITEM('',(#1161),#1162);
#74=STYLED_ITEM('',(#1163),#1164);
#75=STYLED_ITEM('',(#1165),#1166);
#76=STYLED_ITEM('',(#1167),#1168);
#77=STYLED_ITEM('',(#1169),#1170);
#78=STYLED_ITEM('',(#1171),#1172);
#79=STYLED_ITEM('',(#1173),#1174);
#80=STYLED_ITEM('',(#1175),#1176);
#81=STYLED_ITEM('',(#1177),#1178);
#82=STYLED_ITEM('',(#1179),#1180);
#83=STYLED_ITEM('',(#1181),#1182);
#84=STYLED_ITEM('',(#1183),#1184);
#85=STYLED_ITEM('',(#1185),#1186);
#86=STYLED_ITEM('',(#1187),#1188);
#87=STYLED_ITEM('',(#1189),#1190);
#88=STYLED_ITEM('',(#1191),#1192);
#89=STYLED_ITEM('',(#1193),#1194);
#90=STYLED_ITEM('',(#1195),#1196);
#91=STYLED_ITEM('',(#1197),#1198);
#92=STYLED_ITEM('',(#1199),#1200);
#93=STYLED_ITEM('',(#1201),#1202);
#94=STYLED_ITEM('',(#1203),#1204);
#95=STYLED_ITEM('',(#1205),#1206);
#96=STYLED_ITEM('',(#1207),#1208);
#97=STYLED_ITEM('',(#1209),#1210);
#98=STYLED_ITEM('',(#1211),#1212);
#99=STYLED_ITEM('',(#1213),#1214);
#100=STYLED_ITEM('',(#1215),#1216);
#101=STYLED_ITEM('',(#1217),#1218);
#102=STYLED_ITEM('',(#1219),#1220);
#103=STYLED_ITEM('',(#1221),#1222);
#104=STYLED_ITEM('',(#1223),#1224);
#105=STYLED_ITEM('',(#1225),#1226);
#106=STYLED_ITEM('',(#1227),#1228);
#107=STYLED_ITEM('',(#1229),#1230);
#108=STYLED_ITEM('',(#1231),#1232);
#109=STYLED_ITEM('',(#1233),#1234);
#110=STYLED_ITEM('',(#1235),#1236);
#111=STYLED_ITEM('',(#1237),#1238);
#112=STYLED_ITEM('',(#1239),#1240);
#113=STYLED_ITEM('',(#1241),#1242);
#114=STYLED_ITEM('',(#1243),#1244);
#115=STYLED_ITEM('',(#1245),#1246);
#116=STYLED_ITEM('',(#1247),#1248);
#117=STYLED_ITEM('',(#1249),#1250);
#118=STYLED_ITEM('',(#1251),#1252);
#119=STYLED_ITEM('',(#1253),#1254);
#120=STYLED_ITEM('',(#1255),#1256);
#121=STYLED_ITEM('',(#1257),#1258);
#122=STYLED_ITEM('',(#1259),#1260);
#123=STYLED_ITEM('',(#1261),#1262);
#124=STYLED_ITEM('',(#1263),#1264);
#125=STYLED_ITEM('',(#1265),#1266);
#126=STYLED_ITEM('',(#1267),#1268);
#127=STYLED_ITEM('',(#1269),#1270);
#128=STYLED_ITEM('',(#1271),#1272);
#129=STYLED_ITEM('',(#1273),#1274);
#130=STYLED_ITEM('',(#1275),#1276);
#131=STYLED_ITEM('',(#1277),#1278);
#132=STYLED_ITEM('',(#1279),#1280);
#133=STYLED_ITEM('',(#1281),#1282);
#134=STYLED_ITEM('',(#1283),#1284);
#135=STYLED_ITEM('',(#1285),#1286);
#136=STYLED_ITEM('',(#1287),#1288);
#137=STYLED_ITEM('',(#1289),#1290);
#138=STYLED_ITEM('',(#1291),#1292);
#139=STYLED_ITEM('',(#1293),#1294);
#140=STYLED_ITEM('',(#1295),#1296);
#141=STYLED_ITEM('',(#1297),#1298);
#142=STYLED_ITEM('',(#1299),#1300);
#143=STYLED_ITEM('',(#1301),#1302);
#144=STYLED_ITEM('',(#1303),#1304);
#145=STYLED_ITEM('',(#1305),#1306);
#146=STYLED_ITEM('',(#1307),#1308);
#147=STYLED_ITEM('',(#1309),#1310);
#148=STYLED_ITEM('',(#1311),#1312);
#149=STYLED_ITEM('',(#1313),#1314);
#150=STYLED_ITEM('',(#1315),#1316);
#151=STYLED_ITEM('',(#1317),#1318);
#152=STYLED_ITEM('',(#1319),#1320);
#153=STYLED_ITEM('',(#1321),#1322);
#154=STYLED_ITEM('',(#1323),#1324);
#155=STYLED_ITEM('',(#1325),#1326);
#156=STYLED_ITEM('',(#1327),#1328);
#157=STYLED_ITEM('',(#1329),#1330);
#158=STYLED_ITEM('',(#1331),#1332);
#159=STYLED_ITEM('',(#1333),#1334);
#160=STYLED_ITEM('',(#1335),#1336);
#161=STYLED_ITEM('',(#1337),#1338);
#162=STYLED_ITEM('',(#1339),#1340);
#163=STYLED_ITEM('',(#1341),#1342);
#164=STYLED_ITEM('',(#1343),#1344);
#165=STYLED_ITEM('',(#1345),#1346);
#166=STYLED_ITEM('',(#1347),#1348);
#167=STYLED_ITEM('',(#1349),#1350);
#168=STYLED_ITEM('',(#1351),#1352);
#169=STYLED_ITEM('',(#1353),#1354);
#170=STYLED_ITEM('',(#1355),#1356);
#171=STYLED_ITEM('',(#1357),#1358);
#172=STYLED_ITEM('',(#1359),#1360);
#173=STYLED_ITEM('',(#1361),#1362);
#174=STYLED_ITEM('',(#1363),#1364);
#175=STYLED_ITEM('',(#1365),#1366);
#176=STYLED_ITEM('',(#1367),#1368);
#177=STYLED_ITEM('',(#1369),#1370);
#178=STYLED_ITEM('',(#1371),#1372);
#179=STYLED_ITEM('',(#1373),#1374);
#180=STYLED_ITEM('',(#1375),#1376);
#181=STYLED_ITEM('',(#1377),#1378);
#182=STYLED_ITEM('',(#1379),#1380);
#183=STYLED_ITEM('',(#1381),#1382);
#184=STYLED_ITEM('',(#1383),#1384);
#185=STYLED_ITEM('',(#1385),#1386);
#186=STYLED_ITEM('',(#1387),#1388);
#187=STYLED_ITEM('',(#1389),#1390);
#188=STYLED_ITEM('',(#1391),#1392);
#189=STYLED_ITEM('',(#1393),#1394);
#190=STYLED_ITEM('',(#1395),#1396);
#191=STYLED_ITEM('',(#1397),#1398);
#192=STYLED_ITEM('',(#1399),#1400);
#193=STYLED_ITEM('',(#1401),#1402);
#194=STYLED_ITEM('',(#1403),#1404);
#195=STYLED_ITEM('',(#1405),#1406);
#196=STYLED_ITEM('',(#1407),#1408);
#197=STYLED_ITEM('',(#1409),#1410);
#198=STYLED_ITEM('',(#1411),#1412);
#199=STYLED_ITEM('',(#1413),#1414);
#200=STYLED_ITEM('',(#1415),#1416);
#201=STYLED_ITEM('',(#1417),#1418);
#202=STYLED_ITEM('',(#1419),#1420);
#203=STYLED_ITEM('',(#1421),#1422);
#204=STYLED_ITEM('',(#1423),#1424);
#205=STYLED_ITEM('',(#1425),#1426);
#206=STYLED_ITEM('',(#1427),#1428);
#207=STYLED_ITEM('',(#1429),#1430);
#208=STYLED_ITEM('',(#1431),#1432);
#209=STYLED_ITEM('',(#1433),#1434);
#210=STYLED_ITEM('',(#1435),#1436);
#211=STYLED_ITEM('',(#1437),#1438);
#212=STYLED_ITEM('',(#1439),#1440);
#213=STYLED_ITEM('',(#1441),#1442);
#214=STYLED_ITEM('',(#1443),#1444);
#215=STYLED_ITEM('',(#1445),#1446);
#216=STYLED_ITEM('',(#1447),#1448);
#217=STYLED_ITEM('',(#1449),#1450);
#218=STYLED_ITEM('',(#1451),#1452);
#219=STYLED_ITEM('',(#1453),#1454);
#220=STYLED_ITEM('',(#1455),#1456);
#221=STYLED_ITEM('',(#1457),#1458);
#222=STYLED_ITEM('',(#1459),#1460);
#223=STYLED_ITEM('',(#1461),#1462);
#224=STYLED_ITEM('',(#1463),#1464);
#225=STYLED_ITEM('',(#1465),#1466);
#226=STYLED_ITEM('',(#1467),#1468);
#227=STYLED_ITEM('',(#1469),#1470);
#228=STYLED_ITEM('',(#1471),#1472);
#229=STYLED_ITEM('',(#1473),#1474);
#230=STYLED_ITEM('',(#1475),#1476);
#231=STYLED_ITEM('',(#1477),#1478);
#232=STYLED_ITEM('',(#1479),#1480);
#233=STYLED_ITEM('',(#1481),#1482);
#234=STYLED_ITEM('',(#1483),#1484);
#235=STYLED_ITEM('',(#1485),#1486);
#236=STYLED_ITEM('',(#1487),#1488);
#237=STYLED_ITEM('',(#1489),#1490);
#238=STYLED_ITEM('',(#1491),#1492);
#239=STYLED_ITEM('',(#1493),#1494);
#240=STYLED_ITEM('',(#1495),#1496);
#241=STYLED_ITEM('',(#1497),#1498);
#242=STYLED_ITEM('',(#1499),#1500);
#243=STYLED_ITEM('',(#1501),#1502);
#244=STYLED_ITEM('',(#1503),#1504);
#245=STYLED_ITEM('',(#1505),#1506);
#246=STYLED_ITEM('',(#1507),#1508);
#247=STYLED_ITEM('',(#1509),#1510);
#248=STYLED_ITEM('',(#1511),#1512);
#249=STYLED_ITEM('',(#1513),#1514);
#250=STYLED_ITEM('',(#1515),#1516);
#251=STYLED_ITEM('',(#1517),#1518);
#252=STYLED_ITEM('',(#1519),#1520);
#253=STYLED_ITEM('',(#1521),#1522);
#254=STYLED_ITEM('',(#1523),#1524);
#255=STYLED_ITEM('',(#1525),#1526);
#256=STYLED_ITEM('',(#1527),#1528);
#257=STYLED_ITEM('',(#1529),#1530);
#258=STYLED_ITEM('',(#1531),#1532);
#259=STYLED_ITEM('',(#1533),#1534);
#260=STYLED_ITEM('',(#1535),#1536);
#261=STYLED_ITEM('',(#1537),#1538);
#262=STYLED_ITEM('',(#1539),#1540);
#263=STYLED_ITEM('',(#1541),#1542);
#264=STYLED_ITEM('',(#1543),#1544);
#265=STYLED_ITEM('',(#1545),#1546);
#266=STYLED_ITEM('',(#1547),#1548);
#267=STYLED_ITEM('',(#1549),#1550);
#268=STYLED_ITEM('',(#1551),#1552);
#269=STYLED_ITEM('',(#1553),#1554);
#270=STYLED_ITEM('',(#1555),#1556);
#271=STYLED_ITEM('',(#1557),#1558);
#272=STYLED_ITEM('',(#1559),#1560);
#273=STYLED_ITEM('',(#1561),#1562);
#274=STYLED_ITEM('',(#1563),#1564);
#275=STYLED_ITEM('',(#1565),#1566);
#276=STYLED_ITEM('',(#1567),#1568);
#277=STYLED_ITEM('',(#1569),#1570);
#278=STYLED_ITEM('',(#1571),#1572);
#279=STYLED_ITEM('',(#1573),#1574);
#280=STYLED_ITEM('',(#1575),#1576);
#281=STYLED_ITEM('',(#1577),#1578);
#282=STYLED_ITEM('',(#1579),#1580);
#283=STYLED_ITEM('',(#1581),#1582);
#284=STYLED_ITEM('',(#1583),#1584);
#285=STYLED_ITEM('',(#1585),#1586);
#286=STYLED_ITEM('',(#1587),#1588);
#287=STYLED_ITEM('',(#1589),#1590);
#288=STYLED_ITEM('',(#1591),#1592);
#289=STYLED_ITEM('',(#1593),#1594);
#290=STYLED_ITEM('',(#1595),#1596);
#291=STYLED_ITEM('',(#1597),#1598);
#292=STYLED_ITEM('',(#1599),#1600);
#293=STYLED_ITEM('',(#1601),#1602);
#294=STYLED_ITEM('',(#1603),#1604);
#295=STYLED_ITEM('',(#1605),#1606);
#296=STYLED_ITEM('',(#1607),#1608);
#297=STYLED_ITEM('',(#1609),#1610);
#298=STYLED_ITEM('',(#1611),#1612);
#299=STYLED_ITEM('',(#1613),#1614);
#300=STYLED_ITEM('',(#1615),#1616);
#301=STYLED_ITEM('',(#1617),#1618);
#302=STYLED_ITEM('',(#1619),#1620);
#303=STYLED_ITEM('',(#1621),#1622);
#304=STYLED_ITEM('',(#1623),#1624);
#305=STYLED_ITEM('',(#1625),#1626);
#306=STYLED_ITEM('',(#1627),#1628);
#307=STYLED_ITEM('',(#1629),#1630);
#308=STYLED_ITEM('',(#1631),#1632);
#309=STYLED_ITEM('',(#1633),#1634);
#310=STYLED_ITEM('',(#1635),#1636);
#311=STYLED_ITEM('',(#1637),#1638);
#312=STYLED_ITEM('',(#1639),#1640);
#313=STYLED_ITEM('',(#1641),#1642);
#314=STYLED_ITEM('',(#1643),#1644);
#315=STYLED_ITEM('',(#1645),#1646);
#316=STYLED_ITEM('',(#1647),#1648);
#317=STYLED_ITEM('',(#1649),#1650);
#318=STYLED_ITEM('',(#1651),#1652);
#319=STYLED_ITEM('',(#1653),#1654);
#320=STYLED_ITEM('',(#1655),#1656);
#321=STYLED_ITEM('',(#1657),#1658);
#322=STYLED_ITEM('',(#1659),#1660);
#323=STYLED_ITEM('',(#1661),#1662);
#324=STYLED_ITEM('',(#1663),#1664);
#325=STYLED_ITEM('',(#1665),#1666);
#326=STYLED_ITEM('',(#1667),#1668);
#327=STYLED_ITEM('',(#1669),#1670);
#328=STYLED_ITEM('',(#1671),#1672);
#329=STYLED_ITEM('',(#1673),#1674);
#330=STYLED_ITEM('',(#1675),#1676);
#331=STYLED_ITEM('',(#1677),#1678);
#332=STYLED_ITEM('',(#1679),#1680);
#333=STYLED_ITEM('',(#1681),#1682);
#334=STYLED_ITEM('',(#1683),#1684);
#335=STYLED_ITEM('',(#1685),#1686);
#336=STYLED_ITEM('',(#1687),#1688);
#337=STYLED_ITEM('',(#1689),#1690);
#338=STYLED_ITEM('',(#1691),#1692);
#339=STYLED_ITEM('',(#1693),#1694);
#340=STYLED_ITEM('',(#1695),#1696);
#341=STYLED_ITEM('',(#1697),#1698);
#342=STYLED_ITEM('',(#1699),#1700);
#343=STYLED_ITEM('',(#1701),#1702);
#344=STYLED_ITEM('',(#1703),#1704);
#345=STYLED_ITEM('',(#1705),#1706);
#346=STYLED_ITEM('',(#1707),#1708);
#347=STYLED_ITEM('',(#1709),#1710);
#348=STYLED_ITEM('',(#1711),#1712);
#349=STYLED_ITEM('',(#1713),#1714);
#350=STYLED_ITEM('',(#1715),#1716);
#351=STYLED_ITEM('',(#1717),#1718);
#352=STYLED_ITEM('',(#1719),#1720);
#353=STYLED_ITEM('',(#1721),#1722);
#354=STYLED_ITEM('',(#1723),#1724);
#355=STYLED_ITEM('',(#1725),#1726);
#356=STYLED_ITEM('',(#1727),#1728);
#357=STYLED_ITEM('',(#1729),#1730);
#358=STYLED_ITEM('',(#1731),#1732);
#359=STYLED_ITEM('',(#1733),#1734);
#360=STYLED_ITEM('',(#1735),#1736);
#361=STYLED_ITEM('',(#1737),#1738);
#362=STYLED_ITEM('',(#1739),#1740);
#363=STYLED_ITEM('',(#1741),#1742);
#364=STYLED_ITEM('',(#1743),#1744);
#365=STYLED_ITEM('',(#1745),#1746);
#366=STYLED_ITEM('',(#1747),#1748);
#367=STYLED_ITEM('',(#1749),#1750);
#368=STYLED_ITEM('',(#1751),#1752);
#369=STYLED_ITEM('',(#1753),#1754);
#370=STYLED_ITEM('',(#1755),#1756);
#371=STYLED_ITEM('',(#1757),#1758);
#372=STYLED_ITEM('',(#1759),#1760);
#373=STYLED_ITEM('',(#1761),#1762);
#374=STYLED_ITEM('',(#1763),#1764);
#375=STYLED_ITEM('',(#1765),#1766);
#376=STYLED_ITEM('',(#1767),#1768);
#377=STYLED_ITEM('',(#1769),#1770);
#378=STYLED_ITEM('',(#1771),#1772);
#379=STYLED_ITEM('',(#1773),#1774);
#380=STYLED_ITEM('',(#1775),#1776);
#381=STYLED_ITEM('',(#1777),#1778);
#382=STYLED_ITEM('',(#1779),#1780);
#383=STYLED_ITEM('',(#1781),#1782);
#384=STYLED_ITEM('',(#1783),#1784);
#385=STYLED_ITEM('',(#1785),#1786);
#386=STYLED_ITEM('',(#1787),#1788);
#387=STYLED_ITEM('',(#1789),#1790);
#388=STYLED_ITEM('',(#1791),#1792);
#389=STYLED_ITEM('',(#1793),#1794);
#390=STYLED_ITEM('',(#1795),#1796);
#391=STYLED_ITEM('',(#1797),#1798);
#392=STYLED_ITEM('',(#1799),#1800);
#393=STYLED_ITEM('',(#1801),#1802);
#394=STYLED_ITEM('',(#1803),#1804);
#395=STYLED_ITEM('',(#1805),#1806);
#396=STYLED_ITEM('',(#1807),#1808);
#397=STYLED_ITEM('',(#1809),#1810);
#398=STYLED_ITEM('',(#1811),#1812);
#399=STYLED_ITEM('',(#1813),#1814);
#400=STYLED_ITEM('',(#1815),#1816);
#401=STYLED_ITEM('',(#1817),#1818);
#402=STYLED_ITEM('',(#1819),#1820);
#403=STYLED_ITEM('',(#1821),#1822);
#404=STYLED_ITEM('',(#1823),#1824);
#405=STYLED_ITEM('',(#1825),#1826);
#406=STYLED_ITEM('',(#1827),#1828);
#407=STYLED_ITEM('',(#1829),#1830);
#408=STYLED_ITEM('',(#1831),#1832);
#409=STYLED_ITEM('',(#1833),#1834);
#410=STYLED_ITEM('',(#1835),#1836);
#411=STYLED_ITEM('',(#1837),#1838);
#412=STYLED_ITEM('',(#1839),#1840);
#413=STYLED_ITEM('',(#1841),#1842);
#414=STYLED_ITEM('',(#1843),#1844);
#415=STYLED_ITEM('',(#1845),#1846);
#416=STYLED_ITEM('',(#1847),#1848);
#417=STYLED_ITEM('',(#1849),#1850);
#418=STYLED_ITEM('',(#1851),#1852);
#419=STYLED_ITEM('',(#1853),#1854);
#420=STYLED_ITEM('',(#1855),#1856);
#421=STYLED_ITEM('',(#1857),#1858);
#422=STYLED_ITEM('',(#1859),#1860);
#423=STYLED_ITEM('',(#1861),#1862);
#424=STYLED_ITEM('',(#1863),#1864);
#425=STYLED_ITEM('',(#1865),#1866);
#426=STYLED_ITEM('',(#1867),#1868);
#427=STYLED_ITEM('',(#1869),#1870);
#428=STYLED_ITEM('',(#1871),#1872);
#429=STYLED_ITEM('',(#1873),#1874);
#430=STYLED_ITEM('',(#1875),#1876);
#431=STYLED_ITEM('',(#1877),#1878);
#432=STYLED_ITEM('',(#1879),#1880);
#433=STYLED_ITEM('',(#1881),#1882);
#434=STYLED_ITEM('',(#1883),#1884);
#435=STYLED_ITEM('',(#1885),#1886);
#436=STYLED_ITEM('',(#1887),#1888);
#437=STYLED_ITEM('',(#1889),#1890);
#438=STYLED_ITEM('',(#1891),#1892);
#439=STYLED_ITEM('',(#1893),#1894);
#440=STYLED_ITEM('',(#1895),#1896);
#441=STYLED_ITEM('',(#1897),#1898);
#442=STYLED_ITEM('',(#1899),#1900);
#443=STYLED_ITEM('',(#1901),#1902);
#444=STYLED_ITEM('',(#1903),#1904);
#445=STYLED_ITEM('',(#1905),#1906);
#446=STYLED_ITEM('',(#1907),#1908);
#447=STYLED_ITEM('',(#1909),#1910);
#448=STYLED_ITEM('',(#1911),#1912);
#449=STYLED_ITEM('',(#1913),#1914);
#450=STYLED_ITEM('',(#1915),#1916);
#451=STYLED_ITEM('',(#1917),#1918);
#452=STYLED_ITEM('',(#1919),#1920);
#453=STYLED_ITEM('',(#1921),#1922);
#454=STYLED_ITEM('',(#1923),#1924);
#455=STYLED_ITEM('',(#1925),#1926);
#456=STYLED_ITEM('',(#1927),#1928);
#457=STYLED_ITEM('',(#1929),#1930);
#458=STYLED_ITEM('',(#1931),#1932);
#459=STYLED_ITEM('',(#1933),#1934);
#460=STYLED_ITEM('',(#1935),#1936);
#461=STYLED_ITEM('',(#1937),#1938);
#462=STYLED_ITEM('',(#1939),#1940);
#463=STYLED_ITEM('',(#1941),#1942);
#464=STYLED_ITEM('',(#1943),#1944);
#465=STYLED_ITEM('',(#1945),#1946);
#466=STYLED_ITEM('',(#1947),#1948);
#467=STYLED_ITEM('',(#1949),#1950);
#468=STYLED_ITEM('',(#1951),#1952);
#469=STYLED_ITEM('',(#1953),#1954);
#470=STYLED_ITEM('',(#1955),#1956);
#471=STYLED_ITEM('',(#1957),#1958);
#472=STYLED_ITEM('',(#1959),#1960);
#473=STYLED_ITEM('',(#1961),#1962);
#474=STYLED_ITEM('',(#1963),#1964);
#475=STYLED_ITEM('',(#1965),#1966);
#476=STYLED_ITEM('',(#1967),#1968);
#477=STYLED_ITEM('',(#1969),#1970);
#478=STYLED_ITEM('',(#1971),#1972);
#479=STYLED_ITEM('',(#1973),#1974);
#480=STYLED_ITEM('',(#1975),#1976);
#481=STYLED_ITEM('',(#1977),#1978);
#482=STYLED_ITEM('',(#1979),#1980);
#483=STYLED_ITEM('',(#1981),#1982);
#484=STYLED_ITEM('',(#1983),#1984);
#485=STYLED_ITEM('',(#1985),#1986);
#486=STYLED_ITEM('',(#1987),#1988);
#487=STYLED_ITEM('',(#1989),#1990);
#488=STYLED_ITEM('',(#1991),#1992);
#489=STYLED_ITEM('',(#1993),#1994);
#490=STYLED_ITEM('',(#1995),#1996);
#491=STYLED_ITEM('',(#1997),#1998);
#492=STYLED_ITEM('',(#1999),#2000);
#493=STYLED_ITEM('',(#2001),#2002);
#494=STYLED_ITEM('',(#2003),#2004);
#495=STYLED_ITEM('',(#2005),#2006);
#496=STYLED_ITEM('',(#2007),#2008);
#497=STYLED_ITEM('',(#2009),#2010);
#498=STYLED_ITEM('',(#2011),#2012);
#499=STYLED_ITEM('',(#2013),#2014);
#500=STYLED_ITEM('',(#2015),#2016);
#501=STYLED_ITEM('',(#2017),#2018);
#502=STYLED_ITEM('',(#2019),#2020);
#503=STYLED_ITEM('',(#2021),#2022);
#504=STYLED_ITEM('',(#2023),#2024);
#505=STYLED_ITEM('',(#2025),#2026);
#506=STYLED_ITEM('',(#2027),#2028);
#507=STYLED_ITEM('',(#2029),#2030);
#508=STYLED_ITEM('',(#2031),#2032);
#509=STYLED_ITEM('',(#2033),#2034);
#510=STYLED_ITEM('',(#2035),#2036);
#511=STYLED_ITEM('',(#2037),#2038);
#512=STYLED_ITEM('',(#2039),#2040);
#513=STYLED_ITEM('',(#2041),#2042);
#514=STYLED_ITEM('',(#2043),#2044);
#515=STYLED_ITEM('',(#2045),#2046);
#516=STYLED_ITEM('',(#2047),#2048);
#517=STYLED_ITEM('',(#2049),#2050);
#518=STYLED_ITEM('',(#2051),#2052);
#519=STYLED_ITEM('',(#2053),#2054);
#520=STYLED_ITEM('',(#2055),#2056);
#521=STYLED_ITEM('',(#2057),#2058);
#522=STYLED_ITEM('',(#2059),#2060);
#523=STYLED_ITEM('',(#2061),#2062);
#524=STYLED_ITEM('',(#2063),#2064);
#525=STYLED_ITEM('',(#2065),#2066);
#526=STYLED_ITEM('',(#2067),#2068);
#527=STYLED_ITEM('',(#2069),#2070);
#528=STYLED_ITEM('',(#2071),#2072);
#529=STYLED_ITEM('',(#2073),#2074);
#530=STYLED_ITEM('',(#2075),#2076);
#531=STYLED_ITEM('',(#2077),#2078);
#532=STYLED_ITEM('',(#2079),#2080);
#533=STYLED_ITEM('',(#2081),#2082);
#534=STYLED_ITEM('',(#2083),#2084);
#535=STYLED_ITEM('',(#2085),#2086);
#536=STYLED_ITEM('',(#2087),#2088);
#537=STYLED_ITEM('',(#2089),#2090);
#538=STYLED_ITEM('',(#2091),#2092);
#539=STYLED_ITEM('',(#2093),#2094);
#540=STYLED_ITEM('',(#2095),#2096);
#541=STYLED_ITEM('',(#2097),#2098);
#542=STYLED_ITEM('',(#2099),#2100);
#543=STYLED_ITEM('',(#2101),#2102);
#544=STYLED_ITEM('',(#2103),#2104);
#545=STYLED_ITEM('',(#2105),#2106);
#546=STYLED_ITEM('',(#2107),#2108);
#547=STYLED_ITEM('',(#2109),#2110);
#548=STYLED_ITEM('',(#2111),#2112);
#549=STYLED_ITEM('',(#2113),#2114);
#550=STYLED_ITEM('',(#2115),#2116);
#551=STYLED_ITEM('',(#2117),#2118);
#552=STYLED_ITEM('',(#2119),#2120);
#553=STYLED_ITEM('',(#2121),#2122);
#554=STYLED_ITEM('',(#2123),#2124);
#555=STYLED_ITEM('',(#2125),#2126);
#556=STYLED_ITEM('',(#2127),#2128);
#557=STYLED_ITEM('',(#2129),#2130);
#558=STYLED_ITEM('',(#2131),#2132);
#559=STYLED_ITEM('',(#2133),#2134);
#560=STYLED_ITEM('',(#2135),#2136);
#561=STYLED_ITEM('',(#2137),#2138);
#562=STYLED_ITEM('',(#2139),#2140);
#563=STYLED_ITEM('',(#2141),#2142);
#564=STYLED_ITEM('',(#2143),#2144);
#565=STYLED_ITEM('',(#2145),#2146);
#566=STYLED_ITEM('',(#2147),#2148);
#567=STYLED_ITEM('',(#2149),#2150);
#568=STYLED_ITEM('',(#2151),#2152);
#569=STYLED_ITEM('',(#2153),#2154);
#570=STYLED_ITEM('',(#2155),#2156);
#571=STYLED_ITEM('',(#2157),#2158);
#572=STYLED_ITEM('',(#2159),#2160);
#573=STYLED_ITEM('',(#2161),#2162);
#574=STYLED_ITEM('',(#2163),#2164);
#575=STYLED_ITEM('',(#2165),#2166);
#576=STYLED_ITEM('',(#2167),#2168);
#577=STYLED_ITEM('',(#2169),#2170);
#578=STYLED_ITEM('',(#2171),#2172);
#579=STYLED_ITEM('',(#2173),#2174);
#580=STYLED_ITEM('',(#2175),#2176);
#581=STYLED_ITEM('',(#2177),#2178);
#582=STYLED_ITEM('',(#2179),#2180);
#583=STYLED_ITEM('',(#2181),#2182);
#584=STYLED_ITEM('',(#2183),#2184);
#585=STYLED_ITEM('',(#2185),#2186);
#586=STYLED_ITEM('',(#2187),#2188);
#587=STYLED_ITEM('',(#2189),#2190);
#588=STYLED_ITEM('',(#2191),#2192);
#589=STYLED_ITEM('',(#2193),#2194);
#590=STYLED_ITEM('',(#2195),#2196);
#591=STYLED_ITEM('',(#2197),#2198);
#592=STYLED_ITEM('',(#2199),#2200);
#593=STYLED_ITEM('',(#2201),#2202);
#594=STYLED_ITEM('',(#2203),#2204);
#595=STYLED_ITEM('',(#2205),#2206);
#596=STYLED_ITEM('',(#2207),#2208);
#597=STYLED_ITEM('',(#2209),#2210);
#598=STYLED_ITEM('',(#2211),#2212);
#599=STYLED_ITEM('',(#2213),#2214);
#600=STYLED_ITEM('',(#2215),#2216);
#601=STYLED_ITEM('',(#2217),#2218);
#602=STYLED_ITEM('',(#2219),#2220);
#603=STYLED_ITEM('',(#2221),#2222);
#604=STYLED_ITEM('',(#2223),#2224);
#605=STYLED_ITEM('',(#2225),#2226);
#606=STYLED_ITEM('',(#2227),#2228);
#607=STYLED_ITEM('',(#2229),#2230);
#608=STYLED_ITEM('',(#2231),#2232);
#609=STYLED_ITEM('',(#2233),#2234);
#610=STYLED_ITEM('',(#2235),#2236);
#611=STYLED_ITEM('',(#2237),#2238);
#612=STYLED_ITEM('',(#2239),#2240);
#613=STYLED_ITEM('',(#2241),#2242);
#614=STYLED_ITEM('',(#2243),#2244);
#615=STYLED_ITEM('',(#2245),#2246);
#616=STYLED_ITEM('',(#2247),#2248);
#617=STYLED_ITEM('',(#2249),#2250);
#618=STYLED_ITEM('',(#2251),#2252);
#619=STYLED_ITEM('',(#2253),#2254);
#620=STYLED_ITEM('',(#2255),#2256);
#621=STYLED_ITEM('',(#2257),#2258);
#622=STYLED_ITEM('',(#2259),#2260);
#623=STYLED_ITEM('',(#2261),#2262);
#624=STYLED_ITEM('',(#2263),#2264);
#625=STYLED_ITEM('',(#2265),#2266);
#626=STYLED_ITEM('',(#2267),#2268);
#627=STYLED_ITEM('',(#2269),#2270);
#628=STYLED_ITEM('',(#2271),#2272);
#629=STYLED_ITEM('',(#2273),#2274);
#630=STYLED_ITEM('',(#2275),#2276);
#631=STYLED_ITEM('',(#2277),#2278);
#632=STYLED_ITEM('',(#2279),#2280);
#633=STYLED_ITEM('',(#2281),#2282);
#634=STYLED_ITEM('',(#2283),#2284);
#635=STYLED_ITEM('',(#2285),#2286);
#636=STYLED_ITEM('',(#2287),#2288);
#637=STYLED_ITEM('',(#2289),#2290);
#638=STYLED_ITEM('',(#2291),#2292);
#639=STYLED_ITEM('',(#2293),#2294);
#640=STYLED_ITEM('',(#2295),#2296);
#641=STYLED_ITEM('',(#2297),#2298);
#642=STYLED_ITEM('',(#2299),#2300);
#643=STYLED_ITEM('',(#2301),#2302);
#644=STYLED_ITEM('',(#2303),#2304);
#645=STYLED_ITEM('',(#2305),#2306);
#646=STYLED_ITEM('',(#2307),#2308);
#647=STYLED_ITEM('',(#2309),#2310);
#648=STYLED_ITEM('',(#2311),#2312);
#649=STYLED_ITEM('',(#2313),#2314);
#650=STYLED_ITEM('',(#2315),#2316);
#651=STYLED_ITEM('',(#2317),#2318);
#652=STYLED_ITEM('',(#2319),#2320);
#653=STYLED_ITEM('',(#2321),#2322);
#654=STYLED_ITEM('',(#2323),#2324);
#655=STYLED_ITEM('',(#2325),#2326);
#656=STYLED_ITEM('',(#2327),#2328);
#657=STYLED_ITEM('',(#2329),#2330);
#658=STYLED_ITEM('',(#2331),#2332);
#659=STYLED_ITEM('',(#2333),#2334);
#660=STYLED_ITEM('',(#2335),#2336);
#661=STYLED_ITEM('',(#2337),#2338);
#662=STYLED_ITEM('',(#2339),#2340);
#663=STYLED_ITEM('',(#2341),#2342);
#664=STYLED_ITEM('',(#2343),#2344);
#665=STYLED_ITEM('',(#2345),#2346);
#666=STYLED_ITEM('',(#2347),#2348);
#667=STYLED_ITEM('',(#2349),#2350);
#668=STYLED_ITEM('',(#2351),#2352);
#669=STYLED_ITEM('',(#2353),#2354);
#670=STYLED_ITEM('',(#2355),#2356);
#671=STYLED_ITEM('',(#2357),#2358);
#672=STYLED_ITEM('',(#2359),#2360);
#673=STYLED_ITEM('',(#2361),#2362);
#674=STYLED_ITEM('',(#2363),#2364);
#675=STYLED_ITEM('',(#2365),#2366);
#676=STYLED_ITEM('',(#2367),#2368);
#677=STYLED_ITEM('',(#2369),#2370);
#678=STYLED_ITEM('',(#2371),#2372);
#679=STYLED_ITEM('',(#2373),#2374);
#680=STYLED_ITEM('',(#2375),#2376);
#681=STYLED_ITEM('',(#2377),#2378);
#682=STYLED_ITEM('',(#2379),#2380);
#683=STYLED_ITEM('',(#2381),#2382);
#684=STYLED_ITEM('',(#2383),#2384);
#685=STYLED_ITEM('',(#2385),#2386);
#686=STYLED_ITEM('',(#2387),#2388);
#687=STYLED_ITEM('',(#2389),#2390);
#688=STYLED_ITEM('',(#2391),#2392);
#689=STYLED_ITEM('',(#2393),#2394);
#690=STYLED_ITEM('',(#2395),#2396);
#691=STYLED_ITEM('',(#2397),#2398);
#692=STYLED_ITEM('',(#2399),#2400);
#693=STYLED_ITEM('',(#2401),#2402);
#694=STYLED_ITEM('',(#2403),#2404);
#695=STYLED_ITEM('',(#2405),#2406);
#696=STYLED_ITEM('',(#2407),#2408);
#697=STYLED_ITEM('',(#2409),#2410);
#698=STYLED_ITEM('',(#2411),#2412);
#699=STYLED_ITEM('',(#2413),#2414);
#700=STYLED_ITEM('',(#2415),#2416);
#701=STYLED_ITEM('',(#2417),#2418);
#702=STYLED_ITEM('',(#2419),#2420);
#703=STYLED_ITEM('',(#2421),#2422);
#704=STYLED_ITEM('',(#2423),#2424);
#705=STYLED_ITEM('',(#2425),#2426);
#706=STYLED_ITEM('',(#2427),#2428);
#707=STYLED_ITEM('',(#2429),#2430);
#708=STYLED_ITEM('',(#2431),#2432);
#709=STYLED_ITEM('',(#2433),#2434);
#710=STYLED_ITEM('',(#2435),#2436);
#711=STYLED_ITEM('',(#2437),#2438);
#712=STYLED_ITEM('',(#2439),#2440);
#713=STYLED_ITEM('',(#2441),#2442);
#714=STYLED_ITEM('',(#2443),#2444);
#715=STYLED_ITEM('',(#2445),#2446);
#716=STYLED_ITEM('',(#2447),#2448);
#717=STYLED_ITEM('',(#2449),#2450);
#718=STYLED_ITEM('',(#2451),#2452);
#719=STYLED_ITEM('',(#2453),#2454);
#720=STYLED_ITEM('',(#2455),#2456);
#721=STYLED_ITEM('',(#2457),#2458);
#722=STYLED_ITEM('',(#2459),#2460);
#723=STYLED_ITEM('',(#2461),#2462);
#724=STYLED_ITEM('',(#2463),#2464);
#725=STYLED_ITEM('',(#2465),#2466);
#726=STYLED_ITEM('',(#2467),#2468);
#727=STYLED_ITEM('',(#2469),#2470);
#728=STYLED_ITEM('',(#2471),#2472);
#729=STYLED_ITEM('',(#2473),#2474);
#730=STYLED_ITEM('',(#2475),#2476);
#731=STYLED_ITEM('',(#2477),#2478);
#732=STYLED_ITEM('',(#2479),#2480);
#733=STYLED_ITEM('',(#2481),#2482);
#734=STYLED_ITEM('',(#2483),#2484);
#735=STYLED_ITEM('',(#2485),#2486);
#736=STYLED_ITEM('',(#2487),#2488);
#737=STYLED_ITEM('',(#2489),#2490);
#738=STYLED_ITEM('',(#2491),#2492);
#739=STYLED_ITEM('',(#2493),#2494);
#740=STYLED_ITEM('',(#2495),#2496);
#741=STYLED_ITEM('',(#2497),#2498);
#742=STYLED_ITEM('',(#2499),#2500);
#743=STYLED_ITEM('',(#2501),#2502);
#744=STYLED_ITEM('',(#2503),#2504);
#745=STYLED_ITEM('',(#2505),#2506);
#746=STYLED_ITEM('',(#2507),#2508);
#747=STYLED_ITEM('',(#2509),#2510);
#748=STYLED_ITEM('',(#2511),#2512);
#749=STYLED_ITEM('',(#2513),#2514);
#750=STYLED_ITEM('',(#2515),#2516);
#751=STYLED_ITEM('',(#2517),#2518);
#752=STYLED_ITEM('',(#2519),#2520);
#753=STYLED_ITEM('',(#2521),#2522);
#754=STYLED_ITEM('',(#2523),#2524);
#755=STYLED_ITEM('',(#2525),#2526);
#756=STYLED_ITEM('',(#2527),#2528);
#757=STYLED_ITEM('',(#2529),#2530);
#758=STYLED_ITEM('',(#2531),#2532);
#759=STYLED_ITEM('',(#2533),#2534);
#760=STYLED_ITEM('',(#2535),#2536);
#761=STYLED_ITEM('',(#2537),#2538);
#762=STYLED_ITEM('',(#2539),#2540);
#763=STYLED_ITEM('',(#2541),#2542);
#764=STYLED_ITEM('',(#2543),#2544);
#765=STYLED_ITEM('',(#2545),#2546);
#766=STYLED_ITEM('',(#2547),#2548);
#767=STYLED_ITEM('',(#2549),#2550);
#768=STYLED_ITEM('',(#2551),#2552);
#769=STYLED_ITEM('',(#2553),#2554);
#770=STYLED_ITEM('',(#2555),#2556);
#771=STYLED_ITEM('',(#2557),#2558);
#772=STYLED_ITEM('',(#2559),#2560);
#773=STYLED_ITEM('',(#2561),#2562);
#774=STYLED_ITEM('',(#2563),#2564);
#775=STYLED_ITEM('',(#2565),#2566);
#776=STYLED_ITEM('',(#2567),#2568);
#777=STYLED_ITEM('',(#2569),#2570);
#778=STYLED_ITEM('',(#2571),#2572);
#779=STYLED_ITEM('',(#2573),#2574);
#780=STYLED_ITEM('',(#2575),#2576);
#781=STYLED_ITEM('',(#2577),#2578);
#782=STYLED_ITEM('',(#2579),#2580);
#783=STYLED_ITEM('',(#2581),#2582);
#784=STYLED_ITEM('',(#2583),#2584);
#785=STYLED_ITEM('',(#2585),#2586);
#786=STYLED_ITEM('',(#2587),#2588);
#787=STYLED_ITEM('',(#2589),#2590);
#788=STYLED_ITEM('',(#2591),#2592);
#789=STYLED_ITEM('',(#2593),#2594);
#790=STYLED_ITEM('',(#2595),#2596);
#791=STYLED_ITEM('',(#2597),#2598);
#792=STYLED_ITEM('',(#2599),#2600);
#793=STYLED_ITEM('',(#2601),#2602);
#794=STYLED_ITEM('',(#2603),#2604);
#795=STYLED_ITEM('',(#2605),#2606);
#796=STYLED_ITEM('',(#2607),#2608);
#797=STYLED_ITEM('',(#2609),#2610);
#798=STYLED_ITEM('',(#2611),#2612);
#799=STYLED_ITEM('',(#2613),#2614);
#800=STYLED_ITEM('',(#2615),#2616);
#801=STYLED_ITEM('',(#2617),#2618);
#802=STYLED_ITEM('',(#2619),#2620);
#803=STYLED_ITEM('',(#2621),#2622);
#804=STYLED_ITEM('',(#2623),#2624);
#805=STYLED_ITEM('',(#2625),#2626);
#806=STYLED_ITEM('',(#2627),#2628);
#807=STYLED_ITEM('',(#2629),#2630);
#808=STYLED_ITEM('',(#2631),#2632);
#809=STYLED_ITEM('',(#2633),#2634);
#810=STYLED_ITEM('',(#2635),#2636);
#811=STYLED_ITEM('',(#2637),#2638);
#812=STYLED_ITEM('',(#2639),#2640);
#813=STYLED_ITEM('',(#2641),#2642);
#814=STYLED_ITEM('',(#2643),#2644);
#815=STYLED_ITEM('',(#2645),#2646);
#816=STYLED_ITEM('',(#2647),#2648);
#817=STYLED_ITEM('',(#2649),#2650);
#818=STYLED_ITEM('',(#2651),#2652);
#819=STYLED_ITEM('',(#2653),#2654);
#820=STYLED_ITEM('',(#2655),#2656);
#821=STYLED_ITEM('',(#2657),#2658);
#822=STYLED_ITEM('',(#2659),#2660);
#823=STYLED_ITEM('',(#2661),#2662);
#824=STYLED_ITEM('',(#2663),#2664);
#825=STYLED_ITEM('',(#2665),#2666);
#826=STYLED_ITEM('',(#2667),#2668);
#827=STYLED_ITEM('',(#2669),#2670);
#828=STYLED_ITEM('',(#2671),#2672);
#829=STYLED_ITEM('',(#2673),#2674);
#830=STYLED_ITEM('',(#2675),#2676);
#831=STYLED_ITEM('',(#2677),#2678);
#832=STYLED_ITEM('',(#2679),#2680);
#833=STYLED_ITEM('',(#2681),#2682);
#834=STYLED_ITEM('',(#2683),#2684);
#835=STYLED_ITEM('',(#2685),#2686);
#836=STYLED_ITEM('',(#2687),#2688);
#837=STYLED_ITEM('',(#2689),#2690);
#838=STYLED_ITEM('',(#2691),#2692);
#839=STYLED_ITEM('',(#2693),#2694);
#840=STYLED_ITEM('',(#2695),#2696);
#841=STYLED_ITEM('',(#2697),#2698);
#842=STYLED_ITEM('',(#2699),#2700);
#843=STYLED_ITEM('',(#2701),#2702);
#844=STYLED_ITEM('',(#2703),#2704);
#845=STYLED_ITEM('',(#2705),#2706);
#846=STYLED_ITEM('',(#2707),#2708);
#847=STYLED_ITEM('',(#2709),#2710);
#848=STYLED_ITEM('',(#2711),#2712);
#849=STYLED_ITEM('',(#2713),#2714);
#850=STYLED_ITEM('',(#2715),#2716);
#851=STYLED_ITEM('',(#2717),#2718);
#852=STYLED_ITEM('',(#2719),#2720);
#853=STYLED_ITEM('',(#2721),#2722);
#854=STYLED_ITEM('',(#2723),#2724);
#855=STYLED_ITEM('',(#2725),#2726);
#856=STYLED_ITEM('',(#2727),#2728);
#857=STYLED_ITEM('',(#2729),#2730);
#858=STYLED_ITEM('',(#2731),#2732);
#859=STYLED_ITEM('',(#2733),#2734);
#860=STYLED_ITEM('',(#2735),#2736);
#861=STYLED_ITEM('',(#2737),#2738);
#862=STYLED_ITEM('',(#2739),#2740);
#863=STYLED_ITEM('',(#2741),#2742);
#864=STYLED_ITEM('',(#2743),#2744);
#865=STYLED_ITEM('',(#2745),#2746);
#866=STYLED_ITEM('',(#2747),#2748);
#867=STYLED_ITEM('',(#2749),#2750);
#868=STYLED_ITEM('',(#2751),#2752);
#869=STYLED_ITEM('',(#2753),#2754);
#870=STYLED_ITEM('',(#2755),#2756);
#871=STYLED_ITEM('',(#2757),#2758);
#872=STYLED_ITEM('',(#2759),#2760);
#873=STYLED_ITEM('',(#2761),#2762);
#874=STYLED_ITEM('',(#2763),#2764);
#875=STYLED_ITEM('',(#2765),#2766);
#876=STYLED_ITEM('',(#2767),#2768);
#877=STYLED_ITEM('',(#2769),#2770);
#878=STYLED_ITEM('',(#2771),#2772);
#879=STYLED_ITEM('',(#2773),#2774);
#880=STYLED_ITEM('',(#2775),#2776);
#881=STYLED_ITEM('',(#2777),#2778);
#882=STYLED_ITEM('',(#2779),#2780);
#883=STYLED_ITEM('',(#2781),#2782);
#884=STYLED_ITEM('',(#2783),#2784);
#885=STYLED_ITEM('',(#2785),#2786);
#886=STYLED_ITEM('',(#2787),#2788);
#887=STYLED_ITEM('',(#2789),#2790);
#888=STYLED_ITEM('',(#2791),#2792);
#889=STYLED_ITEM('',(#2793),#2794);
#890=STYLED_ITEM('',(#2795),#2796);
#891=STYLED_ITEM('',(#2797),#2798);
#892=STYLED_ITEM('',(#2799),#2800);
#893=STYLED_ITEM('',(#2801),#2802);
#894=STYLED_ITEM('',(#2803),#2804);
#895=STYLED_ITEM('',(#2805),#2806);
#896=STYLED_ITEM('',(#2807),#2808);
#897=STYLED_ITEM('',(#2809),#2810);
#898=STYLED_ITEM('',(#2811),#2812);
#899=STYLED_ITEM('',(#2813),#2814);
#900=STYLED_ITEM('',(#2815),#2816);
#901=STYLED_ITEM('',(#2817),#2818);
#902=STYLED_ITEM('',(#2819),#2820);
#903=STYLED_ITEM('',(#2821),#2822);
#904=STYLED_ITEM('',(#2823),#2824);
#905=STYLED_ITEM('',(#2825),#2826);
#906=STYLED_ITEM('',(#2827),#2828);
#907=STYLED_ITEM('',(#2829),#2830);
#908=STYLED_ITEM('',(#2831),#2832);
#909=STYLED_ITEM('',(#2833),#2834);
#910=STYLED_ITEM('',(#2835),#2836);
#911=STYLED_ITEM('',(#2837),#2838);
#912=STYLED_ITEM('',(#2839),#2840);
#913=STYLED_ITEM('',(#2841),#2842);
#914=STYLED_ITEM('',(#2843),#2844);
#915=STYLED_ITEM('',(#2845),#2846);
#916=STYLED_ITEM('',(#2847),#2848);
#917=STYLED_ITEM('',(#2849),#2850);
#918=STYLED_ITEM('',(#2851),#2852);
#919=STYLED_ITEM('',(#2853),#2854);
#920=STYLED_ITEM('',(#2855),#2856);
#921=STYLED_ITEM('',(#2857),#2858);
#922=STYLED_ITEM('',(#2859),#2860);
#923=STYLED_ITEM('',(#2861),#2862);
#924=STYLED_ITEM('',(#2863),#2864);
#925=STYLED_ITEM('',(#2865),#2866);
#926=STYLED_ITEM('',(#2867),#2868);
#927=STYLED_ITEM('',(#2869),#2870);
#928=STYLED_ITEM('',(#2871),#2872);
#929=STYLED_ITEM('',(#2873),#2874);
#930=STYLED_ITEM('',(#2875),#2876);
#931=STYLED_ITEM('',(#2877),#2878);
#932=STYLED_ITEM('',(#2879),#2880);
#933=STYLED_ITEM('',(#2881),#2882);
#934=STYLED_ITEM('',(#2883),#2884);
#935=STYLED_ITEM('',(#2885),#2886);
#936=STYLED_ITEM('',(#2887),#2888);
#937=STYLED_ITEM('',(#2889),#2890);
#938=STYLED_ITEM('',(#2891),#2892);
#939=STYLED_ITEM('',(#2893),#2894);
#940=STYLED_ITEM('',(#2895),#2896);
#941=STYLED_ITEM('',(#2897),#2898);
#942=STYLED_ITEM('',(#2899),#2900);
#943=STYLED_ITEM('',(#2901),#2902);
#944=STYLED_ITEM('',(#2903),#2904);
#945=STYLED_ITEM('',(#2905),#2906);
#946=STYLED_ITEM('',(#2907),#2908);
#947=STYLED_ITEM('',(#2909),#2910);
#948=STYLED_ITEM('',(#2911),#2912);
#949=STYLED_ITEM('',(#2913),#2914);
#950=STYLED_ITEM('',(#2915),#2916);
#951=STYLED_ITEM('',(#2917),#2918);
#952=STYLED_ITEM('',(#2919),#2920);
#953=STYLED_ITEM('',(#2921),#2922);
#954=STYLED_ITEM('',(#2923),#2924);
#955=STYLED_ITEM('',(#2925),#2926);
#956=STYLED_ITEM('',(#2927),#2928);
#957=STYLED_ITEM('',(#2929),#2930);
#958=STYLED_ITEM('',(#2931),#2932);
#959=STYLED_ITEM('',(#2933),#2934);
#960=STYLED_ITEM('',(#2935),#2936);
#961=STYLED_ITEM('',(#2937),#2938);
#962=STYLED_ITEM('',(#2939),#2940);
#963=STYLED_ITEM('',(#2941),#2942);
#964=STYLED_ITEM('',(#2943),#2944);
#965=STYLED_ITEM('',(#2945),#2946);
#966=STYLED_ITEM('',(#2947),#2948);
#967=STYLED_ITEM('',(#2949),#2950);
#968=STYLED_ITEM('',(#2951),#2952);
#969=STYLED_ITEM('',(#2953),#2954);
#970=STYLED_ITEM('',(#2955),#2956);
#971=STYLED_ITEM('',(#2957),#2958);
#972=STYLED_ITEM('',(#2959),#2960);
#973=STYLED_ITEM('',(#2961),#2962);
#974=STYLED_ITEM('',(#2963),#2964);
#975=STYLED_ITEM('',(#2965),#2966);
#976=STYLED_ITEM('',(#2967),#2968);
#977=STYLED_ITEM('',(#2969),#2970);
#978=STYLED_ITEM('',(#2971),#2972);
#979=STYLED_ITEM('',(#2973),#2974);
#980=STYLED_ITEM('',(#2975),#2976);
#981=STYLED_ITEM('',(#2977),#2978);
#982=STYLED_ITEM('',(#2979),#2980);
#983=STYLED_ITEM('',(#2981),#2982);
#984=STYLED_ITEM('',(#2983),#2984);
#985=STYLED_ITEM('',(#2985),#2986);
#986=STYLED_ITEM('',(#2987),#2988);
#987=STYLED_ITEM('',(#2989),#2990);
#988=STYLED_ITEM('',(#2991),#2992);
#989=STYLED_ITEM('',(#2993),#2994);
#990=STYLED_ITEM('',(#2995),#2996);
#991=STYLED_ITEM('',(#2997),#2998);
#992=STYLED_ITEM('',(#2999),#3000);
#993=STYLED_ITEM('',(#3001),#3002);
#994=STYLED_ITEM('',(#3003),#3004);
#995=STYLED_ITEM('',(#3005),#3006);
#996=STYLED_ITEM('',(#3007),#3008);
#997=STYLED_ITEM('',(#3009),#3010);
#998=STYLED_ITEM('',(#3011),#3012);
#999=STYLED_ITEM('',(#3013),#3014);
#1000=STYLED_ITEM('',(#3015),#3016);
#1001=STYLED_ITEM('',(#3017),#3018);
#1002=STYLED_ITEM('',(#3019),#3020);
#1003=STYLED_ITEM('',(#3021),#3022);
#1004=STYLED_ITEM('',(#3023),#3024);
#1005=STYLED_ITEM('',(#3025),#3026);
#1006=STYLED_ITEM('',(#3027),#3028);
#1007=STYLED_ITEM('',(#3029),#3030);
#1008=STYLED_ITEM('',(#3031),#3032);
#1009=STYLED_ITEM('',(#3033),#3034);
#1010=STYLED_ITEM('',(#3035),#3036);
#1011=STYLED_ITEM('',(#3037),#3038);
#1012=STYLED_ITEM('',(#3039),#3040);
#1013=STYLED_ITEM('',(#3041),#3042);
#1014=STYLED_ITEM('',(#3043),#3044);
#1015=STYLED_ITEM('',(#3045),#3046);
#1016=STYLED_ITEM('',(#3047),#3048);
#1017=STYLED_ITEM('',(#3049),#3050);
#1018=STYLED_ITEM('',(#3051),#3052);
#1019=STYLED_ITEM('',(#3053),#3054);
#1020=STYLED_ITEM('',(#3055),#3056);
#1021=STYLED_ITEM('',(#3057),#3058);
#1022=APPLICATION_CONTEXT(' ');
#1023=PRODUCT_CATEGORY('part','NONE');
#1024=PRODUCT_RELATED_PRODUCT_CATEGORY('detail',' ',(#3059));
#1025=PRODUCT_DEFINITION_SHAPE('NONE','NONE',#3060);
#1026=ADVANCED_BREP_SHAPE_REPRESENTATION('1',(#2142,#3061),#6);
#1029=UNCERTAINTY_MEASURE_WITH_UNIT(LENGTH_MEASURE(1.0E-006),#1031,'','');
#1031= (CONVERSION_BASED_UNIT('MILLIMETRE',#3064)LENGTH_UNIT()NAMED_UNIT(#3067));
#1032= (NAMED_UNIT(#3069)PLANE_ANGLE_UNIT()SI_UNIT($,.RADIAN.));
#1033= (NAMED_UNIT(#3069)SOLID_ANGLE_UNIT()SI_UNIT($,.STERADIAN.));
#1035=PRESENTATION_STYLE_ASSIGNMENT((#3075));
#1036=EDGE_CURVE('',#2894,#2652,#3076,.T.);
#1037=PRESENTATION_STYLE_ASSIGNMENT((#3077));
#1038=VERTEX_POINT('',#3078);
#1039=PRESENTATION_STYLE_ASSIGNMENT((#3079));
#1040=EDGE_CURVE('',#1614,#1602,#3080,.T.);
#1041=PRESENTATION_STYLE_ASSIGNMENT((#3081));
#1042=EDGE_CURVE('',#1074,#2558,#3082,.T.);
#1043=PRESENTATION_STYLE_ASSIGNMENT((#3083));
#1044=EDGE_CURVE('',#1576,#3010,#3084,.T.);
#1045=PRESENTATION_STYLE_ASSIGNMENT((#3085));
#1046=EDGE_CURVE('',#2008,#1862,#3086,.T.);
#1047=PRESENTATION_STYLE_ASSIGNMENT((#3087));
#1048=ADVANCED_FACE('',(#3088),#3089,.T.);
#1049=PRESENTATION_STYLE_ASSIGNMENT((#3090));
#1050=VERTEX_POINT('',#3091);
#1051=PRESENTATION_STYLE_ASSIGNMENT((#3092));
#1052=VERTEX_POINT('',#3093);
#1053=PRESENTATION_STYLE_ASSIGNMENT((#3094));
#1054=EDGE_CURVE('',#2066,#1194,#3095,.T.);
#1055=PRESENTATION_STYLE_ASSIGNMENT((#3096));
#1056=EDGE_CURVE('',#2262,#2502,#3097,.T.);
#1057=PRESENTATION_STYLE_ASSIGNMENT((#3098));
#1058=EDGE_CURVE('',#1786,#2828,#3099,.T.);
#1059=PRESENTATION_STYLE_ASSIGNMENT((#3100));
#1060=EDGE_CURVE('',#1414,#2830,#3101,.T.);
#1061=PRESENTATION_STYLE_ASSIGNMENT((#3102));
#1062=VERTEX_POINT('',#3103);
#1063=PRESENTATION_STYLE_ASSIGNMENT((#3104));
#1064=VERTEX_POINT('',#3105);
#1065=PRESENTATION_STYLE_ASSIGNMENT((#3106));
#1066=EDGE_CURVE('',#1998,#2044,#3107,.T.);
#1067=PRESENTATION_STYLE_ASSIGNMENT((#3108));
#1068=VERTEX_POINT('',#3109);
#1069=PRESENTATION_STYLE_ASSIGNMENT((#3110));
#1070=VERTEX_POINT('',#3111);
#1071=PRESENTATION_STYLE_ASSIGNMENT((#3112));
#1072=EDGE_CURVE('',#2558,#1166,#3113,.T.);
#1073=PRESENTATION_STYLE_ASSIGNMENT((#3114));
#1074=VERTEX_POINT('',#3115);
#1075=PRESENTATION_STYLE_ASSIGNMENT((#3116));
#1076=ADVANCED_FACE('',(#3117),#3118,.F.);
#1077=PRESENTATION_STYLE_ASSIGNMENT((#3119));
#1078=ADVANCED_FACE('',(#3120),#3121,.F.);
#1079=PRESENTATION_STYLE_ASSIGNMENT((#3122));
#1080=VERTEX_POINT('',#3123);
#1081=PRESENTATION_STYLE_ASSIGNMENT((#3124));
#1082=EDGE_CURVE('',#1160,#2506,#3125,.T.);
#1083=PRESENTATION_STYLE_ASSIGNMENT((#3126));
#1084=EDGE_CURVE('',#1844,#3020,#3127,.T.);
#1085=PRESENTATION_STYLE_ASSIGNMENT((#3128));
#1086=EDGE_CURVE('',#2818,#2780,#3129,.T.);
#1087=PRESENTATION_STYLE_ASSIGNMENT((#3130));
#1088=EDGE_CURVE('',#1580,#1278,#3131,.T.);
#1089=PRESENTATION_STYLE_ASSIGNMENT((#3132));
#1090=VERTEX_POINT('',#3133);
#1091=PRESENTATION_STYLE_ASSIGNMENT((#3134));
#1092=EDGE_CURVE('',#1602,#2392,#3135,.T.);
#1093=PRESENTATION_STYLE_ASSIGNMENT((#3136));
#1094=EDGE_CURVE('',#1492,#2064,#3137,.T.);
#1095=PRESENTATION_STYLE_ASSIGNMENT((#3138));
#1096=VERTEX_POINT('',#3139);
#1097=PRESENTATION_STYLE_ASSIGNMENT((#3140));
#1098=EDGE_CURVE('',#2922,#2886,#3141,.T.);
#1099=PRESENTATION_STYLE_ASSIGNMENT((#3142));
#1100=EDGE_CURVE('',#2474,#2500,#3143,.T.);
#1101=PRESENTATION_STYLE_ASSIGNMENT((#3144));
#1102=EDGE_CURVE('',#1266,#1186,#3145,.T.);
#1103=PRESENTATION_STYLE_ASSIGNMENT((#3146));
#1104=EDGE_CURVE('',#2986,#2974,#3147,.T.);
#1105=PRESENTATION_STYLE_ASSIGNMENT((#3148));
#1106=ADVANCED_FACE('',(#3149),#3150,.F.);
#1107=PRESENTATION_STYLE_ASSIGNMENT((#3151));
#1108=EDGE_CURVE('',#2204,#1212,#3152,.T.);
#1109=PRESENTATION_STYLE_ASSIGNMENT((#3153));
#1110=EDGE_CURVE('',#2472,#1884,#3154,.T.);
#1111=PRESENTATION_STYLE_ASSIGNMENT((#3155));
#1112=ADVANCED_FACE('',(#3156),#3157,.F.);
#1113=PRESENTATION_STYLE_ASSIGNMENT((#3158));
#1114=ADVANCED_FACE('',(#3159),#3160,.F.);
#1115=PRESENTATION_STYLE_ASSIGNMENT((#3161));
#1116=EDGE_CURVE('',#1050,#1744,#3162,.T.);
#1117=PRESENTATION_STYLE_ASSIGNMENT((#3163));
#1118=EDGE_CURVE('',#2058,#2878,#3164,.T.);
#1119=PRESENTATION_STYLE_ASSIGNMENT((#3165));
#1120=VERTEX_POINT('',#3166);
#1121=PRESENTATION_STYLE_ASSIGNMENT((#3167));
#1122=EDGE_CURVE('',#2932,#3012,#3168,.T.);
#1123=PRESENTATION_STYLE_ASSIGNMENT((#3169));
#1124=EDGE_CURVE('',#2168,#1614,#3170,.T.);
#1125=PRESENTATION_STYLE_ASSIGNMENT((#3171));
#1126=EDGE_CURVE('',#1434,#2912,#3172,.T.);
#1127=PRESENTATION_STYLE_ASSIGNMENT((#3173));
#1128=EDGE_CURVE('',#2096,#2496,#3174,.T.);
#1129=PRESENTATION_STYLE_ASSIGNMENT((#3175));
#1130=EDGE_CURVE('',#1468,#2498,#3176,.T.);
#1131=PRESENTATION_STYLE_ASSIGNMENT((#3177));
#1132=EDGE_CURVE('',#2872,#2770,#3178,.T.);
#1133=PRESENTATION_STYLE_ASSIGNMENT((#3179));
#1134=VERTEX_POINT('',#3180);
#1135=PRESENTATION_STYLE_ASSIGNMENT((#3181));
#1136=VERTEX_POINT('',#3182);
#1137=PRESENTATION_STYLE_ASSIGNMENT((#3183));
#1138=ADVANCED_FACE('',(#3184),#3185,.T.);
#1139=PRESENTATION_STYLE_ASSIGNMENT((#3186));
#1140=ADVANCED_FACE('',(#3187),#3188,.F.);
#1141=PRESENTATION_STYLE_ASSIGNMENT((#3189));
#1142=EDGE_CURVE('',#1864,#1872,#3190,.T.);
#1143=PRESENTATION_STYLE_ASSIGNMENT((#3191));
#1144=VERTEX_POINT('',#3192);
#1145=PRESENTATION_STYLE_ASSIGNMENT((#3193));
#1146=EDGE_CURVE('',#1642,#2612,#3194,.T.);
#1147=PRESENTATION_STYLE_ASSIGNMENT((#3195));
#1148=ADVANCED_FACE('',(#3196),#3197,.F.);
#1149=PRESENTATION_STYLE_ASSIGNMENT((#3198));
#1150=EDGE_CURVE('',#1628,#1162,#3199,.T.);
#1151=PRESENTATION_STYLE_ASSIGNMENT((#3200));
#1152=VERTEX_POINT('',#3201);
#1153=PRESENTATION_STYLE_ASSIGNMENT((#3202));
#1154=EDGE_CURVE('',#1248,#1974,#3203,.T.);
#1155=PRESENTATION_STYLE_ASSIGNMENT((#3204));
#1156=ADVANCED_FACE('',(#3205),#3206,.F.);
#1157=PRESENTATION_STYLE_ASSIGNMENT((#3207));
#1158=VERTEX_POINT('',#3208);
#1159=PRESENTATION_STYLE_ASSIGNMENT((#3209));
#1160=VERTEX_POINT('',#3210);
#1161=PRESENTATION_STYLE_ASSIGNMENT((#3211));
#1162=VERTEX_POINT('',#3212);
#1163=PRESENTATION_STYLE_ASSIGNMENT((#3213));
#1164=EDGE_CURVE('',#1732,#1830,#3214,.T.);
#1165=PRESENTATION_STYLE_ASSIGNMENT((#3215));
#1166=VERTEX_POINT('',#3216);
#1167=PRESENTATION_STYLE_ASSIGNMENT((#3217));
#1168=VERTEX_POINT('',#3218);
#1169=PRESENTATION_STYLE_ASSIGNMENT((#3219));
#1170=VERTEX_POINT('',#3220);
#1171=PRESENTATION_STYLE_ASSIGNMENT((#3221));
#1172=ADVANCED_FACE('',(#3222),#3223,.F.);
#1173=PRESENTATION_STYLE_ASSIGNMENT((#3224));
#1174=ADVANCED_FACE('',(#3225),#3226,.F.);
#1175=PRESENTATION_STYLE_ASSIGNMENT((#3227));
#1176=EDGE_CURVE('',#1706,#1978,#3228,.T.);
#1177=PRESENTATION_STYLE_ASSIGNMENT((#3229));
#1178=VERTEX_POINT('',#3230);
#1179=PRESENTATION_STYLE_ASSIGNMENT((#3231));
#1180=VERTEX_POINT('',#3232);
#1181=PRESENTATION_STYLE_ASSIGNMENT((#3233));
#1182=VERTEX_POINT('',#3234);
#1183=PRESENTATION_STYLE_ASSIGNMENT((#3235));
#1184=EDGE_CURVE('',#1068,#1340,#3236,.T.);
#1185=PRESENTATION_STYLE_ASSIGNMENT((#3237));
#1186=VERTEX_POINT('',#3238);
#1187=PRESENTATION_STYLE_ASSIGNMENT((#3239));
#1188=ADVANCED_FACE('',(#3240),#3241,.F.);
#1189=PRESENTATION_STYLE_ASSIGNMENT((#3242));
#1190=ADVANCED_FACE('',(#3243),#3244,.F.);
#1191=PRESENTATION_STYLE_ASSIGNMENT((#3245));
#1192=VERTEX_POINT('',#3246);
#1193=PRESENTATION_STYLE_ASSIGNMENT((#3247));
#1194=VERTEX_POINT('',#3248);
#1195=PRESENTATION_STYLE_ASSIGNMENT((#3249));
#1196=VERTEX_POINT('',#3250);
#1197=PRESENTATION_STYLE_ASSIGNMENT((#3251));
#1198=EDGE_CURVE('',#1158,#2398,#3252,.T.);
#1199=PRESENTATION_STYLE_ASSIGNMENT((#3253));
#1200=EDGE_CURVE('',#2240,#2352,#3254,.T.);
#1201=PRESENTATION_STYLE_ASSIGNMENT((#3255));
#1202=EDGE_CURVE('',#1338,#1684,#3256,.T.);
#1203=PRESENTATION_STYLE_ASSIGNMENT((#3257));
#1204=ADVANCED_FACE('',(#3258),#3259,.F.);
#1205=PRESENTATION_STYLE_ASSIGNMENT((#3260));
#1206=ADVANCED_FACE('',(#3261),#3262,.F.);
#1207=PRESENTATION_STYLE_ASSIGNMENT((#3263));
#1208=ADVANCED_FACE('',(#3264),#3265,.F.);
#1209=PRESENTATION_STYLE_ASSIGNMENT((#3266));
#1210=VERTEX_POINT('',#3267);
#1211=PRESENTATION_STYLE_ASSIGNMENT((#3268));
#1212=VERTEX_POINT('',#3269);
#1213=PRESENTATION_STYLE_ASSIGNMENT((#3270));
#1214=EDGE_CURVE('',#2720,#1628,#3271,.T.);
#1215=PRESENTATION_STYLE_ASSIGNMENT((#3272));
#1216=ADVANCED_FACE('',(#3273),#3274,.F.);
#1217=PRESENTATION_STYLE_ASSIGNMENT((#3275));
#1218=EDGE_CURVE('',#1212,#2574,#3276,.T.);
#1219=PRESENTATION_STYLE_ASSIGNMENT((#3277));
#1220=ADVANCED_FACE('',(#3278),#3279,.F.);
#1221=PRESENTATION_STYLE_ASSIGNMENT((#3280));
#1222=EDGE_CURVE('',#1646,#1264,#3281,.T.);
#1223=PRESENTATION_STYLE_ASSIGNMENT((#3282));
#1224=EDGE_CURVE('',#2452,#2508,#3283,.T.);
#1225=PRESENTATION_STYLE_ASSIGNMENT((#3284));
#1226=EDGE_CURVE('',#1382,#1266,#3285,.T.);
#1227=PRESENTATION_STYLE_ASSIGNMENT((#3286));
#1228=EDGE_CURVE('',#2622,#1890,#3287,.T.);
#1229=PRESENTATION_STYLE_ASSIGNMENT((#3288));
#1230=EDGE_CURVE('',#2152,#1846,#3289,.T.);
#1231=PRESENTATION_STYLE_ASSIGNMENT((#3290));
#1232=EDGE_CURVE('',#1920,#2204,#3291,.T.);
#1233=PRESENTATION_STYLE_ASSIGNMENT((#3292));
#1234=VERTEX_POINT('',#3293);
#1235=PRESENTATION_STYLE_ASSIGNMENT((#3294));
#1236=EDGE_CURVE('',#2632,#1080,#3295,.T.);
#1237=PRESENTATION_STYLE_ASSIGNMENT((#3296));
#1238=EDGE_CURVE('',#1378,#1468,#3297,.T.);
#1239=PRESENTATION_STYLE_ASSIGNMENT((#3298));
#1240=VERTEX_POINT('',#3299);
#1241=PRESENTATION_STYLE_ASSIGNMENT((#3300));
#1242=VERTEX_POINT('',#3301);
#1243=PRESENTATION_STYLE_ASSIGNMENT((#3302));
#1244=EDGE_CURVE('',#1248,#1136,#3303,.T.);
#1245=PRESENTATION_STYLE_ASSIGNMENT((#3304));
#1246=EDGE_CURVE('',#2732,#1700,#3305,.T.);
#1247=PRESENTATION_STYLE_ASSIGNMENT((#3306));
#1248=VERTEX_POINT('',#3307);
#1249=PRESENTATION_STYLE_ASSIGNMENT((#3308));
#1250=VERTEX_POINT('',#3309);
#1251=PRESENTATION_STYLE_ASSIGNMENT((#3310));
#1252=ADVANCED_FACE('',(#3311),#3312,.F.);
#1253=PRESENTATION_STYLE_ASSIGNMENT((#3313));
#1254=VERTEX_POINT('',#3314);
#1255=PRESENTATION_STYLE_ASSIGNMENT((#3315));
#1256=EDGE_CURVE('',#2900,#2360,#3316,.T.);
#1257=PRESENTATION_STYLE_ASSIGNMENT((#3317));
#1258=ADVANCED_FACE('',(#3318),#3319,.F.);
#1259=PRESENTATION_STYLE_ASSIGNMENT((#3320));
#1260=EDGE_CURVE('',#2562,#1684,#3321,.T.);
#1261=PRESENTATION_STYLE_ASSIGNMENT((#3322));
#1262=EDGE_CURVE('',#1210,#2884,#3323,.T.);
#1263=PRESENTATION_STYLE_ASSIGNMENT((#3324));
#1264=VERTEX_POINT('',#3325);
#1265=PRESENTATION_STYLE_ASSIGNMENT((#3326));
#1266=VERTEX_POINT('',#3327);
#1267=PRESENTATION_STYLE_ASSIGNMENT((#3328));
#1268=EDGE_CURVE('',#2652,#2364,#3329,.T.);
#1269=PRESENTATION_STYLE_ASSIGNMENT((#3330));
#1270=ADVANCED_FACE('',(#3331),#3332,.F.);
#1271=PRESENTATION_STYLE_ASSIGNMENT((#3333));
#1272=EDGE_CURVE('',#2108,#2522,#3334,.T.);
#1273=PRESENTATION_STYLE_ASSIGNMENT((#3335));
#1274=VERTEX_POINT('',#3336);
#1275=PRESENTATION_STYLE_ASSIGNMENT((#3337));
#1276=ADVANCED_FACE('',(#3338),#3339,.F.);
#1277=PRESENTATION_STYLE_ASSIGNMENT((#3340));
#1278=VERTEX_POINT('',#3341);
#1279=PRESENTATION_STYLE_ASSIGNMENT((#3342));
#1280=EDGE_CURVE('',#1170,#1698,#3343,.T.);
#1281=PRESENTATION_STYLE_ASSIGNMENT((#3344));
#1282=ADVANCED_FACE('',(#3345),#3346,.F.);
#1283=PRESENTATION_STYLE_ASSIGNMENT((#3347));
#1284=EDGE_CURVE('',#1062,#1210,#3348,.T.);
#1285=PRESENTATION_STYLE_ASSIGNMENT((#3349));
#1286=EDGE_CURVE('',#2500,#1682,#3350,.T.);
#1287=PRESENTATION_STYLE_ASSIGNMENT((#3351));
#1288=VERTEX_POINT('',#3352);
#1289=PRESENTATION_STYLE_ASSIGNMENT((#3353));
#1290=EDGE_CURVE('',#1090,#2420,#3354,.T.);
#1291=PRESENTATION_STYLE_ASSIGNMENT((#3355));
#1292=ADVANCED_FACE('',(#3356),#3357,.F.);
#1293=PRESENTATION_STYLE_ASSIGNMENT((#3358));
#1294=EDGE_CURVE('',#1478,#1382,#3359,.T.);
#1295=PRESENTATION_STYLE_ASSIGNMENT((#3360));
#1296=ADVANCED_FACE('',(#3361),#3362,.F.);
#1297=PRESENTATION_STYLE_ASSIGNMENT((#3363));
#1298=EDGE_CURVE('',#2230,#1336,#3364,.T.);
#1299=PRESENTATION_STYLE_ASSIGNMENT((#3365));
#1300=EDGE_CURVE('',#2892,#1832,#3366,.T.);
#1301=PRESENTATION_STYLE_ASSIGNMENT((#3367));
#1302=EDGE_CURVE('',#1690,#1998,#3368,.T.);
#1303=PRESENTATION_STYLE_ASSIGNMENT((#3369));
#1304=EDGE_CURVE('',#1744,#1356,#3370,.T.);
#1305=PRESENTATION_STYLE_ASSIGNMENT((#3371));
#1306=VERTEX_POINT('',#3372);
#1307=PRESENTATION_STYLE_ASSIGNMENT((#3373));
#1308=EDGE_CURVE('',#1820,#1636,#3374,.T.);
#1309=PRESENTATION_STYLE_ASSIGNMENT((#3375));
#1310=EDGE_CURVE('',#2304,#1756,#3376,.T.);
#1311=PRESENTATION_STYLE_ASSIGNMENT((#3377));
#1312=EDGE_CURVE('',#1696,#1378,#3378,.T.);
#1313=PRESENTATION_STYLE_ASSIGNMENT((#3379));
#1314=EDGE_CURVE('',#2234,#1950,#3380,.T.);
#1315=PRESENTATION_STYLE_ASSIGNMENT((#3381));
#1316=EDGE_CURVE('',#2232,#1580,#3382,.T.);
#1317=PRESENTATION_STYLE_ASSIGNMENT((#3383));
#1318=ADVANCED_FACE('',(#3384),#3385,.F.);
#1319=PRESENTATION_STYLE_ASSIGNMENT((#3386));
#1320=ADVANCED_FACE('',(#3387),#3388,.F.);
#1321=PRESENTATION_STYLE_ASSIGNMENT((#3389));
#1322=EDGE_CURVE('',#1916,#1836,#3390,.T.);
#1323=PRESENTATION_STYLE_ASSIGNMENT((#3391));
#1324=EDGE_CURVE('',#3012,#1152,#3392,.T.);
#1325=PRESENTATION_STYLE_ASSIGNMENT((#3393));
#1326=EDGE_CURVE('',#2772,#2562,#3394,.T.);
#1327=PRESENTATION_STYLE_ASSIGNMENT((#3395));
#1328=ADVANCED_FACE('',(#3396),#3397,.T.);
#1329=PRESENTATION_STYLE_ASSIGNMENT((#3398));
#1330=EDGE_CURVE('',#1070,#1918,#3399,.T.);
#1331=PRESENTATION_STYLE_ASSIGNMENT((#3400));
#1332=EDGE_CURVE('',#1546,#2384,#3401,.T.);
#1333=PRESENTATION_STYLE_ASSIGNMENT((#3402));
#1334=EDGE_CURVE('',#2310,#2642,#3403,.T.);
#1335=PRESENTATION_STYLE_ASSIGNMENT((#3404));
#1336=VERTEX_POINT('',#3405);
#1337=PRESENTATION_STYLE_ASSIGNMENT((#3406));
#1338=VERTEX_POINT('',#3407);
#1339=PRESENTATION_STYLE_ASSIGNMENT((#3408));
#1340=VERTEX_POINT('',#3409);
#1341=PRESENTATION_STYLE_ASSIGNMENT((#3410));
#1342=EDGE_CURVE('',#1542,#2060,#3411,.T.);
#1343=PRESENTATION_STYLE_ASSIGNMENT((#3412));
#1344=EDGE_CURVE('',#1756,#2934,#3413,.T.);
#1345=PRESENTATION_STYLE_ASSIGNMENT((#3414));
#1346=EDGE_CURVE('',#1950,#2268,#3415,.T.);
#1347=PRESENTATION_STYLE_ASSIGNMENT((#3416));
#1348=ADVANCED_FACE('',(#3417),#3418,.F.);
#1349=PRESENTATION_STYLE_ASSIGNMENT((#3419));
#1350=VERTEX_POINT('',#3420);
#1351=PRESENTATION_STYLE_ASSIGNMENT((#3421));
#1352=EDGE_CURVE('',#1812,#2224,#3422,.T.);
#1353=PRESENTATION_STYLE_ASSIGNMENT((#3423));
#1354=VERTEX_POINT('',#3424);
#1355=PRESENTATION_STYLE_ASSIGNMENT((#3425));
#1356=VERTEX_POINT('',#3426);
#1357=PRESENTATION_STYLE_ASSIGNMENT((#3427));
#1358=EDGE_CURVE('',#3052,#3002,#3428,.T.);
#1359=PRESENTATION_STYLE_ASSIGNMENT((#3429));
#1360=EDGE_CURVE('',#2898,#2352,#3430,.T.);
#1361=PRESENTATION_STYLE_ASSIGNMENT((#3431));
#1362=ADVANCED_FACE('',(#3432),#3433,.F.);
#1363=PRESENTATION_STYLE_ASSIGNMENT((#3434));
#1364=VERTEX_POINT('',#3435);
#1365=PRESENTATION_STYLE_ASSIGNMENT((#3436));
#1366=EDGE_CURVE('',#2506,#2960,#3437,.T.);
#1367=PRESENTATION_STYLE_ASSIGNMENT((#3438));
#1368=EDGE_CURVE('',#1776,#2234,#3439,.T.);
#1369=PRESENTATION_STYLE_ASSIGNMENT((#3440));
#1370=ADVANCED_FACE('',(#3441),#3442,.T.);
#1371=PRESENTATION_STYLE_ASSIGNMENT((#3443));
#1372=EDGE_CURVE('',#2364,#2776,#3444,.T.);
#1373=PRESENTATION_STYLE_ASSIGNMENT((#3445));
#1374=EDGE_CURVE('',#1998,#1798,#3446,.T.);
#1375=PRESENTATION_STYLE_ASSIGNMENT((#3447));
#1376=EDGE_CURVE('',#2970,#2050,#3448,.T.);
#1377=PRESENTATION_STYLE_ASSIGNMENT((#3449));
#1378=VERTEX_POINT('',#3450);
#1379=PRESENTATION_STYLE_ASSIGNMENT((#3451));
#1380=VERTEX_POINT('',#3452);
#1381=PRESENTATION_STYLE_ASSIGNMENT((#3453));
#1382=VERTEX_POINT('',#3454);
#1383=PRESENTATION_STYLE_ASSIGNMENT((#3455));
#1384=VERTEX_POINT('',#3456);
#1385=PRESENTATION_STYLE_ASSIGNMENT((#3457));
#1386=VERTEX_POINT('',#3458);
#1387=PRESENTATION_STYLE_ASSIGNMENT((#3459));
#1388=EDGE_CURVE('',#1384,#2594,#3460,.T.);
#1389=PRESENTATION_STYLE_ASSIGNMENT((#3461));
#1390=EDGE_CURVE('',#1212,#1168,#3462,.T.);
#1391=PRESENTATION_STYLE_ASSIGNMENT((#3463));
#1392=EDGE_CURVE('',#1682,#1700,#3464,.T.);
#1393=PRESENTATION_STYLE_ASSIGNMENT((#3465));
#1394=EDGE_CURVE('',#2828,#2044,#3466,.T.);
#1395=PRESENTATION_STYLE_ASSIGNMENT((#3467));
#1396=EDGE_CURVE('',#1840,#2872,#3468,.T.);
#1397=PRESENTATION_STYLE_ASSIGNMENT((#3469));
#1398=VERTEX_POINT('',#3470);
#1399=PRESENTATION_STYLE_ASSIGNMENT((#3471));
#1400=ADVANCED_FACE('',(#3472),#3473,.F.);
#1401=PRESENTATION_STYLE_ASSIGNMENT((#3474));
#1402=VERTEX_POINT('',#3475);
#1403=PRESENTATION_STYLE_ASSIGNMENT((#3476));
#1404=EDGE_CURVE('',#1846,#1134,#3477,.T.);
#1405=PRESENTATION_STYLE_ASSIGNMENT((#3478));
#1406=EDGE_CURVE('',#1612,#1478,#3479,.T.);
#1407=PRESENTATION_STYLE_ASSIGNMENT((#3480));
#1408=EDGE_CURVE('',#1780,#1152,#3481,.T.);
#1409=PRESENTATION_STYLE_ASSIGNMENT((#3482));
#1410=EDGE_CURVE('',#2592,#2554,#3483,.T.);
#1411=PRESENTATION_STYLE_ASSIGNMENT((#3484));
#1412=VERTEX_POINT('',#3485);
#1413=PRESENTATION_STYLE_ASSIGNMENT((#3486));
#1414=VERTEX_POINT('',#3487);
#1415=PRESENTATION_STYLE_ASSIGNMENT((#3488));
#1416=EDGE_CURVE('',#2770,#1380,#3489,.T.);
#1417=PRESENTATION_STYLE_ASSIGNMENT((#3490));
#1418=ADVANCED_FACE('',(#3491),#3492,.F.);
#1419=PRESENTATION_STYLE_ASSIGNMENT((#3493));
#1420=ADVANCED_FACE('',(#3494),#3495,.F.);
#1421=PRESENTATION_STYLE_ASSIGNMENT((#3496));
#1422=EDGE_CURVE('',#2398,#1414,#3497,.T.);
#1423=PRESENTATION_STYLE_ASSIGNMENT((#3498));
#1424=EDGE_CURVE('',#1862,#1792,#3499,.T.);
#1425=PRESENTATION_STYLE_ASSIGNMENT((#3500));
#1426=ADVANCED_FACE('',(#3501),#3502,.F.);
#1427=PRESENTATION_STYLE_ASSIGNMENT((#3503));
#1428=EDGE_CURVE('',#2960,#2016,#3504,.T.);
#1429=PRESENTATION_STYLE_ASSIGNMENT((#3505));
#1430=EDGE_CURVE('',#2388,#1162,#3506,.T.);
#1431=PRESENTATION_STYLE_ASSIGNMENT((#3507));
#1432=EDGE_CURVE('',#1306,#3024,#3508,.T.);
#1433=PRESENTATION_STYLE_ASSIGNMENT((#3509));
#1434=VERTEX_POINT('',#3510);
#1435=PRESENTATION_STYLE_ASSIGNMENT((#3511));
#1436=VERTEX_POINT('',#3512);
#1437=PRESENTATION_STYLE_ASSIGNMENT((#3513));
#1438=EDGE_CURVE('',#1038,#1120,#3514,.T.);
#1439=PRESENTATION_STYLE_ASSIGNMENT((#3515));
#1440=EDGE_CURVE('',#1194,#2596,#3516,.T.);
#1441=PRESENTATION_STYLE_ASSIGNMENT((#3517));
#1442=EDGE_CURVE('',#2348,#2428,#3518,.T.);
#1443=PRESENTATION_STYLE_ASSIGNMENT((#3519));
#1444=VERTEX_POINT('',#3520);
#1445=PRESENTATION_STYLE_ASSIGNMENT((#3521));
#1446=EDGE_CURVE('',#1196,#1068,#3522,.T.);
#1447=PRESENTATION_STYLE_ASSIGNMENT((#3523));
#1448=ADVANCED_FACE('',(#3524),#3525,.F.);
#1449=PRESENTATION_STYLE_ASSIGNMENT((#3526));
#1450=VERTEX_POINT('',#3527);
#1451=PRESENTATION_STYLE_ASSIGNMENT((#3528));
#1452=ADVANCED_FACE('',(#3529),#3530,.F.);
#1453=PRESENTATION_STYLE_ASSIGNMENT((#3531));
#1454=EDGE_CURVE('',#2186,#1646,#3532,.T.);
#1455=PRESENTATION_STYLE_ASSIGNMENT((#3533));
#1456=VERTEX_POINT('',#3534);
#1457=PRESENTATION_STYLE_ASSIGNMENT((#3535));
#1458=EDGE_CURVE('',#2980,#1854,#3536,.T.);
#1459=PRESENTATION_STYLE_ASSIGNMENT((#3537));
#1460=VERTEX_POINT('',#3538);
#1461=PRESENTATION_STYLE_ASSIGNMENT((#3539));
#1462=EDGE_CURVE('',#3052,#1450,#3540,.T.);
#1463=PRESENTATION_STYLE_ASSIGNMENT((#3541));
#1464=EDGE_CURVE('',#2504,#1800,#3542,.T.);
#1465=PRESENTATION_STYLE_ASSIGNMENT((#3543));
#1466=EDGE_CURVE('',#2360,#2286,#3544,.T.);
#1467=PRESENTATION_STYLE_ASSIGNMENT((#3545));
#1468=VERTEX_POINT('',#3546);
#1469=PRESENTATION_STYLE_ASSIGNMENT((#3547));
#1470=EDGE_CURVE('',#1792,#1594,#3548,.T.);
#1471=PRESENTATION_STYLE_ASSIGNMENT((#3549));
#1472=ADVANCED_FACE('',(#3550),#3551,.F.);
#1473=PRESENTATION_STYLE_ASSIGNMENT((#3552));
#1474=EDGE_CURVE('',#2748,#1526,#3553,.T.);
#1475=PRESENTATION_STYLE_ASSIGNMENT((#3554));
#1476=EDGE_CURVE('',#2356,#1636,#3555,.T.);
#1477=PRESENTATION_STYLE_ASSIGNMENT((#3556));
#1478=VERTEX_POINT('',#3557);
#1479=PRESENTATION_STYLE_ASSIGNMENT((#3558));
#1480=EDGE_CURVE('',#1890,#2932,#3559,.T.);
#1481=PRESENTATION_STYLE_ASSIGNMENT((#3560));
#1482=ADVANCED_FACE('',(#3561),#3562,.F.);
#1483=PRESENTATION_STYLE_ASSIGNMENT((#3563));
#1484=EDGE_CURVE('',#1178,#1180,#3564,.T.);
#1485=PRESENTATION_STYLE_ASSIGNMENT((#3565));
#1486=ADVANCED_FACE('',(#3566),#3567,.F.);
#1487=PRESENTATION_STYLE_ASSIGNMENT((#3568));
#1488=ADVANCED_FACE('',(#3569),#3570,.F.);
#1489=PRESENTATION_STYLE_ASSIGNMENT((#3571));
#1490=EDGE_CURVE('',#1134,#1248,#3572,.T.);
#1491=PRESENTATION_STYLE_ASSIGNMENT((#3573));
#1492=VERTEX_POINT('',#3574);
#1493=PRESENTATION_STYLE_ASSIGNMENT((#3575));
#1494=EDGE_CURVE('',#2238,#1288,#3576,.T.);
#1495=PRESENTATION_STYLE_ASSIGNMENT((#3577));
#1496=ADVANCED_FACE('',(#3578),#3579,.F.);
#1497=PRESENTATION_STYLE_ASSIGNMENT((#3580));
#1498=EDGE_CURVE('',#2612,#1450,#3581,.T.);
#1499=PRESENTATION_STYLE_ASSIGNMENT((#3582));
#1500=EDGE_CURVE('',#1288,#2388,#3583,.T.);
#1501=PRESENTATION_STYLE_ASSIGNMENT((#3584));
#1502=VERTEX_POINT('',#3585);
#1503=PRESENTATION_STYLE_ASSIGNMENT((#3586));
#1504=EDGE_CURVE('',#2858,#1064,#3587,.T.);
#1505=PRESENTATION_STYLE_ASSIGNMENT((#3588));
#1506=EDGE_CURVE('',#2308,#1354,#3589,.T.);
#1507=PRESENTATION_STYLE_ASSIGNMENT((#3590));
#1508=VERTEX_POINT('',#3591);
#1509=PRESENTATION_STYLE_ASSIGNMENT((#3592));
#1510=EDGE_CURVE('',#1636,#1144,#3593,.T.);
#1511=PRESENTATION_STYLE_ASSIGNMENT((#3594));
#1512=EDGE_CURVE('',#2078,#2350,#3595,.T.);
#1513=PRESENTATION_STYLE_ASSIGNMENT((#3596));
#1514=ADVANCED_FACE('',(#3597),#3598,.F.);
#1515=PRESENTATION_STYLE_ASSIGNMENT((#3599));
#1516=VERTEX_POINT('',#3600);
#1517=PRESENTATION_STYLE_ASSIGNMENT((#3601));
#1518=EDGE_CURVE('',#1602,#2186,#3602,.T.);
#1519=PRESENTATION_STYLE_ASSIGNMENT((#3603));
#1520=EDGE_CURVE('',#1186,#2900,#3604,.T.);
#1521=PRESENTATION_STYLE_ASSIGNMENT((#3605));
#1522=EDGE_CURVE('',#2934,#1820,#3606,.T.);
#1523=PRESENTATION_STYLE_ASSIGNMENT((#3607));
#1524=EDGE_CURVE('',#1750,#1612,#3608,.T.);
#1525=PRESENTATION_STYLE_ASSIGNMENT((#3609));
#1526=VERTEX_POINT('',#3610);
#1527=PRESENTATION_STYLE_ASSIGNMENT((#3611));
#1528=EDGE_CURVE('',#1930,#2066,#3612,.T.);
#1529=PRESENTATION_STYLE_ASSIGNMENT((#3613));
#1530=VERTEX_POINT('',#3614);
#1531=PRESENTATION_STYLE_ASSIGNMENT((#3615));
#1532=EDGE_CURVE('',#1628,#2164,#3616,.T.);
#1533=PRESENTATION_STYLE_ASSIGNMENT((#3617));
#1534=EDGE_CURVE('',#1820,#1982,#3618,.T.);
#1535=PRESENTATION_STYLE_ASSIGNMENT((#3619));
#1536=VERTEX_POINT('',#3620);
#1537=PRESENTATION_STYLE_ASSIGNMENT((#3621));
#1538=VERTEX_POINT('',#3622);
#1539=PRESENTATION_STYLE_ASSIGNMENT((#3623));
#1540=ADVANCED_FACE('',(#3624),#3625,.F.);
#1541=PRESENTATION_STYLE_ASSIGNMENT((#3626));
#1542=VERTEX_POINT('',#3627);
#1543=PRESENTATION_STYLE_ASSIGNMENT((#3628));
#1544=EDGE_CURVE('',#3050,#1354,#3629,.T.);
#1545=PRESENTATION_STYLE_ASSIGNMENT((#3630));
#1546=VERTEX_POINT('',#3631);
#1547=PRESENTATION_STYLE_ASSIGNMENT((#3632));
#1548=EDGE_CURVE('',#1624,#2134,#3633,.T.);
#1549=PRESENTATION_STYLE_ASSIGNMENT((#3634));
#1550=EDGE_CURVE('',#2138,#1478,#3635,.T.);
#1551=PRESENTATION_STYLE_ASSIGNMENT((#3636));
#1552=EDGE_CURVE('',#2570,#1930,#3637,.T.);
#1553=PRESENTATION_STYLE_ASSIGNMENT((#3638));
#1554=VERTEX_POINT('',#3639);
#1555=PRESENTATION_STYLE_ASSIGNMENT((#3640));
#1556=EDGE_CURVE('',#2484,#2980,#3641,.T.);
#1557=PRESENTATION_STYLE_ASSIGNMENT((#3642));
#1558=ADVANCED_FACE('',(#3643),#3644,.F.);
#1559=PRESENTATION_STYLE_ASSIGNMENT((#3645));
#1560=VERTEX_POINT('',#3646);
#1561=PRESENTATION_STYLE_ASSIGNMENT((#3647));
#1562=VERTEX_POINT('',#3648);
#1563=PRESENTATION_STYLE_ASSIGNMENT((#3649));
#1564=VERTEX_POINT('',#3650);
#1565=PRESENTATION_STYLE_ASSIGNMENT((#3651));
#1566=EDGE_CURVE('',#1834,#1936,#3652,.T.);
#1567=PRESENTATION_STYLE_ASSIGNMENT((#3653));
#1568=EDGE_CURVE('',#1960,#2720,#3654,.T.);
#1569=PRESENTATION_STYLE_ASSIGNMENT((#3655));
#1570=VERTEX_POINT('',#3656);
#1571=PRESENTATION_STYLE_ASSIGNMENT((#3657));
#1572=VERTEX_POINT('',#3658);
#1573=PRESENTATION_STYLE_ASSIGNMENT((#3659));
#1574=ADVANCED_FACE('',(#3660),#3661,.F.);
#1575=PRESENTATION_STYLE_ASSIGNMENT((#3662));
#1576=VERTEX_POINT('',#3663);
#1577=PRESENTATION_STYLE_ASSIGNMENT((#3664));
#1578=EDGE_CURVE('',#2240,#2080,#3665,.T.);
#1579=PRESENTATION_STYLE_ASSIGNMENT((#3666));
#1580=VERTEX_POINT('',#3667);
#1581=PRESENTATION_STYLE_ASSIGNMENT((#3668));
#1582=VERTEX_POINT('',#3669);
#1583=PRESENTATION_STYLE_ASSIGNMENT((#3670));
#1584=EDGE_CURVE('',#2536,#2392,#3671,.T.);
#1585=PRESENTATION_STYLE_ASSIGNMENT((#3672));
#1586=ADVANCED_FACE('',(#3673),#3674,.F.);
#1587=PRESENTATION_STYLE_ASSIGNMENT((#3675));
#1588=EDGE_CURVE('',#1064,#2348,#3676,.T.);
#1589=PRESENTATION_STYLE_ASSIGNMENT((#3677));
#1590=EDGE_CURVE('',#1340,#2764,#3678,.T.);
#1591=PRESENTATION_STYLE_ASSIGNMENT((#3679));
#1592=EDGE_CURVE('',#2170,#2526,#3680,.T.);
#1593=PRESENTATION_STYLE_ASSIGNMENT((#3681));
#1594=VERTEX_POINT('',#3682);
#1595=PRESENTATION_STYLE_ASSIGNMENT((#3683));
#1596=EDGE_CURVE('',#2726,#1642,#3684,.T.);
#1597=PRESENTATION_STYLE_ASSIGNMENT((#3685));
#1598=ADVANCED_FACE('',(#3686),#3687,.F.);
#1599=PRESENTATION_STYLE_ASSIGNMENT((#3688));
#1600=VERTEX_POINT('',#3689);
#1601=PRESENTATION_STYLE_ASSIGNMENT((#3690));
#1602=VERTEX_POINT('',#3691);
#1603=PRESENTATION_STYLE_ASSIGNMENT((#3692));
#1604=EDGE_CURVE('',#1158,#1938,#3693,.T.);
#1605=PRESENTATION_STYLE_ASSIGNMENT((#3694));
#1606=EDGE_CURVE('',#1168,#2592,#3695,.T.);
#1607=PRESENTATION_STYLE_ASSIGNMENT((#3696));
#1608=VERTEX_POINT('',#3697);
#1609=PRESENTATION_STYLE_ASSIGNMENT((#3698));
#1610=VERTEX_POINT('',#3699);
#1611=PRESENTATION_STYLE_ASSIGNMENT((#3700));
#1612=VERTEX_POINT('',#3701);
#1613=PRESENTATION_STYLE_ASSIGNMENT((#3702));
#1614=VERTEX_POINT('',#3703);
#1615=PRESENTATION_STYLE_ASSIGNMENT((#3704));
#1616=EDGE_CURVE('',#1196,#2872,#3705,.T.);
#1617=PRESENTATION_STYLE_ASSIGNMENT((#3706));
#1618=EDGE_CURVE('',#1210,#2664,#3707,.T.);
#1619=PRESENTATION_STYLE_ASSIGNMENT((#3708));
#1620=EDGE_CURVE('',#1340,#1096,#3709,.T.);
#1621=PRESENTATION_STYLE_ASSIGNMENT((#3710));
#1622=EDGE_CURVE('',#2816,#2098,#3711,.T.);
#1623=PRESENTATION_STYLE_ASSIGNMENT((#3712));
#1624=VERTEX_POINT('',#3713);
#1625=PRESENTATION_STYLE_ASSIGNMENT((#3714));
#1626=EDGE_CURVE('',#2474,#2926,#3715,.T.);
#1627=PRESENTATION_STYLE_ASSIGNMENT((#3716));
#1628=VERTEX_POINT('',#3717);
#1629=PRESENTATION_STYLE_ASSIGNMENT((#3718));
#1630=EDGE_CURVE('',#2108,#2232,#3719,.T.);
#1631=PRESENTATION_STYLE_ASSIGNMENT((#3720));
#1632=ADVANCED_FACE('',(#3721),#3722,.F.);
#1633=PRESENTATION_STYLE_ASSIGNMENT((#3723));
#1634=EDGE_CURVE('',#1402,#2420,#3724,.T.);
#1635=PRESENTATION_STYLE_ASSIGNMENT((#3725));
#1636=VERTEX_POINT('',#3726);
#1637=PRESENTATION_STYLE_ASSIGNMENT((#3727));
#1638=VERTEX_POINT('',#3728);
#1639=PRESENTATION_STYLE_ASSIGNMENT((#3729));
#1640=ADVANCED_FACE('',(#3730),#3731,.F.);
#1641=PRESENTATION_STYLE_ASSIGNMENT((#3732));
#1642=VERTEX_POINT('',#3733);
#1643=PRESENTATION_STYLE_ASSIGNMENT((#3734));
#1644=EDGE_CURVE('',#2224,#2240,#3735,.T.);
#1645=PRESENTATION_STYLE_ASSIGNMENT((#3736));
#1646=VERTEX_POINT('',#3737);
#1647=PRESENTATION_STYLE_ASSIGNMENT((#3738));
#1648=ADVANCED_FACE('',(#3739),#3740,.F.);
#1649=PRESENTATION_STYLE_ASSIGNMENT((#3741));
#1650=VERTEX_POINT('',#3742);
#1651=PRESENTATION_STYLE_ASSIGNMENT((#3743));
#1652=VERTEX_POINT('',#3744);
#1653=PRESENTATION_STYLE_ASSIGNMENT((#3745));
#1654=EDGE_CURVE('',#1364,#2222,#3746,.T.);
#1655=PRESENTATION_STYLE_ASSIGNMENT((#3747));
#1656=ADVANCED_FACE('',(#3748),#3749,.F.);
#1657=PRESENTATION_STYLE_ASSIGNMENT((#3750));
#1658=EDGE_CURVE('',#1810,#1758,#3751,.T.);
#1659=PRESENTATION_STYLE_ASSIGNMENT((#3752));
#1660=EDGE_CURVE('',#1638,#1572,#3753,.T.);
#1661=PRESENTATION_STYLE_ASSIGNMENT((#3754));
#1662=EDGE_CURVE('',#1354,#2750,#3755,.T.);
#1663=PRESENTATION_STYLE_ASSIGNMENT((#3756));
#1664=ADVANCED_FACE('',(#3757),#3758,.F.);
#1665=PRESENTATION_STYLE_ASSIGNMENT((#3759));
#1666=EDGE_CURVE('',#1864,#1750,#3760,.T.);
#1667=PRESENTATION_STYLE_ASSIGNMENT((#3761));
#1668=EDGE_CURVE('',#1526,#2846,#3762,.T.);
#1669=PRESENTATION_STYLE_ASSIGNMENT((#3763));
#1670=ADVANCED_FACE('',(#3764),#3765,.F.);
#1671=PRESENTATION_STYLE_ASSIGNMENT((#3766));
#1672=EDGE_CURVE('',#2302,#2912,#3767,.T.);
#1673=PRESENTATION_STYLE_ASSIGNMENT((#3768));
#1674=EDGE_CURVE('',#1836,#2422,#3769,.T.);
#1675=PRESENTATION_STYLE_ASSIGNMENT((#3770));
#1676=VERTEX_POINT('',#3771);
#1677=PRESENTATION_STYLE_ASSIGNMENT((#3772));
#1678=EDGE_CURVE('',#1872,#1706,#3773,.T.);
#1679=PRESENTATION_STYLE_ASSIGNMENT((#3774));
#1680=EDGE_CURVE('',#2594,#1194,#3775,.T.);
#1681=PRESENTATION_STYLE_ASSIGNMENT((#3776));
#1682=VERTEX_POINT('',#3777);
#1683=PRESENTATION_STYLE_ASSIGNMENT((#3778));
#1684=VERTEX_POINT('',#3779);
#1685=PRESENTATION_STYLE_ASSIGNMENT((#3780));
#1686=EDGE_CURVE('',#1254,#2848,#3781,.T.);
#1687=PRESENTATION_STYLE_ASSIGNMENT((#3782));
#1688=ADVANCED_FACE('',(#3783),#3784,.F.);
#1689=PRESENTATION_STYLE_ASSIGNMENT((#3785));
#1690=VERTEX_POINT('',#3786);
#1691=PRESENTATION_STYLE_ASSIGNMENT((#3787));
#1692=ADVANCED_FACE('',(#3788),#3789,.F.);
#1693=PRESENTATION_STYLE_ASSIGNMENT((#3790));
#1694=EDGE_CURVE('',#1710,#1920,#3791,.T.);
#1695=PRESENTATION_STYLE_ASSIGNMENT((#3792));
#1696=VERTEX_POINT('',#3793);
#1697=PRESENTATION_STYLE_ASSIGNMENT((#3794));
#1698=VERTEX_POINT('',#3795);
#1699=PRESENTATION_STYLE_ASSIGNMENT((#3796));
#1700=VERTEX_POINT('',#3797);
#1701=PRESENTATION_STYLE_ASSIGNMENT((#3798));
#1702=VERTEX_POINT('',#3799);
#1703=PRESENTATION_STYLE_ASSIGNMENT((#3800));
#1704=EDGE_CURVE('',#1758,#1810,#3801,.T.);
#1705=PRESENTATION_STYLE_ASSIGNMENT((#3802));
#1706=VERTEX_POINT('',#3803);
#1707=PRESENTATION_STYLE_ASSIGNMENT((#3804));
#1708=EDGE_CURVE('',#2724,#1918,#3805,.T.);
#1709=PRESENTATION_STYLE_ASSIGNMENT((#3806));
#1710=VERTEX_POINT('',#3807);
#1711=PRESENTATION_STYLE_ASSIGNMENT((#3808));
#1712=EDGE_CURVE('',#1070,#1676,#3809,.T.);
#1713=PRESENTATION_STYLE_ASSIGNMENT((#3810));
#1714=EDGE_CURVE('',#1456,#2386,#3811,.T.);
#1715=PRESENTATION_STYLE_ASSIGNMENT((#3812));
#1716=ADVANCED_FACE('',(#3813),#3814,.F.);
#1717=PRESENTATION_STYLE_ASSIGNMENT((#3815));
#1718=EDGE_CURVE('',#2878,#1908,#3816,.T.);
#1719=PRESENTATION_STYLE_ASSIGNMENT((#3817));
#1720=EDGE_CURVE('',#2064,#2816,#3818,.T.);
#1721=PRESENTATION_STYLE_ASSIGNMENT((#3819));
#1722=EDGE_CURVE('',#1612,#2208,#3820,.T.);
#1723=PRESENTATION_STYLE_ASSIGNMENT((#3821));
#1724=EDGE_CURVE('',#3008,#1600,#3822,.T.);
#1725=PRESENTATION_STYLE_ASSIGNMENT((#3823));
#1726=EDGE_CURVE('',#3024,#2500,#3824,.T.);
#1727=PRESENTATION_STYLE_ASSIGNMENT((#3825));
#1728=EDGE_CURVE('',#2594,#2464,#3826,.T.);
#1729=PRESENTATION_STYLE_ASSIGNMENT((#3827));
#1730=EDGE_CURVE('',#1502,#2894,#3828,.T.);
#1731=PRESENTATION_STYLE_ASSIGNMENT((#3829));
#1732=VERTEX_POINT('',#3830);
#1733=PRESENTATION_STYLE_ASSIGNMENT((#3831));
#1734=EDGE_CURVE('',#2906,#2622,#3832,.T.);
#1735=PRESENTATION_STYLE_ASSIGNMENT((#3833));
#1736=ADVANCED_FACE('',(#3834),#3835,.F.);
#1737=PRESENTATION_STYLE_ASSIGNMENT((#3836));
#1738=ADVANCED_FACE('',(#3837),#3838,.F.);
#1739=PRESENTATION_STYLE_ASSIGNMENT((#3839));
#1740=EDGE_CURVE('',#2804,#1930,#3840,.T.);
#1741=PRESENTATION_STYLE_ASSIGNMENT((#3841));
#1742=EDGE_CURVE('',#1642,#1776,#3842,.T.);
#1743=PRESENTATION_STYLE_ASSIGNMENT((#3843));
#1744=VERTEX_POINT('',#3844);
#1745=PRESENTATION_STYLE_ASSIGNMENT((#3845));
#1746=EDGE_CURVE('',#2096,#1832,#3846,.T.);
#1747=PRESENTATION_STYLE_ASSIGNMENT((#3847));
#1748=EDGE_CURVE('',#1250,#1862,#3848,.T.);
#1749=PRESENTATION_STYLE_ASSIGNMENT((#3849));
#1750=VERTEX_POINT('',#3850);
#1751=PRESENTATION_STYLE_ASSIGNMENT((#3851));
#1752=EDGE_CURVE('',#1152,#3000,#3852,.T.);
#1753=PRESENTATION_STYLE_ASSIGNMENT((#3853));
#1754=EDGE_CURVE('',#1356,#1168,#3854,.T.);
#1755=PRESENTATION_STYLE_ASSIGNMENT((#3855));
#1756=VERTEX_POINT('',#3856);
#1757=PRESENTATION_STYLE_ASSIGNMENT((#3857));
#1758=VERTEX_POINT('',#3858);
#1759=PRESENTATION_STYLE_ASSIGNMENT((#3859));
#1760=EDGE_CURVE('',#2254,#2308,#3860,.T.);
#1761=PRESENTATION_STYLE_ASSIGNMENT((#3861));
#1762=EDGE_CURVE('',#3000,#2932,#3862,.T.);
#1763=PRESENTATION_STYLE_ASSIGNMENT((#3863));
#1764=VERTEX_POINT('',#3864);
#1765=PRESENTATION_STYLE_ASSIGNMENT((#3865));
#1766=ADVANCED_FACE('',(#3866),#3867,.F.);
#1767=PRESENTATION_STYLE_ASSIGNMENT((#3868));
#1768=EDGE_CURVE('',#2536,#2186,#3869,.T.);
#1769=PRESENTATION_STYLE_ASSIGNMENT((#3870));
#1770=EDGE_CURVE('',#2986,#3002,#3871,.T.);
#1771=PRESENTATION_STYLE_ASSIGNMENT((#3872));
#1772=EDGE_CURVE('',#1810,#2980,#3873,.T.);
#1773=PRESENTATION_STYLE_ASSIGNMENT((#3874));
#1774=ADVANCED_FACE('',(#3875),#3876,.F.);
#1775=PRESENTATION_STYLE_ASSIGNMENT((#3877));
#1776=VERTEX_POINT('',#3878);
#1777=PRESENTATION_STYLE_ASSIGNMENT((#3879));
#1778=VERTEX_POINT('',#3880);
#1779=PRESENTATION_STYLE_ASSIGNMENT((#3881));
#1780=VERTEX_POINT('',#3882);
#1781=PRESENTATION_STYLE_ASSIGNMENT((#3883));
#1782=EDGE_CURVE('',#1536,#2742,#3884,.T.);
#1783=PRESENTATION_STYLE_ASSIGNMENT((#3885));
#1784=VERTEX_POINT('',#3886);
#1785=PRESENTATION_STYLE_ASSIGNMENT((#3887));
#1786=VERTEX_POINT('',#3888);
#1787=PRESENTATION_STYLE_ASSIGNMENT((#3889));
#1788=EDGE_CURVE('',#1444,#2504,#3890,.T.);
#1789=PRESENTATION_STYLE_ASSIGNMENT((#3891));
#1790=VERTEX_POINT('',#3892);
#1791=PRESENTATION_STYLE_ASSIGNMENT((#3893));
#1792=VERTEX_POINT('',#3894);
#1793=PRESENTATION_STYLE_ASSIGNMENT((#3895));
#1794=VERTEX_POINT('',#3896);
#1795=PRESENTATION_STYLE_ASSIGNMENT((#3897));
#1796=EDGE_CURVE('',#3020,#1070,#3898,.T.);
#1797=PRESENTATION_STYLE_ASSIGNMENT((#3899));
#1798=VERTEX_POINT('',#3900);
#1799=PRESENTATION_STYLE_ASSIGNMENT((#3901));
#1800=VERTEX_POINT('',#3902);
#1801=PRESENTATION_STYLE_ASSIGNMENT((#3903));
#1802=EDGE_CURVE('',#2508,#2472,#3904,.T.);
#1803=PRESENTATION_STYLE_ASSIGNMENT((#3905));
#1804=EDGE_CURVE('',#2922,#1564,#3906,.T.);
#1805=PRESENTATION_STYLE_ASSIGNMENT((#3907));
#1806=EDGE_CURVE('',#2522,#2078,#3908,.T.);
#1807=PRESENTATION_STYLE_ASSIGNMENT((#3909));
#1808=EDGE_CURVE('',#1978,#1864,#3910,.T.);
#1809=PRESENTATION_STYLE_ASSIGNMENT((#3911));
#1810=VERTEX_POINT('',#3912);
#1811=PRESENTATION_STYLE_ASSIGNMENT((#3913));
#1812=VERTEX_POINT('',#3914);
#1813=PRESENTATION_STYLE_ASSIGNMENT((#3915));
#1814=ADVANCED_FACE('',(#3916),#3917,.F.);
#1815=PRESENTATION_STYLE_ASSIGNMENT((#3918));
#1816=VERTEX_POINT('',#3919);
#1817=PRESENTATION_STYLE_ASSIGNMENT((#3920));
#1818=EDGE_CURVE('',#1166,#1652,#3921,.T.);
#1819=PRESENTATION_STYLE_ASSIGNMENT((#3922));
#1820=VERTEX_POINT('',#3923);
#1821=PRESENTATION_STYLE_ASSIGNMENT((#3924));
#1822=ADVANCED_FACE('',(#3925),#3926,.F.);
#1823=PRESENTATION_STYLE_ASSIGNMENT((#3927));
#1824=ADVANCED_FACE('',(#3928),#3929,.F.);
#1825=PRESENTATION_STYLE_ASSIGNMENT((#3930));
#1826=ADVANCED_FACE('',(#3931),#3932,.F.);
#1827=PRESENTATION_STYLE_ASSIGNMENT((#3933));
#1828=ADVANCED_FACE('',(#3934),#3935,.T.);
#1829=PRESENTATION_STYLE_ASSIGNMENT((#3936));
#1830=VERTEX_POINT('',#3937);
#1831=PRESENTATION_STYLE_ASSIGNMENT((#3938));
#1832=VERTEX_POINT('',#3939);
#1833=PRESENTATION_STYLE_ASSIGNMENT((#3940));
#1834=VERTEX_POINT('',#3941);
#1835=PRESENTATION_STYLE_ASSIGNMENT((#3942));
#1836=VERTEX_POINT('',#3943);
#1837=PRESENTATION_STYLE_ASSIGNMENT((#3944));
#1838=EDGE_CURVE('',#2886,#1402,#3945,.T.);
#1839=PRESENTATION_STYLE_ASSIGNMENT((#3946));
#1840=VERTEX_POINT('',#3947);
#1841=PRESENTATION_STYLE_ASSIGNMENT((#3948));
#1842=EDGE_CURVE('',#2356,#1982,#3949,.T.);
#1843=PRESENTATION_STYLE_ASSIGNMENT((#3950));
#1844=VERTEX_POINT('',#3951);
#1845=PRESENTATION_STYLE_ASSIGNMENT((#3952));
#1846=VERTEX_POINT('',#3953);
#1847=PRESENTATION_STYLE_ASSIGNMENT((#3954));
#1848=ADVANCED_FACE('',(#3955),#3956,.F.);
#1849=PRESENTATION_STYLE_ASSIGNMENT((#3957));
#1850=VERTEX_POINT('',#3958);
#1851=PRESENTATION_STYLE_ASSIGNMENT((#3959));
#1852=EDGE_CURVE('',#2346,#2232,#3960,.T.);
#1853=PRESENTATION_STYLE_ASSIGNMENT((#3961));
#1854=VERTEX_POINT('',#3962);
#1855=PRESENTATION_STYLE_ASSIGNMENT((#3963));
#1856=ADVANCED_FACE('',(#3964),#3965,.F.);
#1857=PRESENTATION_STYLE_ASSIGNMENT((#3966));
#1858=EDGE_CURVE('',#1562,#2346,#3967,.T.);
#1859=PRESENTATION_STYLE_ASSIGNMENT((#3968));
#1860=EDGE_CURVE('',#1080,#2724,#3969,.T.);
#1861=PRESENTATION_STYLE_ASSIGNMENT((#3970));
#1862=VERTEX_POINT('',#3971);
#1863=PRESENTATION_STYLE_ASSIGNMENT((#3972));
#1864=VERTEX_POINT('',#3973);
#1865=PRESENTATION_STYLE_ASSIGNMENT((#3974));
#1866=EDGE_CURVE('',#1784,#2074,#3975,.T.);
#1867=PRESENTATION_STYLE_ASSIGNMENT((#3976));
#1868=ADVANCED_FACE('',(#3977),#3978,.F.);
#1869=PRESENTATION_STYLE_ASSIGNMENT((#3979));
#1870=VERTEX_POINT('',#3980);
#1871=PRESENTATION_STYLE_ASSIGNMENT((#3981));
#1872=VERTEX_POINT('',#3982);
#1873=PRESENTATION_STYLE_ASSIGNMENT((#3983));
#1874=EDGE_CURVE('',#2098,#1948,#3984,.T.);
#1875=PRESENTATION_STYLE_ASSIGNMENT((#3985));
#1876=EDGE_CURVE('',#1554,#2356,#3986,.T.);
#1877=PRESENTATION_STYLE_ASSIGNMENT((#3987));
#1878=ADVANCED_FACE('',(#3988),#3989,.F.);
#1879=PRESENTATION_STYLE_ASSIGNMENT((#3990));
#1880=EDGE_CURVE('',#1870,#1516,#3991,.T.);
#1881=PRESENTATION_STYLE_ASSIGNMENT((#3992));
#1882=EDGE_CURVE('',#2496,#2704,#3993,.T.);
#1883=PRESENTATION_STYLE_ASSIGNMENT((#3994));
#1884=VERTEX_POINT('',#3995);
#1885=PRESENTATION_STYLE_ASSIGNMENT((#3996));
#1886=EDGE_CURVE('',#2208,#2850,#3997,.T.);
#1887=PRESENTATION_STYLE_ASSIGNMENT((#3998));
#1888=ADVANCED_FACE('',(#3999),#4000,.T.);
#1889=PRESENTATION_STYLE_ASSIGNMENT((#4001));
#1890=VERTEX_POINT('',#4002);
#1891=PRESENTATION_STYLE_ASSIGNMENT((#4003));
#1892=EDGE_CURVE('',#1938,#1784,#4004,.T.);
#1893=PRESENTATION_STYLE_ASSIGNMENT((#4005));
#1894=EDGE_CURVE('',#1800,#1234,#4006,.T.);
#1895=PRESENTATION_STYLE_ASSIGNMENT((#4007));
#1896=EDGE_CURVE('',#2578,#2022,#4008,.T.);
#1897=PRESENTATION_STYLE_ASSIGNMENT((#4009));
#1898=ADVANCED_FACE('',(#4010),#4011,.F.);
#1899=PRESENTATION_STYLE_ASSIGNMENT((#4012));
#1900=EDGE_CURVE('',#1468,#2772,#4013,.T.);
#1901=PRESENTATION_STYLE_ASSIGNMENT((#4014));
#1902=EDGE_CURVE('',#1936,#2866,#4015,.T.);
#1903=PRESENTATION_STYLE_ASSIGNMENT((#4016));
#1904=EDGE_CURVE('',#1460,#2058,#4017,.T.);
#1905=PRESENTATION_STYLE_ASSIGNMENT((#4018));
#1906=ADVANCED_FACE('',(#4019),#4020,.F.);
#1907=PRESENTATION_STYLE_ASSIGNMENT((#4021));
#1908=VERTEX_POINT('',#4022);
#1909=PRESENTATION_STYLE_ASSIGNMENT((#4023));
#1910=EDGE_CURVE('',#2042,#1978,#4024,.T.);
#1911=PRESENTATION_STYLE_ASSIGNMENT((#4025));
#1912=EDGE_CURVE('',#2282,#2814,#4026,.T.);
#1913=PRESENTATION_STYLE_ASSIGNMENT((#4027));
#1914=EDGE_CURVE('',#2794,#2652,#4028,.T.);
#1915=PRESENTATION_STYLE_ASSIGNMENT((#4029));
#1916=VERTEX_POINT('',#4030);
#1917=PRESENTATION_STYLE_ASSIGNMENT((#4031));
#1918=VERTEX_POINT('',#4032);
#1919=PRESENTATION_STYLE_ASSIGNMENT((#4033));
#1920=VERTEX_POINT('',#4034);
#1921=PRESENTATION_STYLE_ASSIGNMENT((#4035));
#1922=ADVANCED_FACE('',(#4036),#4037,.F.);
#1923=PRESENTATION_STYLE_ASSIGNMENT((#4038));
#1924=EDGE_CURVE('',#2010,#2032,#4039,.T.);
#1925=PRESENTATION_STYLE_ASSIGNMENT((#4040));
#1926=EDGE_CURVE('',#2416,#2814,#4041,.T.);
#1927=PRESENTATION_STYLE_ASSIGNMENT((#4042));
#1928=EDGE_CURVE('',#1764,#2970,#4043,.T.);
#1929=PRESENTATION_STYLE_ASSIGNMENT((#4044));
#1930=VERTEX_POINT('',#4045);
#1931=PRESENTATION_STYLE_ASSIGNMENT((#4046));
#1932=EDGE_CURVE('',#2742,#1062,#4047,.T.);
#1933=PRESENTATION_STYLE_ASSIGNMENT((#4048));
#1934=EDGE_CURVE('',#1052,#2498,#4049,.T.);
#1935=PRESENTATION_STYLE_ASSIGNMENT((#4050));
#1936=VERTEX_POINT('',#4051);
#1937=PRESENTATION_STYLE_ASSIGNMENT((#4052));
#1938=VERTEX_POINT('',#4053);
#1939=PRESENTATION_STYLE_ASSIGNMENT((#4054));
#1940=EDGE_CURVE('',#2022,#3044,#4055,.T.);
#1941=PRESENTATION_STYLE_ASSIGNMENT((#4056));
#1942=EDGE_CURVE('',#2850,#1872,#4057,.T.);
#1943=PRESENTATION_STYLE_ASSIGNMENT((#4058));
#1944=EDGE_CURVE('',#1186,#1080,#4059,.T.);
#1945=PRESENTATION_STYLE_ASSIGNMENT((#4060));
#1946=ADVANCED_FACE('',(#4061),#4062,.F.);
#1947=PRESENTATION_STYLE_ASSIGNMENT((#4063));
#1948=VERTEX_POINT('',#4064);
#1949=PRESENTATION_STYLE_ASSIGNMENT((#4065));
#1950=VERTEX_POINT('',#4066);
#1951=PRESENTATION_STYLE_ASSIGNMENT((#4067));
#1952=ADVANCED_FACE('',(#4068),#4069,.F.);
#1953=PRESENTATION_STYLE_ASSIGNMENT((#4070));
#1954=EDGE_CURVE('',#2350,#2108,#4071,.T.);
#1955=PRESENTATION_STYLE_ASSIGNMENT((#4072));
#1956=EDGE_CURVE('',#1386,#1134,#4073,.T.);
#1957=PRESENTATION_STYLE_ASSIGNMENT((#4074));
#1958=EDGE_CURVE('',#2780,#1536,#4075,.T.);
#1959=PRESENTATION_STYLE_ASSIGNMENT((#4076));
#1960=VERTEX_POINT('',#4077);
#1961=PRESENTATION_STYLE_ASSIGNMENT((#4078));
#1962=ADVANCED_FACE('',(#4079),#4080,.F.);
#1963=PRESENTATION_STYLE_ASSIGNMENT((#4081));
#1964=EDGE_CURVE('',#2600,#2570,#4082,.T.);
#1965=PRESENTATION_STYLE_ASSIGNMENT((#4083));
#1966=EDGE_CURVE('',#1162,#2238,#4084,.T.);
#1967=PRESENTATION_STYLE_ASSIGNMENT((#4085));
#1968=ADVANCED_FACE('',(#4086),#4087,.F.);
#1969=PRESENTATION_STYLE_ASSIGNMENT((#4088));
#1970=EDGE_CURVE('',#3044,#2614,#4089,.T.);
#1971=PRESENTATION_STYLE_ASSIGNMENT((#4090));
#1972=EDGE_CURVE('',#2000,#2414,#4091,.T.);
#1973=PRESENTATION_STYLE_ASSIGNMENT((#4092));
#1974=VERTEX_POINT('',#4093);
#1975=PRESENTATION_STYLE_ASSIGNMENT((#4094));
#1976=EDGE_CURVE('',#1560,#1570,#4095,.T.);
#1977=PRESENTATION_STYLE_ASSIGNMENT((#4096));
#1978=VERTEX_POINT('',#4097);
#1979=PRESENTATION_STYLE_ASSIGNMENT((#4098));
#1980=ADVANCED_FACE('',(#4099),#4100,.F.);
#1981=PRESENTATION_STYLE_ASSIGNMENT((#4101));
#1982=VERTEX_POINT('',#4102);
#1983=PRESENTATION_STYLE_ASSIGNMENT((#4103));
#1984=EDGE_CURVE('',#1050,#2980,#4104,.T.);
#1985=PRESENTATION_STYLE_ASSIGNMENT((#4105));
#1986=EDGE_CURVE('',#2452,#3052,#4106,.T.);
#1987=PRESENTATION_STYLE_ASSIGNMENT((#4107));
#1988=EDGE_CURVE('',#2138,#2208,#4108,.T.);
#1989=PRESENTATION_STYLE_ASSIGNMENT((#4109));
#1990=EDGE_CURVE('',#2150,#2042,#4110,.T.);
#1991=PRESENTATION_STYLE_ASSIGNMENT((#4111));
#1992=ADVANCED_FACE('',(#4112),#4113,.F.);
#1993=PRESENTATION_STYLE_ASSIGNMENT((#4114));
#1994=EDGE_CURVE('',#2102,#1062,#4115,.T.);
#1995=PRESENTATION_STYLE_ASSIGNMENT((#4116));
#1996=ADVANCED_FACE('',(#4117),#4118,.F.);
#1997=PRESENTATION_STYLE_ASSIGNMENT((#4119));
#1998=VERTEX_POINT('',#4120);
#1999=PRESENTATION_STYLE_ASSIGNMENT((#4121));
#2000=VERTEX_POINT('',#4122);
#2001=PRESENTATION_STYLE_ASSIGNMENT((#4123));
#2002=EDGE_CURVE('',#1702,#1516,#4124,.T.);
#2003=PRESENTATION_STYLE_ASSIGNMENT((#4125));
#2004=EDGE_CURVE('',#2558,#1064,#4126,.T.);
#2005=PRESENTATION_STYLE_ASSIGNMENT((#4127));
#2006=EDGE_CURVE('',#2268,#1384,#4128,.T.);
#2007=PRESENTATION_STYLE_ASSIGNMENT((#4129));
#2008=VERTEX_POINT('',#4130);
#2009=PRESENTATION_STYLE_ASSIGNMENT((#4131));
#2010=VERTEX_POINT('',#4132);
#2011=PRESENTATION_STYLE_ASSIGNMENT((#4133));
#2012=EDGE_CURVE('',#1854,#1254,#4134,.T.);
#2013=PRESENTATION_STYLE_ASSIGNMENT((#4135));
#2014=EDGE_CURVE('',#2562,#2000,#4136,.T.);
#2015=PRESENTATION_STYLE_ASSIGNMENT((#4137));
#2016=VERTEX_POINT('',#4138);
#2017=PRESENTATION_STYLE_ASSIGNMENT((#4139));
#2018=ADVANCED_FACE('',(#4140),#4141,.F.);
#2019=PRESENTATION_STYLE_ASSIGNMENT((#4142));
#2020=ADVANCED_FACE('',(#4143),#4144,.F.);
#2021=PRESENTATION_STYLE_ASSIGNMENT((#4145));
#2022=VERTEX_POINT('',#4146);
#2023=PRESENTATION_STYLE_ASSIGNMENT((#4147));
#2024=EDGE_CURVE('',#2484,#1744,#4148,.T.);
#2025=PRESENTATION_STYLE_ASSIGNMENT((#4149));
#2026=EDGE_CURVE('',#1702,#1690,#4150,.T.);
#2027=PRESENTATION_STYLE_ASSIGNMENT((#4151));
#2028=ADVANCED_FACE('',(#4152),#4153,.F.);
#2029=PRESENTATION_STYLE_ASSIGNMENT((#4154));
#2030=ADVANCED_FACE('',(#4155),#4156,.T.);
#2031=PRESENTATION_STYLE_ASSIGNMENT((#4157));
#2032=VERTEX_POINT('',#4158);
#2033=PRESENTATION_STYLE_ASSIGNMENT((#4159));
#2034=ADVANCED_FACE('',(#4160),#4161,.F.);
#2035=PRESENTATION_STYLE_ASSIGNMENT((#4162));
#2036=EDGE_CURVE('',#3002,#2612,#4163,.T.);
#2037=PRESENTATION_STYLE_ASSIGNMENT((#4164));
#2038=ADVANCED_FACE('',(#4165),#4166,.F.);
#2039=PRESENTATION_STYLE_ASSIGNMENT((#4167));
#2040=ADVANCED_FACE('',(#4168),#4169,.T.);
#2041=PRESENTATION_STYLE_ASSIGNMENT((#4170));
#2042=VERTEX_POINT('',#4171);
#2043=PRESENTATION_STYLE_ASSIGNMENT((#4172));
#2044=VERTEX_POINT('',#4173);
#2045=PRESENTATION_STYLE_ASSIGNMENT((#4174));
#2046=ADVANCED_FACE('',(#4175),#4176,.F.);
#2047=PRESENTATION_STYLE_ASSIGNMENT((#4177));
#2048=EDGE_CURVE('',#2286,#2138,#4178,.T.);
#2049=PRESENTATION_STYLE_ASSIGNMENT((#4179));
#2050=VERTEX_POINT('',#4180);
#2051=PRESENTATION_STYLE_ASSIGNMENT((#4181));
#2052=EDGE_CURVE('',#2542,#1502,#4182,.T.);
#2053=PRESENTATION_STYLE_ASSIGNMENT((#4183));
#2054=EDGE_CURVE('',#2846,#2906,#4184,.T.);
#2055=PRESENTATION_STYLE_ASSIGNMENT((#4185));
#2056=ADVANCED_FACE('',(#4186),#4187,.F.);
#2057=PRESENTATION_STYLE_ASSIGNMENT((#4188));
#2058=VERTEX_POINT('',#4189);
#2059=PRESENTATION_STYLE_ASSIGNMENT((#4190));
#2060=VERTEX_POINT('',#4191);
#2061=PRESENTATION_STYLE_ASSIGNMENT((#4192));
#2062=EDGE_CURVE('',#2262,#2150,#4193,.T.);
#2063=PRESENTATION_STYLE_ASSIGNMENT((#4194));
#2064=VERTEX_POINT('',#4195);
#2065=PRESENTATION_STYLE_ASSIGNMENT((#4196));
#2066=VERTEX_POINT('',#4197);
#2067=PRESENTATION_STYLE_ASSIGNMENT((#4198));
#2068=ADVANCED_FACE('',(#4199),#4200,.F.);
#2069=PRESENTATION_STYLE_ASSIGNMENT((#4201));
#2070=EDGE_CURVE('',#2222,#2858,#4202,.T.);
#2071=PRESENTATION_STYLE_ASSIGNMENT((#4203));
#2072=EDGE_CURVE('',#2050,#2170,#4204,.T.);
#2073=PRESENTATION_STYLE_ASSIGNMENT((#4205));
#2074=VERTEX_POINT('',#4206);
#2075=PRESENTATION_STYLE_ASSIGNMENT((#4207));
#2076=ADVANCED_FACE('',(#4208),#4209,.F.);
#2077=PRESENTATION_STYLE_ASSIGNMENT((#4210));
#2078=VERTEX_POINT('',#4211);
#2079=PRESENTATION_STYLE_ASSIGNMENT((#4212));
#2080=VERTEX_POINT('',#4213);
#2081=PRESENTATION_STYLE_ASSIGNMENT((#4214));
#2082=EDGE_CURVE('',#1398,#2790,#4215,.T.);
#2083=PRESENTATION_STYLE_ASSIGNMENT((#4216));
#2084=EDGE_CURVE('',#2906,#2748,#4217,.T.);
#2085=PRESENTATION_STYLE_ASSIGNMENT((#4218));
#2086=EDGE_CURVE('',#2066,#2464,#4219,.T.);
#2087=PRESENTATION_STYLE_ASSIGNMENT((#4220));
#2088=EDGE_CURVE('',#1250,#1916,#4221,.T.);
#2089=PRESENTATION_STYLE_ASSIGNMENT((#4222));
#2090=ADVANCED_FACE('',(#4223),#4224,.F.);
#2091=PRESENTATION_STYLE_ASSIGNMENT((#4225));
#2092=ADVANCED_FACE('',(#4226),#4227,.F.);
#2093=PRESENTATION_STYLE_ASSIGNMENT((#4228));
#2094=EDGE_CURVE('',#1778,#2168,#4229,.T.);
#2095=PRESENTATION_STYLE_ASSIGNMENT((#4230));
#2096=VERTEX_POINT('',#4231);
#2097=PRESENTATION_STYLE_ASSIGNMENT((#4232));
#2098=VERTEX_POINT('',#4233);
#2099=PRESENTATION_STYLE_ASSIGNMENT((#4234));
#2100=VERTEX_POINT('',#4235);
#2101=PRESENTATION_STYLE_ASSIGNMENT((#4236));
#2102=VERTEX_POINT('',#4237);
#2103=PRESENTATION_STYLE_ASSIGNMENT((#4238));
#2104=EDGE_CURVE('',#2770,#1554,#4239,.T.);
#2105=PRESENTATION_STYLE_ASSIGNMENT((#4240));
#2106=EDGE_CURVE('',#2230,#1436,#4241,.T.);
#2107=PRESENTATION_STYLE_ASSIGNMENT((#4242));
#2108=VERTEX_POINT('',#4243);
#2109=PRESENTATION_STYLE_ASSIGNMENT((#4244));
#2110=EDGE_CURVE('',#1444,#1610,#4245,.T.);
#2111=PRESENTATION_STYLE_ASSIGNMENT((#4246));
#2112=EDGE_CURVE('',#2816,#2016,#4247,.T.);
#2113=PRESENTATION_STYLE_ASSIGNMENT((#4248));
#2114=ADVANCED_FACE('',(#4249),#4250,.F.);
#2115=PRESENTATION_STYLE_ASSIGNMENT((#4251));
#2116=VERTEX_POINT('',#4252);
#2117=PRESENTATION_STYLE_ASSIGNMENT((#4253));
#2118=EDGE_CURVE('',#2238,#3020,#4254,.T.);
#2119=PRESENTATION_STYLE_ASSIGNMENT((#4255));
#2120=EDGE_CURVE('',#1850,#1950,#4256,.T.);
#2121=PRESENTATION_STYLE_ASSIGNMENT((#4257));
#2122=EDGE_CURVE('',#1242,#2452,#4258,.T.);
#2123=PRESENTATION_STYLE_ASSIGNMENT((#4259));
#2124=EDGE_CURVE('',#2676,#1444,#4260,.T.);
#2125=PRESENTATION_STYLE_ASSIGNMENT((#4261));
#2126=EDGE_CURVE('',#1816,#1436,#4262,.T.);
#2127=PRESENTATION_STYLE_ASSIGNMENT((#4263));
#2128=ADVANCED_FACE('',(#4264),#4265,.F.);
#2129=PRESENTATION_STYLE_ASSIGNMENT((#4266));
#2130=EDGE_CURVE('',#2664,#2102,#4267,.T.);
#2131=PRESENTATION_STYLE_ASSIGNMENT((#4268));
#2132=EDGE_CURVE('',#2988,#2362,#4269,.T.);
#2133=PRESENTATION_STYLE_ASSIGNMENT((#4270));
#2134=VERTEX_POINT('',#4271);
#2135=PRESENTATION_STYLE_ASSIGNMENT((#4272));
#2136=EDGE_CURVE('',#1382,#2286,#4273,.T.);
#2137=PRESENTATION_STYLE_ASSIGNMENT((#4274));
#2138=VERTEX_POINT('',#4275);
#2139=PRESENTATION_STYLE_ASSIGNMENT((#4276));
#2140=EDGE_CURVE('',#2888,#2790,#4277,.T.);
#2141=PRESENTATION_STYLE_ASSIGNMENT((#4278));
#2142=MANIFOLD_SOLID_BREP('1',#4279);
#2143=PRESENTATION_STYLE_ASSIGNMENT((#4280));
#2144=EDGE_CURVE('',#2158,#2506,#4281,.T.);
#2145=PRESENTATION_STYLE_ASSIGNMENT((#4282));
#2146=EDGE_CURVE('',#1526,#2074,#4283,.T.);
#2147=PRESENTATION_STYLE_ASSIGNMENT((#4284));
#2148=ADVANCED_FACE('',(#4285),#4286,.F.);
#2149=PRESENTATION_STYLE_ASSIGNMENT((#4287));
#2150=VERTEX_POINT('',#4288);
#2151=PRESENTATION_STYLE_ASSIGNMENT((#4289));
#2152=VERTEX_POINT('',#4290);
#2153=PRESENTATION_STYLE_ASSIGNMENT((#4291));
#2154=EDGE_CURVE('',#1240,#1570,#4292,.T.);
#2155=PRESENTATION_STYLE_ASSIGNMENT((#4293));
#2156=EDGE_CURVE('',#2074,#1530,#4294,.T.);
#2157=PRESENTATION_STYLE_ASSIGNMENT((#4295));
#2158=VERTEX_POINT('',#4296);
#2159=PRESENTATION_STYLE_ASSIGNMENT((#4297));
#2160=EDGE_CURVE('',#2646,#2350,#4298,.T.);
#2161=PRESENTATION_STYLE_ASSIGNMENT((#4299));
#2162=ADVANCED_FACE('',(#4300),#4301,.F.);
#2163=PRESENTATION_STYLE_ASSIGNMENT((#4302));
#2164=VERTEX_POINT('',#4303);
#2165=PRESENTATION_STYLE_ASSIGNMENT((#4304));
#2166=ADVANCED_FACE('',(#4305),#4306,.F.);
#2167=PRESENTATION_STYLE_ASSIGNMENT((#4307));
#2168=VERTEX_POINT('',#4308);
#2169=PRESENTATION_STYLE_ASSIGNMENT((#4309));
#2170=VERTEX_POINT('',#4310);
#2171=PRESENTATION_STYLE_ASSIGNMENT((#4311));
#2172=EDGE_CURVE('',#2386,#2262,#4312,.T.);
#2173=PRESENTATION_STYLE_ASSIGNMENT((#4313));
#2174=ADVANCED_FACE('',(#4314),#4315,.F.);
#2175=PRESENTATION_STYLE_ASSIGNMENT((#4316));
#2176=ADVANCED_FACE('',(#4317),#4318,.F.);
#2177=PRESENTATION_STYLE_ASSIGNMENT((#4319));
#2178=EDGE_CURVE('',#1870,#1690,#4320,.T.);
#2179=PRESENTATION_STYLE_ASSIGNMENT((#4321));
#2180=ADVANCED_FACE('',(#4322),#4323,.F.);
#2181=PRESENTATION_STYLE_ASSIGNMENT((#4324));
#2182=EDGE_CURVE('',#1450,#2508,#4325,.T.);
#2183=PRESENTATION_STYLE_ASSIGNMENT((#4326));
#2184=EDGE_CURVE('',#2346,#2522,#4327,.T.);
#2185=PRESENTATION_STYLE_ASSIGNMENT((#4328));
#2186=VERTEX_POINT('',#4329);
#2187=PRESENTATION_STYLE_ASSIGNMENT((#4330));
#2188=ADVANCED_FACE('',(#4331),#4332,.F.);
#2189=PRESENTATION_STYLE_ASSIGNMENT((#4333));
#2190=EDGE_CURVE('',#1600,#2134,#4334,.T.);
#2191=PRESENTATION_STYLE_ASSIGNMENT((#4335));
#2192=EDGE_CURVE('',#2376,#2170,#4336,.T.);
#2193=PRESENTATION_STYLE_ASSIGNMENT((#4337));
#2194=ADVANCED_FACE('',(#4338),#4339,.F.);
#2195=PRESENTATION_STYLE_ASSIGNMENT((#4340));
#2196=EDGE_CURVE('',#1650,#2664,#4341,.T.);
#2197=PRESENTATION_STYLE_ASSIGNMENT((#4342));
#2198=EDGE_CURVE('',#1038,#2720,#4343,.T.);
#2199=PRESENTATION_STYLE_ASSIGNMENT((#4344));
#2200=EDGE_CURVE('',#2858,#1166,#4345,.T.);
#2201=PRESENTATION_STYLE_ASSIGNMENT((#4346));
#2202=ADVANCED_FACE('',(#4347),#4348,.F.);
#2203=PRESENTATION_STYLE_ASSIGNMENT((#4349));
#2204=VERTEX_POINT('',#4350);
#2205=PRESENTATION_STYLE_ASSIGNMENT((#4351));
#2206=EDGE_CURVE('',#2592,#2204,#4352,.T.);
#2207=PRESENTATION_STYLE_ASSIGNMENT((#4353));
#2208=VERTEX_POINT('',#4354);
#2209=PRESENTATION_STYLE_ASSIGNMENT((#4355));
#2210=EDGE_CURVE('',#2352,#1812,#4356,.T.);
#2211=PRESENTATION_STYLE_ASSIGNMENT((#4357));
#2212=EDGE_CURVE('',#2376,#2418,#4358,.T.);
#2213=PRESENTATION_STYLE_ASSIGNMENT((#4359));
#2214=EDGE_CURVE('',#2776,#1538,#4360,.T.);
#2215=PRESENTATION_STYLE_ASSIGNMENT((#4361));
#2216=EDGE_CURVE('',#1398,#2972,#4362,.T.);
#2217=PRESENTATION_STYLE_ASSIGNMENT((#4363));
#2218=EDGE_CURVE('',#2234,#2726,#4364,.T.);
#2219=PRESENTATION_STYLE_ASSIGNMENT((#4365));
#2220=EDGE_CURVE('',#1638,#2838,#4366,.T.);
#2221=PRESENTATION_STYLE_ASSIGNMENT((#4367));
#2222=VERTEX_POINT('',#4368);
#2223=PRESENTATION_STYLE_ASSIGNMENT((#4369));
#2224=VERTEX_POINT('',#4370);
#2225=PRESENTATION_STYLE_ASSIGNMENT((#4371));
#2226=ADVANCED_FACE('',(#4372),#4373,.F.);
#2227=PRESENTATION_STYLE_ASSIGNMENT((#4374));
#2228=ADVANCED_FACE('',(#4375),#4376,.F.);
#2229=PRESENTATION_STYLE_ASSIGNMENT((#4377));
#2230=VERTEX_POINT('',#4378);
#2231=PRESENTATION_STYLE_ASSIGNMENT((#4379));
#2232=VERTEX_POINT('',#4380);
#2233=PRESENTATION_STYLE_ASSIGNMENT((#4381));
#2234=VERTEX_POINT('',#4382);
#2235=PRESENTATION_STYLE_ASSIGNMENT((#4383));
#2236=ADVANCED_FACE('',(#4384),#4385,.F.);
#2237=PRESENTATION_STYLE_ASSIGNMENT((#4386));
#2238=VERTEX_POINT('',#4387);
#2239=PRESENTATION_STYLE_ASSIGNMENT((#4388));
#2240=VERTEX_POINT('',#4389);
#2241=PRESENTATION_STYLE_ASSIGNMENT((#4390));
#2242=EDGE_CURVE('',#2388,#2164,#4391,.T.);
#2243=PRESENTATION_STYLE_ASSIGNMENT((#4392));
#2244=EDGE_CURVE('',#2512,#2898,#4393,.T.);
#2245=PRESENTATION_STYLE_ASSIGNMENT((#4394));
#2246=EDGE_CURVE('',#1918,#2632,#4395,.T.);
#2247=PRESENTATION_STYLE_ASSIGNMENT((#4396));
#2248=EDGE_CURVE('',#1144,#1554,#4397,.T.);
#2249=PRESENTATION_STYLE_ASSIGNMENT((#4398));
#2250=EDGE_CURVE('',#1830,#1572,#4399,.T.);
#2251=PRESENTATION_STYLE_ASSIGNMENT((#4400));
#2252=ADVANCED_FACE('',(#4401),#4402,.F.);
#2253=PRESENTATION_STYLE_ASSIGNMENT((#4403));
#2254=VERTEX_POINT('',#4404);
#2255=PRESENTATION_STYLE_ASSIGNMENT((#4405));
#2256=EDGE_CURVE('',#2362,#2750,#4406,.T.);
#2257=PRESENTATION_STYLE_ASSIGNMENT((#4407));
#2258=EDGE_CURVE('',#1600,#1178,#4408,.T.);
#2259=PRESENTATION_STYLE_ASSIGNMENT((#4409));
#2260=EDGE_CURVE('',#2612,#1758,#4410,.T.);
#2261=PRESENTATION_STYLE_ASSIGNMENT((#4411));
#2262=VERTEX_POINT('',#4412);
#2263=PRESENTATION_STYLE_ASSIGNMENT((#4413));
#2264=EDGE_CURVE('',#1336,#2158,#4414,.T.);
#2265=PRESENTATION_STYLE_ASSIGNMENT((#4415));
#2266=EDGE_CURVE('',#2814,#1638,#4416,.T.);
#2267=PRESENTATION_STYLE_ASSIGNMENT((#4417));
#2268=VERTEX_POINT('',#4418);
#2269=PRESENTATION_STYLE_ASSIGNMENT((#4419));
#2270=EDGE_CURVE('',#2360,#1266,#4420,.T.);
#2271=PRESENTATION_STYLE_ASSIGNMENT((#4421));
#2272=ADVANCED_FACE('',(#4422),#4423,.F.);
#2273=PRESENTATION_STYLE_ASSIGNMENT((#4424));
#2274=EDGE_CURVE('',#2646,#1834,#4425,.T.);
#2275=PRESENTATION_STYLE_ASSIGNMENT((#4426));
#2276=EDGE_CURVE('',#1580,#1562,#4427,.T.);
#2277=PRESENTATION_STYLE_ASSIGNMENT((#4428));
#2278=EDGE_CURVE('',#1572,#2282,#4429,.T.);
#2279=PRESENTATION_STYLE_ASSIGNMENT((#4430));
#2280=EDGE_CURVE('',#1180,#1136,#4431,.T.);
#2281=PRESENTATION_STYLE_ASSIGNMENT((#4432));
#2282=VERTEX_POINT('',#4433);
#2283=PRESENTATION_STYLE_ASSIGNMENT((#4434));
#2284=ADVANCED_FACE('',(#4435),#4436,.F.);
#2285=PRESENTATION_STYLE_ASSIGNMENT((#4437));
#2286=VERTEX_POINT('',#4438);
#2287=PRESENTATION_STYLE_ASSIGNMENT((#4439));
#2288=EDGE_CURVE('',#2100,#1850,#4440,.T.);
#2289=PRESENTATION_STYLE_ASSIGNMENT((#4441));
#2290=ADVANCED_FACE('',(#4442),#4443,.F.);
#2291=PRESENTATION_STYLE_ASSIGNMENT((#4444));
#2292=EDGE_CURVE('',#1364,#2428,#4445,.T.);
#2293=PRESENTATION_STYLE_ASSIGNMENT((#4446));
#2294=EDGE_CURVE('',#2974,#2986,#4447,.T.);
#2295=PRESENTATION_STYLE_ASSIGNMENT((#4448));
#2296=EDGE_CURVE('',#3006,#2384,#4449,.T.);
#2297=PRESENTATION_STYLE_ASSIGNMENT((#4450));
#2298=EDGE_CURVE('',#1136,#1624,#4451,.T.);
#2299=PRESENTATION_STYLE_ASSIGNMENT((#4452));
#2300=EDGE_CURVE('',#1682,#1306,#4453,.T.);
#2301=PRESENTATION_STYLE_ASSIGNMENT((#4454));
#2302=VERTEX_POINT('',#4455);
#2303=PRESENTATION_STYLE_ASSIGNMENT((#4456));
#2304=VERTEX_POINT('',#4457);
#2305=PRESENTATION_STYLE_ASSIGNMENT((#4458));
#2306=ADVANCED_FACE('',(#4459),#4460,.F.);
#2307=PRESENTATION_STYLE_ASSIGNMENT((#4461));
#2308=VERTEX_POINT('',#4462);
#2309=PRESENTATION_STYLE_ASSIGNMENT((#4463));
#2310=VERTEX_POINT('',#4464);
#2311=PRESENTATION_STYLE_ASSIGNMENT((#4465));
#2312=EDGE_CURVE('',#1948,#2064,#4466,.T.);
#2313=PRESENTATION_STYLE_ASSIGNMENT((#4467));
#2314=EDGE_CURVE('',#2542,#2386,#4468,.T.);
#2315=PRESENTATION_STYLE_ASSIGNMENT((#4469));
#2316=EDGE_CURVE('',#1840,#1068,#4470,.T.);
#2317=PRESENTATION_STYLE_ASSIGNMENT((#4471));
#2318=ADVANCED_FACE('',(#4472),#4473,.F.);
#2319=PRESENTATION_STYLE_ASSIGNMENT((#4474));
#2320=EDGE_CURVE('',#1508,#1350,#4475,.T.);
#2321=PRESENTATION_STYLE_ASSIGNMENT((#4476));
#2322=ADVANCED_FACE('',(#4477),#4478,.F.);
#2323=PRESENTATION_STYLE_ASSIGNMENT((#4479));
#2324=ADVANCED_FACE('',(#4480),#4481,.F.);
#2325=PRESENTATION_STYLE_ASSIGNMENT((#4482));
#2326=EDGE_CURVE('',#2780,#2578,#4483,.T.);
#2327=PRESENTATION_STYLE_ASSIGNMENT((#4484));
#2328=EDGE_CURVE('',#1706,#1542,#4485,.T.);
#2329=PRESENTATION_STYLE_ASSIGNMENT((#4486));
#2330=EDGE_CURVE('',#2804,#1170,#4487,.T.);
#2331=PRESENTATION_STYLE_ASSIGNMENT((#4488));
#2332=ADVANCED_FACE('',(#4489),#4490,.F.);
#2333=PRESENTATION_STYLE_ASSIGNMENT((#4491));
#2334=EDGE_CURVE('',#1974,#1386,#4492,.T.);
#2335=PRESENTATION_STYLE_ASSIGNMENT((#4493));
#2336=EDGE_CURVE('',#1182,#2010,#4494,.T.);
#2337=PRESENTATION_STYLE_ASSIGNMENT((#4495));
#2338=VERTEX_POINT('',#4496);
#2339=PRESENTATION_STYLE_ASSIGNMENT((#4497));
#2340=EDGE_CURVE('',#2060,#2150,#4498,.T.);
#2341=PRESENTATION_STYLE_ASSIGNMENT((#4499));
#2342=EDGE_CURVE('',#2022,#1576,#4500,.T.);
#2343=PRESENTATION_STYLE_ASSIGNMENT((#4501));
#2344=EDGE_CURVE('',#2080,#1492,#4502,.T.);
#2345=PRESENTATION_STYLE_ASSIGNMENT((#4503));
#2346=VERTEX_POINT('',#4504);
#2347=PRESENTATION_STYLE_ASSIGNMENT((#4505));
#2348=VERTEX_POINT('',#4506);
#2349=PRESENTATION_STYLE_ASSIGNMENT((#4507));
#2350=VERTEX_POINT('',#4508);
#2351=PRESENTATION_STYLE_ASSIGNMENT((#4509));
#2352=VERTEX_POINT('',#4510);
#2353=PRESENTATION_STYLE_ASSIGNMENT((#4511));
#2354=ADVANCED_FACE('',(#4512),#4513,.F.);
#2355=PRESENTATION_STYLE_ASSIGNMENT((#4514));
#2356=VERTEX_POINT('',#4515);
#2357=PRESENTATION_STYLE_ASSIGNMENT((#4516));
#2358=EDGE_CURVE('',#2282,#3008,#4517,.T.);
#2359=PRESENTATION_STYLE_ASSIGNMENT((#4518));
#2360=VERTEX_POINT('',#4519);
#2361=PRESENTATION_STYLE_ASSIGNMENT((#4520));
#2362=VERTEX_POINT('',#4521);
#2363=PRESENTATION_STYLE_ASSIGNMENT((#4522));
#2364=VERTEX_POINT('',#4523);
#2365=PRESENTATION_STYLE_ASSIGNMENT((#4524));
#2366=EDGE_CURVE('',#1700,#1038,#4525,.T.);
#2367=PRESENTATION_STYLE_ASSIGNMENT((#4526));
#2368=EDGE_CURVE('',#2926,#2536,#4527,.T.);
#2369=PRESENTATION_STYLE_ASSIGNMENT((#4528));
#2370=EDGE_CURVE('',#2420,#2922,#4529,.T.);
#2371=PRESENTATION_STYLE_ASSIGNMENT((#4530));
#2372=EDGE_CURVE('',#1530,#2398,#4531,.T.);
#2373=PRESENTATION_STYLE_ASSIGNMENT((#4532));
#2374=EDGE_CURVE('',#1698,#2600,#4533,.T.);
#2375=PRESENTATION_STYLE_ASSIGNMENT((#4534));
#2376=VERTEX_POINT('',#4535);
#2377=PRESENTATION_STYLE_ASSIGNMENT((#4536));
#2378=VERTEX_POINT('',#4537);
#2379=PRESENTATION_STYLE_ASSIGNMENT((#4538));
#2380=EDGE_CURVE('',#2348,#2222,#4539,.T.);
#2381=PRESENTATION_STYLE_ASSIGNMENT((#4540));
#2382=EDGE_CURVE('',#1836,#2224,#4541,.T.);
#2383=PRESENTATION_STYLE_ASSIGNMENT((#4542));
#2384=VERTEX_POINT('',#4543);
#2385=PRESENTATION_STYLE_ASSIGNMENT((#4544));
#2386=VERTEX_POINT('',#4545);
#2387=PRESENTATION_STYLE_ASSIGNMENT((#4546));
#2388=VERTEX_POINT('',#4547);
#2389=PRESENTATION_STYLE_ASSIGNMENT((#4548));
#2390=ADVANCED_FACE('',(#4549),#4550,.F.);
#2391=PRESENTATION_STYLE_ASSIGNMENT((#4551));
#2392=VERTEX_POINT('',#4552);
#2393=PRESENTATION_STYLE_ASSIGNMENT((#4553));
#2394=EDGE_CURVE('',#1234,#1050,#4554,.T.);
#2395=PRESENTATION_STYLE_ASSIGNMENT((#4555));
#2396=EDGE_CURVE('',#1582,#2888,#4556,.T.);
#2397=PRESENTATION_STYLE_ASSIGNMENT((#4557));
#2398=VERTEX_POINT('',#4558);
#2399=PRESENTATION_STYLE_ASSIGNMENT((#4559));
#2400=EDGE_CURVE('',#1698,#1732,#4560,.T.);
#2401=PRESENTATION_STYLE_ASSIGNMENT((#4561));
#2402=ADVANCED_FACE('',(#4562),#4563,.F.);
#2403=PRESENTATION_STYLE_ASSIGNMENT((#4564));
#2404=EDGE_CURVE('',#1794,#1096,#4565,.T.);
#2405=PRESENTATION_STYLE_ASSIGNMENT((#4566));
#2406=ADVANCED_FACE('',(#4567),#4568,.F.);
#2407=PRESENTATION_STYLE_ASSIGNMENT((#4569));
#2408=EDGE_CURVE('',#1652,#1074,#4570,.T.);
#2409=PRESENTATION_STYLE_ASSIGNMENT((#4571));
#2410=EDGE_CURVE('',#1764,#2058,#4572,.T.);
#2411=PRESENTATION_STYLE_ASSIGNMENT((#4573));
#2412=EDGE_CURVE('',#1676,#1844,#4574,.T.);
#2413=PRESENTATION_STYLE_ASSIGNMENT((#4575));
#2414=VERTEX_POINT('',#4576);
#2415=PRESENTATION_STYLE_ASSIGNMENT((#4577));
#2416=VERTEX_POINT('',#4578);
#2417=PRESENTATION_STYLE_ASSIGNMENT((#4579));
#2418=VERTEX_POINT('',#4580);
#2419=PRESENTATION_STYLE_ASSIGNMENT((#4581));
#2420=VERTEX_POINT('',#4582);
#2421=PRESENTATION_STYLE_ASSIGNMENT((#4583));
#2422=VERTEX_POINT('',#4584);
#2423=PRESENTATION_STYLE_ASSIGNMENT((#4585));
#2424=EDGE_CURVE('',#1274,#1710,#4586,.T.);
#2425=PRESENTATION_STYLE_ASSIGNMENT((#4587));
#2426=EDGE_CURVE('',#1402,#1778,#4588,.T.);
#2427=PRESENTATION_STYLE_ASSIGNMENT((#4589));
#2428=VERTEX_POINT('',#4590);
#2429=PRESENTATION_STYLE_ASSIGNMENT((#4591));
#2430=EDGE_CURVE('',#2838,#2944,#4592,.T.);
#2431=PRESENTATION_STYLE_ASSIGNMENT((#4593));
#2432=EDGE_CURVE('',#2614,#2886,#4594,.T.);
#2433=PRESENTATION_STYLE_ASSIGNMENT((#4595));
#2434=ADVANCED_FACE('',(#4596),#4597,.F.);
#2435=PRESENTATION_STYLE_ASSIGNMENT((#4598));
#2436=ADVANCED_FACE('',(#4599),#4600,.F.);
#2437=PRESENTATION_STYLE_ASSIGNMENT((#4601));
#2438=EDGE_CURVE('',#3050,#1434,#4602,.T.);
#2439=PRESENTATION_STYLE_ASSIGNMENT((#4603));
#2440=EDGE_CURVE('',#1192,#2748,#4604,.T.);
#2441=PRESENTATION_STYLE_ASSIGNMENT((#4605));
#2442=EDGE_CURVE('',#2634,#2542,#4606,.T.);
#2443=PRESENTATION_STYLE_ASSIGNMENT((#4607));
#2444=EDGE_CURVE('',#2972,#2230,#4608,.T.);
#2445=PRESENTATION_STYLE_ASSIGNMENT((#4609));
#2446=EDGE_CURVE('',#1960,#1120,#4610,.T.);
#2447=PRESENTATION_STYLE_ASSIGNMENT((#4611));
#2448=EDGE_CURVE('',#1180,#1974,#4612,.T.);
#2449=PRESENTATION_STYLE_ASSIGNMENT((#4613));
#2450=ADVANCED_FACE('',(#4614),#4615,.F.);
#2451=PRESENTATION_STYLE_ASSIGNMENT((#4616));
#2452=VERTEX_POINT('',#4617);
#2453=PRESENTATION_STYLE_ASSIGNMENT((#4618));
#2454=EDGE_CURVE('',#2032,#2310,#4619,.T.);
#2455=PRESENTATION_STYLE_ASSIGNMENT((#4620));
#2456=ADVANCED_FACE('',(#4621),#4622,.F.);
#2457=PRESENTATION_STYLE_ASSIGNMENT((#4623));
#2458=EDGE_CURVE('',#1650,#2884,#4624,.T.);
#2459=PRESENTATION_STYLE_ASSIGNMENT((#4625));
#2460=ADVANCED_FACE('',(#4626),#4627,.F.);
#2461=PRESENTATION_STYLE_ASSIGNMENT((#4628));
#2462=ADVANCED_FACE('',(#4629),#4630,.F.);
#2463=PRESENTATION_STYLE_ASSIGNMENT((#4631));
#2464=VERTEX_POINT('',#4632);
#2465=PRESENTATION_STYLE_ASSIGNMENT((#4633));
#2466=EDGE_CURVE('',#1800,#1254,#4634,.T.);
#2467=PRESENTATION_STYLE_ASSIGNMENT((#4635));
#2468=EDGE_CURVE('',#2472,#1242,#4636,.T.);
#2469=PRESENTATION_STYLE_ASSIGNMENT((#4637));
#2470=EDGE_CURVE('',#1414,#1378,#4638,.T.);
#2471=PRESENTATION_STYLE_ASSIGNMENT((#4639));
#2472=VERTEX_POINT('',#4640);
#2473=PRESENTATION_STYLE_ASSIGNMENT((#4641));
#2474=VERTEX_POINT('',#4642);
#2475=PRESENTATION_STYLE_ASSIGNMENT((#4643));
#2476=ADVANCED_FACE('',(#4644),#4645,.F.);
#2477=PRESENTATION_STYLE_ASSIGNMENT((#4646));
#2478=EDGE_CURVE('',#2850,#1750,#4647,.T.);
#2479=PRESENTATION_STYLE_ASSIGNMENT((#4648));
#2480=EDGE_CURVE('',#2944,#1732,#4649,.T.);
#2481=PRESENTATION_STYLE_ASSIGNMENT((#4650));
#2482=EDGE_CURVE('',#2912,#2302,#4651,.T.);
#2483=PRESENTATION_STYLE_ASSIGNMENT((#4652));
#2484=VERTEX_POINT('',#4653);
#2485=PRESENTATION_STYLE_ASSIGNMENT((#4654));
#2486=ADVANCED_FACE('',(#4655),#4656,.F.);
#2487=PRESENTATION_STYLE_ASSIGNMENT((#4657));
#2488=EDGE_CURVE('',#2268,#2100,#4658,.T.);
#2489=PRESENTATION_STYLE_ASSIGNMENT((#4659));
#2490=EDGE_CURVE('',#2526,#1278,#4660,.T.);
#2491=PRESENTATION_STYLE_ASSIGNMENT((#4661));
#2492=EDGE_CURVE('',#2614,#1564,#4662,.T.);
#2493=PRESENTATION_STYLE_ASSIGNMENT((#4663));
#2494=EDGE_CURVE('',#2884,#1560,#4664,.T.);
#2495=PRESENTATION_STYLE_ASSIGNMENT((#4665));
#2496=VERTEX_POINT('',#4666);
#2497=PRESENTATION_STYLE_ASSIGNMENT((#4667));
#2498=VERTEX_POINT('',#4668);
#2499=PRESENTATION_STYLE_ASSIGNMENT((#4669));
#2500=VERTEX_POINT('',#4670);
#2501=PRESENTATION_STYLE_ASSIGNMENT((#4671));
#2502=VERTEX_POINT('',#4672);
#2503=PRESENTATION_STYLE_ASSIGNMENT((#4673));
#2504=VERTEX_POINT('',#4674);
#2505=PRESENTATION_STYLE_ASSIGNMENT((#4675));
#2506=VERTEX_POINT('',#4676);
#2507=PRESENTATION_STYLE_ASSIGNMENT((#4677));
#2508=VERTEX_POINT('',#4678);
#2509=PRESENTATION_STYLE_ASSIGNMENT((#4679));
#2510=EDGE_CURVE('',#2866,#2646,#4680,.T.);
#2511=PRESENTATION_STYLE_ASSIGNMENT((#4681));
#2512=VERTEX_POINT('',#4682);
#2513=PRESENTATION_STYLE_ASSIGNMENT((#4683));
#2514=EDGE_CURVE('',#1920,#2554,#4684,.T.);
#2515=PRESENTATION_STYLE_ASSIGNMENT((#4685));
#2516=EDGE_CURVE('',#2526,#1562,#4686,.T.);
#2517=PRESENTATION_STYLE_ASSIGNMENT((#4687));
#2518=EDGE_CURVE('',#1608,#2776,#4688,.T.);
#2519=PRESENTATION_STYLE_ASSIGNMENT((#4689));
#2520=ADVANCED_FACE('',(#4690),#4691,.F.);
#2521=PRESENTATION_STYLE_ASSIGNMENT((#4692));
#2522=VERTEX_POINT('',#4693);
#2523=PRESENTATION_STYLE_ASSIGNMENT((#4694));
#2524=EDGE_CURVE('',#2790,#1790,#4695,.T.);
#2525=PRESENTATION_STYLE_ASSIGNMENT((#4696));
#2526=VERTEX_POINT('',#4697);
#2527=PRESENTATION_STYLE_ASSIGNMENT((#4698));
#2528=EDGE_CURVE('',#1792,#3046,#4699,.T.);
#2529=PRESENTATION_STYLE_ASSIGNMENT((#4700));
#2530=EDGE_CURVE('',#3012,#1786,#4701,.T.);
#2531=PRESENTATION_STYLE_ASSIGNMENT((#4702));
#2532=EDGE_CURVE('',#1624,#1178,#4703,.T.);
#2533=PRESENTATION_STYLE_ASSIGNMENT((#4704));
#2534=EDGE_CURVE('',#2418,#1764,#4705,.T.);
#2535=PRESENTATION_STYLE_ASSIGNMENT((#4706));
#2536=VERTEX_POINT('',#4707);
#2537=PRESENTATION_STYLE_ASSIGNMENT((#4708));
#2538=EDGE_CURVE('',#2704,#1594,#4709,.T.);
#2539=PRESENTATION_STYLE_ASSIGNMENT((#4710));
#2540=EDGE_CURVE('',#2944,#2600,#4711,.T.);
#2541=PRESENTATION_STYLE_ASSIGNMENT((#4712));
#2542=VERTEX_POINT('',#4713);
#2543=PRESENTATION_STYLE_ASSIGNMENT((#4714));
#2544=EDGE_CURVE('',#2898,#2080,#4715,.T.);
#2545=PRESENTATION_STYLE_ASSIGNMENT((#4716));
#2546=EDGE_CURVE('',#1646,#1614,#4717,.T.);
#2547=PRESENTATION_STYLE_ASSIGNMENT((#4718));
#2548=ADVANCED_FACE('',(#4719),#4720,.F.);
#2549=PRESENTATION_STYLE_ASSIGNMENT((#4721));
#2550=ADVANCED_FACE('',(#4722),#4723,.F.);
#2551=PRESENTATION_STYLE_ASSIGNMENT((#4724));
#2552=EDGE_CURVE('',#1844,#1288,#4725,.T.);
#2553=PRESENTATION_STYLE_ASSIGNMENT((#4726));
#2554=VERTEX_POINT('',#4727);
#2555=PRESENTATION_STYLE_ASSIGNMENT((#4728));
#2556=EDGE_CURVE('',#1182,#1074,#4729,.T.);
#2557=PRESENTATION_STYLE_ASSIGNMENT((#4730));
#2558=VERTEX_POINT('',#4731);
#2559=PRESENTATION_STYLE_ASSIGNMENT((#4732));
#2560=EDGE_CURVE('',#2008,#1916,#4733,.T.);
#2561=PRESENTATION_STYLE_ASSIGNMENT((#4734));
#2562=VERTEX_POINT('',#4735);
#2563=PRESENTATION_STYLE_ASSIGNMENT((#4736));
#2564=EDGE_CURVE('',#2116,#2934,#4737,.T.);
#2565=PRESENTATION_STYLE_ASSIGNMENT((#4738));
#2566=EDGE_CURVE('',#2794,#2634,#4739,.T.);
#2567=PRESENTATION_STYLE_ASSIGNMENT((#4740));
#2568=EDGE_CURVE('',#1264,#1090,#4741,.T.);
#2569=PRESENTATION_STYLE_ASSIGNMENT((#4742));
#2570=VERTEX_POINT('',#4743);
#2571=PRESENTATION_STYLE_ASSIGNMENT((#4744));
#2572=ADVANCED_FACE('',(#4745),#4746,.F.);
#2573=PRESENTATION_STYLE_ASSIGNMENT((#4747));
#2574=VERTEX_POINT('',#4748);
#2575=PRESENTATION_STYLE_ASSIGNMENT((#4749));
#2576=ADVANCED_FACE('',(#4750),#4751,.F.);
#2577=PRESENTATION_STYLE_ASSIGNMENT((#4752));
#2578=VERTEX_POINT('',#4753);
#2579=PRESENTATION_STYLE_ASSIGNMENT((#4754));
#2580=EDGE_CURVE('',#2764,#1840,#4755,.T.);
#2581=PRESENTATION_STYLE_ASSIGNMENT((#4756));
#2582=EDGE_CURVE('',#2050,#2418,#4757,.T.);
#2583=PRESENTATION_STYLE_ASSIGNMENT((#4758));
#2584=EDGE_CURVE('',#1538,#1884,#4759,.T.);
#2585=PRESENTATION_STYLE_ASSIGNMENT((#4760));
#2586=EDGE_CURVE('',#1798,#1780,#4761,.T.);
#2587=PRESENTATION_STYLE_ASSIGNMENT((#4762));
#2588=EDGE_CURVE('',#2596,#2100,#4763,.T.);
#2589=PRESENTATION_STYLE_ASSIGNMENT((#4764));
#2590=EDGE_CURVE('',#2168,#1264,#4765,.T.);
#2591=PRESENTATION_STYLE_ASSIGNMENT((#4766));
#2592=VERTEX_POINT('',#4767);
#2593=PRESENTATION_STYLE_ASSIGNMENT((#4768));
#2594=VERTEX_POINT('',#4769);
#2595=PRESENTATION_STYLE_ASSIGNMENT((#4770));
#2596=VERTEX_POINT('',#4771);
#2597=PRESENTATION_STYLE_ASSIGNMENT((#4772));
#2598=EDGE_CURVE('',#3034,#1816,#4773,.T.);
#2599=PRESENTATION_STYLE_ASSIGNMENT((#4774));
#2600=VERTEX_POINT('',#4775);
#2601=PRESENTATION_STYLE_ASSIGNMENT((#4776));
#2602=EDGE_CURVE('',#1096,#1870,#4777,.T.);
#2603=PRESENTATION_STYLE_ASSIGNMENT((#4778));
#2604=ADVANCED_FACE('',(#4779),#4780,.F.);
#2605=PRESENTATION_STYLE_ASSIGNMENT((#4781));
#2606=ADVANCED_FACE('',(#4782),#4783,.F.);
#2607=PRESENTATION_STYLE_ASSIGNMENT((#4784));
#2608=EDGE_CURVE('',#2384,#2096,#4785,.T.);
#2609=PRESENTATION_STYLE_ASSIGNMENT((#4786));
#2610=EDGE_CURVE('',#2414,#2996,#4787,.T.);
#2611=PRESENTATION_STYLE_ASSIGNMENT((#4788));
#2612=VERTEX_POINT('',#4789);
#2613=PRESENTATION_STYLE_ASSIGNMENT((#4790));
#2614=VERTEX_POINT('',#4791);
#2615=PRESENTATION_STYLE_ASSIGNMENT((#4792));
#2616=EDGE_CURVE('',#2302,#3050,#4793,.T.);
#2617=PRESENTATION_STYLE_ASSIGNMENT((#4794));
#2618=ADVANCED_FACE('',(#4795),#4796,.F.);
#2619=PRESENTATION_STYLE_ASSIGNMENT((#4797));
#2620=ADVANCED_FACE('',(#4798),#4799,.F.);
#2621=PRESENTATION_STYLE_ASSIGNMENT((#4800));
#2622=VERTEX_POINT('',#4801);
#2623=PRESENTATION_STYLE_ASSIGNMENT((#4802));
#2624=EDGE_CURVE('',#1908,#1460,#4803,.T.);
#2625=PRESENTATION_STYLE_ASSIGNMENT((#4804));
#2626=EDGE_CURVE('',#2044,#1702,#4805,.T.);
#2627=PRESENTATION_STYLE_ASSIGNMENT((#4806));
#2628=EDGE_CURVE('',#1780,#1786,#4807,.T.);
#2629=PRESENTATION_STYLE_ASSIGNMENT((#4808));
#2630=EDGE_CURVE('',#1696,#2830,#4809,.T.);
#2631=PRESENTATION_STYLE_ASSIGNMENT((#4810));
#2632=VERTEX_POINT('',#4811);
#2633=PRESENTATION_STYLE_ASSIGNMENT((#4812));
#2634=VERTEX_POINT('',#4813);
#2635=PRESENTATION_STYLE_ASSIGNMENT((#4814));
#2636=EDGE_CURVE('',#1546,#2676,#4815,.T.);
#2637=PRESENTATION_STYLE_ASSIGNMENT((#4816));
#2638=EDGE_CURVE('',#1192,#2622,#4817,.T.);
#2639=PRESENTATION_STYLE_ASSIGNMENT((#4818));
#2640=EDGE_CURVE('',#2596,#1384,#4819,.T.);
#2641=PRESENTATION_STYLE_ASSIGNMENT((#4820));
#2642=VERTEX_POINT('',#4821);
#2643=PRESENTATION_STYLE_ASSIGNMENT((#4822));
#2644=EDGE_CURVE('',#1756,#2152,#4823,.T.);
#2645=PRESENTATION_STYLE_ASSIGNMENT((#4824));
#2646=VERTEX_POINT('',#4825);
#2647=PRESENTATION_STYLE_ASSIGNMENT((#4826));
#2648=ADVANCED_FACE('',(#4827),#4828,.F.);
#2649=PRESENTATION_STYLE_ASSIGNMENT((#4829));
#2650=EDGE_CURVE('',#2078,#1834,#4830,.T.);
#2651=PRESENTATION_STYLE_ASSIGNMENT((#4831));
#2652=VERTEX_POINT('',#4832);
#2653=PRESENTATION_STYLE_ASSIGNMENT((#4833));
#2654=EDGE_CURVE('',#3024,#2926,#4834,.T.);
#2655=PRESENTATION_STYLE_ASSIGNMENT((#4835));
#2656=EDGE_CURVE('',#1948,#2512,#4836,.T.);
#2657=PRESENTATION_STYLE_ASSIGNMENT((#4837));
#2658=EDGE_CURVE('',#1350,#2338,#4838,.T.);
#2659=PRESENTATION_STYLE_ASSIGNMENT((#4839));
#2660=EDGE_CURVE('',#1794,#2764,#4840,.T.);
#2661=PRESENTATION_STYLE_ASSIGNMENT((#4841));
#2662=EDGE_CURVE('',#2750,#2254,#4842,.T.);
#2663=PRESENTATION_STYLE_ASSIGNMENT((#4843));
#2664=VERTEX_POINT('',#4844);
#2665=PRESENTATION_STYLE_ASSIGNMENT((#4845));
#2666=EDGE_CURVE('',#1090,#1778,#4846,.T.);
#2667=PRESENTATION_STYLE_ASSIGNMENT((#4847));
#2668=EDGE_CURVE('',#3000,#2958,#4848,.T.);
#2669=PRESENTATION_STYLE_ASSIGNMENT((#4849));
#2670=ADVANCED_FACE('',(#4850),#4851,.F.);
#2671=PRESENTATION_STYLE_ASSIGNMENT((#4852));
#2672=EDGE_CURVE('',#2848,#1610,#4853,.T.);
#2673=PRESENTATION_STYLE_ASSIGNMENT((#4854));
#2674=ADVANCED_FACE('',(#4855),#4856,.T.);
#2675=PRESENTATION_STYLE_ASSIGNMENT((#4857));
#2676=VERTEX_POINT('',#4858);
#2677=PRESENTATION_STYLE_ASSIGNMENT((#4859));
#2678=ADVANCED_FACE('',(#4860),#4861,.F.);
#2679=PRESENTATION_STYLE_ASSIGNMENT((#4862));
#2680=EDGE_CURVE('',#2362,#2988,#4863,.T.);
#2681=PRESENTATION_STYLE_ASSIGNMENT((#4864));
#2682=EDGE_CURVE('',#1854,#1234,#4865,.T.);
#2683=PRESENTATION_STYLE_ASSIGNMENT((#4866));
#2684=EDGE_CURVE('',#1890,#2958,#4867,.T.);
#2685=PRESENTATION_STYLE_ASSIGNMENT((#4868));
#2686=EDGE_CURVE('',#1846,#2304,#4869,.T.);
#2687=PRESENTATION_STYLE_ASSIGNMENT((#4870));
#2688=ADVANCED_FACE('',(#4871),#4872,.F.);
#2689=PRESENTATION_STYLE_ASSIGNMENT((#4873));
#2690=ADVANCED_FACE('',(#4874),#4875,.F.);
#2691=PRESENTATION_STYLE_ASSIGNMENT((#4876));
#2692=EDGE_CURVE('',#2016,#1160,#4877,.T.);
#2693=PRESENTATION_STYLE_ASSIGNMENT((#4878));
#2694=ADVANCED_FACE('',(#4879),#4880,.F.);
#2695=PRESENTATION_STYLE_ASSIGNMENT((#4881));
#2696=ADVANCED_FACE('',(#4882),#4883,.F.);
#2697=PRESENTATION_STYLE_ASSIGNMENT((#4884));
#2698=EDGE_CURVE('',#1812,#2422,#4885,.T.);
#2699=PRESENTATION_STYLE_ASSIGNMENT((#4886));
#2700=EDGE_CURVE('',#1274,#2866,#4887,.T.);
#2701=PRESENTATION_STYLE_ASSIGNMENT((#4888));
#2702=EDGE_CURVE('',#2962,#2794,#4889,.T.);
#2703=PRESENTATION_STYLE_ASSIGNMENT((#4890));
#2704=VERTEX_POINT('',#4891);
#2705=PRESENTATION_STYLE_ASSIGNMENT((#4892));
#2706=ADVANCED_FACE('',(#4893,#4894),#4895,.T.);
#2707=PRESENTATION_STYLE_ASSIGNMENT((#4896));
#2708=EDGE_CURVE('',#2642,#1508,#4897,.T.);
#2709=PRESENTATION_STYLE_ASSIGNMENT((#4898));
#2710=EDGE_CURVE('',#2378,#1576,#4899,.T.);
#2711=PRESENTATION_STYLE_ASSIGNMENT((#4900));
#2712=ADVANCED_FACE('',(#4901),#4902,.F.);
#2713=PRESENTATION_STYLE_ASSIGNMENT((#4903));
#2714=EDGE_CURVE('',#1338,#2000,#4904,.T.);
#2715=PRESENTATION_STYLE_ASSIGNMENT((#4905));
#2716=EDGE_CURVE('',#2414,#1582,#4906,.T.);
#2717=PRESENTATION_STYLE_ASSIGNMENT((#4907));
#2718=ADVANCED_FACE('',(#4908),#4909,.F.);
#2719=PRESENTATION_STYLE_ASSIGNMENT((#4910));
#2720=VERTEX_POINT('',#4911);
#2721=PRESENTATION_STYLE_ASSIGNMENT((#4912));
#2722=EDGE_CURVE('',#1278,#2376,#4913,.T.);
#2723=PRESENTATION_STYLE_ASSIGNMENT((#4914));
#2724=VERTEX_POINT('',#4915);
#2725=PRESENTATION_STYLE_ASSIGNMENT((#4916));
#2726=VERTEX_POINT('',#4917);
#2727=PRESENTATION_STYLE_ASSIGNMENT((#4918));
#2728=EDGE_CURVE('',#2642,#1908,#4919,.T.);
#2729=PRESENTATION_STYLE_ASSIGNMENT((#4920));
#2730=ADVANCED_FACE('',(#4921),#4922,.F.);
#2731=PRESENTATION_STYLE_ASSIGNMENT((#4923));
#2732=VERTEX_POINT('',#4924);
#2733=PRESENTATION_STYLE_ASSIGNMENT((#4925));
#2734=ADVANCED_FACE('',(#4926),#4927,.F.);
#2735=PRESENTATION_STYLE_ASSIGNMENT((#4928));
#2736=ADVANCED_FACE('',(#4929),#4930,.F.);
#2737=PRESENTATION_STYLE_ASSIGNMENT((#4931));
#2738=ADVANCED_FACE('',(#4932),#4933,.T.);
#2739=PRESENTATION_STYLE_ASSIGNMENT((#4934));
#2740=EDGE_CURVE('',#2364,#2962,#4935,.T.);
#2741=PRESENTATION_STYLE_ASSIGNMENT((#4936));
#2742=VERTEX_POINT('',#4937);
#2743=PRESENTATION_STYLE_ASSIGNMENT((#4938));
#2744=EDGE_CURVE('',#1144,#1380,#4939,.T.);
#2745=PRESENTATION_STYLE_ASSIGNMENT((#4940));
#2746=EDGE_CURVE('',#2848,#2504,#4941,.T.);
#2747=PRESENTATION_STYLE_ASSIGNMENT((#4942));
#2748=VERTEX_POINT('',#4943);
#2749=PRESENTATION_STYLE_ASSIGNMENT((#4944));
#2750=VERTEX_POINT('',#4945);
#2751=PRESENTATION_STYLE_ASSIGNMENT((#4946));
#2752=EDGE_CURVE('',#2704,#3046,#4947,.T.);
#2753=PRESENTATION_STYLE_ASSIGNMENT((#4948));
#2754=ADVANCED_FACE('',(#4949),#4950,.F.);
#2755=PRESENTATION_STYLE_ASSIGNMENT((#4951));
#2756=EDGE_CURVE('',#1784,#2846,#4952,.T.);
#2757=PRESENTATION_STYLE_ASSIGNMENT((#4953));
#2758=EDGE_CURVE('',#1436,#1398,#4954,.T.);
#2759=PRESENTATION_STYLE_ASSIGNMENT((#4955));
#2760=ADVANCED_FACE('',(#4956),#4957,.F.);
#2761=PRESENTATION_STYLE_ASSIGNMENT((#4958));
#2762=EDGE_CURVE('',#2102,#2818,#4959,.T.);
#2763=PRESENTATION_STYLE_ASSIGNMENT((#4960));
#2764=VERTEX_POINT('',#4961);
#2765=PRESENTATION_STYLE_ASSIGNMENT((#4962));
#2766=EDGE_CURVE('',#2732,#1306,#4963,.T.);
#2767=PRESENTATION_STYLE_ASSIGNMENT((#4964));
#2768=EDGE_CURVE('',#1936,#1710,#4965,.T.);
#2769=PRESENTATION_STYLE_ASSIGNMENT((#4966));
#2770=VERTEX_POINT('',#4967);
#2771=PRESENTATION_STYLE_ASSIGNMENT((#4968));
#2772=VERTEX_POINT('',#4969);
#2773=PRESENTATION_STYLE_ASSIGNMENT((#4970));
#2774=EDGE_CURVE('',#2742,#2818,#4971,.T.);
#2775=PRESENTATION_STYLE_ASSIGNMENT((#4972));
#2776=VERTEX_POINT('',#4973);
#2777=PRESENTATION_STYLE_ASSIGNMENT((#4974));
#2778=EDGE_CURVE('',#2464,#2804,#4975,.T.);
#2779=PRESENTATION_STYLE_ASSIGNMENT((#4976));
#2780=VERTEX_POINT('',#4977);
#2781=PRESENTATION_STYLE_ASSIGNMENT((#4978));
#2782=EDGE_CURVE('',#1684,#1052,#4979,.T.);
#2783=PRESENTATION_STYLE_ASSIGNMENT((#4980));
#2784=EDGE_CURVE('',#2878,#1508,#4981,.T.);
#2785=PRESENTATION_STYLE_ASSIGNMENT((#4982));
#2786=EDGE_CURVE('',#2958,#1192,#4983,.T.);
#2787=PRESENTATION_STYLE_ASSIGNMENT((#4984));
#2788=EDGE_CURVE('',#1594,#2892,#4985,.T.);
#2789=PRESENTATION_STYLE_ASSIGNMENT((#4986));
#2790=VERTEX_POINT('',#4987);
#2791=PRESENTATION_STYLE_ASSIGNMENT((#4988));
#2792=EDGE_CURVE('',#2428,#1240,#4989,.T.);
#2793=PRESENTATION_STYLE_ASSIGNMENT((#4990));
#2794=VERTEX_POINT('',#4991);
#2795=PRESENTATION_STYLE_ASSIGNMENT((#4992));
#2796=EDGE_CURVE('',#1516,#1794,#4993,.T.);
#2797=PRESENTATION_STYLE_ASSIGNMENT((#4994));
#2798=EDGE_CURVE('',#1538,#1242,#4995,.T.);
#2799=PRESENTATION_STYLE_ASSIGNMENT((#4996));
#2800=ADVANCED_FACE('',(#4997),#4998,.F.);
#2801=PRESENTATION_STYLE_ASSIGNMENT((#4999));
#2802=ADVANCED_FACE('',(#5000),#5001,.F.);
#2803=PRESENTATION_STYLE_ASSIGNMENT((#5002));
#2804=VERTEX_POINT('',#5003);
#2805=PRESENTATION_STYLE_ASSIGNMENT((#5004));
#2806=EDGE_CURVE('',#1350,#2310,#5005,.T.);
#2807=PRESENTATION_STYLE_ASSIGNMENT((#5006));
#2808=EDGE_CURVE('',#2116,#2152,#5007,.T.);
#2809=PRESENTATION_STYLE_ASSIGNMENT((#5008));
#2810=EDGE_CURVE('',#1832,#3006,#5009,.T.);
#2811=PRESENTATION_STYLE_ASSIGNMENT((#5010));
#2812=EDGE_CURVE('',#1386,#2304,#5011,.T.);
#2813=PRESENTATION_STYLE_ASSIGNMENT((#5012));
#2814=VERTEX_POINT('',#5013);
#2815=PRESENTATION_STYLE_ASSIGNMENT((#5014));
#2816=VERTEX_POINT('',#5015);
#2817=PRESENTATION_STYLE_ASSIGNMENT((#5016));
#2818=VERTEX_POINT('',#5017);
#2819=PRESENTATION_STYLE_ASSIGNMENT((#5018));
#2820=ADVANCED_FACE('',(#5019),#5020,.F.);
#2821=PRESENTATION_STYLE_ASSIGNMENT((#5021));
#2822=EDGE_CURVE('',#1790,#2996,#5022,.T.);
#2823=PRESENTATION_STYLE_ASSIGNMENT((#5023));
#2824=ADVANCED_FACE('',(#5024),#5025,.F.);
#2825=PRESENTATION_STYLE_ASSIGNMENT((#5026));
#2826=EDGE_CURVE('',#1850,#2726,#5027,.T.);
#2827=PRESENTATION_STYLE_ASSIGNMENT((#5028));
#2828=VERTEX_POINT('',#5029);
#2829=PRESENTATION_STYLE_ASSIGNMENT((#5030));
#2830=VERTEX_POINT('',#5031);
#2831=PRESENTATION_STYLE_ASSIGNMENT((#5032));
#2832=EDGE_CURVE('',#1982,#2116,#5033,.T.);
#2833=PRESENTATION_STYLE_ASSIGNMENT((#5034));
#2834=ADVANCED_FACE('',(#5035),#5036,.F.);
#2835=PRESENTATION_STYLE_ASSIGNMENT((#5037));
#2836=EDGE_CURVE('',#1052,#2772,#5038,.T.);
#2837=PRESENTATION_STYLE_ASSIGNMENT((#5039));
#2838=VERTEX_POINT('',#5040);
#2839=PRESENTATION_STYLE_ASSIGNMENT((#5041));
#2840=EDGE_CURVE('',#2960,#2098,#5042,.T.);
#2841=PRESENTATION_STYLE_ASSIGNMENT((#5043));
#2842=ADVANCED_FACE('',(#5044),#5045,.F.);
#2843=PRESENTATION_STYLE_ASSIGNMENT((#5046));
#2844=EDGE_CURVE('',#2032,#2338,#5047,.T.);
#2845=PRESENTATION_STYLE_ASSIGNMENT((#5048));
#2846=VERTEX_POINT('',#5049);
#2847=PRESENTATION_STYLE_ASSIGNMENT((#5050));
#2848=VERTEX_POINT('',#5051);
#2849=PRESENTATION_STYLE_ASSIGNMENT((#5052));
#2850=VERTEX_POINT('',#5053);
#2851=PRESENTATION_STYLE_ASSIGNMENT((#5054));
#2852=ADVANCED_FACE('',(#5055),#5056,.F.);
#2853=PRESENTATION_STYLE_ASSIGNMENT((#5057));
#2854=EDGE_CURVE('',#2892,#2496,#5058,.T.);
#2855=PRESENTATION_STYLE_ASSIGNMENT((#5059));
#2856=ADVANCED_FACE('',(#5060),#5061,.F.);
#2857=PRESENTATION_STYLE_ASSIGNMENT((#5062));
#2858=VERTEX_POINT('',#5063);
#2859=PRESENTATION_STYLE_ASSIGNMENT((#5064));
#2860=EDGE_CURVE('',#1608,#2962,#5065,.T.);
#2861=PRESENTATION_STYLE_ASSIGNMENT((#5066));
#2862=ADVANCED_FACE('',(#5067),#5068,.F.);
#2863=PRESENTATION_STYLE_ASSIGNMENT((#5069));
#2864=EDGE_CURVE('',#2830,#1158,#5070,.T.);
#2865=PRESENTATION_STYLE_ASSIGNMENT((#5071));
#2866=VERTEX_POINT('',#5072);
#2867=PRESENTATION_STYLE_ASSIGNMENT((#5073));
#2868=EDGE_CURVE('',#1434,#3050,#5074,.T.);
#2869=PRESENTATION_STYLE_ASSIGNMENT((#5075));
#2870=EDGE_CURVE('',#2828,#1798,#5076,.T.);
#2871=PRESENTATION_STYLE_ASSIGNMENT((#5077));
#2872=VERTEX_POINT('',#5078);
#2873=PRESENTATION_STYLE_ASSIGNMENT((#5079));
#2874=EDGE_CURVE('',#2422,#2008,#5080,.T.);
#2875=PRESENTATION_STYLE_ASSIGNMENT((#5081));
#2876=EDGE_CURVE('',#3010,#2578,#5082,.T.);
#2877=PRESENTATION_STYLE_ASSIGNMENT((#5083));
#2878=VERTEX_POINT('',#5084);
#2879=PRESENTATION_STYLE_ASSIGNMENT((#5085));
#2880=EDGE_CURVE('',#1160,#3034,#5086,.T.);
#2881=PRESENTATION_STYLE_ASSIGNMENT((#5087));
#2882=EDGE_CURVE('',#2724,#1676,#5088,.T.);
#2883=PRESENTATION_STYLE_ASSIGNMENT((#5089));
#2884=VERTEX_POINT('',#5090);
#2885=PRESENTATION_STYLE_ASSIGNMENT((#5091));
#2886=VERTEX_POINT('',#5092);
#2887=PRESENTATION_STYLE_ASSIGNMENT((#5093));
#2888=VERTEX_POINT('',#5094);
#2889=PRESENTATION_STYLE_ASSIGNMENT((#5095));
#2890=EDGE_CURVE('',#1816,#1336,#5096,.T.);
#2891=PRESENTATION_STYLE_ASSIGNMENT((#5097));
#2892=VERTEX_POINT('',#5098);
#2893=PRESENTATION_STYLE_ASSIGNMENT((#5099));
#2894=VERTEX_POINT('',#5100);
#2895=PRESENTATION_STYLE_ASSIGNMENT((#5101));
#2896=EDGE_CURVE('',#2996,#1338,#5102,.T.);
#2897=PRESENTATION_STYLE_ASSIGNMENT((#5103));
#2898=VERTEX_POINT('',#5104);
#2899=PRESENTATION_STYLE_ASSIGNMENT((#5105));
#2900=VERTEX_POINT('',#5106);
#2901=PRESENTATION_STYLE_ASSIGNMENT((#5107));
#2902=EDGE_CURVE('',#2888,#2972,#5108,.T.);
#2903=PRESENTATION_STYLE_ASSIGNMENT((#5109));
#2904=EDGE_CURVE('',#1530,#1938,#5110,.T.);
#2905=PRESENTATION_STYLE_ASSIGNMENT((#5111));
#2906=VERTEX_POINT('',#5112);
#2907=PRESENTATION_STYLE_ASSIGNMENT((#5113));
#2908=EDGE_CURVE('',#2042,#1542,#5114,.T.);
#2909=PRESENTATION_STYLE_ASSIGNMENT((#5115));
#2910=EDGE_CURVE('',#2158,#3034,#5116,.T.);
#2911=PRESENTATION_STYLE_ASSIGNMENT((#5117));
#2912=VERTEX_POINT('',#5118);
#2913=PRESENTATION_STYLE_ASSIGNMENT((#5119));
#2914=EDGE_CURVE('',#1050,#2974,#5120,.T.);
#2915=PRESENTATION_STYLE_ASSIGNMENT((#5121));
#2916=EDGE_CURVE('',#1380,#1196,#5122,.T.);
#2917=PRESENTATION_STYLE_ASSIGNMENT((#5123));
#2918=EDGE_CURVE('',#2570,#1170,#5124,.T.);
#2919=PRESENTATION_STYLE_ASSIGNMENT((#5125));
#2920=EDGE_CURVE('',#1492,#2512,#5126,.T.);
#2921=PRESENTATION_STYLE_ASSIGNMENT((#5127));
#2922=VERTEX_POINT('',#5128);
#2923=PRESENTATION_STYLE_ASSIGNMENT((#5129));
#2924=EDGE_CURVE('',#2632,#2900,#5130,.T.);
#2925=PRESENTATION_STYLE_ASSIGNMENT((#5131));
#2926=VERTEX_POINT('',#5132);
#2927=PRESENTATION_STYLE_ASSIGNMENT((#5133));
#2928=ADVANCED_FACE('',(#5134),#5135,.F.);
#2929=PRESENTATION_STYLE_ASSIGNMENT((#5136));
#2930=EDGE_CURVE('',#1120,#2732,#5137,.T.);
#2931=PRESENTATION_STYLE_ASSIGNMENT((#5138));
#2932=VERTEX_POINT('',#5139);
#2933=PRESENTATION_STYLE_ASSIGNMENT((#5140));
#2934=VERTEX_POINT('',#5141);
#2935=PRESENTATION_STYLE_ASSIGNMENT((#5142));
#2936=EDGE_CURVE('',#3006,#2676,#5143,.T.);
#2937=PRESENTATION_STYLE_ASSIGNMENT((#5144));
#2938=EDGE_CURVE('',#2554,#1274,#5145,.T.);
#2939=PRESENTATION_STYLE_ASSIGNMENT((#5146));
#2940=EDGE_CURVE('',#3046,#1250,#5147,.T.);
#2941=PRESENTATION_STYLE_ASSIGNMENT((#5148));
#2942=ADVANCED_FACE('',(#5149),#5150,.F.);
#2943=PRESENTATION_STYLE_ASSIGNMENT((#5151));
#2944=VERTEX_POINT('',#5152);
#2945=PRESENTATION_STYLE_ASSIGNMENT((#5153));
#2946=EDGE_CURVE('',#2574,#2484,#5154,.T.);
#2947=PRESENTATION_STYLE_ASSIGNMENT((#5155));
#2948=EDGE_CURVE('',#2378,#3044,#5156,.T.);
#2949=PRESENTATION_STYLE_ASSIGNMENT((#5157));
#2950=EDGE_CURVE('',#2254,#1434,#5158,.T.);
#2951=PRESENTATION_STYLE_ASSIGNMENT((#5159));
#2952=ADVANCED_FACE('',(#5160),#5161,.F.);
#2953=PRESENTATION_STYLE_ASSIGNMENT((#5162));
#2954=EDGE_CURVE('',#1412,#1364,#5163,.T.);
#2955=PRESENTATION_STYLE_ASSIGNMENT((#5164));
#2956=EDGE_CURVE('',#2060,#2502,#5165,.T.);
#2957=PRESENTATION_STYLE_ASSIGNMENT((#5166));
#2958=VERTEX_POINT('',#5167);
#2959=PRESENTATION_STYLE_ASSIGNMENT((#5168));
#2960=VERTEX_POINT('',#5169);
#2961=PRESENTATION_STYLE_ASSIGNMENT((#5170));
#2962=VERTEX_POINT('',#5171);
#2963=PRESENTATION_STYLE_ASSIGNMENT((#5172));
#2964=EDGE_CURVE('',#2308,#2988,#5173,.T.);
#2965=PRESENTATION_STYLE_ASSIGNMENT((#5174));
#2966=ADVANCED_FACE('',(#5175),#5176,.F.);
#2967=PRESENTATION_STYLE_ASSIGNMENT((#5177));
#2968=EDGE_CURVE('',#2498,#1696,#5178,.T.);
#2969=PRESENTATION_STYLE_ASSIGNMENT((#5179));
#2970=VERTEX_POINT('',#5180);
#2971=PRESENTATION_STYLE_ASSIGNMENT((#5181));
#2972=VERTEX_POINT('',#5182);
#2973=PRESENTATION_STYLE_ASSIGNMENT((#5183));
#2974=VERTEX_POINT('',#5184);
#2975=PRESENTATION_STYLE_ASSIGNMENT((#5185));
#2976=EDGE_CURVE('',#1652,#2010,#5186,.T.);
#2977=PRESENTATION_STYLE_ASSIGNMENT((#5187));
#2978=EDGE_CURVE('',#1356,#2574,#5188,.T.);
#2979=PRESENTATION_STYLE_ASSIGNMENT((#5189));
#2980=VERTEX_POINT('',#5190);
#2981=PRESENTATION_STYLE_ASSIGNMENT((#5191));
#2982=EDGE_CURVE('',#1884,#1608,#5192,.T.);
#2983=PRESENTATION_STYLE_ASSIGNMENT((#5193));
#2984=EDGE_CURVE('',#2338,#1182,#5194,.T.);
#2985=PRESENTATION_STYLE_ASSIGNMENT((#5195));
#2986=VERTEX_POINT('',#5196);
#2987=PRESENTATION_STYLE_ASSIGNMENT((#5197));
#2988=VERTEX_POINT('',#5198);
#2989=PRESENTATION_STYLE_ASSIGNMENT((#5199));
#2990=ADVANCED_FACE('',(#5200),#5201,.F.);
#2991=PRESENTATION_STYLE_ASSIGNMENT((#5202));
#2992=EDGE_CURVE('',#2164,#1960,#5203,.T.);
#2993=PRESENTATION_STYLE_ASSIGNMENT((#5204));
#2994=EDGE_CURVE('',#1790,#1582,#5205,.T.);
#2995=PRESENTATION_STYLE_ASSIGNMENT((#5206));
#2996=VERTEX_POINT('',#5207);
#2997=PRESENTATION_STYLE_ASSIGNMENT((#5208));
#2998=EDGE_CURVE('',#2416,#3008,#5209,.T.);
#2999=PRESENTATION_STYLE_ASSIGNMENT((#5210));
#3000=VERTEX_POINT('',#5211);
#3001=PRESENTATION_STYLE_ASSIGNMENT((#5212));
#3002=VERTEX_POINT('',#5213);
#3003=PRESENTATION_STYLE_ASSIGNMENT((#5214));
#3004=EDGE_CURVE('',#1610,#1546,#5215,.T.);
#3005=PRESENTATION_STYLE_ASSIGNMENT((#5216));
#3006=VERTEX_POINT('',#5217);
#3007=PRESENTATION_STYLE_ASSIGNMENT((#5218));
#3008=VERTEX_POINT('',#5219);
#3009=PRESENTATION_STYLE_ASSIGNMENT((#5220));
#3010=VERTEX_POINT('',#5221);
#3011=PRESENTATION_STYLE_ASSIGNMENT((#5222));
#3012=VERTEX_POINT('',#5223);
#3013=PRESENTATION_STYLE_ASSIGNMENT((#5224));
#3014=EDGE_CURVE('',#3010,#1536,#5225,.T.);
#3015=PRESENTATION_STYLE_ASSIGNMENT((#5226));
#3016=EDGE_CURVE('',#2392,#2474,#5227,.T.);
#3017=PRESENTATION_STYLE_ASSIGNMENT((#5228));
#3018=ADVANCED_FACE('',(#5229),#5230,.T.);
#3019=PRESENTATION_STYLE_ASSIGNMENT((#5231));
#3020=VERTEX_POINT('',#5232);
#3021=PRESENTATION_STYLE_ASSIGNMENT((#5233));
#3022=ADVANCED_FACE('',(#5234),#5235,.F.);
#3023=PRESENTATION_STYLE_ASSIGNMENT((#5236));
#3024=VERTEX_POINT('',#5237);
#3025=PRESENTATION_STYLE_ASSIGNMENT((#5238));
#3026=EDGE_CURVE('',#1560,#1412,#5239,.T.);
#3027=PRESENTATION_STYLE_ASSIGNMENT((#5240));
#3028=EDGE_CURVE('',#1460,#2970,#5241,.T.);
#3029=PRESENTATION_STYLE_ASSIGNMENT((#5242));
#3030=EDGE_CURVE('',#1570,#1650,#5243,.T.);
#3031=PRESENTATION_STYLE_ASSIGNMENT((#5244));
#3032=EDGE_CURVE('',#1456,#1502,#5245,.T.);
#3033=PRESENTATION_STYLE_ASSIGNMENT((#5246));
#3034=VERTEX_POINT('',#5247);
#3035=PRESENTATION_STYLE_ASSIGNMENT((#5248));
#3036=EDGE_CURVE('',#1830,#2838,#5249,.T.);
#3037=PRESENTATION_STYLE_ASSIGNMENT((#5250));
#3038=EDGE_CURVE('',#1564,#2378,#5251,.T.);
#3039=PRESENTATION_STYLE_ASSIGNMENT((#5252));
#3040=EDGE_CURVE('',#3002,#1776,#5253,.T.);
#3041=PRESENTATION_STYLE_ASSIGNMENT((#5254));
#3042=EDGE_CURVE('',#1240,#1412,#5255,.T.);
#3043=PRESENTATION_STYLE_ASSIGNMENT((#5256));
#3044=VERTEX_POINT('',#5257);
#3045=PRESENTATION_STYLE_ASSIGNMENT((#5258));
#3046=VERTEX_POINT('',#5259);
#3047=PRESENTATION_STYLE_ASSIGNMENT((#5260));
#3048=EDGE_CURVE('',#2894,#2634,#5261,.T.);
#3049=PRESENTATION_STYLE_ASSIGNMENT((#5262));
#3050=VERTEX_POINT('',#5263);
#3051=PRESENTATION_STYLE_ASSIGNMENT((#5264));
#3052=VERTEX_POINT('',#5265);
#3053=PRESENTATION_STYLE_ASSIGNMENT((#5266));
#3054=ADVANCED_FACE('',(#5267),#5268,.T.);
#3055=PRESENTATION_STYLE_ASSIGNMENT((#5269));
#3056=EDGE_CURVE('',#2502,#1456,#5270,.T.);
#3057=PRESENTATION_STYLE_ASSIGNMENT((#5271));
#3058=EDGE_CURVE('',#2134,#2416,#5272,.T.);
#3059=PRODUCT('1','1','PART-1-DESC',(#5273));
#3060=PRODUCT_DEFINITION('NONE','NONE',#5274,#2);
#3061=AXIS2_PLACEMENT_3D('',#5275,#5276,#5277);
#3064=LENGTH_MEASURE_WITH_UNIT(LENGTH_MEASURE(1.0),#5278);
#3067=DIMENSIONAL_EXPONENTS(1.0,0.0,0.0,0.0,0.0,0.0,0.0);
#3069=DIMENSIONAL_EXPONENTS(0.0,0.0,0.0,0.0,0.0,0.0,0.0);
#3075=CURVE_STYLE('',#5279,POSITIVE_LENGTH_MEASURE(1.0E-006),#5280);
#3076=(B_SPLINE_CURVE(2,(#5282,#5283,#5284),.UNSPECIFIED.,.F.,.F.)B_SPLINE_CURVE_WITH_KNOTS((3,3),(0.0893220067472732,0.497406542915498),.UNSPECIFIED.)RATIONAL_B_SPLINE_CURVE((1.00018296645111,1.00051304018139,1.00004007765364))BOUNDED_CURVE()REPRESENTATION_ITEM('')GEOMETRIC_REPRESENTATION_ITEM()CURVE());
#3077=POINT_STYLE(' ',#5291,POSITIVE_LENGTH_MEASURE(1.0E-006),#5292);
#3078=CARTESIAN_POINT('',(2.20042973610009,-5.31230731193739,18.4500000000019));
#3079=CURVE_STYLE('',#5293,POSITIVE_LENGTH_MEASURE(1.0E-006),#5294);
#3080=(B_SPLINE_CURVE(2,(#5296,#5297,#5298),.UNSPECIFIED.,.F.,.F.)B_SPLINE_CURVE_WITH_KNOTS((3,3),(0.016709209935488,0.424793746103736),.UNSPECIFIED.)RATIONAL_B_SPLINE_CURVE((1.00004007765366,1.00051304018157,1.00018296645116))BOUNDED_CURVE()REPRESENTATION_ITEM('')GEOMETRIC_REPRESENTATION_ITEM()CURVE());
#3081=CURVE_STYLE('',#5305,POSITIVE_LENGTH_MEASURE(1.0E-006),#5306);
#3082=(B_SPLINE_CURVE(2,(#5308,#5309,#5310),.UNSPECIFIED.,.F.,.F.)B_SPLINE_CURVE_WITH_KNOTS((3,3),(0.0167092099294569,0.424793746097942),.UNSPECIFIED.)RATIONAL_B_SPLINE_CURVE((1.00004007765368,1.00051304018193,1.00018296645131))BOUNDED_CURVE()REPRESENTATION_ITEM('')GEOMETRIC_REPRESENTATION_ITEM()CURVE());
#3083=CURVE_STYLE('',#5317,POSITIVE_LENGTH_MEASURE(1.0E-006),#5318);
#3084=(B_SPLINE_CURVE(2,(#5320,#5321,#5322),.UNSPECIFIED.,.F.,.F.)B_SPLINE_CURVE_WITH_KNOTS((3,3),(0.0893220067443618,0.497406542910471),.UNSPECIFIED.)RATIONAL_B_SPLINE_CURVE((1.00018296644999,1.00051304017825,1.0000400776534))BOUNDED_CURVE()REPRESENTATION_ITEM('')GEOMETRIC_REPRESENTATION_ITEM()CURVE());
#3085=CURVE_STYLE('',#5329,POSITIVE_LENGTH_MEASURE(1.0E-006),#5330);
#3086=(B_SPLINE_CURVE(2,(#5332,#5333,#5334),.UNSPECIFIED.,.F.,.F.)B_SPLINE_CURVE_WITH_KNOTS((3,3),(0.0893220067438177,0.497406542911899),.UNSPECIFIED.)RATIONAL_B_SPLINE_CURVE((1.00018296645098,1.00051304018105,1.00004007765362))BOUNDED_CURVE()REPRESENTATION_ITEM('')GEOMETRIC_REPRESENTATION_ITEM()CURVE());
#3087=SURFACE_STYLE_USAGE(.BOTH.,#5341);
#3088=FACE_OUTER_BOUND('',#5342,.T.);
#3089=CONICAL_SURFACE('',#5343,5.84999999999998,0.785398163397519);
#3090=POINT_STYLE(' ',#5344,POSITIVE_LENGTH_MEASURE(1.0E-006),#5345);
#3091=CARTESIAN_POINT('',(-5.75,2.8421709430404E-014,18.4499999999999));
#3092=POINT_STYLE(' ',#5346,POSITIVE_LENGTH_MEASURE(1.0E-006),#5347);
#3093=CARTESIAN_POINT('',(-2.0731634262165,5.61955536329154,16.2897753774995));
#3094=CURVE_STYLE('',#5348,POSITIVE_LENGTH_MEASURE(1.0E-006),#5349);
#3095=(B_SPLINE_CURVE(2,(#5351,#5352,#5353),.UNSPECIFIED.,.F.,.F.)B_SPLINE_CURVE_WITH_KNOTS((3,3),(0.0167092099307636,0.424793746097289),.UNSPECIFIED.)RATIONAL_B_SPLINE_CURVE((1.0000400776535,1.00051304017967,1.0001829664505))BOUNDED_CURVE()REPRESENTATION_ITEM('')GEOMETRIC_REPRESENTATION_ITEM()CURVE());
#3096=CURVE_STYLE('',#5360,POSITIVE_LENGTH_MEASURE(1.0E-006),#5361);
#3097=LINE('',#5362,#5363);
#3098=CURVE_STYLE('',#5364,POSITIVE_LENGTH_MEASURE(1.0E-006),#5365);
#3099=(B_SPLINE_CURVE(2,(#5367,#5368,#5369),.UNSPECIFIED.,.F.,.F.)B_SPLINE_CURVE_WITH_KNOTS((3,3),(0.0893220067442047,0.497406542910394),.UNSPECIFIED.)RATIONAL_B_SPLINE_CURVE((1.00018296645086,1.00051304018071,1.00004007765359))BOUNDED_CURVE()REPRESENTATION_ITEM('')GEOMETRIC_REPRESENTATION_ITEM()CURVE());
#3100=CURVE_STYLE('',#5376,POSITIVE_LENGTH_MEASURE(1.0E-006),#5377);
#3101=LINE('',#5378,#5379);
#3102=POINT_STYLE(' ',#5380,POSITIVE_LENGTH_MEASURE(1.0E-006),#5381);
#3103=CARTESIAN_POINT('',(-1.77684771765646,-5.46857496869745,16.0500000000005));
#3104=POINT_STYLE(' ',#5382,POSITIVE_LENGTH_MEASURE(1.0E-006),#5383);
#3105=CARTESIAN_POINT('',(-3.32774090221283,-4.98031621090839,18.2102246225006));
#3106=CURVE_STYLE('',#5384,POSITIVE_LENGTH_MEASURE(1.0E-006),#5385);
#3107=LINE('',#5386,#5387);
#3108=POINT_STYLE(' ',#5388,POSITIVE_LENGTH_MEASURE(1.0E-006),#5389);
#3109=CARTESIAN_POINT('',(2.50767778745387,5.43957362182184,18.2102246224996));
#3110=POINT_STYLE(' ',#5390,POSITIVE_LENGTH_MEASURE(1.0E-006),#5391);
#3111=CARTESIAN_POINT('',(3.37976520067917,-4.65184771765621,18.4500000000012));
#3112=CURVE_STYLE('',#5392,POSITIVE_LENGTH_MEASURE(1.0E-006),#5393);
#3113=LINE('',#5394,#5395);
#3114=POINT_STYLE(' ',#5396,POSITIVE_LENGTH_MEASURE(1.0E-006),#5397);
#3115=CARTESIAN_POINT('',(-3.70823369393637,-4.70387201612647,18.2102246224968));
#3116=SURFACE_STYLE_USAGE(.BOTH.,#5398);
#3117=FACE_OUTER_BOUND('',#5399,.T.);
#3118=PLANE('',#5400);
#3119=SURFACE_STYLE_USAGE(.BOTH.,#5401);
#3120=FACE_OUTER_BOUND('',#5402,.T.);
#3121=PLANE('',#5403);
#3122=POINT_STYLE(' ',#5404,POSITIVE_LENGTH_MEASURE(1.0E-006),#5405);
#3123=CARTESIAN_POINT('',(3.73432627789873,-4.37233430219956,16.0499999999996));
#3124=CURVE_STYLE('',#5406,POSITIVE_LENGTH_MEASURE(1.0E-006),#5407);
#3125=LINE('',#5408,#5409);
#3126=CURVE_STYLE('',#5410,POSITIVE_LENGTH_MEASURE(1.0E-006),#5411);
#3127=LINE('',#5412,#5413);
#3128=CURVE_STYLE('',#5414,POSITIVE_LENGTH_MEASURE(1.0E-006),#5415);
#3129=(B_SPLINE_CURVE(2,(#5417,#5418,#5419),.UNSPECIFIED.,.F.,.F.)B_SPLINE_CURVE_WITH_KNOTS((3,3),(0.0167092099303772,0.424793746097292),.UNSPECIFIED.)RATIONAL_B_SPLINE_CURVE((1.00004007765364,1.00051304018146,1.00018296645114))BOUNDED_CURVE()REPRESENTATION_ITEM('')GEOMETRIC_REPRESENTATION_ITEM()CURVE());
#3130=CURVE_STYLE('',#5426,POSITIVE_LENGTH_MEASURE(1.0E-006),#5427);
#3131=(B_SPLINE_CURVE(2,(#5429,#5430,#5431),.UNSPECIFIED.,.F.,.F.)B_SPLINE_CURVE_WITH_KNOTS((3,3),(0.0893220067472631,0.497406542914511),.UNSPECIFIED.)RATIONAL_B_SPLINE_CURVE((1.00018296645121,1.00051304018168,1.00004007765366))BOUNDED_CURVE()REPRESENTATION_ITEM('')GEOMETRIC_REPRESENTATION_ITEM()CURVE());
#3132=POINT_STYLE(' ',#5438,POSITIVE_LENGTH_MEASURE(1.0E-006),#5439);
#3133=CARTESIAN_POINT('',(0.235157477760667,-5.98515747776058,16.2897753775029));
#3134=CURVE_STYLE('',#5440,POSITIVE_LENGTH_MEASURE(1.0E-006),#5441);
#3135=(B_SPLINE_CURVE(2,(#5443,#5444,#5445),.UNSPECIFIED.,.F.,.F.)B_SPLINE_CURVE_WITH_KNOTS((3,3),(0.0893220067420555,0.497406542912481),.UNSPECIFIED.)RATIONAL_B_SPLINE_CURVE((1.0001829664509,1.00051304018084,1.0000400776536))BOUNDED_CURVE()REPRESENTATION_ITEM('')GEOMETRIC_REPRESENTATION_ITEM()CURVE());
#3136=CURVE_STYLE('',#5452,POSITIVE_LENGTH_MEASURE(1.0E-006),#5453);
#3137=(B_SPLINE_CURVE(2,(#5455,#5456,#5457),.UNSPECIFIED.,.F.,.F.)B_SPLINE_CURVE_WITH_KNOTS((3,3),(0.0167092099292541,0.424793746098981),.UNSPECIFIED.)RATIONAL_B_SPLINE_CURVE((1.00004007765363,1.0005130401813,1.00018296645108))BOUNDED_CURVE()REPRESENTATION_ITEM('')GEOMETRIC_REPRESENTATION_ITEM()CURVE());
#3138=POINT_STYLE(' ',#5464,POSITIVE_LENGTH_MEASURE(1.0E-006),#5465);
#3139=CARTESIAN_POINT('',(2.07316342621645,5.61955536329378,18.2102246224983));
#3140=CURVE_STYLE('',#5466,POSITIVE_LENGTH_MEASURE(1.0E-006),#5467);
#3141=LINE('',#5468,#5469);
#3142=CURVE_STYLE('',#5470,POSITIVE_LENGTH_MEASURE(1.0E-006),#5471);
#3143=(B_SPLINE_CURVE(2,(#5473,#5474,#5475),.UNSPECIFIED.,.F.,.F.)B_SPLINE_CURVE_WITH_KNOTS((3,3),(0.0893220067483693,0.497406542914887),.UNSPECIFIED.)RATIONAL_B_SPLINE_CURVE((1.0001829664508,1.00051304018052,1.00004007765357))BOUNDED_CURVE()REPRESENTATION_ITEM('')GEOMETRIC_REPRESENTATION_ITEM()CURVE());
#3144=CURVE_STYLE('',#5482,POSITIVE_LENGTH_MEASURE(1.0E-006),#5483);
#3145=(B_SPLINE_CURVE(2,(#5485,#5486,#5487),.UNSPECIFIED.,.F.,.F.)B_SPLINE_CURVE_WITH_KNOTS((3,3),(0.0893220067465617,0.497406542913568),.UNSPECIFIED.)RATIONAL_B_SPLINE_CURVE((1.00018296645015,1.00051304017871,1.00004007765343))BOUNDED_CURVE()REPRESENTATION_ITEM('')GEOMETRIC_REPRESENTATION_ITEM()CURVE());
#3146=CURVE_STYLE('',#5494,POSITIVE_LENGTH_MEASURE(1.0E-006),#5495);
#3147=CIRCLE('',#5496,5.69999999999996);
#3148=SURFACE_STYLE_USAGE(.BOTH.,#5497);
#3149=FACE_OUTER_BOUND('',#5498,.T.);
#3150=PLANE('',#5499);
#3151=CURVE_STYLE('',#5500,POSITIVE_LENGTH_MEASURE(1.0E-006),#5501);
#3152=(B_SPLINE_CURVE(2,(#5503,#5504,#5505),.UNSPECIFIED.,.F.,.F.)B_SPLINE_CURVE_WITH_KNOTS((3,3),(0.0893220067417695,0.49740654290988),.UNSPECIFIED.)RATIONAL_B_SPLINE_CURVE((1.00018296645066,1.00051304018015,1.00004007765355))BOUNDED_CURVE()REPRESENTATION_ITEM('')GEOMETRIC_REPRESENTATION_ITEM()CURVE());
#3153=CURVE_STYLE('',#5512,POSITIVE_LENGTH_MEASURE(1.0E-006),#5513);
#3154=(B_SPLINE_CURVE(2,(#5515,#5516,#5517),.UNSPECIFIED.,.F.,.F.)B_SPLINE_CURVE_WITH_KNOTS((3,3),(0.0167092099295931,0.42479374610178),.UNSPECIFIED.)RATIONAL_B_SPLINE_CURVE((1.00004007765379,1.00051304018334,1.0001829664518))BOUNDED_CURVE()REPRESENTATION_ITEM('')GEOMETRIC_REPRESENTATION_ITEM()CURVE());
#3155=SURFACE_STYLE_USAGE(.BOTH.,#5524);
#3156=FACE_OUTER_BOUND('',#5525,.T.);
#3157=PLANE('',#5526);
#3158=SURFACE_STYLE_USAGE(.BOTH.,#5527);
#3159=FACE_OUTER_BOUND('',#5528,.T.);
#3160=PLANE('',#5529);
#3161=CURVE_STYLE('',#5530,POSITIVE_LENGTH_MEASURE(1.0E-006),#5531);
#3162=(B_SPLINE_CURVE(2,(#5533,#5534,#5535),.UNSPECIFIED.,.F.,.F.)B_SPLINE_CURVE_WITH_KNOTS((3,3),(0.0893220067464963,0.49740654291616),.UNSPECIFIED.)RATIONAL_B_SPLINE_CURVE((1.00018296645119,1.00051304018161,1.00004007765365))BOUNDED_CURVE()REPRESENTATION_ITEM('')GEOMETRIC_REPRESENTATION_ITEM()CURVE());
#3163=CURVE_STYLE('',#5542,POSITIVE_LENGTH_MEASURE(1.0E-006),#5543);
#3164=(B_SPLINE_CURVE(2,(#5545,#5546,#5547),.UNSPECIFIED.,.F.,.F.)B_SPLINE_CURVE_WITH_KNOTS((3,3),(0.0167092099318686,0.424793746100096),.UNSPECIFIED.)RATIONAL_B_SPLINE_CURVE((1.00004007765348,1.00051304017937,1.00018296645039))BOUNDED_CURVE()REPRESENTATION_ITEM('')GEOMETRIC_REPRESENTATION_ITEM()CURVE());
#3165=POINT_STYLE(' ',#5554,POSITIVE_LENGTH_MEASURE(1.0E-006),#5555);
#3166=CARTESIAN_POINT('',(2.20042973610009,-5.31230731193739,16.049999999998));
#3167=CURVE_STYLE('',#5556,POSITIVE_LENGTH_MEASURE(1.0E-006),#5557);
#3168=(B_SPLINE_CURVE(2,(#5559,#5560,#5561),.UNSPECIFIED.,.F.,.F.)B_SPLINE_CURVE_WITH_KNOTS((3,3),(0.0893220067508269,0.497406542916203),.UNSPECIFIED.)RATIONAL_B_SPLINE_CURVE((1.00018296645125,1.00051304018177,1.00004007765366))BOUNDED_CURVE()REPRESENTATION_ITEM('')GEOMETRIC_REPRESENTATION_ITEM()CURVE());
#3169=CURVE_STYLE('',#5568,POSITIVE_LENGTH_MEASURE(1.0E-006),#5569);
#3170=(B_SPLINE_CURVE(2,(#5571,#5572,#5573),.UNSPECIFIED.,.F.,.F.)B_SPLINE_CURVE_WITH_KNOTS((3,3),(0.0893220067488318,0.49740654291033),.UNSPECIFIED.)RATIONAL_B_SPLINE_CURVE((1.0001829664508,1.0005130401805,1.00004007765358))BOUNDED_CURVE()REPRESENTATION_ITEM('')GEOMETRIC_REPRESENTATION_ITEM()CURVE());
#3171=CURVE_STYLE('',#5580,POSITIVE_LENGTH_MEASURE(1.0E-006),#5581);
#3172=LINE('',#5582,#5583);
#3173=CURVE_STYLE('',#5584,POSITIVE_LENGTH_MEASURE(1.0E-006),#5585);
#3174=(B_SPLINE_CURVE(2,(#5587,#5588,#5589),.UNSPECIFIED.,.F.,.F.)B_SPLINE_CURVE_WITH_KNOTS((3,3),(0.0167092099303921,0.424793746098633),.UNSPECIFIED.)RATIONAL_B_SPLINE_CURVE((1.0000400776537,1.00051304018221,1.0001829664514))BOUNDED_CURVE()REPRESENTATION_ITEM('')GEOMETRIC_REPRESENTATION_ITEM()CURVE());
#3175=CURVE_STYLE('',#5596,POSITIVE_LENGTH_MEASURE(1.0E-006),#5597);
#3176=LINE('',#5598,#5599);
#3177=CURVE_STYLE('',#5600,POSITIVE_LENGTH_MEASURE(1.0E-006),#5601);
#3178=(B_SPLINE_CURVE(2,(#5603,#5604,#5605),.UNSPECIFIED.,.F.,.F.)B_SPLINE_CURVE_WITH_KNOTS((3,3),(0.0893220067435056,0.49740654291009),.UNSPECIFIED.)RATIONAL_B_SPLINE_CURVE((1.00018296645131,1.00051304018198,1.00004007765369))BOUNDED_CURVE()REPRESENTATION_ITEM('')GEOMETRIC_REPRESENTATION_ITEM()CURVE());
#3179=POINT_STYLE(' ',#5612,POSITIVE_LENGTH_MEASURE(1.0E-006),#5613);
#3180=CARTESIAN_POINT('',(4.06586399182169,4.06586399182365,16.05));
#3181=POINT_STYLE(' ',#5614,POSITIVE_LENGTH_MEASURE(1.0E-006),#5615);
#3182=CARTESIAN_POINT('',(4.37233430219953,3.7343262778987,16.0499999999996));
#3183=SURFACE_STYLE_USAGE(.BOTH.,#5616);
#3184=FACE_OUTER_BOUND('',#5617,.T.);
#3185=CONICAL_SURFACE('',#5618,5.84999999999999,0.785398163397519);
#3186=SURFACE_STYLE_USAGE(.BOTH.,#5619);
#3187=FACE_OUTER_BOUND('',#5620,.T.);
#3188=PLANE('',#5621);
#3189=CURVE_STYLE('',#5622,POSITIVE_LENGTH_MEASURE(1.0E-006),#5623);
#3190=LINE('',#5624,#5625);
#3191=POINT_STYLE(' ',#5626,POSITIVE_LENGTH_MEASURE(1.0E-006),#5627);
#3192=CARTESIAN_POINT('',(3.00436674711752,4.9026809450346,18.4500000000007));
#3193=CURVE_STYLE('',#5628,POSITIVE_LENGTH_MEASURE(1.0E-006),#5629);
#3194=(B_SPLINE_CURVE(2,(#5631,#5632,#5633),.UNSPECIFIED.,.F.,.F.)B_SPLINE_CURVE_WITH_KNOTS((3,3),(0.0167092099297718,0.424793746099357),.UNSPECIFIED.)RATIONAL_B_SPLINE_CURVE((1.00004007765356,1.00051304018049,1.00018296645079))BOUNDED_CURVE()REPRESENTATION_ITEM('')GEOMETRIC_REPRESENTATION_ITEM()CURVE());
#3195=SURFACE_STYLE_USAGE(.BOTH.,#5640);
#3196=FACE_OUTER_BOUND('',#5641,.T.);
#3197=PLANE('',#5642);
#3198=CURVE_STYLE('',#5643,POSITIVE_LENGTH_MEASURE(1.0E-006),#5644);
#3199=(B_SPLINE_CURVE(2,(#5646,#5647,#5648),.UNSPECIFIED.,.F.,.F.)B_SPLINE_CURVE_WITH_KNOTS((3,3),(0.0893220067475371,0.497406542917267),.UNSPECIFIED.)RATIONAL_B_SPLINE_CURVE((1.00018296645033,1.00051304017921,1.00004007765346))BOUNDED_CURVE()REPRESENTATION_ITEM('')GEOMETRIC_REPRESENTATION_ITEM()CURVE());
#3200=POINT_STYLE(' ',#5655,POSITIVE_LENGTH_MEASURE(1.0E-006),#5656);
#3201=CARTESIAN_POINT('',(0.704022609227963,5.94825699164359,18.210224622497));
#3202=CURVE_STYLE('',#5657,POSITIVE_LENGTH_MEASURE(1.0E-006),#5658);
#3203=LINE('',#5659,#5660);
#3204=SURFACE_STYLE_USAGE(.BOTH.,#5661);
#3205=FACE_OUTER_BOUND('',#5662,.T.);
#3206=PLANE('',#5663);
#3207=POINT_STYLE(' ',#5664,POSITIVE_LENGTH_MEASURE(1.0E-006),#5665);
#3208=CARTESIAN_POINT('',(-1.16854720720292,5.87468352317406,16.2897753775007));
#3209=POINT_STYLE(' ',#5666,POSITIVE_LENGTH_MEASURE(1.0E-006),#5667);
#3210=CARTESIAN_POINT('',(-4.06586399182366,4.39842688616215,16.2897753775014));
#3211=POINT_STYLE(' ',#5668,POSITIVE_LENGTH_MEASURE(1.0E-006),#5669);
#3212=CARTESIAN_POINT('',(2.92673148124536,-5.22605510013398,18.2102246224963));
#3213=CURVE_STYLE('',#5670,POSITIVE_LENGTH_MEASURE(1.0E-006),#5671);
#3214=(B_SPLINE_CURVE(2,(#5673,#5674,#5675),.UNSPECIFIED.,.F.,.F.)B_SPLINE_CURVE_WITH_KNOTS((3,3),(0.0167092099354455,0.424793746098476),.UNSPECIFIED.)RATIONAL_B_SPLINE_CURVE((1.00004007765364,1.00051304018134,1.0001829664511))BOUNDED_CURVE()REPRESENTATION_ITEM('')GEOMETRIC_REPRESENTATION_ITEM()CURVE());
#3215=POINT_STYLE(' ',#5682,POSITIVE_LENGTH_MEASURE(1.0E-006),#5683);
#3216=CARTESIAN_POINT('',(-3.37976520068055,-4.65184771765789,16.0500000000009));
#3217=POINT_STYLE(' ',#5684,POSITIVE_LENGTH_MEASURE(1.0E-006),#5685);
#3218=CARTESIAN_POINT('',(-5.94825699163992,-0.704022609227547,18.2102246225007));
#3219=POINT_STYLE(' ',#5686,POSITIVE_LENGTH_MEASURE(1.0E-006),#5687);
#3220=CARTESIAN_POINT('',(5.6195553632916,2.07316342621648,18.2102246225003));
#3221=SURFACE_STYLE_USAGE(.BOTH.,#5688);
#3222=FACE_OUTER_BOUND('',#5689,.T.);
#3223=PLANE('',#5690);
#3224=SURFACE_STYLE_USAGE(.BOTH.,#5691);
#3225=FACE_OUTER_BOUND('',#5692,.T.);
#3226=PLANE('',#5693);
#3227=CURVE_STYLE('',#5694,POSITIVE_LENGTH_MEASURE(1.0E-006),#5695);
#3228=LINE('',#5696,#5697);
#3229=POINT_STYLE(' ',#5698,POSITIVE_LENGTH_MEASURE(1.0E-006),#5699);
#3230=CARTESIAN_POINT('',(4.70387201612502,3.70823369393605,18.2102246224982));
#3231=POINT_STYLE(' ',#5700,POSITIVE_LENGTH_MEASURE(1.0E-006),#5701);
#3232=CARTESIAN_POINT('',(4.37233430219953,3.7343262778987,18.4500000000003));
#3233=POINT_STYLE(' ',#5702,POSITIVE_LENGTH_MEASURE(1.0E-006),#5703);
#3234=CARTESIAN_POINT('',(-3.73432627789912,-4.37233430220002,18.4499999999997));
#3235=CURVE_STYLE('',#5704,POSITIVE_LENGTH_MEASURE(1.0E-006),#5705);
#3236=(B_SPLINE_CURVE(2,(#5707,#5708,#5709),.UNSPECIFIED.,.F.,.F.)B_SPLINE_CURVE_WITH_KNOTS((3,3),(0.0167092099340654,0.424793746100534),.UNSPECIFIED.)RATIONAL_B_SPLINE_CURVE((1.00004007765345,1.00051304017895,1.00018296645024))BOUNDED_CURVE()REPRESENTATION_ITEM('')GEOMETRIC_REPRESENTATION_ITEM()CURVE());
#3237=POINT_STYLE(' ',#5716,POSITIVE_LENGTH_MEASURE(1.0E-006),#5717);
#3238=CARTESIAN_POINT('',(4.06586399182369,-4.39842688616219,16.2897753775014));
#3239=SURFACE_STYLE_USAGE(.BOTH.,#5718);
#3240=FACE_OUTER_BOUND('',#5719,.T.);
#3241=PLANE('',#5720);
#3242=SURFACE_STYLE_USAGE(.BOTH.,#5721);
#3243=FACE_OUTER_BOUND('',#5722,.T.);
#3244=PLANE('',#5723);
#3245=POINT_STYLE(' ',#5724,POSITIVE_LENGTH_MEASURE(1.0E-006),#5725);
#3246=CARTESIAN_POINT('',(-9.30549761465699E-047,5.75000000000003,18.4499999999999));
#3247=POINT_STYLE(' ',#5726,POSITIVE_LENGTH_MEASURE(1.0E-006),#5727);
#3248=CARTESIAN_POINT('',(5.59112704228758,1.3423108421724,16.0500000000011));
#3249=POINT_STYLE(' ',#5728,POSITIVE_LENGTH_MEASURE(1.0E-006),#5729);
#3250=CARTESIAN_POINT('',(2.61044537350378,5.12328751408072,18.4500000000015));
#3251=CURVE_STYLE('',#5730,POSITIVE_LENGTH_MEASURE(1.0E-006),#5731);
#3252=LINE('',#5732,#5733);
#3253=CURVE_STYLE('',#5734,POSITIVE_LENGTH_MEASURE(1.0E-006),#5735);
#3254=LINE('',#5736,#5737);
#3255=CURVE_STYLE('',#5738,POSITIVE_LENGTH_MEASURE(1.0E-006),#5739);
#3256=(B_SPLINE_CURVE(2,(#5741,#5742,#5743),.UNSPECIFIED.,.F.,.F.)B_SPLINE_CURVE_WITH_KNOTS((3,3),(0.0167092099354339,0.424793746102758),.UNSPECIFIED.)RATIONAL_B_SPLINE_CURVE((1.0000400776536,1.00051304018085,1.00018296645091))BOUNDED_CURVE()REPRESENTATION_ITEM('')GEOMETRIC_REPRESENTATION_ITEM()CURVE());
#3257=SURFACE_STYLE_USAGE(.BOTH.,#5750);
#3258=FACE_OUTER_BOUND('',#5751,.T.);
#3259=PLANE('',#5752);
#3260=SURFACE_STYLE_USAGE(.BOTH.,#5753);
#3261=FACE_OUTER_BOUND('',#5754,.T.);
#3262=PLANE('',#5755);
#3263=SURFACE_STYLE_USAGE(.BOTH.,#5756);
#3264=FACE_OUTER_BOUND('',#5757,.T.);
#3265=PLANE('',#5758);
#3266=POINT_STYLE(' ',#5759,POSITIVE_LENGTH_MEASURE(1.0E-006),#5760);
#3267=CARTESIAN_POINT('',(-2.07316342621632,-5.61955536329369,16.2897753775015));
#3268=POINT_STYLE(' ',#5761,POSITIVE_LENGTH_MEASURE(1.0E-006),#5762);
#3269=CARTESIAN_POINT('',(-5.94825699163992,-0.704022609227547,16.2897753774992));
#3270=CURVE_STYLE('',#5763,POSITIVE_LENGTH_MEASURE(1.0E-006),#5764);
#3271=(B_SPLINE_CURVE(2,(#5766,#5767,#5768),.UNSPECIFIED.,.F.,.F.)B_SPLINE_CURVE_WITH_KNOTS((3,3),(0.0167092099354127,0.424793746098456),.UNSPECIFIED.)RATIONAL_B_SPLINE_CURVE((1.00004007765363,1.00051304018116,1.00018296645103))BOUNDED_CURVE()REPRESENTATION_ITEM('')GEOMETRIC_REPRESENTATION_ITEM()CURVE());
#3272=SURFACE_STYLE_USAGE(.BOTH.,#5775);
#3273=FACE_OUTER_BOUND('',#5776,.T.);
#3274=PLANE('',#5777);
#3275=CURVE_STYLE('',#5778,POSITIVE_LENGTH_MEASURE(1.0E-006),#5779);
#3276=(B_SPLINE_CURVE(2,(#5781,#5782,#5783),.UNSPECIFIED.,.F.,.F.)B_SPLINE_CURVE_WITH_KNOTS((3,3),(0.0167092099358068,0.424793746097057),.UNSPECIFIED.)RATIONAL_B_SPLINE_CURVE((1.0000400776534,1.00051304017825,1.00018296644999))BOUNDED_CURVE()REPRESENTATION_ITEM('')GEOMETRIC_REPRESENTATION_ITEM()CURVE());
#3277=SURFACE_STYLE_USAGE(.BOTH.,#5790);
#3278=FACE_OUTER_BOUND('',#5791,.T.);
#3279=PLANE('',#5792);
#3280=CURVE_STYLE('',#5793,POSITIVE_LENGTH_MEASURE(1.0E-006),#5794);
#3281=(B_SPLINE_CURVE(2,(#5796,#5797,#5798),.UNSPECIFIED.,.F.,.F.)B_SPLINE_CURVE_WITH_KNOTS((3,3),(0.0167092099355461,0.424793746096936),.UNSPECIFIED.)RATIONAL_B_SPLINE_CURVE((1.00004007765345,1.00051304017882,1.0001829664502))BOUNDED_CURVE()REPRESENTATION_ITEM('')GEOMETRIC_REPRESENTATION_ITEM()CURVE());
#3282=CURVE_STYLE('',#5805,POSITIVE_LENGTH_MEASURE(1.0E-006),#5806);
#3283=LINE('',#5807,#5808);
#3284=CURVE_STYLE('',#5809,POSITIVE_LENGTH_MEASURE(1.0E-006),#5810);
#3285=(B_SPLINE_CURVE(2,(#5812,#5813,#5814),.UNSPECIFIED.,.F.,.F.)B_SPLINE_CURVE_WITH_KNOTS((3,3),(0.016709209934099,0.42479374609929),.UNSPECIFIED.)RATIONAL_B_SPLINE_CURVE((1.0000400776536,1.00051304018088,1.00018296645093))BOUNDED_CURVE()REPRESENTATION_ITEM('')GEOMETRIC_REPRESENTATION_ITEM()CURVE());
#3286=CURVE_STYLE('',#5821,POSITIVE_LENGTH_MEASURE(1.0E-006),#5822);
#3287=(B_SPLINE_CURVE(2,(#5824,#5825,#5826),.UNSPECIFIED.,.F.,.F.)B_SPLINE_CURVE_WITH_KNOTS((3,3),(0.089322006746571,0.497406542915204),.UNSPECIFIED.)RATIONAL_B_SPLINE_CURVE((1.00018296645018,1.00051304017879,1.00004007765343))BOUNDED_CURVE()REPRESENTATION_ITEM('')GEOMETRIC_REPRESENTATION_ITEM()CURVE());
#3288=CURVE_STYLE('',#5833,POSITIVE_LENGTH_MEASURE(1.0E-006),#5834);
#3289=(B_SPLINE_CURVE(2,(#5836,#5837,#5838),.UNSPECIFIED.,.F.,.F.)B_SPLINE_CURVE_WITH_KNOTS((3,3),(0.0893220067467896,0.497406542911609),.UNSPECIFIED.)RATIONAL_B_SPLINE_CURVE((1.00018296645163,1.00051304018285,1.00004007765376))BOUNDED_CURVE()REPRESENTATION_ITEM('')GEOMETRIC_REPRESENTATION_ITEM()CURVE());
#3290=CURVE_STYLE('',#5845,POSITIVE_LENGTH_MEASURE(1.0E-006),#5846);
#3291=(B_SPLINE_CURVE(2,(#5848,#5849,#5850),.UNSPECIFIED.,.F.,.F.)B_SPLINE_CURVE_WITH_KNOTS((3,3),(0.01670920993343,0.424793746103772),.UNSPECIFIED.)RATIONAL_B_SPLINE_CURVE((1.00004007765353,1.00051304017994,1.00018296645058))BOUNDED_CURVE()REPRESENTATION_ITEM('')GEOMETRIC_REPRESENTATION_ITEM()CURVE());
#3292=POINT_STYLE(' ',#5857,POSITIVE_LENGTH_MEASURE(1.0E-006),#5858);
#3293=CARTESIAN_POINT('',(-5.98515747776017,0.235157477760182,18.2102246224975));
#3294=CURVE_STYLE('',#5859,POSITIVE_LENGTH_MEASURE(1.0E-006),#5860);
#3295=LINE('',#5861,#5862);
#3296=CURVE_STYLE('',#5863,POSITIVE_LENGTH_MEASURE(1.0E-006),#5864);
#3297=(B_SPLINE_CURVE(2,(#5866,#5867,#5868),.UNSPECIFIED.,.F.,.F.)B_SPLINE_CURVE_WITH_KNOTS((3,3),(0.0167092099308724,0.424793746100249),.UNSPECIFIED.)RATIONAL_B_SPLINE_CURVE((1.00004007765352,1.00051304017985,1.00018296645056))BOUNDED_CURVE()REPRESENTATION_ITEM('')GEOMETRIC_REPRESENTATION_ITEM()CURVE());
#3298=POINT_STYLE(' ',#5875,POSITIVE_LENGTH_MEASURE(1.0E-006),#5876);
#3299=CARTESIAN_POINT('',(-2.61044537350375,-5.12328751408066,18.4500000000015));
#3300=POINT_STYLE(' ',#5877,POSITIVE_LENGTH_MEASURE(1.0E-006),#5878);
#3301=CARTESIAN_POINT('',(5.94825699164365,-0.704022609227822,18.210224622497));
#3302=CURVE_STYLE('',#5879,POSITIVE_LENGTH_MEASURE(1.0E-006),#5880);
#3303=(B_SPLINE_CURVE(2,(#5882,#5883,#5884),.UNSPECIFIED.,.F.,.F.)B_SPLINE_CURVE_WITH_KNOTS((3,3),(0.0167092099322502,0.424793746100038),.UNSPECIFIED.)RATIONAL_B_SPLINE_CURVE((1.00004007765364,1.00051304018139,1.00018296645111))BOUNDED_CURVE()REPRESENTATION_ITEM('')GEOMETRIC_REPRESENTATION_ITEM()CURVE());
#3304=CURVE_STYLE('',#5891,POSITIVE_LENGTH_MEASURE(1.0E-006),#5892);
#3305=LINE('',#5893,#5894);
#3306=POINT_STYLE(' ',#5895,POSITIVE_LENGTH_MEASURE(1.0E-006),#5896);
#3307=CARTESIAN_POINT('',(4.39842688616216,4.06586399182366,16.2897753775014));
#3308=POINT_STYLE(' ',#5897,POSITIVE_LENGTH_MEASURE(1.0E-006),#5898);
#3309=CARTESIAN_POINT('',(-5.43957362182183,2.50767778745386,16.2897753775003));
#3310=SURFACE_STYLE_USAGE(.BOTH.,#5899);
#3311=FACE_OUTER_BOUND('',#5900,.T.);
#3312=PLANE('',#5901);
#3313=POINT_STYLE(' ',#5902,POSITIVE_LENGTH_MEASURE(1.0E-006),#5903);
#3314=CARTESIAN_POINT('',(-5.73227466896805,0.451139800435257,16.0500000000026));
#3315=CURVE_STYLE('',#5904,POSITIVE_LENGTH_MEASURE(1.0E-006),#5905);
#3316=(B_SPLINE_CURVE(2,(#5907,#5908,#5909),.UNSPECIFIED.,.F.,.F.)B_SPLINE_CURVE_WITH_KNOTS((3,3),(0.0167092099322255,0.424793746099246),.UNSPECIFIED.)RATIONAL_B_SPLINE_CURVE((1.00004007765344,1.0005130401788,1.00018296645019))BOUNDED_CURVE()REPRESENTATION_ITEM('')GEOMETRIC_REPRESENTATION_ITEM()CURVE());
#3317=SURFACE_STYLE_USAGE(.BOTH.,#5916);
#3318=FACE_OUTER_BOUND('',#5917,.T.);
#3319=PLANE('',#5918);
#3320=CURVE_STYLE('',#5919,POSITIVE_LENGTH_MEASURE(1.0E-006),#5920);
#3321=LINE('',#5921,#5922);
#3322=CURVE_STYLE('',#5923,POSITIVE_LENGTH_MEASURE(1.0E-006),#5924);
#3323=(B_SPLINE_CURVE(2,(#5926,#5927,#5928),.UNSPECIFIED.,.F.,.F.)B_SPLINE_CURVE_WITH_KNOTS((3,3),(0.0167092099320607,0.424793746100962),.UNSPECIFIED.)RATIONAL_B_SPLINE_CURVE((1.0000400776536,1.00051304018082,1.0001829664509))BOUNDED_CURVE()REPRESENTATION_ITEM('')GEOMETRIC_REPRESENTATION_ITEM()CURVE());
#3324=POINT_STYLE(' ',#5935,POSITIVE_LENGTH_MEASURE(1.0E-006),#5936);
#3325=CARTESIAN_POINT('',(0.451139800437346,-5.7322746689666,16.0500000000013));
#3326=POINT_STYLE(' ',#5937,POSITIVE_LENGTH_MEASURE(1.0E-006),#5938);
#3327=CARTESIAN_POINT('',(4.06586399182368,-4.06586399182164,16.05));
#3328=CURVE_STYLE('',#5939,POSITIVE_LENGTH_MEASURE(1.0E-006),#5940);
#3329=(B_SPLINE_CURVE(2,(#5942,#5943,#5944),.UNSPECIFIED.,.F.,.F.)B_SPLINE_CURVE_WITH_KNOTS((3,3),(0.0167092099304314,0.424793746097252),.UNSPECIFIED.)RATIONAL_B_SPLINE_CURVE((1.00004007765358,1.00051304018062,1.00018296645084))BOUNDED_CURVE()REPRESENTATION_ITEM('')GEOMETRIC_REPRESENTATION_ITEM()CURVE());
#3330=SURFACE_STYLE_USAGE(.BOTH.,#5951);
#3331=FACE_OUTER_BOUND('',#5952,.T.);
#3332=PLANE('',#5953);
#3333=CURVE_STYLE('',#5954,POSITIVE_LENGTH_MEASURE(1.0E-006),#5955);
#3334=LINE('',#5956,#5957);
#3335=POINT_STYLE(' ',#5958,POSITIVE_LENGTH_MEASURE(1.0E-006),#5959);
#3336=CARTESIAN_POINT('',(-5.5911270422875,-1.3423108421724,18.4499999999989));
#3337=SURFACE_STYLE_USAGE(.BOTH.,#5960);
#3338=FACE_OUTER_BOUND('',#5961,.T.);
#3339=PLANE('',#5962);
#3340=POINT_STYLE(' ',#5963,POSITIVE_LENGTH_MEASURE(1.0E-006),#5964);
#3341=CARTESIAN_POINT('',(-5.22605510013324,-2.92673148124317,18.210224622498));
#3342=CURVE_STYLE('',#5965,POSITIVE_LENGTH_MEASURE(1.0E-006),#5966);
#3343=(B_SPLINE_CURVE(2,(#5968,#5969,#5970),.UNSPECIFIED.,.F.,.F.)B_SPLINE_CURVE_WITH_KNOTS((3,3),(0.0167092099351491,0.424793746102965),.UNSPECIFIED.)RATIONAL_B_SPLINE_CURVE((1.0000400776537,1.00051304018202,1.00018296645133))BOUNDED_CURVE()REPRESENTATION_ITEM('')GEOMETRIC_REPRESENTATION_ITEM()CURVE());
#3344=SURFACE_STYLE_USAGE(.BOTH.,#5977);
#3345=FACE_OUTER_BOUND('',#5978,.T.);
#3346=PLANE('',#5979);
#3347=CURVE_STYLE('',#5980,POSITIVE_LENGTH_MEASURE(1.0E-006),#5981);
#3348=(B_SPLINE_CURVE(2,(#5983,#5984,#5985),.UNSPECIFIED.,.F.,.F.)B_SPLINE_CURVE_WITH_KNOTS((3,3),(0.0893220067471322,0.497406542913703),.UNSPECIFIED.)RATIONAL_B_SPLINE_CURVE((1.00018296645131,1.00051304018195,1.00004007765368))BOUNDED_CURVE()REPRESENTATION_ITEM('')GEOMETRIC_REPRESENTATION_ITEM()CURVE());
#3349=CURVE_STYLE('',#5992,POSITIVE_LENGTH_MEASURE(1.0E-006),#5993);
#3350=(B_SPLINE_CURVE(2,(#5995,#5996,#5997),.UNSPECIFIED.,.F.,.F.)B_SPLINE_CURVE_WITH_KNOTS((3,3),(0.0167092099309844,0.424793746100336),.UNSPECIFIED.)RATIONAL_B_SPLINE_CURVE((1.00004007765362,1.0005130401812,1.00018296645104))BOUNDED_CURVE()REPRESENTATION_ITEM('')GEOMETRIC_REPRESENTATION_ITEM()CURVE());
#3351=POINT_STYLE(' ',#6004,POSITIVE_LENGTH_MEASURE(1.0E-006),#6005);
#3352=CARTESIAN_POINT('',(3.00436674711983,-4.90268094503607,16.0500000000017));
#3353=CURVE_STYLE('',#6006,POSITIVE_LENGTH_MEASURE(1.0E-006),#6007);
#3354=(B_SPLINE_CURVE(2,(#6009,#6010,#6011),.UNSPECIFIED.,.F.,.F.)B_SPLINE_CURVE_WITH_KNOTS((3,3),(0.0167092099298535,0.424793746099359),.UNSPECIFIED.)RATIONAL_B_SPLINE_CURVE((1.00004007765348,1.00051304017944,1.00018296645041))BOUNDED_CURVE()REPRESENTATION_ITEM('')GEOMETRIC_REPRESENTATION_ITEM()CURVE());
#3355=SURFACE_STYLE_USAGE(.BOTH.,#6018);
#3356=FACE_OUTER_BOUND('',#6019,.T.);
#3357=PLANE('',#6020);
#3358=CURVE_STYLE('',#6021,POSITIVE_LENGTH_MEASURE(1.0E-006),#6022);
#3359=(B_SPLINE_CURVE(2,(#6024,#6025,#6026),.UNSPECIFIED.,.F.,.F.)B_SPLINE_CURVE_WITH_KNOTS((3,3),(0.0893220067467676,0.4974065429116),.UNSPECIFIED.)RATIONAL_B_SPLINE_CURVE((1.00018296645078,1.00051304018046,1.00004007765357))BOUNDED_CURVE()REPRESENTATION_ITEM('')GEOMETRIC_REPRESENTATION_ITEM()CURVE());
#3360=SURFACE_STYLE_USAGE(.BOTH.,#6033);
#3361=FACE_OUTER_BOUND('',#6034,.T.);
#3362=PLANE('',#6035);
#3363=CURVE_STYLE('',#6036,POSITIVE_LENGTH_MEASURE(1.0E-006),#6037);
#3364=(B_SPLINE_CURVE(2,(#6039,#6040,#6041),.UNSPECIFIED.,.F.,.F.)B_SPLINE_CURVE_WITH_KNOTS((3,3),(0.0893220067443235,0.497406542914201),.UNSPECIFIED.)RATIONAL_B_SPLINE_CURVE((1.00018296645099,1.00051304018106,1.00004007765361))BOUNDED_CURVE()REPRESENTATION_ITEM('')GEOMETRIC_REPRESENTATION_ITEM()CURVE());
#3365=CURVE_STYLE('',#6048,POSITIVE_LENGTH_MEASURE(1.0E-006),#6049);
#3366=(B_SPLINE_CURVE(2,(#6051,#6052,#6053),.UNSPECIFIED.,.F.,.F.)B_SPLINE_CURVE_WITH_KNOTS((3,3),(0.0893220067474075,0.497406542915477),.UNSPECIFIED.)RATIONAL_B_SPLINE_CURVE((1.00018296645042,1.00051304017947,1.00004007765349))BOUNDED_CURVE()REPRESENTATION_ITEM('')GEOMETRIC_REPRESENTATION_ITEM()CURVE());
#3367=CURVE_STYLE('',#6060,POSITIVE_LENGTH_MEASURE(1.0E-006),#6061);
#3368=(B_SPLINE_CURVE(2,(#6063,#6064,#6065),.UNSPECIFIED.,.F.,.F.)B_SPLINE_CURVE_WITH_KNOTS((3,3),(0.0167092099304091,0.424793746097367),.UNSPECIFIED.)RATIONAL_B_SPLINE_CURVE((1.00004007765357,1.00051304018049,1.00018296645079))BOUNDED_CURVE()REPRESENTATION_ITEM('')GEOMETRIC_REPRESENTATION_ITEM()CURVE());
#3369=CURVE_STYLE('',#6072,POSITIVE_LENGTH_MEASURE(1.0E-006),#6073);
#3370=(B_SPLINE_CURVE(2,(#6075,#6076,#6077),.UNSPECIFIED.,.F.,.F.)B_SPLINE_CURVE_WITH_KNOTS((3,3),(0.0167092099297595,0.424793746097368),.UNSPECIFIED.)RATIONAL_B_SPLINE_CURVE((1.00004007765356,1.00051304018048,1.00018296645079))BOUNDED_CURVE()REPRESENTATION_ITEM('')GEOMETRIC_REPRESENTATION_ITEM()CURVE());
#3371=POINT_STYLE(' ',#6084,POSITIVE_LENGTH_MEASURE(1.0E-006),#6085);
#3372=CARTESIAN_POINT('',(1.77684771765797,-5.46857496869592,16.0499999999995));
#3373=CURVE_STYLE('',#6086,POSITIVE_LENGTH_MEASURE(1.0E-006),#6087);
#3374=(B_SPLINE_CURVE(2,(#6089,#6090,#6091),.UNSPECIFIED.,.F.,.F.)B_SPLINE_CURVE_WITH_KNOTS((3,3),(0.0893220067483399,0.49740654291032),.UNSPECIFIED.)RATIONAL_B_SPLINE_CURVE((1.00018296645058,1.00051304017989,1.00004007765353))BOUNDED_CURVE()REPRESENTATION_ITEM('')GEOMETRIC_REPRESENTATION_ITEM()CURVE());
#3375=CURVE_STYLE('',#6098,POSITIVE_LENGTH_MEASURE(1.0E-006),#6099);
#3376=(B_SPLINE_CURVE(2,(#6101,#6102,#6103),.UNSPECIFIED.,.F.,.F.)B_SPLINE_CURVE_WITH_KNOTS((3,3),(0.0167092099341276,0.424793746098784),.UNSPECIFIED.)RATIONAL_B_SPLINE_CURVE((1.0000400776536,1.00051304018078,1.0001829664509))BOUNDED_CURVE()REPRESENTATION_ITEM('')GEOMETRIC_REPRESENTATION_ITEM()CURVE());
#3377=CURVE_STYLE('',#6110,POSITIVE_LENGTH_MEASURE(1.0E-006),#6111);
#3378=LINE('',#6112,#6113);
#3379=CURVE_STYLE('',#6114,POSITIVE_LENGTH_MEASURE(1.0E-006),#6115);
#3380=(B_SPLINE_CURVE(2,(#6117,#6118,#6119),.UNSPECIFIED.,.F.,.F.)B_SPLINE_CURVE_WITH_KNOTS((3,3),(0.0893220067488458,0.497406542910185),.UNSPECIFIED.)RATIONAL_B_SPLINE_CURVE((1.0001829664504,1.00051304017938,1.00004007765349))BOUNDED_CURVE()REPRESENTATION_ITEM('')GEOMETRIC_REPRESENTATION_ITEM()CURVE());
#3381=CURVE_STYLE('',#6126,POSITIVE_LENGTH_MEASURE(1.0E-006),#6127);
#3382=(B_SPLINE_CURVE(2,(#6129,#6130,#6131),.UNSPECIFIED.,.F.,.F.)B_SPLINE_CURVE_WITH_KNOTS((3,3),(0.016709209935703,0.424793746098542),.UNSPECIFIED.)RATIONAL_B_SPLINE_CURVE((1.00004007765358,1.00051304018047,1.00018296645079))BOUNDED_CURVE()REPRESENTATION_ITEM('')GEOMETRIC_REPRESENTATION_ITEM()CURVE());
#3383=SURFACE_STYLE_USAGE(.BOTH.,#6138);
#3384=FACE_OUTER_BOUND('',#6139,.T.);
#3385=PLANE('',#6140);
#3386=SURFACE_STYLE_USAGE(.BOTH.,#6141);
#3387=FACE_OUTER_BOUND('',#6142,.T.);
#3388=PLANE('',#6143);
#3389=CURVE_STYLE('',#6144,POSITIVE_LENGTH_MEASURE(1.0E-006),#6145);
#3390=(B_SPLINE_CURVE(2,(#6147,#6148,#6149),.UNSPECIFIED.,.F.,.F.)B_SPLINE_CURVE_WITH_KNOTS((3,3),(0.0893220067436397,0.49740654291002),.UNSPECIFIED.)RATIONAL_B_SPLINE_CURVE((1.00018296645045,1.00051304017955,1.0000400776535))BOUNDED_CURVE()REPRESENTATION_ITEM('')GEOMETRIC_REPRESENTATION_ITEM()CURVE());
#3391=CURVE_STYLE('',#6156,POSITIVE_LENGTH_MEASURE(1.0E-006),#6157);
#3392=LINE('',#6158,#6159);
#3393=CURVE_STYLE('',#6160,POSITIVE_LENGTH_MEASURE(1.0E-006),#6161);
#3394=(B_SPLINE_CURVE(2,(#6163,#6164,#6165),.UNSPECIFIED.,.F.,.F.)B_SPLINE_CURVE_WITH_KNOTS((3,3),(0.0167092099352857,0.424793746102902),.UNSPECIFIED.)RATIONAL_B_SPLINE_CURVE((1.00004007765354,1.00051304017996,1.00018296645059))BOUNDED_CURVE()REPRESENTATION_ITEM('')GEOMETRIC_REPRESENTATION_ITEM()CURVE());
#3395=SURFACE_STYLE_USAGE(.BOTH.,#6172);
#3396=FACE_OUTER_BOUND('',#6173,.T.);
#3397=CYLINDRICAL_SURFACE('',#6174,1.5);
#3398=CURVE_STYLE('',#6175,POSITIVE_LENGTH_MEASURE(1.0E-006),#6176);
#3399=(B_SPLINE_CURVE(2,(#6178,#6179,#6180),.UNSPECIFIED.,.F.,.F.)B_SPLINE_CURVE_WITH_KNOTS((3,3),(0.0893220067442959,0.497406542914211),.UNSPECIFIED.)RATIONAL_B_SPLINE_CURVE((1.00018296645105,1.00051304018123,1.00004007765363))BOUNDED_CURVE()REPRESENTATION_ITEM('')GEOMETRIC_REPRESENTATION_ITEM()CURVE());
#3400=CURVE_STYLE('',#6187,POSITIVE_LENGTH_MEASURE(1.0E-006),#6188);
#3401=(B_SPLINE_CURVE(2,(#6190,#6191,#6192),.UNSPECIFIED.,.F.,.F.)B_SPLINE_CURVE_WITH_KNOTS((3,3),(0.0167092099352574,0.424793746097383),.UNSPECIFIED.)RATIONAL_B_SPLINE_CURVE((1.00004007765359,1.00051304018067,1.00018296645086))BOUNDED_CURVE()REPRESENTATION_ITEM('')GEOMETRIC_REPRESENTATION_ITEM()CURVE());
#3402=CURVE_STYLE('',#6199,POSITIVE_LENGTH_MEASURE(1.0E-006),#6200);
#3403=(B_SPLINE_CURVE(2,(#6202,#6203,#6204),.UNSPECIFIED.,.F.,.F.)B_SPLINE_CURVE_WITH_KNOTS((3,3),(0.0893220067465084,0.497406542913316),.UNSPECIFIED.)RATIONAL_B_SPLINE_CURVE((1.00018296644963,1.00051304017725,1.00004007765332))BOUNDED_CURVE()REPRESENTATION_ITEM('')GEOMETRIC_REPRESENTATION_ITEM()CURVE());
#3404=POINT_STYLE(' ',#6211,POSITIVE_LENGTH_MEASURE(1.0E-006),#6212);
#3405=CARTESIAN_POINT('',(-3.70823369393602,4.703872016125,18.2102246224982));
#3406=POINT_STYLE(' ',#6213,POSITIVE_LENGTH_MEASURE(1.0E-006),#6214);
#3407=CARTESIAN_POINT('',(-2.50767778745401,5.43957362182081,16.2897753774994));
#3408=POINT_STYLE(' ',#6215,POSITIVE_LENGTH_MEASURE(1.0E-006),#6216);
#3409=CARTESIAN_POINT('',(2.20042973610049,5.31230731193855,18.4500000000007));
#3410=CURVE_STYLE('',#6217,POSITIVE_LENGTH_MEASURE(1.0E-006),#6218);
#3411=(B_SPLINE_CURVE(2,(#6220,#6221,#6222),.UNSPECIFIED.,.F.,.F.)B_SPLINE_CURVE_WITH_KNOTS((3,3),(0.0167092099353279,0.42479374610191),.UNSPECIFIED.)RATIONAL_B_SPLINE_CURVE((1.00004007765362,1.00051304018108,1.00018296645099))BOUNDED_CURVE()REPRESENTATION_ITEM('')GEOMETRIC_REPRESENTATION_ITEM()CURVE());
#3412=CURVE_STYLE('',#6229,POSITIVE_LENGTH_MEASURE(1.0E-006),#6230);
#3413=(B_SPLINE_CURVE(2,(#6232,#6233,#6234),.UNSPECIFIED.,.F.,.F.)B_SPLINE_CURVE_WITH_KNOTS((3,3),(0.08932200674721,0.497406542916575),.UNSPECIFIED.)RATIONAL_B_SPLINE_CURVE((1.00018296644993,1.00051304017809,1.00004007765338))BOUNDED_CURVE()REPRESENTATION_ITEM('')GEOMETRIC_REPRESENTATION_ITEM()CURVE());
#3414=CURVE_STYLE('',#6241,POSITIVE_LENGTH_MEASURE(1.0E-006),#6242);
#3415=(B_SPLINE_CURVE(2,(#6244,#6245,#6246),.UNSPECIFIED.,.F.,.F.)B_SPLINE_CURVE_WITH_KNOTS((3,3),(0.0167092099356137,0.424793746103767),.UNSPECIFIED.)RATIONAL_B_SPLINE_CURVE((1.00004007765368,1.00051304018175,1.00018296645123))BOUNDED_CURVE()REPRESENTATION_ITEM('')GEOMETRIC_REPRESENTATION_ITEM()CURVE());
#3416=SURFACE_STYLE_USAGE(.BOTH.,#6253);
#3417=FACE_OUTER_BOUND('',#6254,.T.);
#3418=PLANE('',#6255);
#3419=POINT_STYLE(' ',#6256,POSITIVE_LENGTH_MEASURE(1.0E-006),#6257);
#3420=CARTESIAN_POINT('',(-4.06586399182163,-4.06586399182359,18.45));
#3421=CURVE_STYLE('',#6258,POSITIVE_LENGTH_MEASURE(1.0E-006),#6259);
#3422=LINE('',#6260,#6261);
#3423=POINT_STYLE(' ',#6262,POSITIVE_LENGTH_MEASURE(1.0E-006),#6263);
#3424=CARTESIAN_POINT('',(1.27832172093566,2.06925131154602E-013,0.0283217209356268));
#3425=POINT_STYLE(' ',#6264,POSITIVE_LENGTH_MEASURE(1.0E-006),#6265);
#3426=CARTESIAN_POINT('',(-5.73227466896651,-0.451139800437403,18.4499999999987));
#3427=CURVE_STYLE('',#6266,POSITIVE_LENGTH_MEASURE(1.0E-006),#6267);
#3428=(B_SPLINE_CURVE(2,(#6269,#6270,#6271),.UNSPECIFIED.,.F.,.F.)B_SPLINE_CURVE_WITH_KNOTS((3,3),(0.0167092099305995,0.424793746099413),.UNSPECIFIED.)RATIONAL_B_SPLINE_CURVE((1.00004007765368,1.00051304018189,1.00018296645129))BOUNDED_CURVE()REPRESENTATION_ITEM('')GEOMETRIC_REPRESENTATION_ITEM()CURVE());
#3429=CURVE_STYLE('',#6278,POSITIVE_LENGTH_MEASURE(1.0E-006),#6279);
#3430=(B_SPLINE_CURVE(2,(#6281,#6282,#6283),.UNSPECIFIED.,.F.,.F.)B_SPLINE_CURVE_WITH_KNOTS((3,3),(0.0893220067483796,0.497406542910223),.UNSPECIFIED.)RATIONAL_B_SPLINE_CURVE((1.0001829664507,1.00051304018022,1.00004007765356))BOUNDED_CURVE()REPRESENTATION_ITEM('')GEOMETRIC_REPRESENTATION_ITEM()CURVE());
#3431=SURFACE_STYLE_USAGE(.BOTH.,#6290);
#3432=FACE_OUTER_BOUND('',#6291,.T.);
#3433=PLANE('',#6292);
#3434=POINT_STYLE(' ',#6293,POSITIVE_LENGTH_MEASURE(1.0E-006),#6294);
#3435=CARTESIAN_POINT('',(-2.92673148124356,-5.22605510013017,16.2897753774994));
#3436=CURVE_STYLE('',#6295,POSITIVE_LENGTH_MEASURE(1.0E-006),#6296);
#3437=(B_SPLINE_CURVE(2,(#6298,#6299,#6300),.UNSPECIFIED.,.F.,.F.)B_SPLINE_CURVE_WITH_KNOTS((3,3),(0.0167092099322823,0.424793746099359),.UNSPECIFIED.)RATIONAL_B_SPLINE_CURVE((1.00004007765359,1.00051304018073,1.00018296645087))BOUNDED_CURVE()REPRESENTATION_ITEM('')GEOMETRIC_REPRESENTATION_ITEM()CURVE());
#3438=CURVE_STYLE('',#6307,POSITIVE_LENGTH_MEASURE(1.0E-006),#6308);
#3439=(B_SPLINE_CURVE(2,(#6310,#6311,#6312),.UNSPECIFIED.,.F.,.F.)B_SPLINE_CURVE_WITH_KNOTS((3,3),(0.0167092099297616,0.424793746097315),.UNSPECIFIED.)RATIONAL_B_SPLINE_CURVE((1.00004007765363,1.00051304018133,1.00018296645109))BOUNDED_CURVE()REPRESENTATION_ITEM('')GEOMETRIC_REPRESENTATION_ITEM()CURVE());
#3440=SURFACE_STYLE_USAGE(.BOTH.,#6319);
#3441=FACE_OUTER_BOUND('',#6320,.T.);
#3442=CONICAL_SURFACE('',#6321,1.375,0.785398163397448);
#3443=CURVE_STYLE('',#6322,POSITIVE_LENGTH_MEASURE(1.0E-006),#6323);
#3444=(B_SPLINE_CURVE(2,(#6325,#6326,#6327),.UNSPECIFIED.,.F.,.F.)B_SPLINE_CURVE_WITH_KNOTS((3,3),(0.0893220067487871,0.497406542910786),.UNSPECIFIED.)RATIONAL_B_SPLINE_CURVE((1.00018296645024,1.00051304017893,1.00004007765345))BOUNDED_CURVE()REPRESENTATION_ITEM('')GEOMETRIC_REPRESENTATION_ITEM()CURVE());
#3445=CURVE_STYLE('',#6334,POSITIVE_LENGTH_MEASURE(1.0E-006),#6335);
#3446=(B_SPLINE_CURVE(2,(#6337,#6338,#6339),.UNSPECIFIED.,.F.,.F.)B_SPLINE_CURVE_WITH_KNOTS((3,3),(0.0893220067486453,0.497406542910737),.UNSPECIFIED.)RATIONAL_B_SPLINE_CURVE((1.00018296645049,1.00051304017963,1.00004007765351))BOUNDED_CURVE()REPRESENTATION_ITEM('')GEOMETRIC_REPRESENTATION_ITEM()CURVE());
#3447=CURVE_STYLE('',#6346,POSITIVE_LENGTH_MEASURE(1.0E-006),#6347);
#3448=(B_SPLINE_CURVE(2,(#6349,#6350,#6351),.UNSPECIFIED.,.F.,.F.)B_SPLINE_CURVE_WITH_KNOTS((3,3),(0.0893220067440706,0.497406542906196),.UNSPECIFIED.)RATIONAL_B_SPLINE_CURVE((1.00018296645048,1.00051304017963,1.00004007765352))BOUNDED_CURVE()REPRESENTATION_ITEM('')GEOMETRIC_REPRESENTATION_ITEM()CURVE());
#3449=POINT_STYLE(' ',#6358,POSITIVE_LENGTH_MEASURE(1.0E-006),#6359);
#3450=CARTESIAN_POINT('',(-1.62586732306058,5.76489067725802,18.2102246224977));
#3451=POINT_STYLE(' ',#6360,POSITIVE_LENGTH_MEASURE(1.0E-006),#6361);
#3452=CARTESIAN_POINT('',(2.92673148124358,5.22605510013023,18.2102246225005));
#3453=POINT_STYLE(' ',#6362,POSITIVE_LENGTH_MEASURE(1.0E-006),#6363);
#3454=CARTESIAN_POINT('',(4.39842688616249,-4.06586399182164,16.2897753775003));
#3455=POINT_STYLE(' ',#6364,POSITIVE_LENGTH_MEASURE(1.0E-006),#6365);
#3456=CARTESIAN_POINT('',(5.8746835231741,1.16854720720296,18.2102246224992));
#3457=POINT_STYLE(' ',#6366,POSITIVE_LENGTH_MEASURE(1.0E-006),#6367);
#3458=CARTESIAN_POINT('',(4.06586399182169,4.06586399182365,18.4499999999999));
#3459=CURVE_STYLE('',#6368,POSITIVE_LENGTH_MEASURE(1.0E-006),#6369);
#3460=(B_SPLINE_CURVE(2,(#6371,#6372,#6373),.UNSPECIFIED.,.F.,.F.)B_SPLINE_CURVE_WITH_KNOTS((3,3),(0.0167092099332597,0.424793746097357),.UNSPECIFIED.)RATIONAL_B_SPLINE_CURVE((1.00004007765355,1.00051304018016,1.00018296645067))BOUNDED_CURVE()REPRESENTATION_ITEM('')GEOMETRIC_REPRESENTATION_ITEM()CURVE());
#3461=CURVE_STYLE('',#6380,POSITIVE_LENGTH_MEASURE(1.0E-006),#6381);
#3462=LINE('',#6382,#6383);
#3463=CURVE_STYLE('',#6384,POSITIVE_LENGTH_MEASURE(1.0E-006),#6385);
#3464=(B_SPLINE_CURVE(2,(#6387,#6388,#6389),.UNSPECIFIED.,.F.,.F.)B_SPLINE_CURVE_WITH_KNOTS((3,3),(0.0893220067456011,0.497406542910443),.UNSPECIFIED.)RATIONAL_B_SPLINE_CURVE((1.00018296645092,1.00051304018087,1.00004007765361))BOUNDED_CURVE()REPRESENTATION_ITEM('')GEOMETRIC_REPRESENTATION_ITEM()CURVE());
#3465=CURVE_STYLE('',#6396,POSITIVE_LENGTH_MEASURE(1.0E-006),#6397);
#3466=(B_SPLINE_CURVE(2,(#6399,#6400,#6401),.UNSPECIFIED.,.F.,.F.)B_SPLINE_CURVE_WITH_KNOTS((3,3),(0.0167092099351349,0.424793746097413),.UNSPECIFIED.)RATIONAL_B_SPLINE_CURVE((1.00004007765369,1.00051304018191,1.0001829664513))BOUNDED_CURVE()REPRESENTATION_ITEM('')GEOMETRIC_REPRESENTATION_ITEM()CURVE());
#3467=CURVE_STYLE('',#6408,POSITIVE_LENGTH_MEASURE(1.0E-006),#6409);
#3468=(B_SPLINE_CURVE(2,(#6411,#6412,#6413),.UNSPECIFIED.,.F.,.F.)B_SPLINE_CURVE_WITH_KNOTS((3,3),(0.0167092099340444,0.424793746102106),.UNSPECIFIED.)RATIONAL_B_SPLINE_CURVE((1.00004007765359,1.00051304018069,1.00018296645086))BOUNDED_CURVE()REPRESENTATION_ITEM('')GEOMETRIC_REPRESENTATION_ITEM()CURVE());
#3469=POINT_STYLE(' ',#6420,POSITIVE_LENGTH_MEASURE(1.0E-006),#6421);
#3470=CARTESIAN_POINT('',(-3.3277409022111,4.98031621090907,16.2897753774989));
#3471=SURFACE_STYLE_USAGE(.BOTH.,#6422);
#3472=FACE_OUTER_BOUND('',#6423,.T.);
#3473=PLANE('',#6424);
#3474=POINT_STYLE(' ',#6425,POSITIVE_LENGTH_MEASURE(1.0E-006),#6426);
#3475=CARTESIAN_POINT('',(5.6843418860808E-014,-5.74999999999997,18.45));
#3476=CURVE_STYLE('',#6427,POSITIVE_LENGTH_MEASURE(1.0E-006),#6428);
#3477=(B_SPLINE_CURVE(2,(#6430,#6431,#6432),.UNSPECIFIED.,.F.,.F.)B_SPLINE_CURVE_WITH_KNOTS((3,3),(0.0167092099340712,0.424793746099484),.UNSPECIFIED.)RATIONAL_B_SPLINE_CURVE((1.00004007765388,1.00051304018436,1.00018296645217))BOUNDED_CURVE()REPRESENTATION_ITEM('')GEOMETRIC_REPRESENTATION_ITEM()CURVE());
#3478=CURVE_STYLE('',#6439,POSITIVE_LENGTH_MEASURE(1.0E-006),#6440);
#3479=(B_SPLINE_CURVE(2,(#6442,#6443,#6444),.UNSPECIFIED.,.F.,.F.)B_SPLINE_CURVE_WITH_KNOTS((3,3),(0.0167092099294956,0.42479374609913),.UNSPECIFIED.)RATIONAL_B_SPLINE_CURVE((1.00004007765368,1.000513040182,1.00018296645133))BOUNDED_CURVE()REPRESENTATION_ITEM('')GEOMETRIC_REPRESENTATION_ITEM()CURVE());
#3480=CURVE_STYLE('',#6451,POSITIVE_LENGTH_MEASURE(1.0E-006),#6452);
#3481=(B_SPLINE_CURVE(2,(#6454,#6455,#6456),.UNSPECIFIED.,.F.,.F.)B_SPLINE_CURVE_WITH_KNOTS((3,3),(0.0893220067444496,0.497406542916183),.UNSPECIFIED.)RATIONAL_B_SPLINE_CURVE((1.00018296645041,1.00051304017943,1.00004007765348))BOUNDED_CURVE()REPRESENTATION_ITEM('')GEOMETRIC_REPRESENTATION_ITEM()CURVE());
#3482=CURVE_STYLE('',#6463,POSITIVE_LENGTH_MEASURE(1.0E-006),#6464);
#3483=(B_SPLINE_CURVE(2,(#6466,#6467,#6468),.UNSPECIFIED.,.F.,.F.)B_SPLINE_CURVE_WITH_KNOTS((3,3),(0.0893220067418681,0.497406542912324),.UNSPECIFIED.)RATIONAL_B_SPLINE_CURVE((1.00018296645099,1.00051304018107,1.00004007765362))BOUNDED_CURVE()REPRESENTATION_ITEM('')GEOMETRIC_REPRESENTATION_ITEM()CURVE());
#3484=POINT_STYLE(' ',#6475,POSITIVE_LENGTH_MEASURE(1.0E-006),#6476);
#3485=CARTESIAN_POINT('',(-2.61044537350375,-5.12328751408066,16.0499999999984));
#3486=POINT_STYLE(' ',#6477,POSITIVE_LENGTH_MEASURE(1.0E-006),#6478);
#3487=CARTESIAN_POINT('',(-1.34231084217237,5.59112704228752,18.4499999999989));
#3488=CURVE_STYLE('',#6479,POSITIVE_LENGTH_MEASURE(1.0E-006),#6480);
#3489=LINE('',#6481,#6482);
#3490=SURFACE_STYLE_USAGE(.BOTH.,#6483);
#3491=FACE_OUTER_BOUND('',#6484,.T.);
#3492=PLANE('',#6485);
#3493=SURFACE_STYLE_USAGE(.BOTH.,#6486);
#3494=FACE_OUTER_BOUND('',#6487,.T.);
#3495=PLANE('',#6488);
#3496=CURVE_STYLE('',#6489,POSITIVE_LENGTH_MEASURE(1.0E-006),#6490);
#3497=(B_SPLINE_CURVE(2,(#6492,#6493,#6494),.UNSPECIFIED.,.F.,.F.)B_SPLINE_CURVE_WITH_KNOTS((3,3),(0.0167092099333911,0.424793746097375),.UNSPECIFIED.)RATIONAL_B_SPLINE_CURVE((1.00004007765338,1.000513040178,1.00018296644991))BOUNDED_CURVE()REPRESENTATION_ITEM('')GEOMETRIC_REPRESENTATION_ITEM()CURVE());
#3498=CURVE_STYLE('',#6501,POSITIVE_LENGTH_MEASURE(1.0E-006),#6502);
#3499=(B_SPLINE_CURVE(2,(#6504,#6505,#6506),.UNSPECIFIED.,.F.,.F.)B_SPLINE_CURVE_WITH_KNOTS((3,3),(0.0167092099340767,0.42479374610052),.UNSPECIFIED.)RATIONAL_B_SPLINE_CURVE((1.00004007765346,1.00051304017899,1.00018296645025))BOUNDED_CURVE()REPRESENTATION_ITEM('')GEOMETRIC_REPRESENTATION_ITEM()CURVE());
#3500=SURFACE_STYLE_USAGE(.BOTH.,#6513);
#3501=FACE_OUTER_BOUND('',#6514,.T.);
#3502=PLANE('',#6515);
#3503=CURVE_STYLE('',#6516,POSITIVE_LENGTH_MEASURE(1.0E-006),#6517);
#3504=LINE('',#6518,#6519);
#3505=CURVE_STYLE('',#6520,POSITIVE_LENGTH_MEASURE(1.0E-006),#6521);
#3506=LINE('',#6522,#6523);
#3507=CURVE_STYLE('',#6524,POSITIVE_LENGTH_MEASURE(1.0E-006),#6525);
#3508=(B_SPLINE_CURVE(2,(#6527,#6528,#6529),.UNSPECIFIED.,.F.,.F.)B_SPLINE_CURVE_WITH_KNOTS((3,3),(0.0893220067454885,0.497406542914852),.UNSPECIFIED.)RATIONAL_B_SPLINE_CURVE((1.00018296645097,1.000513040181,1.00004007765361))BOUNDED_CURVE()REPRESENTATION_ITEM('')GEOMETRIC_REPRESENTATION_ITEM()CURVE());
#3509=POINT_STYLE(' ',#6536,POSITIVE_LENGTH_MEASURE(1.0E-006),#6537);
#3510=CARTESIAN_POINT('',(-1.5,6.10533391638818E-016,0.249999999999972));
#3511=POINT_STYLE(' ',#6538,POSITIVE_LENGTH_MEASURE(1.0E-006),#6539);
#3512=CARTESIAN_POINT('',(-3.37976520067917,4.65184771765628,16.0499999999988));
#3513=CURVE_STYLE('',#6540,POSITIVE_LENGTH_MEASURE(1.0E-006),#6541);
#3514=LINE('',#6542,#6543);
#3515=CURVE_STYLE('',#6544,POSITIVE_LENGTH_MEASURE(1.0E-006),#6545);
#3516=(B_SPLINE_CURVE(2,(#6547,#6548,#6549),.UNSPECIFIED.,.F.,.F.)B_SPLINE_CURVE_WITH_KNOTS((3,3),(0.0893220067484655,0.497406542912557),.UNSPECIFIED.)RATIONAL_B_SPLINE_CURVE((1.00018296645053,1.00051304017975,1.00004007765351))BOUNDED_CURVE()REPRESENTATION_ITEM('')GEOMETRIC_REPRESENTATION_ITEM()CURVE());
#3517=CURVE_STYLE('',#6556,POSITIVE_LENGTH_MEASURE(1.0E-006),#6557);
#3518=(B_SPLINE_CURVE(2,(#6559,#6560,#6561),.UNSPECIFIED.,.F.,.F.)B_SPLINE_CURVE_WITH_KNOTS((3,3),(0.0893220067450539,0.497406542910414),.UNSPECIFIED.)RATIONAL_B_SPLINE_CURVE((1.00018296645057,1.00051304017989,1.00004007765353))BOUNDED_CURVE()REPRESENTATION_ITEM('')GEOMETRIC_REPRESENTATION_ITEM()CURVE());
#3519=POINT_STYLE(' ',#6568,POSITIVE_LENGTH_MEASURE(1.0E-006),#6569);
#3520=CARTESIAN_POINT('',(-5.67920795842042,0.899498173983275,18.4500000000012));
#3521=CURVE_STYLE('',#6570,POSITIVE_LENGTH_MEASURE(1.0E-006),#6571);
#3522=(B_SPLINE_CURVE(2,(#6573,#6574,#6575),.UNSPECIFIED.,.F.,.F.)B_SPLINE_CURVE_WITH_KNOTS((3,3),(0.089322006743933,0.497406542911864),.UNSPECIFIED.)RATIONAL_B_SPLINE_CURVE((1.00018296645036,1.00051304017929,1.00004007765348))BOUNDED_CURVE()REPRESENTATION_ITEM('')GEOMETRIC_REPRESENTATION_ITEM()CURVE());
#3523=SURFACE_STYLE_USAGE(.BOTH.,#6582);
#3524=FACE_OUTER_BOUND('',#6583,.T.);
#3525=PLANE('',#6584);
#3526=POINT_STYLE(' ',#6585,POSITIVE_LENGTH_MEASURE(1.0E-006),#6586);
#3527=CARTESIAN_POINT('',(5.98515747776012,-0.235157477760093,16.2897753775024));
#3528=SURFACE_STYLE_USAGE(.BOTH.,#6587);
#3529=FACE_OUTER_BOUND('',#6588,.T.);
#3530=PLANE('',#6589);
#3531=CURVE_STYLE('',#6590,POSITIVE_LENGTH_MEASURE(1.0E-006),#6591);
#3532=(B_SPLINE_CURVE(2,(#6593,#6594,#6595),.UNSPECIFIED.,.F.,.F.)B_SPLINE_CURVE_WITH_KNOTS((3,3),(0.0893220067419336,0.497406542910085),.UNSPECIFIED.)RATIONAL_B_SPLINE_CURVE((1.00018296645057,1.00051304017989,1.00004007765353))BOUNDED_CURVE()REPRESENTATION_ITEM('')GEOMETRIC_REPRESENTATION_ITEM()CURVE());
#3533=POINT_STYLE(' ',#6602,POSITIVE_LENGTH_MEASURE(1.0E-006),#6603);
#3534=CARTESIAN_POINT('',(5.31230731193853,-2.20042973610034,18.4500000000008));
#3535=CURVE_STYLE('',#6604,POSITIVE_LENGTH_MEASURE(1.0E-006),#6605);
#3536=(B_SPLINE_CURVE(2,(#6607,#6608,#6609),.UNSPECIFIED.,.F.,.F.)B_SPLINE_CURVE_WITH_KNOTS((3,3),(0.0893220067463881,0.497406542915273),.UNSPECIFIED.)RATIONAL_B_SPLINE_CURVE((1.00018296645138,1.00051304018214,1.00004007765369))BOUNDED_CURVE()REPRESENTATION_ITEM('')GEOMETRIC_REPRESENTATION_ITEM()CURVE());
#3537=POINT_STYLE(' ',#6616,POSITIVE_LENGTH_MEASURE(1.0E-006),#6617);
#3538=CARTESIAN_POINT('',(-4.70387201612491,-3.70823369393602,16.2897753775016));
#3539=CURVE_STYLE('',#6618,POSITIVE_LENGTH_MEASURE(1.0E-006),#6619);
#3540=LINE('',#6620,#6621);
#3541=CURVE_STYLE('',#6622,POSITIVE_LENGTH_MEASURE(1.0E-006),#6623);
#3542=(B_SPLINE_CURVE(2,(#6625,#6626,#6627),.UNSPECIFIED.,.F.,.F.)B_SPLINE_CURVE_WITH_KNOTS((3,3),(0.0167092099297673,0.424793746094838),.UNSPECIFIED.)RATIONAL_B_SPLINE_CURVE((1.00004007765346,1.0005130401791,1.0001829664503))BOUNDED_CURVE()REPRESENTATION_ITEM('')GEOMETRIC_REPRESENTATION_ITEM()CURVE());
#3543=CURVE_STYLE('',#6634,POSITIVE_LENGTH_MEASURE(1.0E-006),#6635);
#3544=(B_SPLINE_CURVE(2,(#6637,#6638,#6639),.UNSPECIFIED.,.F.,.F.)B_SPLINE_CURVE_WITH_KNOTS((3,3),(0.0893220067466245,0.497406542911695),.UNSPECIFIED.)RATIONAL_B_SPLINE_CURVE((1.00018296645053,1.00051304017976,1.00004007765352))BOUNDED_CURVE()REPRESENTATION_ITEM('')GEOMETRIC_REPRESENTATION_ITEM()CURVE());
#3545=POINT_STYLE(' ',#6646,POSITIVE_LENGTH_MEASURE(1.0E-006),#6647);
#3546=CARTESIAN_POINT('',(-1.77684771765792,5.46857496869595,18.4500000000005));
#3547=CURVE_STYLE('',#6648,POSITIVE_LENGTH_MEASURE(1.0E-006),#6649);
#3548=(B_SPLINE_CURVE(2,(#6651,#6652,#6653),.UNSPECIFIED.,.F.,.F.)B_SPLINE_CURVE_WITH_KNOTS((3,3),(0.0893220067451783,0.497406542914063),.UNSPECIFIED.)RATIONAL_B_SPLINE_CURVE((1.00018296645098,1.00051304018103,1.00004007765361))BOUNDED_CURVE()REPRESENTATION_ITEM('')GEOMETRIC_REPRESENTATION_ITEM()CURVE());
#3549=SURFACE_STYLE_USAGE(.BOTH.,#6660);
#3550=FACE_OUTER_BOUND('',#6661,.T.);
#3551=PLANE('',#6662);
#3552=CURVE_STYLE('',#6663,POSITIVE_LENGTH_MEASURE(1.0E-006),#6664);
#3553=(B_SPLINE_CURVE(2,(#6666,#6667,#6668),.UNSPECIFIED.,.F.,.F.)B_SPLINE_CURVE_WITH_KNOTS((3,3),(0.0167092099297879,0.424793746097133),.UNSPECIFIED.)RATIONAL_B_SPLINE_CURVE((1.00004007765339,1.00051304017823,1.00018296644999))BOUNDED_CURVE()REPRESENTATION_ITEM('')GEOMETRIC_REPRESENTATION_ITEM()CURVE());
#3554=CURVE_STYLE('',#6675,POSITIVE_LENGTH_MEASURE(1.0E-006),#6676);
#3555=LINE('',#6677,#6678);
#3556=POINT_STYLE(' ',#6679,POSITIVE_LENGTH_MEASURE(1.0E-006),#6680);
#3557=CARTESIAN_POINT('',(4.37233430220004,-3.73432627789904,16.0500000000002));
#3558=CURVE_STYLE('',#6681,POSITIVE_LENGTH_MEASURE(1.0E-006),#6682);
#3559=(B_SPLINE_CURVE(2,(#6684,#6685,#6686),.UNSPECIFIED.,.F.,.F.)B_SPLINE_CURVE_WITH_KNOTS((3,3),(0.0167092099305673,0.424793746094949),.UNSPECIFIED.)RATIONAL_B_SPLINE_CURVE((1.00004007765347,1.00051304017921,1.00018296645034))BOUNDED_CURVE()REPRESENTATION_ITEM('')GEOMETRIC_REPRESENTATION_ITEM()CURVE());
#3560=SURFACE_STYLE_USAGE(.BOTH.,#6693);
#3561=FACE_OUTER_BOUND('',#6694,.T.);
#3562=PLANE('',#6695);
#3563=CURVE_STYLE('',#6696,POSITIVE_LENGTH_MEASURE(1.0E-006),#6697);
#3564=(B_SPLINE_CURVE(2,(#6699,#6700,#6701),.UNSPECIFIED.,.F.,.F.)B_SPLINE_CURVE_WITH_KNOTS((3,3),(0.0167092099316728,0.424793746100077),.UNSPECIFIED.)RATIONAL_B_SPLINE_CURVE((1.00004007765362,1.00051304018121,1.00018296645104))BOUNDED_CURVE()REPRESENTATION_ITEM('')GEOMETRIC_REPRESENTATION_ITEM()CURVE());
#3565=SURFACE_STYLE_USAGE(.BOTH.,#6708);
#3566=FACE_OUTER_BOUND('',#6709,.T.);
#3567=PLANE('',#6710);
#3568=SURFACE_STYLE_USAGE(.BOTH.,#6711);
#3569=FACE_OUTER_BOUND('',#6712,.T.);
#3570=PLANE('',#6713);
#3571=CURVE_STYLE('',#6714,POSITIVE_LENGTH_MEASURE(1.0E-006),#6715);
#3572=(B_SPLINE_CURVE(2,(#6717,#6718,#6719),.UNSPECIFIED.,.F.,.F.)B_SPLINE_CURVE_WITH_KNOTS((3,3),(0.0893220067462774,0.497406542913569),.UNSPECIFIED.)RATIONAL_B_SPLINE_CURVE((1.00018296645177,1.00051304018325,1.00004007765379))BOUNDED_CURVE()REPRESENTATION_ITEM('')GEOMETRIC_REPRESENTATION_ITEM()CURVE());
#3573=POINT_STYLE(' ',#6726,POSITIVE_LENGTH_MEASURE(1.0E-006),#6727);
#3574=CARTESIAN_POINT('',(-4.70387201612658,3.70823369393645,16.2897753775032));
#3575=CURVE_STYLE('',#6728,POSITIVE_LENGTH_MEASURE(1.0E-006),#6729);
#3576=LINE('',#6730,#6731);
#3577=SURFACE_STYLE_USAGE(.BOTH.,#6732);
#3578=FACE_OUTER_BOUND('',#6733,.T.);
#3579=PLANE('',#6734);
#3580=CURVE_STYLE('',#6735,POSITIVE_LENGTH_MEASURE(1.0E-006),#6736);
#3581=(B_SPLINE_CURVE(2,(#6738,#6739,#6740),.UNSPECIFIED.,.F.,.F.)B_SPLINE_CURVE_WITH_KNOTS((3,3),(0.0893220067463995,0.497406542915084),.UNSPECIFIED.)RATIONAL_B_SPLINE_CURVE((1.0001829664508,1.00051304018053,1.00004007765357))BOUNDED_CURVE()REPRESENTATION_ITEM('')GEOMETRIC_REPRESENTATION_ITEM()CURVE());
#3582=CURVE_STYLE('',#6747,POSITIVE_LENGTH_MEASURE(1.0E-006),#6748);
#3583=(B_SPLINE_CURVE(2,(#6750,#6751,#6752),.UNSPECIFIED.,.F.,.F.)B_SPLINE_CURVE_WITH_KNOTS((3,3),(0.0893220067494513,0.497406542917358),.UNSPECIFIED.)RATIONAL_B_SPLINE_CURVE((1.00018296645066,1.00051304018012,1.00004007765353))BOUNDED_CURVE()REPRESENTATION_ITEM('')GEOMETRIC_REPRESENTATION_ITEM()CURVE());
#3584=POINT_STYLE(' ',#6759,POSITIVE_LENGTH_MEASURE(1.0E-006),#6760);
#3585=CARTESIAN_POINT('',(5.6195553632937,-2.07316342621632,18.2102246224984));
#3586=CURVE_STYLE('',#6761,POSITIVE_LENGTH_MEASURE(1.0E-006),#6762);
#3587=LINE('',#6763,#6764);
#3588=CURVE_STYLE('',#6765,POSITIVE_LENGTH_MEASURE(1.0E-006),#6766);
#3589=CIRCLE('',#6767,1.27832172093566);
#3590=POINT_STYLE(' ',#6768,POSITIVE_LENGTH_MEASURE(1.0E-006),#6769);
#3591=CARTESIAN_POINT('',(-4.39842688616207,-4.0658639918236,18.2102246224986));
#3592=CURVE_STYLE('',#6770,POSITIVE_LENGTH_MEASURE(1.0E-006),#6771);
#3593=(B_SPLINE_CURVE(2,(#6773,#6774,#6775),.UNSPECIFIED.,.F.,.F.)B_SPLINE_CURVE_WITH_KNOTS((3,3),(0.0167092099354848,0.424793746100616),.UNSPECIFIED.)RATIONAL_B_SPLINE_CURVE((1.00004007765361,1.0005130401809,1.00018296645093))BOUNDED_CURVE()REPRESENTATION_ITEM('')GEOMETRIC_REPRESENTATION_ITEM()CURVE());
#3594=CURVE_STYLE('',#6782,POSITIVE_LENGTH_MEASURE(1.0E-006),#6783);
#3595=LINE('',#6784,#6785);
#3596=SURFACE_STYLE_USAGE(.BOTH.,#6786);
#3597=FACE_OUTER_BOUND('',#6787,.T.);
#3598=PLANE('',#6788);
#3599=POINT_STYLE(' ',#6789,POSITIVE_LENGTH_MEASURE(1.0E-006),#6790);
#3600=CARTESIAN_POINT('',(1.77684771765646,5.46857496869748,16.0500000000005));
#3601=CURVE_STYLE('',#6791,POSITIVE_LENGTH_MEASURE(1.0E-006),#6792);
#3602=LINE('',#6793,#6794);
#3603=CURVE_STYLE('',#6795,POSITIVE_LENGTH_MEASURE(1.0E-006),#6796);
#3604=LINE('',#6797,#6798);
#3605=CURVE_STYLE('',#6799,POSITIVE_LENGTH_MEASURE(1.0E-006),#6800);
#3606=(B_SPLINE_CURVE(2,(#6802,#6803,#6804),.UNSPECIFIED.,.F.,.F.)B_SPLINE_CURVE_WITH_KNOTS((3,3),(0.0167092099293193,0.424793746097703),.UNSPECIFIED.)RATIONAL_B_SPLINE_CURVE((1.00004007765354,1.00051304018019,1.00018296645068))BOUNDED_CURVE()REPRESENTATION_ITEM('')GEOMETRIC_REPRESENTATION_ITEM()CURVE());
#3607=CURVE_STYLE('',#6811,POSITIVE_LENGTH_MEASURE(1.0E-006),#6812);
#3608=(B_SPLINE_CURVE(2,(#6814,#6815,#6816),.UNSPECIFIED.,.F.,.F.)B_SPLINE_CURVE_WITH_KNOTS((3,3),(0.0893220067482708,0.497406542916336),.UNSPECIFIED.)RATIONAL_B_SPLINE_CURVE((1.00018296644976,1.0005130401776,1.00004007765334))BOUNDED_CURVE()REPRESENTATION_ITEM('')GEOMETRIC_REPRESENTATION_ITEM()CURVE());
#3609=POINT_STYLE(' ',#6823,POSITIVE_LENGTH_MEASURE(1.0E-006),#6824);
#3610=CARTESIAN_POINT('',(-0.451139800437375,5.73227466896657,18.4499999999987));
#3611=CURVE_STYLE('',#6825,POSITIVE_LENGTH_MEASURE(1.0E-006),#6826);
#3612=(B_SPLINE_CURVE(2,(#6828,#6829,#6830),.UNSPECIFIED.,.F.,.F.)B_SPLINE_CURVE_WITH_KNOTS((3,3),(0.0893220067457012,0.497406542915056),.UNSPECIFIED.)RATIONAL_B_SPLINE_CURVE((1.00018296645046,1.00051304017956,1.00004007765349))BOUNDED_CURVE()REPRESENTATION_ITEM('')GEOMETRIC_REPRESENTATION_ITEM()CURVE());
#3613=POINT_STYLE(' ',#6837,POSITIVE_LENGTH_MEASURE(1.0E-006),#6838);
#3614=CARTESIAN_POINT('',(-0.899498173980959,5.6792079584196,18.4500000000024));
#3615=CURVE_STYLE('',#6839,POSITIVE_LENGTH_MEASURE(1.0E-006),#6840);
#3616=LINE('',#6841,#6842);
#3617=CURVE_STYLE('',#6843,POSITIVE_LENGTH_MEASURE(1.0E-006),#6844);
#3618=LINE('',#6845,#6846);
#3619=POINT_STYLE(' ',#6847,POSITIVE_LENGTH_MEASURE(1.0E-006),#6848);
#3620=CARTESIAN_POINT('',(-1.34231084217113,-5.59112704228795,16.0500000000012));
#3621=POINT_STYLE(' ',#6849,POSITIVE_LENGTH_MEASURE(1.0E-006),#6850);
#3622=CARTESIAN_POINT('',(5.67920795842045,-0.899498173983233,18.4500000000012));
#3623=SURFACE_STYLE_USAGE(.BOTH.,#6851);
#3624=FACE_OUTER_BOUND('',#6852,.T.);
#3625=PLANE('',#6853);
#3626=POINT_STYLE(' ',#6854,POSITIVE_LENGTH_MEASURE(1.0E-006),#6855);
#3627=CARTESIAN_POINT('',(5.22605510013023,-2.92673148124363,18.2102246225004));
#3628=CURVE_STYLE('',#6856,POSITIVE_LENGTH_MEASURE(1.0E-006),#6857);
#3629=LINE('',#6858,#6859);
#3630=POINT_STYLE(' ',#6860,POSITIVE_LENGTH_MEASURE(1.0E-006),#6861);
#3631=CARTESIAN_POINT('',(-5.87468352317294,1.16854720720253,16.2897753774996));
#3632=CURVE_STYLE('',#6862,POSITIVE_LENGTH_MEASURE(1.0E-006),#6863);
#3633=(B_SPLINE_CURVE(2,(#6865,#6866,#6867),.UNSPECIFIED.,.F.,.F.)B_SPLINE_CURVE_WITH_KNOTS((3,3),(0.0167092099316805,0.424793746101634),.UNSPECIFIED.)RATIONAL_B_SPLINE_CURVE((1.00004007765362,1.00051304018111,1.000182966451))BOUNDED_CURVE()REPRESENTATION_ITEM('')GEOMETRIC_REPRESENTATION_ITEM()CURVE());
#3634=CURVE_STYLE('',#6874,POSITIVE_LENGTH_MEASURE(1.0E-006),#6875);
#3635=LINE('',#6876,#6877);
#3636=CURVE_STYLE('',#6878,POSITIVE_LENGTH_MEASURE(1.0E-006),#6879);
#3637=(B_SPLINE_CURVE(2,(#6881,#6882,#6883),.UNSPECIFIED.,.F.,.F.)B_SPLINE_CURVE_WITH_KNOTS((3,3),(0.0167092099351029,0.424793746100209),.UNSPECIFIED.)RATIONAL_B_SPLINE_CURVE((1.00004007765387,1.0005130401843,1.00018296645215))BOUNDED_CURVE()REPRESENTATION_ITEM('')GEOMETRIC_REPRESENTATION_ITEM()CURVE());
#3638=POINT_STYLE(' ',#6890,POSITIVE_LENGTH_MEASURE(1.0E-006),#6891);
#3639=CARTESIAN_POINT('',(3.00436674711752,4.9026809450346,16.0499999999992));
#3640=CURVE_STYLE('',#6892,POSITIVE_LENGTH_MEASURE(1.0E-006),#6893);
#3641=(B_SPLINE_CURVE(2,(#6895,#6896,#6897),.UNSPECIFIED.,.F.,.F.)B_SPLINE_CURVE_WITH_KNOTS((3,3),(0.0167092099297629,0.424793746099292),.UNSPECIFIED.)RATIONAL_B_SPLINE_CURVE((1.00004007765351,1.00051304017976,1.00018296645053))BOUNDED_CURVE()REPRESENTATION_ITEM('')GEOMETRIC_REPRESENTATION_ITEM()CURVE());
#3642=SURFACE_STYLE_USAGE(.BOTH.,#6904);
#3643=FACE_OUTER_BOUND('',#6905,.T.);
#3644=PLANE('',#6906);
#3645=POINT_STYLE(' ',#6907,POSITIVE_LENGTH_MEASURE(1.0E-006),#6908);
#3646=CARTESIAN_POINT('',(-2.50767778745382,-5.43957362182182,16.2897753775003));
#3647=POINT_STYLE(' ',#6909,POSITIVE_LENGTH_MEASURE(1.0E-006),#6910);
#3648=CARTESIAN_POINT('',(-5.1232875140835,-2.61044537350261,16.0500000000004));
#3649=POINT_STYLE(' ',#6911,POSITIVE_LENGTH_MEASURE(1.0E-006),#6912);
#3650=CARTESIAN_POINT('',(-0.451139800435143,-5.73227466896793,16.0500000000024));
#3651=CURVE_STYLE('',#6913,POSITIVE_LENGTH_MEASURE(1.0E-006),#6914);
#3652=(B_SPLINE_CURVE(2,(#6916,#6917,#6918),.UNSPECIFIED.,.F.,.F.)B_SPLINE_CURVE_WITH_KNOTS((3,3),(0.0893220067456672,0.497406542914936),.UNSPECIFIED.)RATIONAL_B_SPLINE_CURVE((1.00018296644995,1.00051304017815,1.00004007765338))BOUNDED_CURVE()REPRESENTATION_ITEM('')GEOMETRIC_REPRESENTATION_ITEM()CURVE());
#3653=CURVE_STYLE('',#6925,POSITIVE_LENGTH_MEASURE(1.0E-006),#6926);
#3654=LINE('',#6927,#6928);
#3655=POINT_STYLE(' ',#6929,POSITIVE_LENGTH_MEASURE(1.0E-006),#6930);
#3656=CARTESIAN_POINT('',(-2.50767778745382,-5.43957362182182,18.2102246224997));
#3657=POINT_STYLE(' ',#6931,POSITIVE_LENGTH_MEASURE(1.0E-006),#6932);
#3658=CARTESIAN_POINT('',(5.22605510013332,2.92673148124317,18.210224622498));
#3659=SURFACE_STYLE_USAGE(.BOTH.,#6933);
#3660=FACE_OUTER_BOUND('',#6934,.T.);
#3661=PLANE('',#6935);
#3662=POINT_STYLE(' ',#6936,POSITIVE_LENGTH_MEASURE(1.0E-006),#6937);
#3663=CARTESIAN_POINT('',(-0.899498173983233,-5.67920795842048,16.0499999999987));
#3664=CURVE_STYLE('',#6938,POSITIVE_LENGTH_MEASURE(1.0E-006),#6939);
#3665=(B_SPLINE_CURVE(2,(#6941,#6942,#6943),.UNSPECIFIED.,.F.,.F.)B_SPLINE_CURVE_WITH_KNOTS((3,3),(0.016709209935538,0.424793746097727),.UNSPECIFIED.)RATIONAL_B_SPLINE_CURVE((1.00004007765386,1.00051304018414,1.00018296645209))BOUNDED_CURVE()REPRESENTATION_ITEM('')GEOMETRIC_REPRESENTATION_ITEM()CURVE());
#3666=POINT_STYLE(' ',#6950,POSITIVE_LENGTH_MEASURE(1.0E-006),#6951);
#3667=CARTESIAN_POINT('',(-5.1232875140835,-2.61044537350261,18.4499999999995));
#3668=POINT_STYLE(' ',#6952,POSITIVE_LENGTH_MEASURE(1.0E-006),#6953);
#3669=CARTESIAN_POINT('',(-2.92673148124532,5.22605510013401,18.2102246224963));
#3670=CURVE_STYLE('',#6954,POSITIVE_LENGTH_MEASURE(1.0E-006),#6955);
#3671=LINE('',#6956,#6957);
#3672=SURFACE_STYLE_USAGE(.BOTH.,#6958);
#3673=FACE_OUTER_BOUND('',#6959,.T.);
#3674=PLANE('',#6960);
#3675=CURVE_STYLE('',#6961,POSITIVE_LENGTH_MEASURE(1.0E-006),#6962);
#3676=(B_SPLINE_CURVE(2,(#6964,#6965,#6966),.UNSPECIFIED.,.F.,.F.)B_SPLINE_CURVE_WITH_KNOTS((3,3),(0.0167092099356822,0.424793746100755),.UNSPECIFIED.)RATIONAL_B_SPLINE_CURVE((1.00004007765363,1.00051304018115,1.00018296645102))BOUNDED_CURVE()REPRESENTATION_ITEM('')GEOMETRIC_REPRESENTATION_ITEM()CURVE());
#3677=CURVE_STYLE('',#6973,POSITIVE_LENGTH_MEASURE(1.0E-006),#6974);
#3678=LINE('',#6975,#6976);
#3679=CURVE_STYLE('',#6977,POSITIVE_LENGTH_MEASURE(1.0E-006),#6978);
#3680=(B_SPLINE_CURVE(2,(#6980,#6981,#6982),.UNSPECIFIED.,.F.,.F.)B_SPLINE_CURVE_WITH_KNOTS((3,3),(0.0893220067435167,0.497406542914389),.UNSPECIFIED.)RATIONAL_B_SPLINE_CURVE((1.00018296645132,1.00051304018199,1.00004007765368))BOUNDED_CURVE()REPRESENTATION_ITEM('')GEOMETRIC_REPRESENTATION_ITEM()CURVE());
#3681=POINT_STYLE(' ',#6989,POSITIVE_LENGTH_MEASURE(1.0E-006),#6990);
#3682=CARTESIAN_POINT('',(-5.61955536329376,2.07316342621646,18.2102246224983));
#3683=CURVE_STYLE('',#6991,POSITIVE_LENGTH_MEASURE(1.0E-006),#6992);
#3684=(B_SPLINE_CURVE(2,(#6994,#6995,#6996),.UNSPECIFIED.,.F.,.F.)B_SPLINE_CURVE_WITH_KNOTS((3,3),(0.0893220067488226,0.497406542916103),.UNSPECIFIED.)RATIONAL_B_SPLINE_CURVE((1.00018296644977,1.00051304017762,1.00004007765334))BOUNDED_CURVE()REPRESENTATION_ITEM('')GEOMETRIC_REPRESENTATION_ITEM()CURVE());
#3685=SURFACE_STYLE_USAGE(.BOTH.,#7003);
#3686=FACE_OUTER_BOUND('',#7004,.T.);
#3687=PLANE('',#7005);
#3688=POINT_STYLE(' ',#7006,POSITIVE_LENGTH_MEASURE(1.0E-006),#7007);
#3689=CARTESIAN_POINT('',(4.6518477176563,3.37976520067915,18.4500000000012));
#3690=POINT_STYLE(' ',#7008,POSITIVE_LENGTH_MEASURE(1.0E-006),#7009);
#3691=CARTESIAN_POINT('',(0.899498173980987,-5.67920795841954,18.4500000000025));
#3692=CURVE_STYLE('',#7010,POSITIVE_LENGTH_MEASURE(1.0E-006),#7011);
#3693=(B_SPLINE_CURVE(2,(#7013,#7014,#7015),.UNSPECIFIED.,.F.,.F.)B_SPLINE_CURVE_WITH_KNOTS((3,3),(0.0167092099333149,0.424793746103546),.UNSPECIFIED.)RATIONAL_B_SPLINE_CURVE((1.00004007765358,1.00051304018059,1.00018296645081))BOUNDED_CURVE()REPRESENTATION_ITEM('')GEOMETRIC_REPRESENTATION_ITEM()CURVE());
#3694=CURVE_STYLE('',#7022,POSITIVE_LENGTH_MEASURE(1.0E-006),#7023);
#3695=(B_SPLINE_CURVE(2,(#7025,#7026,#7027),.UNSPECIFIED.,.F.,.F.)B_SPLINE_CURVE_WITH_KNOTS((3,3),(0.0167092099358005,0.424793746103741),.UNSPECIFIED.)RATIONAL_B_SPLINE_CURVE((1.00004007765341,1.0005130401784,1.00018296645004))BOUNDED_CURVE()REPRESENTATION_ITEM('')GEOMETRIC_REPRESENTATION_ITEM()CURVE());
#3696=POINT_STYLE(' ',#7034,POSITIVE_LENGTH_MEASURE(1.0E-006),#7035);
#3697=CARTESIAN_POINT('',(5.87468352317303,-1.16854720720256,16.2897753774996));
#3698=POINT_STYLE(' ',#7036,POSITIVE_LENGTH_MEASURE(1.0E-006),#7037);
#3699=CARTESIAN_POINT('',(-5.67920795842042,0.899498173983275,16.0499999999987));
#3700=POINT_STYLE(' ',#7038,POSITIVE_LENGTH_MEASURE(1.0E-006),#7039);
#3701=CARTESIAN_POINT('',(4.70387201612651,-3.70823369393629,16.2897753775031));
#3702=POINT_STYLE(' ',#7040,POSITIVE_LENGTH_MEASURE(1.0E-006),#7041);
#3703=CARTESIAN_POINT('',(0.70402260922756,-5.94825699164007,18.2102246225005));
#3704=CURVE_STYLE('',#7042,POSITIVE_LENGTH_MEASURE(1.0E-006),#7043);
#3705=LINE('',#7044,#7045);
#3706=CURVE_STYLE('',#7046,POSITIVE_LENGTH_MEASURE(1.0E-006),#7047);
#3707=LINE('',#7048,#7049);
#3708=CURVE_STYLE('',#7050,POSITIVE_LENGTH_MEASURE(1.0E-006),#7051);
#3709=(B_SPLINE_CURVE(2,(#7053,#7054,#7055),.UNSPECIFIED.,.F.,.F.)B_SPLINE_CURVE_WITH_KNOTS((3,3),(0.0893220067452489,0.497406542914069),.UNSPECIFIED.)RATIONAL_B_SPLINE_CURVE((1.00018296645061,1.00051304018,1.00004007765353))BOUNDED_CURVE()REPRESENTATION_ITEM('')GEOMETRIC_REPRESENTATION_ITEM()CURVE());
#3710=CURVE_STYLE('',#7062,POSITIVE_LENGTH_MEASURE(1.0E-006),#7063);
#3711=LINE('',#7064,#7065);
#3712=POINT_STYLE(' ',#7066,POSITIVE_LENGTH_MEASURE(1.0E-006),#7067);
#3713=CARTESIAN_POINT('',(4.70387201612502,3.70823369393604,16.2897753775017));
#3714=CURVE_STYLE('',#7068,POSITIVE_LENGTH_MEASURE(1.0E-006),#7069);
#3715=LINE('',#7070,#7071);
#3716=POINT_STYLE(' ',#7072,POSITIVE_LENGTH_MEASURE(1.0E-006),#7073);
#3717=CARTESIAN_POINT('',(2.61044537350267,-5.12328751408354,18.4499999999994));
#3718=CURVE_STYLE('',#7074,POSITIVE_LENGTH_MEASURE(1.0E-006),#7075);
#3719=(B_SPLINE_CURVE(2,(#7077,#7078,#7079),.UNSPECIFIED.,.F.,.F.)B_SPLINE_CURVE_WITH_KNOTS((3,3),(0.0893220067427062,0.497406542909953),.UNSPECIFIED.)RATIONAL_B_SPLINE_CURVE((1.00018296645049,1.00051304017966,1.00004007765351))BOUNDED_CURVE()REPRESENTATION_ITEM('')GEOMETRIC_REPRESENTATION_ITEM()CURVE());
#3720=SURFACE_STYLE_USAGE(.BOTH.,#7086);
#3721=FACE_OUTER_BOUND('',#7087,.T.);
#3722=PLANE('',#7088);
#3723=CURVE_STYLE('',#7089,POSITIVE_LENGTH_MEASURE(1.0E-006),#7090);
#3724=LINE('',#7091,#7092);
#3725=POINT_STYLE(' ',#7093,POSITIVE_LENGTH_MEASURE(1.0E-006),#7094);
#3726=CARTESIAN_POINT('',(3.3277409022129,4.98031621090849,18.2102246225005));
#3727=POINT_STYLE(' ',#7095,POSITIVE_LENGTH_MEASURE(1.0E-006),#7096);
#3728=CARTESIAN_POINT('',(5.22605510013332,2.92673148124317,16.289775377502));
#3729=SURFACE_STYLE_USAGE(.BOTH.,#7097);
#3730=FACE_OUTER_BOUND('',#7098,.T.);
#3731=PLANE('',#7099);
#3732=POINT_STYLE(' ',#7100,POSITIVE_LENGTH_MEASURE(1.0E-006),#7101);
#3733=CARTESIAN_POINT('',(5.98515747776062,0.235157477760637,16.2897753775029));
#3734=CURVE_STYLE('',#7102,POSITIVE_LENGTH_MEASURE(1.0E-006),#7103);
#3735=(B_SPLINE_CURVE(2,(#7105,#7106,#7107),.UNSPECIFIED.,.F.,.F.)B_SPLINE_CURVE_WITH_KNOTS((3,3),(0.0893220067447761,0.497406542910104),.UNSPECIFIED.)RATIONAL_B_SPLINE_CURVE((1.00018296645199,1.00051304018386,1.00004007765384))BOUNDED_CURVE()REPRESENTATION_ITEM('')GEOMETRIC_REPRESENTATION_ITEM()CURVE());
#3736=POINT_STYLE(' ',#7114,POSITIVE_LENGTH_MEASURE(1.0E-006),#7115);
#3737=CARTESIAN_POINT('',(0.70402260922756,-5.94825699164007,16.2897753774994));
#3738=SURFACE_STYLE_USAGE(.BOTH.,#7116);
#3739=FACE_OUTER_BOUND('',#7117,.T.);
#3740=PLANE('',#7118);
#3741=POINT_STYLE(' ',#7119,POSITIVE_LENGTH_MEASURE(1.0E-006),#7120);
#3742=CARTESIAN_POINT('',(-2.20042973610035,-5.3123073119385,18.4500000000008));
#3743=POINT_STYLE(' ',#7121,POSITIVE_LENGTH_MEASURE(1.0E-006),#7122);
#3744=CARTESIAN_POINT('',(-3.70823369393637,-4.70387201612647,16.2897753775031));
#3745=CURVE_STYLE('',#7123,POSITIVE_LENGTH_MEASURE(1.0E-006),#7124);
#3746=(B_SPLINE_CURVE(2,(#7126,#7127,#7128),.UNSPECIFIED.,.F.,.F.)B_SPLINE_CURVE_WITH_KNOTS((3,3),(0.0167092099354677,0.424793746101),.UNSPECIFIED.)RATIONAL_B_SPLINE_CURVE((1.00004007765369,1.00051304018188,1.00018296645128))BOUNDED_CURVE()REPRESENTATION_ITEM('')GEOMETRIC_REPRESENTATION_ITEM()CURVE());
#3747=SURFACE_STYLE_USAGE(.BOTH.,#7135);
#3748=FACE_OUTER_BOUND('',#7136,.T.);
#3749=PLANE('',#7137);
#3750=CURVE_STYLE('',#7138,POSITIVE_LENGTH_MEASURE(1.0E-006),#7139);
#3751=CIRCLE('',#7140,5.69999999999999);
#3752=CURVE_STYLE('',#7141,POSITIVE_LENGTH_MEASURE(1.0E-006),#7142);
#3753=LINE('',#7143,#7144);
#3754=CURVE_STYLE('',#7145,POSITIVE_LENGTH_MEASURE(1.0E-006),#7146);
#3755=CIRCLE('',#7147,1.27832172093566);
#3756=SURFACE_STYLE_USAGE(.BOTH.,#7148);
#3757=FACE_OUTER_BOUND('',#7149,.T.);
#3758=PLANE('',#7150);
#3759=CURVE_STYLE('',#7151,POSITIVE_LENGTH_MEASURE(1.0E-006),#7152);
#3760=(B_SPLINE_CURVE(2,(#7154,#7155,#7156),.UNSPECIFIED.,.F.,.F.)B_SPLINE_CURVE_WITH_KNOTS((3,3),(0.016709209935668,0.424793746097442),.UNSPECIFIED.)RATIONAL_B_SPLINE_CURVE((1.00004007765331,1.00051304017709,1.00018296644958))BOUNDED_CURVE()REPRESENTATION_ITEM('')GEOMETRIC_REPRESENTATION_ITEM()CURVE());
#3761=CURVE_STYLE('',#7163,POSITIVE_LENGTH_MEASURE(1.0E-006),#7164);
#3762=LINE('',#7165,#7166);
#3763=SURFACE_STYLE_USAGE(.BOTH.,#7167);
#3764=FACE_OUTER_BOUND('',#7168,.T.);
#3765=PLANE('',#7169);
#3766=CURVE_STYLE('',#7170,POSITIVE_LENGTH_MEASURE(1.0E-006),#7171);
#3767=CIRCLE('',#7172,1.5);
#3768=CURVE_STYLE('',#7173,POSITIVE_LENGTH_MEASURE(1.0E-006),#7174);
#3769=LINE('',#7175,#7176);
#3770=POINT_STYLE(' ',#7177,POSITIVE_LENGTH_MEASURE(1.0E-006),#7178);
#3771=CARTESIAN_POINT('',(3.37976520067917,-4.65184771765621,16.0499999999987));
#3772=CURVE_STYLE('',#7179,POSITIVE_LENGTH_MEASURE(1.0E-006),#7180);
#3773=(B_SPLINE_CURVE(2,(#7182,#7183,#7184),.UNSPECIFIED.,.F.,.F.)B_SPLINE_CURVE_WITH_KNOTS((3,3),(0.0167092099355802,0.424793746100615),.UNSPECIFIED.)RATIONAL_B_SPLINE_CURVE((1.00004007765364,1.00051304018133,1.00018296645109))BOUNDED_CURVE()REPRESENTATION_ITEM('')GEOMETRIC_REPRESENTATION_ITEM()CURVE());
#3774=CURVE_STYLE('',#7191,POSITIVE_LENGTH_MEASURE(1.0E-006),#7192);
#3775=LINE('',#7193,#7194);
#3776=POINT_STYLE(' ',#7195,POSITIVE_LENGTH_MEASURE(1.0E-006),#7196);
#3777=CARTESIAN_POINT('',(1.77684771765797,-5.46857496869592,18.4500000000005));
#3778=POINT_STYLE(' ',#7197,POSITIVE_LENGTH_MEASURE(1.0E-006),#7198);
#3779=CARTESIAN_POINT('',(-2.20042973610009,5.31230731193736,16.049999999998));
#3780=CURVE_STYLE('',#7199,POSITIVE_LENGTH_MEASURE(1.0E-006),#7200);
#3781=(B_SPLINE_CURVE(2,(#7202,#7203,#7204),.UNSPECIFIED.,.F.,.F.)B_SPLINE_CURVE_WITH_KNOTS((3,3),(0.0893220067509576,0.497406542916219),.UNSPECIFIED.)RATIONAL_B_SPLINE_CURVE((1.00018296645133,1.00051304018197,1.00004007765368))BOUNDED_CURVE()REPRESENTATION_ITEM('')GEOMETRIC_REPRESENTATION_ITEM()CURVE());
#3782=SURFACE_STYLE_USAGE(.BOTH.,#7211);
#3783=FACE_OUTER_BOUND('',#7212,.T.);
#3784=PLANE('',#7213);
#3785=POINT_STYLE(' ',#7214,POSITIVE_LENGTH_MEASURE(1.0E-006),#7215);
#3786=CARTESIAN_POINT('',(1.62586732305959,5.7648906772586,18.2102246224974));
#3787=SURFACE_STYLE_USAGE(.BOTH.,#7216);
#3788=FACE_OUTER_BOUND('',#7217,.T.);
#3789=PLANE('',#7218);
#3790=CURVE_STYLE('',#7219,POSITIVE_LENGTH_MEASURE(1.0E-006),#7220);
#3791=(B_SPLINE_CURVE(2,(#7222,#7223,#7224),.UNSPECIFIED.,.F.,.F.)B_SPLINE_CURVE_WITH_KNOTS((3,3),(0.0893220067483269,0.497406542912432),.UNSPECIFIED.)RATIONAL_B_SPLINE_CURVE((1.00018296645075,1.00051304018036,1.00004007765356))BOUNDED_CURVE()REPRESENTATION_ITEM('')GEOMETRIC_REPRESENTATION_ITEM()CURVE());
#3792=POINT_STYLE(' ',#7231,POSITIVE_LENGTH_MEASURE(1.0E-006),#7232);
#3793=CARTESIAN_POINT('',(-1.62586732306058,5.76489067725802,16.2897753775022));
#3794=POINT_STYLE(' ',#7233,POSITIVE_LENGTH_MEASURE(1.0E-006),#7234);
#3795=CARTESIAN_POINT('',(5.31230731193739,2.20042973610009,18.4500000000019));
#3796=POINT_STYLE(' ',#7235,POSITIVE_LENGTH_MEASURE(1.0E-006),#7236);
#3797=CARTESIAN_POINT('',(2.07316342621653,-5.61955536329149,18.2102246225004));
#3798=POINT_STYLE(' ',#7237,POSITIVE_LENGTH_MEASURE(1.0E-006),#7238);
#3799=CARTESIAN_POINT('',(1.62586732305959,5.7648906772586,16.2897753775025));
#3800=CURVE_STYLE('',#7239,POSITIVE_LENGTH_MEASURE(1.0E-006),#7240);
#3801=CIRCLE('',#7241,5.69999999999999);
#3802=POINT_STYLE(' ',#7242,POSITIVE_LENGTH_MEASURE(1.0E-006),#7243);
#3803=CARTESIAN_POINT('',(4.9026809450346,-3.00436674711757,18.4500000000007));
#3804=CURVE_STYLE('',#7244,POSITIVE_LENGTH_MEASURE(1.0E-006),#7245);
#3805=LINE('',#7246,#7247);
#3806=POINT_STYLE(' ',#7248,POSITIVE_LENGTH_MEASURE(1.0E-006),#7249);
#3807=CARTESIAN_POINT('',(-5.5911270422875,-1.3423108421724,16.050000000001));
#3808=CURVE_STYLE('',#7250,POSITIVE_LENGTH_MEASURE(1.0E-006),#7251);
#3809=LINE('',#7252,#7253);
#3810=CURVE_STYLE('',#7254,POSITIVE_LENGTH_MEASURE(1.0E-006),#7255);
#3811=LINE('',#7256,#7257);
#3812=SURFACE_STYLE_USAGE(.BOTH.,#7258);
#3813=FACE_OUTER_BOUND('',#7259,.T.);
#3814=PLANE('',#7260);
#3815=CURVE_STYLE('',#7261,POSITIVE_LENGTH_MEASURE(1.0E-006),#7262);
#3816=LINE('',#7263,#7264);
#3817=CURVE_STYLE('',#7265,POSITIVE_LENGTH_MEASURE(1.0E-006),#7266);
#3818=(B_SPLINE_CURVE(2,(#7268,#7269,#7270),.UNSPECIFIED.,.F.,.F.)B_SPLINE_CURVE_WITH_KNOTS((3,3),(0.0893220067469773,0.497406542911517),.UNSPECIFIED.)RATIONAL_B_SPLINE_CURVE((1.00018296645024,1.00051304017895,1.00004007765345))BOUNDED_CURVE()REPRESENTATION_ITEM('')GEOMETRIC_REPRESENTATION_ITEM()CURVE());
#3819=CURVE_STYLE('',#7277,POSITIVE_LENGTH_MEASURE(1.0E-006),#7278);
#3820=LINE('',#7279,#7280);
#3821=CURVE_STYLE('',#7281,POSITIVE_LENGTH_MEASURE(1.0E-006),#7282);
#3822=(B_SPLINE_CURVE(2,(#7284,#7285,#7286),.UNSPECIFIED.,.F.,.F.)B_SPLINE_CURVE_WITH_KNOTS((3,3),(0.0167092099392035,0.424793746101396),.UNSPECIFIED.)RATIONAL_B_SPLINE_CURVE((1.00004007765363,1.00051304018101,1.00018296645097))BOUNDED_CURVE()REPRESENTATION_ITEM('')GEOMETRIC_REPRESENTATION_ITEM()CURVE());
#3823=CURVE_STYLE('',#7293,POSITIVE_LENGTH_MEASURE(1.0E-006),#7294);
#3824=LINE('',#7295,#7296);
#3825=CURVE_STYLE('',#7297,POSITIVE_LENGTH_MEASURE(1.0E-006),#7298);
#3826=(B_SPLINE_CURVE(2,(#7300,#7301,#7302),.UNSPECIFIED.,.F.,.F.)B_SPLINE_CURVE_WITH_KNOTS((3,3),(0.0893220067485535,0.497406542915163),.UNSPECIFIED.)RATIONAL_B_SPLINE_CURVE((1.00018296645085,1.00051304018066,1.00004007765358))BOUNDED_CURVE()REPRESENTATION_ITEM('')GEOMETRIC_REPRESENTATION_ITEM()CURVE());
#3827=CURVE_STYLE('',#7309,POSITIVE_LENGTH_MEASURE(1.0E-006),#7310);
#3828=(B_SPLINE_CURVE(2,(#7312,#7313,#7314),.UNSPECIFIED.,.F.,.F.)B_SPLINE_CURVE_WITH_KNOTS((3,3),(0.0167092099320041,0.42479374609867),.UNSPECIFIED.)RATIONAL_B_SPLINE_CURVE((1.00004007765375,1.00051304018278,1.00018296645161))BOUNDED_CURVE()REPRESENTATION_ITEM('')GEOMETRIC_REPRESENTATION_ITEM()CURVE());
#3829=POINT_STYLE(' ',#7321,POSITIVE_LENGTH_MEASURE(1.0E-006),#7322);
#3830=CARTESIAN_POINT('',(5.43957362182083,2.50767778745398,18.2102246225005));
#3831=CURVE_STYLE('',#7323,POSITIVE_LENGTH_MEASURE(1.0E-006),#7324);
#3832=(B_SPLINE_CURVE(2,(#7326,#7327,#7328),.UNSPECIFIED.,.F.,.F.)B_SPLINE_CURVE_WITH_KNOTS((3,3),(0.0167092099297391,0.424793746099229),.UNSPECIFIED.)RATIONAL_B_SPLINE_CURVE((1.00004007765353,1.00051304018002,1.00018296645062))BOUNDED_CURVE()REPRESENTATION_ITEM('')GEOMETRIC_REPRESENTATION_ITEM()CURVE());
#3833=SURFACE_STYLE_USAGE(.BOTH.,#7335);
#3834=FACE_OUTER_BOUND('',#7336,.T.);
#3835=PLANE('',#7337);
#3836=SURFACE_STYLE_USAGE(.BOTH.,#7338);
#3837=FACE_OUTER_BOUND('',#7339,.T.);
#3838=PLANE('',#7340);
#3839=CURVE_STYLE('',#7341,POSITIVE_LENGTH_MEASURE(1.0E-006),#7342);
#3840=LINE('',#7343,#7344);
#3841=CURVE_STYLE('',#7345,POSITIVE_LENGTH_MEASURE(1.0E-006),#7346);
#3842=LINE('',#7347,#7348);
#3843=POINT_STYLE(' ',#7349,POSITIVE_LENGTH_MEASURE(1.0E-006),#7350);
#3844=CARTESIAN_POINT('',(-5.98515747776063,-0.235157477760606,18.210224622497));
#3845=CURVE_STYLE('',#7351,POSITIVE_LENGTH_MEASURE(1.0E-006),#7352);
#3846=LINE('',#7353,#7354);
#3847=CURVE_STYLE('',#7355,POSITIVE_LENGTH_MEASURE(1.0E-006),#7356);
#3848=LINE('',#7357,#7358);
#3849=POINT_STYLE(' ',#7359,POSITIVE_LENGTH_MEASURE(1.0E-006),#7360);
#3850=CARTESIAN_POINT('',(4.65184771765794,-3.37976520068056,16.0500000000009));
#3851=CURVE_STYLE('',#7361,POSITIVE_LENGTH_MEASURE(1.0E-006),#7362);
#3852=(B_SPLINE_CURVE(2,(#7364,#7365,#7366),.UNSPECIFIED.,.F.,.F.)B_SPLINE_CURVE_WITH_KNOTS((3,3),(0.0167092099297547,0.42479374609495),.UNSPECIFIED.)RATIONAL_B_SPLINE_CURVE((1.00004007765348,1.00051304017947,1.00018296645043))BOUNDED_CURVE()REPRESENTATION_ITEM('')GEOMETRIC_REPRESENTATION_ITEM()CURVE());
#3853=CURVE_STYLE('',#7373,POSITIVE_LENGTH_MEASURE(1.0E-006),#7374);
#3854=(B_SPLINE_CURVE(2,(#7376,#7377,#7378),.UNSPECIFIED.,.F.,.F.)B_SPLINE_CURVE_WITH_KNOTS((3,3),(0.0893220067486847,0.497406542910068),.UNSPECIFIED.)RATIONAL_B_SPLINE_CURVE((1.00018296645071,1.00051304018027,1.00004007765356))BOUNDED_CURVE()REPRESENTATION_ITEM('')GEOMETRIC_REPRESENTATION_ITEM()CURVE());
#3855=POINT_STYLE(' ',#7385,POSITIVE_LENGTH_MEASURE(1.0E-006),#7386);
#3856=CARTESIAN_POINT('',(3.73432627789923,4.37233430219999,18.4499999999997));
#3857=POINT_STYLE(' ',#7387,POSITIVE_LENGTH_MEASURE(1.0E-006),#7388);
#3858=CARTESIAN_POINT('',(5.69999999999999,9.23847411460476E-013,16.0));
#3859=CURVE_STYLE('',#7389,POSITIVE_LENGTH_MEASURE(1.0E-006),#7390);
#3860=CIRCLE('',#7391,1.27832172093566);
#3861=CURVE_STYLE('',#7392,POSITIVE_LENGTH_MEASURE(1.0E-006),#7393);
#3862=LINE('',#7394,#7395);
#3863=POINT_STYLE(' ',#7396,POSITIVE_LENGTH_MEASURE(1.0E-006),#7397);
#3864=CARTESIAN_POINT('',(-4.65184771765618,-3.37976520067912,18.4500000000013));
#3865=SURFACE_STYLE_USAGE(.BOTH.,#7398);
#3866=FACE_OUTER_BOUND('',#7399,.T.);
#3867=PLANE('',#7400);
#3868=CURVE_STYLE('',#7401,POSITIVE_LENGTH_MEASURE(1.0E-006),#7402);
#3869=(B_SPLINE_CURVE(2,(#7404,#7405,#7406),.UNSPECIFIED.,.F.,.F.)B_SPLINE_CURVE_WITH_KNOTS((3,3),(0.0167092099332488,0.424793746103797),.UNSPECIFIED.)RATIONAL_B_SPLINE_CURVE((1.00004007765369,1.00051304018196,1.00018296645131))BOUNDED_CURVE()REPRESENTATION_ITEM('')GEOMETRIC_REPRESENTATION_ITEM()CURVE());
#3870=CURVE_STYLE('',#7413,POSITIVE_LENGTH_MEASURE(1.0E-006),#7414);
#3871=LINE('',#7415,#7416);
#3872=CURVE_STYLE('',#7417,POSITIVE_LENGTH_MEASURE(1.0E-006),#7418);
#3873=LINE('',#7419,#7420);
#3874=SURFACE_STYLE_USAGE(.BOTH.,#7421);
#3875=FACE_OUTER_BOUND('',#7422,.T.);
#3876=PLANE('',#7423);
#3877=POINT_STYLE(' ',#7424,POSITIVE_LENGTH_MEASURE(1.0E-006),#7425);
#3878=CARTESIAN_POINT('',(5.98515747776062,0.235157477760636,18.210224622497));
#3879=POINT_STYLE(' ',#7426,POSITIVE_LENGTH_MEASURE(1.0E-006),#7427);
#3880=CARTESIAN_POINT('',(0.235157477760667,-5.98515747776058,18.2102246224971));
#3881=POINT_STYLE(' ',#7428,POSITIVE_LENGTH_MEASURE(1.0E-006),#7429);
#3882=CARTESIAN_POINT('',(0.899498173983289,5.67920795842051,18.4500000000012));
#3883=CURVE_STYLE('',#7430,POSITIVE_LENGTH_MEASURE(1.0E-006),#7431);
#3884=(B_SPLINE_CURVE(2,(#7433,#7434,#7435),.UNSPECIFIED.,.F.,.F.)B_SPLINE_CURVE_WITH_KNOTS((3,3),(0.089322006748511,0.497406542915448),.UNSPECIFIED.)RATIONAL_B_SPLINE_CURVE((1.00018296645091,1.00051304018082,1.00004007765359))BOUNDED_CURVE()REPRESENTATION_ITEM('')GEOMETRIC_REPRESENTATION_ITEM()CURVE());
#3885=POINT_STYLE(' ',#7442,POSITIVE_LENGTH_MEASURE(1.0E-006),#7443);
#3886=CARTESIAN_POINT('',(-0.704022609227592,5.94825699164004,16.2897753774994));
#3887=POINT_STYLE(' ',#7444,POSITIVE_LENGTH_MEASURE(1.0E-006),#7445);
#3888=CARTESIAN_POINT('',(0.899498173983289,5.67920795842051,16.0499999999988));
#3889=CURVE_STYLE('',#7446,POSITIVE_LENGTH_MEASURE(1.0E-006),#7447);
#3890=(B_SPLINE_CURVE(2,(#7449,#7450,#7451),.UNSPECIFIED.,.F.,.F.)B_SPLINE_CURVE_WITH_KNOTS((3,3),(0.0893220067442945,0.497406542916199),.UNSPECIFIED.)RATIONAL_B_SPLINE_CURVE((1.00018296645071,1.00051304018027,1.00004007765355))BOUNDED_CURVE()REPRESENTATION_ITEM('')GEOMETRIC_REPRESENTATION_ITEM()CURVE());
#3891=POINT_STYLE(' ',#7458,POSITIVE_LENGTH_MEASURE(1.0E-006),#7459);
#3892=CARTESIAN_POINT('',(-2.92673148124532,5.22605510013401,16.2897753775036));
#3893=POINT_STYLE(' ',#7460,POSITIVE_LENGTH_MEASURE(1.0E-006),#7461);
#3894=CARTESIAN_POINT('',(-5.31230731193855,2.2004297361005,18.4500000000007));
#3895=POINT_STYLE(' ',#7462,POSITIVE_LENGTH_MEASURE(1.0E-006),#7463);
#3896=CARTESIAN_POINT('',(2.07316342621645,5.61955536329378,16.2897753775016));
#3897=CURVE_STYLE('',#7464,POSITIVE_LENGTH_MEASURE(1.0E-006),#7465);
#3898=(B_SPLINE_CURVE(2,(#7467,#7468,#7469),.UNSPECIFIED.,.F.,.F.)B_SPLINE_CURVE_WITH_KNOTS((3,3),(0.0167092099364965,0.424793746101533),.UNSPECIFIED.)RATIONAL_B_SPLINE_CURVE((1.00004007765367,1.00051304018165,1.0001829664512))BOUNDED_CURVE()REPRESENTATION_ITEM('')GEOMETRIC_REPRESENTATION_ITEM()CURVE());
#3899=POINT_STYLE(' ',#7476,POSITIVE_LENGTH_MEASURE(1.0E-006),#7477);
#3900=CARTESIAN_POINT('',(1.16854720720252,5.87468352317301,18.2102246225003));
#3901=POINT_STYLE(' ',#7478,POSITIVE_LENGTH_MEASURE(1.0E-006),#7479);
#3902=CARTESIAN_POINT('',(-5.73227466896805,0.451139800435257,18.4499999999974));
#3903=CURVE_STYLE('',#7480,POSITIVE_LENGTH_MEASURE(1.0E-006),#7481);
#3904=(B_SPLINE_CURVE(2,(#7483,#7484,#7485),.UNSPECIFIED.,.F.,.F.)B_SPLINE_CURVE_WITH_KNOTS((3,3),(0.0893220067511156,0.497406542916235),.UNSPECIFIED.)RATIONAL_B_SPLINE_CURVE((1.00018296645018,1.00051304017875,1.00004007765343))BOUNDED_CURVE()REPRESENTATION_ITEM('')GEOMETRIC_REPRESENTATION_ITEM()CURVE());
#3905=CURVE_STYLE('',#7492,POSITIVE_LENGTH_MEASURE(1.0E-006),#7493);
#3906=(B_SPLINE_CURVE(2,(#7495,#7496,#7497),.UNSPECIFIED.,.F.,.F.)B_SPLINE_CURVE_WITH_KNOTS((3,3),(0.0167092099306743,0.424793746095134),.UNSPECIFIED.)RATIONAL_B_SPLINE_CURVE((1.00004007765361,1.00051304018102,1.00018296645099))BOUNDED_CURVE()REPRESENTATION_ITEM('')GEOMETRIC_REPRESENTATION_ITEM()CURVE());
#3907=CURVE_STYLE('',#7504,POSITIVE_LENGTH_MEASURE(1.0E-006),#7505);
#3908=(B_SPLINE_CURVE(2,(#7507,#7508,#7509),.UNSPECIFIED.,.F.,.F.)B_SPLINE_CURVE_WITH_KNOTS((3,3),(0.089322006742639,0.497406542910364),.UNSPECIFIED.)RATIONAL_B_SPLINE_CURVE((1.00018296645065,1.00051304018012,1.00004007765355))BOUNDED_CURVE()REPRESENTATION_ITEM('')GEOMETRIC_REPRESENTATION_ITEM()CURVE());
#3909=CURVE_STYLE('',#7516,POSITIVE_LENGTH_MEASURE(1.0E-006),#7517);
#3910=(B_SPLINE_CURVE(2,(#7519,#7520,#7521),.UNSPECIFIED.,.F.,.F.)B_SPLINE_CURVE_WITH_KNOTS((3,3),(0.0893220067453122,0.497406542909931),.UNSPECIFIED.)RATIONAL_B_SPLINE_CURVE((1.00018296644914,1.00051304017586,1.00004007765322))BOUNDED_CURVE()REPRESENTATION_ITEM('')GEOMETRIC_REPRESENTATION_ITEM()CURVE());
#3911=POINT_STYLE(' ',#7528,POSITIVE_LENGTH_MEASURE(1.0E-006),#7529);
#3912=CARTESIAN_POINT('',(-5.69999999999999,4.01800057114958E-015,16.0));
#3913=POINT_STYLE(' ',#7530,POSITIVE_LENGTH_MEASURE(1.0E-006),#7531);
#3914=CARTESIAN_POINT('',(-4.90268094503455,3.00436674711754,18.4500000000008));
#3915=SURFACE_STYLE_USAGE(.BOTH.,#7532);
#3916=FACE_OUTER_BOUND('',#7533,.T.);
#3917=PLANE('',#7534);
#3918=POINT_STYLE(' ',#7535,POSITIVE_LENGTH_MEASURE(1.0E-006),#7536);
#3919=CARTESIAN_POINT('',(-3.70823369393602,4.703872016125,16.2897753775017));
#3920=CURVE_STYLE('',#7537,POSITIVE_LENGTH_MEASURE(1.0E-006),#7538);
#3921=(B_SPLINE_CURVE(2,(#7540,#7541,#7542),.UNSPECIFIED.,.F.,.F.)B_SPLINE_CURVE_WITH_KNOTS((3,3),(0.0893220067480062,0.497406542916461),.UNSPECIFIED.)RATIONAL_B_SPLINE_CURVE((1.00018296645116,1.00051304018152,1.00004007765364))BOUNDED_CURVE()REPRESENTATION_ITEM('')GEOMETRIC_REPRESENTATION_ITEM()CURVE());
#3922=POINT_STYLE(' ',#7549,POSITIVE_LENGTH_MEASURE(1.0E-006),#7550);
#3923=CARTESIAN_POINT('',(3.37976520068064,4.65184771765794,18.449999999999));
#3924=SURFACE_STYLE_USAGE(.BOTH.,#7551);
#3925=FACE_OUTER_BOUND('',#7552,.T.);
#3926=PLANE('',#7553);
#3927=SURFACE_STYLE_USAGE(.BOTH.,#7554);
#3928=FACE_OUTER_BOUND('',#7555,.T.);
#3929=PLANE('',#7556);
#3930=SURFACE_STYLE_USAGE(.BOTH.,#7557);
#3931=FACE_OUTER_BOUND('',#7558,.T.);
#3932=PLANE('',#7559);
#3933=SURFACE_STYLE_USAGE(.BOTH.,#7560);
#3934=FACE_OUTER_BOUND('',#7561,.T.);
#3935=CONICAL_SURFACE('',#7562,5.84999999999998,0.785398163397519);
#3936=POINT_STYLE(' ',#7563,POSITIVE_LENGTH_MEASURE(1.0E-006),#7564);
#3937=CARTESIAN_POINT('',(5.12328751408359,2.61044537350264,18.4499999999994));
#3938=POINT_STYLE(' ',#7565,POSITIVE_LENGTH_MEASURE(1.0E-006),#7566);
#3939=CARTESIAN_POINT('',(-5.76489067725858,1.6258673230596,18.2102246224974));
#3940=POINT_STYLE(' ',#7567,POSITIVE_LENGTH_MEASURE(1.0E-006),#7568);
#3941=CARTESIAN_POINT('',(-5.46857496869592,-1.77684771765794,16.0499999999995));
#3942=POINT_STYLE(' ',#7569,POSITIVE_LENGTH_MEASURE(1.0E-006),#7570);
#3943=CARTESIAN_POINT('',(-5.22605510013018,2.9267314812436,16.2897753774994));
#3944=CURVE_STYLE('',#7571,POSITIVE_LENGTH_MEASURE(1.0E-006),#7572);
#3945=(B_SPLINE_CURVE(2,(#7574,#7575,#7576),.UNSPECIFIED.,.F.,.F.)B_SPLINE_CURVE_WITH_KNOTS((3,3),(0.0167092099306361,0.424793746099437),.UNSPECIFIED.)RATIONAL_B_SPLINE_CURVE((1.00004007765371,1.00051304018234,1.00018296645145))BOUNDED_CURVE()REPRESENTATION_ITEM('')GEOMETRIC_REPRESENTATION_ITEM()CURVE());
#3946=POINT_STYLE(' ',#7583,POSITIVE_LENGTH_MEASURE(1.0E-006),#7584);
#3947=CARTESIAN_POINT('',(2.50767778745387,5.43957362182184,16.2897753775003));
#3948=CURVE_STYLE('',#7585,POSITIVE_LENGTH_MEASURE(1.0E-006),#7586);
#3949=(B_SPLINE_CURVE(2,(#7588,#7589,#7590),.UNSPECIFIED.,.F.,.F.)B_SPLINE_CURVE_WITH_KNOTS((3,3),(0.016709209935491,0.424793746097582),.UNSPECIFIED.)RATIONAL_B_SPLINE_CURVE((1.00004007765362,1.00051304018101,1.00018296645098))BOUNDED_CURVE()REPRESENTATION_ITEM('')GEOMETRIC_REPRESENTATION_ITEM()CURVE());
#3950=POINT_STYLE(' ',#7597,POSITIVE_LENGTH_MEASURE(1.0E-006),#7598);
#3951=CARTESIAN_POINT('',(3.3277409022111,-4.98031621090894,16.2897753774988));
#3952=POINT_STYLE(' ',#7599,POSITIVE_LENGTH_MEASURE(1.0E-006),#7600);
#3953=CARTESIAN_POINT('',(4.06586399182169,4.39842688616243,16.2897753775002));
#3954=SURFACE_STYLE_USAGE(.BOTH.,#7601);
#3955=FACE_OUTER_BOUND('',#7602,.T.);
#3956=PLANE('',#7603);
#3957=POINT_STYLE(' ',#7604,POSITIVE_LENGTH_MEASURE(1.0E-006),#7605);
#3958=CARTESIAN_POINT('',(5.94825699164,0.704022609227544,16.2897753774993));
#3959=CURVE_STYLE('',#7606,POSITIVE_LENGTH_MEASURE(1.0E-006),#7607);
#3960=LINE('',#7608,#7609);
#3961=POINT_STYLE(' ',#7610,POSITIVE_LENGTH_MEASURE(1.0E-006),#7611);
#3962=CARTESIAN_POINT('',(-5.98515747776017,0.235157477760182,16.2897753775024));
#3963=SURFACE_STYLE_USAGE(.BOTH.,#7612);
#3964=FACE_OUTER_BOUND('',#7613,.T.);
#3965=PLANE('',#7614);
#3966=CURVE_STYLE('',#7615,POSITIVE_LENGTH_MEASURE(1.0E-006),#7616);
#3967=(B_SPLINE_CURVE(2,(#7618,#7619,#7620),.UNSPECIFIED.,.F.,.F.)B_SPLINE_CURVE_WITH_KNOTS((3,3),(0.0893220067470433,0.497406542910095),.UNSPECIFIED.)RATIONAL_B_SPLINE_CURVE((1.00018296645163,1.00051304018285,1.00004007765376))BOUNDED_CURVE()REPRESENTATION_ITEM('')GEOMETRIC_REPRESENTATION_ITEM()CURVE());
#3968=CURVE_STYLE('',#7627,POSITIVE_LENGTH_MEASURE(1.0E-006),#7628);
#3969=(B_SPLINE_CURVE(2,(#7630,#7631,#7632),.UNSPECIFIED.,.F.,.F.)B_SPLINE_CURVE_WITH_KNOTS((3,3),(0.0893220067458831,0.497406542913959),.UNSPECIFIED.)RATIONAL_B_SPLINE_CURVE((1.00018296645042,1.00051304017945,1.00004007765349))BOUNDED_CURVE()REPRESENTATION_ITEM('')GEOMETRIC_REPRESENTATION_ITEM()CURVE());
#3970=POINT_STYLE(' ',#7639,POSITIVE_LENGTH_MEASURE(1.0E-006),#7640);
#3971=CARTESIAN_POINT('',(-5.43957362182183,2.50767778745386,18.2102246224996));
#3972=POINT_STYLE(' ',#7641,POSITIVE_LENGTH_MEASURE(1.0E-006),#7642);
#3973=CARTESIAN_POINT('',(4.98031621090846,-3.32774090221283,16.2897753774993));
#3974=CURVE_STYLE('',#7643,POSITIVE_LENGTH_MEASURE(1.0E-006),#7644);
#3975=LINE('',#7645,#7646);
#3976=SURFACE_STYLE_USAGE(.BOTH.,#7647);
#3977=FACE_OUTER_BOUND('',#7648,.T.);
#3978=PLANE('',#7649);
#3979=POINT_STYLE(' ',#7650,POSITIVE_LENGTH_MEASURE(1.0E-006),#7651);
#3980=CARTESIAN_POINT('',(1.77684771765646,5.46857496869748,18.4499999999995));
#3981=POINT_STYLE(' ',#7652,POSITIVE_LENGTH_MEASURE(1.0E-006),#7653);
#3982=CARTESIAN_POINT('',(4.98031621090846,-3.32774090221283,18.2102246225006));
#3983=CURVE_STYLE('',#7654,POSITIVE_LENGTH_MEASURE(1.0E-006),#7655);
#3984=(B_SPLINE_CURVE(2,(#7657,#7658,#7659),.UNSPECIFIED.,.F.,.F.)B_SPLINE_CURVE_WITH_KNOTS((3,3),(0.0167092099341668,0.424793746098884),.UNSPECIFIED.)RATIONAL_B_SPLINE_CURVE((1.00004007765362,1.00051304018107,1.000182966451))BOUNDED_CURVE()REPRESENTATION_ITEM('')GEOMETRIC_REPRESENTATION_ITEM()CURVE());
#3985=CURVE_STYLE('',#7666,POSITIVE_LENGTH_MEASURE(1.0E-006),#7667);
#3986=(B_SPLINE_CURVE(2,(#7669,#7670,#7671),.UNSPECIFIED.,.F.,.F.)B_SPLINE_CURVE_WITH_KNOTS((3,3),(0.0893220067449939,0.497406542910099),.UNSPECIFIED.)RATIONAL_B_SPLINE_CURVE((1.00018296645057,1.00051304017988,1.00004007765353))BOUNDED_CURVE()REPRESENTATION_ITEM('')GEOMETRIC_REPRESENTATION_ITEM()CURVE());
#3987=SURFACE_STYLE_USAGE(.BOTH.,#7678);
#3988=FACE_OUTER_BOUND('',#7679,.T.);
#3989=PLANE('',#7680);
#3990=CURVE_STYLE('',#7681,POSITIVE_LENGTH_MEASURE(1.0E-006),#7682);
#3991=LINE('',#7683,#7684);
#3992=CURVE_STYLE('',#7685,POSITIVE_LENGTH_MEASURE(1.0E-006),#7686);
#3993=(B_SPLINE_CURVE(2,(#7688,#7689,#7690),.UNSPECIFIED.,.F.,.F.)B_SPLINE_CURVE_WITH_KNOTS((3,3),(0.0893220067471464,0.497406542913886),.UNSPECIFIED.)RATIONAL_B_SPLINE_CURVE((1.00018296645132,1.00051304018199,1.00004007765369))BOUNDED_CURVE()REPRESENTATION_ITEM('')GEOMETRIC_REPRESENTATION_ITEM()CURVE());
#3994=POINT_STYLE(' ',#7697,POSITIVE_LENGTH_MEASURE(1.0E-006),#7698);
#3995=CARTESIAN_POINT('',(5.67920795842045,-0.899498173983232,16.0499999999987));
#3996=CURVE_STYLE('',#7699,POSITIVE_LENGTH_MEASURE(1.0E-006),#7700);
#3997=(B_SPLINE_CURVE(2,(#7702,#7703,#7704),.UNSPECIFIED.,.F.,.F.)B_SPLINE_CURVE_WITH_KNOTS((3,3),(0.0167092099295028,0.424793746097826),.UNSPECIFIED.)RATIONAL_B_SPLINE_CURVE((1.00004007765361,1.00051304018112,1.00018296645101))BOUNDED_CURVE()REPRESENTATION_ITEM('')GEOMETRIC_REPRESENTATION_ITEM()CURVE());
#3998=SURFACE_STYLE_USAGE(.BOTH.,#7711);
#3999=FACE_OUTER_BOUND('',#7712,.T.);
#4000=CYLINDRICAL_SURFACE('',#7713,1.5);
#4001=POINT_STYLE(' ',#7714,POSITIVE_LENGTH_MEASURE(1.0E-006),#7715);
#4002=CARTESIAN_POINT('',(0.235157477760137,5.98515747776018,16.2897753775024));
#4003=CURVE_STYLE('',#7716,POSITIVE_LENGTH_MEASURE(1.0E-006),#7717);
#4004=(B_SPLINE_CURVE(2,(#7719,#7720,#7721),.UNSPECIFIED.,.F.,.F.)B_SPLINE_CURVE_WITH_KNOTS((3,3),(0.0893220067421125,0.497406542910043),.UNSPECIFIED.)RATIONAL_B_SPLINE_CURVE((1.00018296645023,1.00051304017894,1.00004007765346))BOUNDED_CURVE()REPRESENTATION_ITEM('')GEOMETRIC_REPRESENTATION_ITEM()CURVE());
#4005=CURVE_STYLE('',#7728,POSITIVE_LENGTH_MEASURE(1.0E-006),#7729);
#4006=(B_SPLINE_CURVE(2,(#7731,#7732,#7733),.UNSPECIFIED.,.F.,.F.)B_SPLINE_CURVE_WITH_KNOTS((3,3),(0.0893220067512398,0.49740654291545),.UNSPECIFIED.)RATIONAL_B_SPLINE_CURVE((1.00018296645022,1.00051304017886,1.00004007765344))BOUNDED_CURVE()REPRESENTATION_ITEM('')GEOMETRIC_REPRESENTATION_ITEM()CURVE());
#4007=CURVE_STYLE('',#7740,POSITIVE_LENGTH_MEASURE(1.0E-006),#7741);
#4008=(B_SPLINE_CURVE(2,(#7743,#7744,#7745),.UNSPECIFIED.,.F.,.F.)B_SPLINE_CURVE_WITH_KNOTS((3,3),(0.0167092099350404,0.424793746101517),.UNSPECIFIED.)RATIONAL_B_SPLINE_CURVE((1.00004007765371,1.00051304018217,1.00018296645138))BOUNDED_CURVE()REPRESENTATION_ITEM('')GEOMETRIC_REPRESENTATION_ITEM()CURVE());
#4009=SURFACE_STYLE_USAGE(.BOTH.,#7752);
#4010=FACE_OUTER_BOUND('',#7753,.T.);
#4011=PLANE('',#7754);
#4012=CURVE_STYLE('',#7755,POSITIVE_LENGTH_MEASURE(1.0E-006),#7756);
#4013=(B_SPLINE_CURVE(2,(#7758,#7759,#7760),.UNSPECIFIED.,.F.,.F.)B_SPLINE_CURVE_WITH_KNOTS((3,3),(0.0893220067456305,0.497406542910448),.UNSPECIFIED.)RATIONAL_B_SPLINE_CURVE((1.00018296645048,1.00051304017964,1.00004007765351))BOUNDED_CURVE()REPRESENTATION_ITEM('')GEOMETRIC_REPRESENTATION_ITEM()CURVE());
#4014=CURVE_STYLE('',#7767,POSITIVE_LENGTH_MEASURE(1.0E-006),#7768);
#4015=LINE('',#7769,#7770);
#4016=CURVE_STYLE('',#7771,POSITIVE_LENGTH_MEASURE(1.0E-006),#7772);
#4017=LINE('',#7773,#7774);
#4018=SURFACE_STYLE_USAGE(.BOTH.,#7775);
#4019=FACE_OUTER_BOUND('',#7776,.T.);
#4020=PLANE('',#7777);
#4021=POINT_STYLE(' ',#7778,POSITIVE_LENGTH_MEASURE(1.0E-006),#7779);
#4022=CARTESIAN_POINT('',(-4.37233430219945,-3.73432627789867,16.0499999999995));
#4023=CURVE_STYLE('',#7780,POSITIVE_LENGTH_MEASURE(1.0E-006),#7781);
#4024=(B_SPLINE_CURVE(2,(#7783,#7784,#7785),.UNSPECIFIED.,.F.,.F.)B_SPLINE_CURVE_WITH_KNOTS((3,3),(0.0167092099353378,0.424793746100745),.UNSPECIFIED.)RATIONAL_B_SPLINE_CURVE((1.00004007765363,1.00051304018118,1.00018296645103))BOUNDED_CURVE()REPRESENTATION_ITEM('')GEOMETRIC_REPRESENTATION_ITEM()CURVE());
#4025=CURVE_STYLE('',#7792,POSITIVE_LENGTH_MEASURE(1.0E-006),#7793);
#4026=LINE('',#7794,#7795);
#4027=CURVE_STYLE('',#7796,POSITIVE_LENGTH_MEASURE(1.0E-006),#7797);
#4028=LINE('',#7798,#7799);
#4029=POINT_STYLE(' ',#7800,POSITIVE_LENGTH_MEASURE(1.0E-006),#7801);
#4030=CARTESIAN_POINT('',(-5.12328751408066,2.61044537350379,16.0499999999984));
#4031=POINT_STYLE(' ',#7802,POSITIVE_LENGTH_MEASURE(1.0E-006),#7803);
#4032=CARTESIAN_POINT('',(3.70823369393608,-4.70387201612494,18.2102246224982));
#4033=POINT_STYLE(' ',#7804,POSITIVE_LENGTH_MEASURE(1.0E-006),#7805);
#4034=CARTESIAN_POINT('',(-5.87468352317398,-1.16854720720298,16.2897753775007));
#4035=SURFACE_STYLE_USAGE(.BOTH.,#7806);
#4036=FACE_OUTER_BOUND('',#7807,.T.);
#4037=PLANE('',#7808);
#4038=CURVE_STYLE('',#7809,POSITIVE_LENGTH_MEASURE(1.0E-006),#7810);
#4039=(B_SPLINE_CURVE(2,(#7812,#7813,#7814),.UNSPECIFIED.,.F.,.F.)B_SPLINE_CURVE_WITH_KNOTS((3,3),(0.0893220067470913,0.497406542911483),.UNSPECIFIED.)RATIONAL_B_SPLINE_CURVE((1.00018296644918,1.00051304017597,1.00004007765322))BOUNDED_CURVE()REPRESENTATION_ITEM('')GEOMETRIC_REPRESENTATION_ITEM()CURVE());
#4040=CURVE_STYLE('',#7821,POSITIVE_LENGTH_MEASURE(1.0E-006),#7822);
#4041=(B_SPLINE_CURVE(2,(#7824,#7825,#7826),.UNSPECIFIED.,.F.,.F.)B_SPLINE_CURVE_WITH_KNOTS((3,3),(0.0167092099392003,0.42479374610179),.UNSPECIFIED.)RATIONAL_B_SPLINE_CURVE((1.00004007765358,1.00051304018035,1.00018296645073))BOUNDED_CURVE()REPRESENTATION_ITEM('')GEOMETRIC_REPRESENTATION_ITEM()CURVE());
#4042=CURVE_STYLE('',#7833,POSITIVE_LENGTH_MEASURE(1.0E-006),#7834);
#4043=LINE('',#7835,#7836);
#4044=POINT_STYLE(' ',#7837,POSITIVE_LENGTH_MEASURE(1.0E-006),#7838);
#4045=CARTESIAN_POINT('',(5.46857496869603,1.77684771765794,16.0499999999996));
#4046=CURVE_STYLE('',#7839,POSITIVE_LENGTH_MEASURE(1.0E-006),#7840);
#4047=(B_SPLINE_CURVE(2,(#7842,#7843,#7844),.UNSPECIFIED.,.F.,.F.)B_SPLINE_CURVE_WITH_KNOTS((3,3),(0.016709209930392,0.424793746098636),.UNSPECIFIED.)RATIONAL_B_SPLINE_CURVE((1.00004007765364,1.00051304018141,1.00018296645112))BOUNDED_CURVE()REPRESENTATION_ITEM('')GEOMETRIC_REPRESENTATION_ITEM()CURVE());
#4048=CURVE_STYLE('',#7851,POSITIVE_LENGTH_MEASURE(1.0E-006),#7852);
#4049=(B_SPLINE_CURVE(2,(#7854,#7855,#7856),.UNSPECIFIED.,.F.,.F.)B_SPLINE_CURVE_WITH_KNOTS((3,3),(0.0167092099352001,0.424793746100394),.UNSPECIFIED.)RATIONAL_B_SPLINE_CURVE((1.00004007765388,1.00051304018437,1.00018296645217))BOUNDED_CURVE()REPRESENTATION_ITEM('')GEOMETRIC_REPRESENTATION_ITEM()CURVE());
#4050=POINT_STYLE(' ',#7863,POSITIVE_LENGTH_MEASURE(1.0E-006),#7864);
#4051=CARTESIAN_POINT('',(-5.76489067725799,-1.62586732306061,16.2897753775022));
#4052=POINT_STYLE(' ',#7865,POSITIVE_LENGTH_MEASURE(1.0E-006),#7866);
#4053=CARTESIAN_POINT('',(-0.899498173980959,5.6792079584196,16.0499999999975));
#4054=CURVE_STYLE('',#7867,POSITIVE_LENGTH_MEASURE(1.0E-006),#7868);
#4055=(B_SPLINE_CURVE(2,(#7870,#7871,#7872),.UNSPECIFIED.,.F.,.F.)B_SPLINE_CURVE_WITH_KNOTS((3,3),(0.0893220067443291,0.497406542916199),.UNSPECIFIED.)RATIONAL_B_SPLINE_CURVE((1.00018296645095,1.00051304018095,1.0000400776536))BOUNDED_CURVE()REPRESENTATION_ITEM('')GEOMETRIC_REPRESENTATION_ITEM()CURVE());
#4056=CURVE_STYLE('',#7879,POSITIVE_LENGTH_MEASURE(1.0E-006),#7880);
#4057=(B_SPLINE_CURVE(2,(#7882,#7883,#7884),.UNSPECIFIED.,.F.,.F.)B_SPLINE_CURVE_WITH_KNOTS((3,3),(0.0893220067483001,0.4974065429102),.UNSPECIFIED.)RATIONAL_B_SPLINE_CURVE((1.0001829664503,1.00051304017912,1.00004007765347))BOUNDED_CURVE()REPRESENTATION_ITEM('')GEOMETRIC_REPRESENTATION_ITEM()CURVE());
#4058=CURVE_STYLE('',#7891,POSITIVE_LENGTH_MEASURE(1.0E-006),#7892);
#4059=(B_SPLINE_CURVE(2,(#7894,#7895,#7896),.UNSPECIFIED.,.F.,.F.)B_SPLINE_CURVE_WITH_KNOTS((3,3),(0.0167092099322077,0.424793746099974),.UNSPECIFIED.)RATIONAL_B_SPLINE_CURVE((1.00004007765356,1.00051304018039,1.00018296645075))BOUNDED_CURVE()REPRESENTATION_ITEM('')GEOMETRIC_REPRESENTATION_ITEM()CURVE());
#4060=SURFACE_STYLE_USAGE(.BOTH.,#7903);
#4061=FACE_OUTER_BOUND('',#7904,.T.);
#4062=PLANE('',#7905);
#4063=POINT_STYLE(' ',#7906,POSITIVE_LENGTH_MEASURE(1.0E-006),#7907);
#4064=CARTESIAN_POINT('',(-4.37233430219996,3.73432627789921,18.4499999999997));
#4065=POINT_STYLE(' ',#7908,POSITIVE_LENGTH_MEASURE(1.0E-006),#7909);
#4066=CARTESIAN_POINT('',(5.94825699164,0.704022609227544,18.2102246225006));
#4067=SURFACE_STYLE_USAGE(.BOTH.,#7910);
#4068=FACE_OUTER_BOUND('',#7911,.T.);
#4069=PLANE('',#7912);
#4070=CURVE_STYLE('',#7913,POSITIVE_LENGTH_MEASURE(1.0E-006),#7914);
#4071=(B_SPLINE_CURVE(2,(#7916,#7917,#7918),.UNSPECIFIED.,.F.,.F.)B_SPLINE_CURVE_WITH_KNOTS((3,3),(0.0167092099353667,0.424793746103116),.UNSPECIFIED.)RATIONAL_B_SPLINE_CURVE((1.00004007765358,1.00051304018053,1.0001829664508))BOUNDED_CURVE()REPRESENTATION_ITEM('')GEOMETRIC_REPRESENTATION_ITEM()CURVE());
#4072=CURVE_STYLE('',#7925,POSITIVE_LENGTH_MEASURE(1.0E-006),#7926);
#4073=LINE('',#7927,#7928);
#4074=CURVE_STYLE('',#7929,POSITIVE_LENGTH_MEASURE(1.0E-006),#7930);
#4075=LINE('',#7931,#7932);
#4076=POINT_STYLE(' ',#7933,POSITIVE_LENGTH_MEASURE(1.0E-006),#7934);
#4077=CARTESIAN_POINT('',(2.50767778745399,-5.43957362182083,16.2897753774994));
#4078=SURFACE_STYLE_USAGE(.BOTH.,#7935);
#4079=FACE_OUTER_BOUND('',#7936,.T.);
#4080=PLANE('',#7937);
#4081=CURVE_STYLE('',#7938,POSITIVE_LENGTH_MEASURE(1.0E-006),#7939);
#4082=(B_SPLINE_CURVE(2,(#7941,#7942,#7943),.UNSPECIFIED.,.F.,.F.)B_SPLINE_CURVE_WITH_KNOTS((3,3),(0.0893220067427077,0.49740654291054),.UNSPECIFIED.)RATIONAL_B_SPLINE_CURVE((1.0001829664513,1.00051304018194,1.00004007765369))BOUNDED_CURVE()REPRESENTATION_ITEM('')GEOMETRIC_REPRESENTATION_ITEM()CURVE());
#4083=CURVE_STYLE('',#7950,POSITIVE_LENGTH_MEASURE(1.0E-006),#7951);
#4084=(B_SPLINE_CURVE(2,(#7953,#7954,#7955),.UNSPECIFIED.,.F.,.F.)B_SPLINE_CURVE_WITH_KNOTS((3,3),(0.0167092099285804,0.424793746096692),.UNSPECIFIED.)RATIONAL_B_SPLINE_CURVE((1.00004007765374,1.00051304018284,1.00018296645163))BOUNDED_CURVE()REPRESENTATION_ITEM('')GEOMETRIC_REPRESENTATION_ITEM()CURVE());
#4085=SURFACE_STYLE_USAGE(.BOTH.,#7962);
#4086=FACE_OUTER_BOUND('',#7963,.T.);
#4087=PLANE('',#7964);
#4088=CURVE_STYLE('',#7965,POSITIVE_LENGTH_MEASURE(1.0E-006),#7966);
#4089=(B_SPLINE_CURVE(2,(#7968,#7969,#7970),.UNSPECIFIED.,.F.,.F.)B_SPLINE_CURVE_WITH_KNOTS((3,3),(0.0167092099297388,0.424793746095091),.UNSPECIFIED.)RATIONAL_B_SPLINE_CURVE((1.00004007765357,1.00051304018062,1.00018296645084))BOUNDED_CURVE()REPRESENTATION_ITEM('')GEOMETRIC_REPRESENTATION_ITEM()CURVE());
#4090=CURVE_STYLE('',#7977,POSITIVE_LENGTH_MEASURE(1.0E-006),#7978);
#4091=(B_SPLINE_CURVE(2,(#7980,#7981,#7982),.UNSPECIFIED.,.F.,.F.)B_SPLINE_CURVE_WITH_KNOTS((3,3),(0.0167092099354559,0.424793746098438),.UNSPECIFIED.)RATIONAL_B_SPLINE_CURVE((1.00004007765361,1.00051304018097,1.00018296645096))BOUNDED_CURVE()REPRESENTATION_ITEM('')GEOMETRIC_REPRESENTATION_ITEM()CURVE());
#4092=POINT_STYLE(' ',#7989,POSITIVE_LENGTH_MEASURE(1.0E-006),#7990);
#4093=CARTESIAN_POINT('',(4.39842688616216,4.06586399182366,18.2102246224986));
#4094=CURVE_STYLE('',#7991,POSITIVE_LENGTH_MEASURE(1.0E-006),#7992);
#4095=LINE('',#7993,#7994);
#4096=POINT_STYLE(' ',#7995,POSITIVE_LENGTH_MEASURE(1.0E-006),#7996);
#4097=CARTESIAN_POINT('',(4.9026809450346,-3.00436674711757,16.0499999999992));
#4098=SURFACE_STYLE_USAGE(.BOTH.,#7997);
#4099=FACE_OUTER_BOUND('',#7998,.T.);
#4100=PLANE('',#7999);
#4101=POINT_STYLE(' ',#8000,POSITIVE_LENGTH_MEASURE(1.0E-006),#8001);
#4102=CARTESIAN_POINT('',(3.37976520068064,4.65184771765794,16.050000000001));
#4103=CURVE_STYLE('',#8002,POSITIVE_LENGTH_MEASURE(1.0E-006),#8003);
#4104=LINE('',#8004,#8005);
#4105=CURVE_STYLE('',#8006,POSITIVE_LENGTH_MEASURE(1.0E-006),#8007);
#4106=(B_SPLINE_CURVE(2,(#8009,#8010,#8011),.UNSPECIFIED.,.F.,.F.)B_SPLINE_CURVE_WITH_KNOTS((3,3),(0.0893220067511348,0.497406542915384),.UNSPECIFIED.)RATIONAL_B_SPLINE_CURVE((1.0001829664507,1.00051304018021,1.00004007765354))BOUNDED_CURVE()REPRESENTATION_ITEM('')GEOMETRIC_REPRESENTATION_ITEM()CURVE());
#4107=CURVE_STYLE('',#8018,POSITIVE_LENGTH_MEASURE(1.0E-006),#8019);
#4108=(B_SPLINE_CURVE(2,(#8021,#8022,#8023),.UNSPECIFIED.,.F.,.F.)B_SPLINE_CURVE_WITH_KNOTS((3,3),(0.0893220067469913,0.497406542916381),.UNSPECIFIED.)RATIONAL_B_SPLINE_CURVE((1.00018296645037,1.00051304017933,1.00004007765347))BOUNDED_CURVE()REPRESENTATION_ITEM('')GEOMETRIC_REPRESENTATION_ITEM()CURVE());
#4109=CURVE_STYLE('',#8030,POSITIVE_LENGTH_MEASURE(1.0E-006),#8031);
#4110=(B_SPLINE_CURVE(2,(#8033,#8034,#8035),.UNSPECIFIED.,.F.,.F.)B_SPLINE_CURVE_WITH_KNOTS((3,3),(0.0893220067435887,0.497406542910104),.UNSPECIFIED.)RATIONAL_B_SPLINE_CURVE((1.00018296645049,1.00051304017967,1.00004007765351))BOUNDED_CURVE()REPRESENTATION_ITEM('')GEOMETRIC_REPRESENTATION_ITEM()CURVE());
#4111=SURFACE_STYLE_USAGE(.BOTH.,#8042);
#4112=FACE_OUTER_BOUND('',#8043,.T.);
#4113=PLANE('',#8044);
#4114=CURVE_STYLE('',#8045,POSITIVE_LENGTH_MEASURE(1.0E-006),#8046);
#4115=LINE('',#8047,#8048);
#4116=SURFACE_STYLE_USAGE(.BOTH.,#8049);
#4117=FACE_OUTER_BOUND('',#8050,.T.);
#4118=PLANE('',#8051);
#4119=POINT_STYLE(' ',#8052,POSITIVE_LENGTH_MEASURE(1.0E-006),#8053);
#4120=CARTESIAN_POINT('',(1.34231084217109,5.59112704228792,18.4499999999988));
#4121=POINT_STYLE(' ',#8054,POSITIVE_LENGTH_MEASURE(1.0E-006),#8055);
#4122=CARTESIAN_POINT('',(-2.50767778745401,5.43957362182081,18.2102246225005));
#4123=CURVE_STYLE('',#8056,POSITIVE_LENGTH_MEASURE(1.0E-006),#8057);
#4124=(B_SPLINE_CURVE(2,(#8059,#8060,#8061),.UNSPECIFIED.,.F.,.F.)B_SPLINE_CURVE_WITH_KNOTS((3,3),(0.0167092099303854,0.424793746098526),.UNSPECIFIED.)RATIONAL_B_SPLINE_CURVE((1.00004007765362,1.00051304018119,1.00018296645104))BOUNDED_CURVE()REPRESENTATION_ITEM('')GEOMETRIC_REPRESENTATION_ITEM()CURVE());
#4125=CURVE_STYLE('',#8068,POSITIVE_LENGTH_MEASURE(1.0E-006),#8069);
#4126=(B_SPLINE_CURVE(2,(#8071,#8072,#8073),.UNSPECIFIED.,.F.,.F.)B_SPLINE_CURVE_WITH_KNOTS((3,3),(0.0893220067480555,0.497406542910132),.UNSPECIFIED.)RATIONAL_B_SPLINE_CURVE((1.00018296645108,1.00051304018129,1.00004007765364))BOUNDED_CURVE()REPRESENTATION_ITEM('')GEOMETRIC_REPRESENTATION_ITEM()CURVE());
#4127=CURVE_STYLE('',#8080,POSITIVE_LENGTH_MEASURE(1.0E-006),#8081);
#4128=(B_SPLINE_CURVE(2,(#8083,#8084,#8085),.UNSPECIFIED.,.F.,.F.)B_SPLINE_CURVE_WITH_KNOTS((3,3),(0.0893220067420811,0.497406542912477),.UNSPECIFIED.)RATIONAL_B_SPLINE_CURVE((1.00018296645052,1.00051304017975,1.00004007765351))BOUNDED_CURVE()REPRESENTATION_ITEM('')GEOMETRIC_REPRESENTATION_ITEM()CURVE());
#4129=POINT_STYLE(' ',#8092,POSITIVE_LENGTH_MEASURE(1.0E-006),#8093);
#4130=CARTESIAN_POINT('',(-5.12328751408066,2.61044537350379,18.4500000000015));
#4131=POINT_STYLE(' ',#8094,POSITIVE_LENGTH_MEASURE(1.0E-006),#8095);
#4132=CARTESIAN_POINT('',(-3.73432627789911,-4.37233430220002,16.0500000000002));
#4133=CURVE_STYLE('',#8096,POSITIVE_LENGTH_MEASURE(1.0E-006),#8097);
#4134=(B_SPLINE_CURVE(2,(#8099,#8100,#8101),.UNSPECIFIED.,.F.,.F.)B_SPLINE_CURVE_WITH_KNOTS((3,3),(0.0167092099305347,0.424793746094859),.UNSPECIFIED.)RATIONAL_B_SPLINE_CURVE((1.00004007765358,1.00051304018062,1.00018296645084))BOUNDED_CURVE()REPRESENTATION_ITEM('')GEOMETRIC_REPRESENTATION_ITEM()CURVE());
#4135=CURVE_STYLE('',#8108,POSITIVE_LENGTH_MEASURE(1.0E-006),#8109);
#4136=(B_SPLINE_CURVE(2,(#8111,#8112,#8113),.UNSPECIFIED.,.F.,.F.)B_SPLINE_CURVE_WITH_KNOTS((3,3),(0.0893220067428547,0.49740654291023),.UNSPECIFIED.)RATIONAL_B_SPLINE_CURVE((1.00018296645092,1.00051304018087,1.00004007765361))BOUNDED_CURVE()REPRESENTATION_ITEM('')GEOMETRIC_REPRESENTATION_ITEM()CURVE());
#4137=POINT_STYLE(' ',#8120,POSITIVE_LENGTH_MEASURE(1.0E-006),#8121);
#4138=CARTESIAN_POINT('',(-4.06586399182365,4.06586399182168,16.05));
#4139=SURFACE_STYLE_USAGE(.BOTH.,#8122);
#4140=FACE_OUTER_BOUND('',#8123,.T.);
#4141=PLANE('',#8124);
#4142=SURFACE_STYLE_USAGE(.BOTH.,#8125);
#4143=FACE_OUTER_BOUND('',#8126,.T.);
#4144=PLANE('',#8127);
#4145=POINT_STYLE(' ',#8128,POSITIVE_LENGTH_MEASURE(1.0E-006),#8129);
#4146=CARTESIAN_POINT('',(-0.899498173983233,-5.67920795842048,18.4500000000012));
#4147=CURVE_STYLE('',#8130,POSITIVE_LENGTH_MEASURE(1.0E-006),#8131);
#4148=LINE('',#8132,#8133);
#4149=CURVE_STYLE('',#8134,POSITIVE_LENGTH_MEASURE(1.0E-006),#8135);
#4150=LINE('',#8136,#8137);
#4151=SURFACE_STYLE_USAGE(.BOTH.,#8138);
#4152=FACE_OUTER_BOUND('',#8139,.T.);
#4153=PLANE('',#8140);
#4154=SURFACE_STYLE_USAGE(.BOTH.,#8141);
#4155=FACE_OUTER_BOUND('',#8142,.T.);
#4156=CONICAL_SURFACE('',#8143,1.375,0.785398163397448);
#4157=POINT_STYLE(' ',#8144,POSITIVE_LENGTH_MEASURE(1.0E-006),#8145);
#4158=CARTESIAN_POINT('',(-4.06586399182163,-4.39842688616246,16.2897753775002));
#4159=SURFACE_STYLE_USAGE(.BOTH.,#8146);
#4160=FACE_OUTER_BOUND('',#8147,.T.);
#4161=PLANE('',#8148);
#4162=CURVE_STYLE('',#8149,POSITIVE_LENGTH_MEASURE(1.0E-006),#8150);
#4163=LINE('',#8151,#8152);
#4164=SURFACE_STYLE_USAGE(.BOTH.,#8153);
#4165=FACE_OUTER_BOUND('',#8154,.T.);
#4166=PLANE('',#8155);
#4167=SURFACE_STYLE_USAGE(.BOTH.,#8156);
#4168=FACE_OUTER_BOUND('',#8157,.T.);
#4169=CONICAL_SURFACE('',#8158,1.36463353065868,1.0471975511966);
#4170=POINT_STYLE(' ',#8159,POSITIVE_LENGTH_MEASURE(1.0E-006),#8160);
#4171=CARTESIAN_POINT('',(5.22605510013023,-2.92673148124363,16.2897753774995));
#4172=POINT_STYLE(' ',#8161,POSITIVE_LENGTH_MEASURE(1.0E-006),#8162);
#4173=CARTESIAN_POINT('',(1.34231084217109,5.59112704228792,16.0500000000011));
#4174=SURFACE_STYLE_USAGE(.BOTH.,#8163);
#4175=FACE_OUTER_BOUND('',#8164,.T.);
#4176=PLANE('',#8165);
#4177=CURVE_STYLE('',#8166,POSITIVE_LENGTH_MEASURE(1.0E-006),#8167);
#4178=(B_SPLINE_CURVE(2,(#8169,#8170,#8171),.UNSPECIFIED.,.F.,.F.)B_SPLINE_CURVE_WITH_KNOTS((3,3),(0.0167092099340668,0.424793746099022),.UNSPECIFIED.)RATIONAL_B_SPLINE_CURVE((1.00004007765371,1.00051304018222,1.00018296645141))BOUNDED_CURVE()REPRESENTATION_ITEM('')GEOMETRIC_REPRESENTATION_ITEM()CURVE());
#4179=POINT_STYLE(' ',#8178,POSITIVE_LENGTH_MEASURE(1.0E-006),#8179);
#4180=CARTESIAN_POINT('',(-4.98031621090668,-3.3277409022114,16.2897753774971));
#4181=CURVE_STYLE('',#8180,POSITIVE_LENGTH_MEASURE(1.0E-006),#8181);
#4182=LINE('',#8182,#8183);
#4183=CURVE_STYLE('',#8184,POSITIVE_LENGTH_MEASURE(1.0E-006),#8185);
#4184=(B_SPLINE_CURVE(2,(#8187,#8188,#8189),.UNSPECIFIED.,.F.,.F.)B_SPLINE_CURVE_WITH_KNOTS((3,3),(0.0893220067488298,0.497406542916199),.UNSPECIFIED.)RATIONAL_B_SPLINE_CURVE((1.00018296645029,1.00051304017908,1.00004007765345))BOUNDED_CURVE()REPRESENTATION_ITEM('')GEOMETRIC_REPRESENTATION_ITEM()CURVE());
#4185=SURFACE_STYLE_USAGE(.BOTH.,#8196);
#4186=FACE_OUTER_BOUND('',#8197,.T.);
#4187=PLANE('',#8198);
#4188=POINT_STYLE(' ',#8199,POSITIVE_LENGTH_MEASURE(1.0E-006),#8200);
#4189=CARTESIAN_POINT('',(-4.70387201612491,-3.70823369393602,18.2102246224983));
#4190=POINT_STYLE(' ',#8201,POSITIVE_LENGTH_MEASURE(1.0E-006),#8202);
#4191=CARTESIAN_POINT('',(5.12328751408069,-2.61044537350373,18.4500000000015));
#4192=CURVE_STYLE('',#8203,POSITIVE_LENGTH_MEASURE(1.0E-006),#8204);
#4193=(B_SPLINE_CURVE(2,(#8206,#8207,#8208),.UNSPECIFIED.,.F.,.F.)B_SPLINE_CURVE_WITH_KNOTS((3,3),(0.0167092099340418,0.424793746102149),.UNSPECIFIED.)RATIONAL_B_SPLINE_CURVE((1.00004007765363,1.00051304018125,1.00018296645105))BOUNDED_CURVE()REPRESENTATION_ITEM('')GEOMETRIC_REPRESENTATION_ITEM()CURVE());
#4194=POINT_STYLE(' ',#8215,POSITIVE_LENGTH_MEASURE(1.0E-006),#8216);
#4195=CARTESIAN_POINT('',(-4.37233430219996,3.73432627789921,16.0500000000002));
#4196=POINT_STYLE(' ',#8217,POSITIVE_LENGTH_MEASURE(1.0E-006),#8218);
#4197=CARTESIAN_POINT('',(5.76489067725809,1.62586732306062,16.2897753775023));
#4198=SURFACE_STYLE_USAGE(.BOTH.,#8219);
#4199=FACE_OUTER_BOUND('',#8220,.T.);
#4200=PLANE('',#8221);
#4201=CURVE_STYLE('',#8222,POSITIVE_LENGTH_MEASURE(1.0E-006),#8223);
#4202=(B_SPLINE_CURVE(2,(#8225,#8226,#8227),.UNSPECIFIED.,.F.,.F.)B_SPLINE_CURVE_WITH_KNOTS((3,3),(0.0893220067449152,0.497406542909943),.UNSPECIFIED.)RATIONAL_B_SPLINE_CURVE((1.00018296645079,1.00051304018049,1.00004007765358))BOUNDED_CURVE()REPRESENTATION_ITEM('')GEOMETRIC_REPRESENTATION_ITEM()CURVE());
#4203=CURVE_STYLE('',#8234,POSITIVE_LENGTH_MEASURE(1.0E-006),#8235);
#4204=(B_SPLINE_CURVE(2,(#8237,#8238,#8239),.UNSPECIFIED.,.F.,.F.)B_SPLINE_CURVE_WITH_KNOTS((3,3),(0.0167092099393511,0.424793746101914),.UNSPECIFIED.)RATIONAL_B_SPLINE_CURVE((1.00004007765351,1.00051304017953,1.00018296645044))BOUNDED_CURVE()REPRESENTATION_ITEM('')GEOMETRIC_REPRESENTATION_ITEM()CURVE());
#4205=POINT_STYLE(' ',#8246,POSITIVE_LENGTH_MEASURE(1.0E-006),#8247);
#4206=CARTESIAN_POINT('',(-0.704022609227592,5.94825699164004,18.2102246225006));
#4207=SURFACE_STYLE_USAGE(.BOTH.,#8248);
#4208=FACE_OUTER_BOUND('',#8249,.T.);
#4209=PLANE('',#8250);
#4210=POINT_STYLE(' ',#8251,POSITIVE_LENGTH_MEASURE(1.0E-006),#8252);
#4211=CARTESIAN_POINT('',(-5.61955536329148,-2.07316342621647,16.2897753774995));
#4212=POINT_STYLE(' ',#8253,POSITIVE_LENGTH_MEASURE(1.0E-006),#8254);
#4213=CARTESIAN_POINT('',(-4.651847717658,3.3797652006806,16.050000000001));
#4214=CURVE_STYLE('',#8255,POSITIVE_LENGTH_MEASURE(1.0E-006),#8256);
#4215=(B_SPLINE_CURVE(2,(#8258,#8259,#8260),.UNSPECIFIED.,.F.,.F.)B_SPLINE_CURVE_WITH_KNOTS((3,3),(0.0167092099363926,0.424793746096186),.UNSPECIFIED.)RATIONAL_B_SPLINE_CURVE((1.00004007765348,1.00051304017925,1.00018296645035))BOUNDED_CURVE()REPRESENTATION_ITEM('')GEOMETRIC_REPRESENTATION_ITEM()CURVE());
#4216=CURVE_STYLE('',#8267,POSITIVE_LENGTH_MEASURE(1.0E-006),#8268);
#4217=LINE('',#8269,#8270);
#4218=CURVE_STYLE('',#8271,POSITIVE_LENGTH_MEASURE(1.0E-006),#8272);
#4219=LINE('',#8273,#8274);
#4220=CURVE_STYLE('',#8275,POSITIVE_LENGTH_MEASURE(1.0E-006),#8276);
#4221=(B_SPLINE_CURVE(2,(#8278,#8279,#8280),.UNSPECIFIED.,.F.,.F.)B_SPLINE_CURVE_WITH_KNOTS((3,3),(0.0167092099340417,0.424793746102094),.UNSPECIFIED.)RATIONAL_B_SPLINE_CURVE((1.00004007765358,1.00051304018055,1.0001829664508))BOUNDED_CURVE()REPRESENTATION_ITEM('')GEOMETRIC_REPRESENTATION_ITEM()CURVE());
#4222=SURFACE_STYLE_USAGE(.BOTH.,#8287);
#4223=FACE_OUTER_BOUND('',#8288,.T.);
#4224=PLANE('',#8289);
#4225=SURFACE_STYLE_USAGE(.BOTH.,#8290);
#4226=FACE_OUTER_BOUND('',#8291,.T.);
#4227=PLANE('',#8292);
#4228=CURVE_STYLE('',#8293,POSITIVE_LENGTH_MEASURE(1.0E-006),#8294);
#4229=(B_SPLINE_CURVE(2,(#8296,#8297,#8298),.UNSPECIFIED.,.F.,.F.)B_SPLINE_CURVE_WITH_KNOTS((3,3),(0.0167092099297909,0.424793746097367),.UNSPECIFIED.)RATIONAL_B_SPLINE_CURVE((1.00004007765375,1.00051304018288,1.00018296645164))BOUNDED_CURVE()REPRESENTATION_ITEM('')GEOMETRIC_REPRESENTATION_ITEM()CURVE());
#4230=POINT_STYLE(' ',#8305,POSITIVE_LENGTH_MEASURE(1.0E-006),#8306);
#4231=CARTESIAN_POINT('',(-5.76489067725858,1.6258673230596,16.2897753775025));
#4232=POINT_STYLE(' ',#8307,POSITIVE_LENGTH_MEASURE(1.0E-006),#8308);
#4233=CARTESIAN_POINT('',(-4.3984268861624,4.06586399182168,18.2102246224997));
#4234=POINT_STYLE(' ',#8309,POSITIVE_LENGTH_MEASURE(1.0E-006),#8310);
#4235=CARTESIAN_POINT('',(5.67920795841957,0.899498173980902,16.0499999999975));
#4236=POINT_STYLE(' ',#8311,POSITIVE_LENGTH_MEASURE(1.0E-006),#8312);
#4237=CARTESIAN_POINT('',(-1.77684771765646,-5.46857496869745,18.4499999999995));
#4238=CURVE_STYLE('',#8313,POSITIVE_LENGTH_MEASURE(1.0E-006),#8314);
#4239=(B_SPLINE_CURVE(2,(#8316,#8317,#8318),.UNSPECIFIED.,.F.,.F.)B_SPLINE_CURVE_WITH_KNOTS((3,3),(0.0167092099353749,0.424793746100894),.UNSPECIFIED.)RATIONAL_B_SPLINE_CURVE((1.00004007765372,1.00051304018235,1.00018296645145))BOUNDED_CURVE()REPRESENTATION_ITEM('')GEOMETRIC_REPRESENTATION_ITEM()CURVE());
#4240=CURVE_STYLE('',#8325,POSITIVE_LENGTH_MEASURE(1.0E-006),#8326);
#4241=LINE('',#8327,#8328);
#4242=POINT_STYLE(' ',#8329,POSITIVE_LENGTH_MEASURE(1.0E-006),#8330);
#4243=CARTESIAN_POINT('',(-5.31230731193722,-2.20042973610009,18.4500000000021));
#4244=CURVE_STYLE('',#8331,POSITIVE_LENGTH_MEASURE(1.0E-006),#8332);
#4245=LINE('',#8333,#8334);
#4246=CURVE_STYLE('',#8335,POSITIVE_LENGTH_MEASURE(1.0E-006),#8336);
#4247=(B_SPLINE_CURVE(2,(#8338,#8339,#8340),.UNSPECIFIED.,.F.,.F.)B_SPLINE_CURVE_WITH_KNOTS((3,3),(0.0167092099341735,0.424793746099253),.UNSPECIFIED.)RATIONAL_B_SPLINE_CURVE((1.00004007765359,1.00051304018073,1.00018296645087))BOUNDED_CURVE()REPRESENTATION_ITEM('')GEOMETRIC_REPRESENTATION_ITEM()CURVE());
#4248=SURFACE_STYLE_USAGE(.BOTH.,#8347);
#4249=FACE_OUTER_BOUND('',#8348,.T.);
#4250=PLANE('',#8349);
#4251=POINT_STYLE(' ',#8350,POSITIVE_LENGTH_MEASURE(1.0E-006),#8351);
#4252=CARTESIAN_POINT('',(3.70823369393648,4.70387201612653,16.2897753775032));
#4253=CURVE_STYLE('',#8352,POSITIVE_LENGTH_MEASURE(1.0E-006),#8353);
#4254=(B_SPLINE_CURVE(2,(#8355,#8356,#8357),.UNSPECIFIED.,.F.,.F.)B_SPLINE_CURVE_WITH_KNOTS((3,3),(0.0893220067494612,0.497406542909314),.UNSPECIFIED.)RATIONAL_B_SPLINE_CURVE((1.00018296645086,1.00051304018066,1.00004007765359))BOUNDED_CURVE()REPRESENTATION_ITEM('')GEOMETRIC_REPRESENTATION_ITEM()CURVE());
#4255=CURVE_STYLE('',#8364,POSITIVE_LENGTH_MEASURE(1.0E-006),#8365);
#4256=LINE('',#8366,#8367);
#4257=CURVE_STYLE('',#8368,POSITIVE_LENGTH_MEASURE(1.0E-006),#8369);
#4258=(B_SPLINE_CURVE(2,(#8371,#8372,#8373),.UNSPECIFIED.,.F.,.F.)B_SPLINE_CURVE_WITH_KNOTS((3,3),(0.0167092099296675,0.424793746094865),.UNSPECIFIED.)RATIONAL_B_SPLINE_CURVE((1.00004007765351,1.00051304017982,1.00018296645056))BOUNDED_CURVE()REPRESENTATION_ITEM('')GEOMETRIC_REPRESENTATION_ITEM()CURVE());
#4259=CURVE_STYLE('',#8380,POSITIVE_LENGTH_MEASURE(1.0E-006),#8381);
#4260=(B_SPLINE_CURVE(2,(#8383,#8384,#8385),.UNSPECIFIED.,.F.,.F.)B_SPLINE_CURVE_WITH_KNOTS((3,3),(0.0167092099352296,0.424793746101538),.UNSPECIFIED.)RATIONAL_B_SPLINE_CURVE((1.00004007765367,1.00051304018165,1.0001829664512))BOUNDED_CURVE()REPRESENTATION_ITEM('')GEOMETRIC_REPRESENTATION_ITEM()CURVE());
#4261=CURVE_STYLE('',#8392,POSITIVE_LENGTH_MEASURE(1.0E-006),#8393);
#4262=(B_SPLINE_CURVE(2,(#8395,#8396,#8397),.UNSPECIFIED.,.F.,.F.)B_SPLINE_CURVE_WITH_KNOTS((3,3),(0.0167092099317,0.424793746101665),.UNSPECIFIED.)RATIONAL_B_SPLINE_CURVE((1.00004007765373,1.00051304018262,1.00018296645154))BOUNDED_CURVE()REPRESENTATION_ITEM('')GEOMETRIC_REPRESENTATION_ITEM()CURVE());
#4263=SURFACE_STYLE_USAGE(.BOTH.,#8404);
#4264=FACE_OUTER_BOUND('',#8405,.T.);
#4265=PLANE('',#8406);
#4266=CURVE_STYLE('',#8407,POSITIVE_LENGTH_MEASURE(1.0E-006),#8408);
#4267=(B_SPLINE_CURVE(2,(#8410,#8411,#8412),.UNSPECIFIED.,.F.,.F.)B_SPLINE_CURVE_WITH_KNOTS((3,3),(0.0167092099320434,0.424793746098581),.UNSPECIFIED.)RATIONAL_B_SPLINE_CURVE((1.00004007765365,1.0005130401815,1.00018296645115))BOUNDED_CURVE()REPRESENTATION_ITEM('')GEOMETRIC_REPRESENTATION_ITEM()CURVE());
#4268=CURVE_STYLE('',#8419,POSITIVE_LENGTH_MEASURE(1.0E-006),#8420);
#4269=CIRCLE('',#8421,1.22926706131731);
#4270=POINT_STYLE(' ',#8422,POSITIVE_LENGTH_MEASURE(1.0E-006),#8423);
#4271=CARTESIAN_POINT('',(4.6518477176563,3.37976520067914,16.0499999999988));
#4272=CURVE_STYLE('',#8424,POSITIVE_LENGTH_MEASURE(1.0E-006),#8425);
#4273=LINE('',#8426,#8427);
#4274=POINT_STYLE(' ',#8428,POSITIVE_LENGTH_MEASURE(1.0E-006),#8429);
#4275=CARTESIAN_POINT('',(4.37233430220004,-3.73432627789904,18.4499999999997));
#4276=CURVE_STYLE('',#8430,POSITIVE_LENGTH_MEASURE(1.0E-006),#8431);
#4277=LINE('',#8432,#8433);
#4278=SURFACE_STYLE_USAGE(.BOTH.,#8434);
#4279=CLOSED_SHELL('',(#1828,#1138,#1328,#2030,#2040,#1632,#2068,#2928,#2952,#1736,#1822,#2736,#1258,#2188,#2678,#2694,#2194,#1148,#2670,#2618,#2834,#2114,#2390,#1106,#2606,#1482,#1878,#2486,#2800,#1996,#1688,#1906,#1114,#1320,#2842,#1848,#1206,#1898,#2572,#2090,#1946,#2802,#2648,#2862,#2176,#1738,#1962,#2076,#2456,#1252,#2284,#2476,#2226,#2228,#1586,#1172,#1766,#2038,#1488,#1558,#1076,#1140,#2856,#1348,#1670,#1692,#1282,#2548,#2550,#2688,#2712,#2942,#2332,#2730,#2620,#1270,#1296,#2434,#2290,#1276,#2202,#1208,#2148,#1664,#2690,#1112,#1952,#1400,#1448,#2604,#2306,#1814,#2354,#1292,#1452,#2236,#2272,#2324,#1190,#1868,#1640,#2174,#2252,#2162,#2034,#1220,#1980,#2450,#2990,#2760,#2520,#2318,#2018,#1824,#1598,#1418,#1188,#2696,#2966,#2824,#2028,#2322,#2754,#1656,#1856,#2180,#2462,#1472,#2734,#2718,#2576,#1420,#2128,#2460,#2402,#1156,#2046,#2056,#2820,#1540,#2166,#3022,#1774,#2092,#1204,#1318,#1826,#1486,#1574,#1716,#1922,#1968,#1514,#1426,#1174,#1362,#1216,#2436,#2020,#1078,#1648,#1992,#2406,#2852,#1496,#3018,#3054,#1370,#1888,#2706,#2738,#1048,#2674));
#4280=CURVE_STYLE('',#8435,POSITIVE_LENGTH_MEASURE(1.0E-006),#8436);
#4281=(B_SPLINE_CURVE(2,(#8438,#8439,#8440),.UNSPECIFIED.,.F.,.F.)B_SPLINE_CURVE_WITH_KNOTS((3,3),(0.0893220067457518,0.497406542913541),.UNSPECIFIED.)RATIONAL_B_SPLINE_CURVE((1.00018296645077,1.00051304018043,1.00004007765357))BOUNDED_CURVE()REPRESENTATION_ITEM('')GEOMETRIC_REPRESENTATION_ITEM()CURVE());
#4282=CURVE_STYLE('',#8447,POSITIVE_LENGTH_MEASURE(1.0E-006),#8448);
#4283=(B_SPLINE_CURVE(2,(#8450,#8451,#8452),.UNSPECIFIED.,.F.,.F.)B_SPLINE_CURVE_WITH_KNOTS((3,3),(0.0893220067486973,0.497406542910297),.UNSPECIFIED.)RATIONAL_B_SPLINE_CURVE((1.00018296645121,1.00051304018167,1.00004007765367))BOUNDED_CURVE()REPRESENTATION_ITEM('')GEOMETRIC_REPRESENTATION_ITEM()CURVE());
#4284=SURFACE_STYLE_USAGE(.BOTH.,#8459);
#4285=FACE_OUTER_BOUND('',#8460,.T.);
#4286=PLANE('',#8461);
#4287=POINT_STYLE(' ',#8462,POSITIVE_LENGTH_MEASURE(1.0E-006),#8463);
#4288=CARTESIAN_POINT('',(5.12328751408069,-2.61044537350373,16.0499999999984));
#4289=POINT_STYLE(' ',#8464,POSITIVE_LENGTH_MEASURE(1.0E-006),#8465);
#4290=CARTESIAN_POINT('',(3.73432627789923,4.37233430219999,16.0500000000003));
#4291=CURVE_STYLE('',#8466,POSITIVE_LENGTH_MEASURE(1.0E-006),#8467);
#4292=(B_SPLINE_CURVE(2,(#8469,#8470,#8471),.UNSPECIFIED.,.F.,.F.)B_SPLINE_CURVE_WITH_KNOTS((3,3),(0.0893220067437216,0.497406542911878),.UNSPECIFIED.)RATIONAL_B_SPLINE_CURVE((1.00018296645127,1.00051304018187,1.00004007765368))BOUNDED_CURVE()REPRESENTATION_ITEM('')GEOMETRIC_REPRESENTATION_ITEM()CURVE());
#4293=CURVE_STYLE('',#8478,POSITIVE_LENGTH_MEASURE(1.0E-006),#8479);
#4294=(B_SPLINE_CURVE(2,(#8481,#8482,#8483),.UNSPECIFIED.,.F.,.F.)B_SPLINE_CURVE_WITH_KNOTS((3,3),(0.0167092099355581,0.424793746103559),.UNSPECIFIED.)RATIONAL_B_SPLINE_CURVE((1.00004007765356,1.00051304018027,1.0001829664507))BOUNDED_CURVE()REPRESENTATION_ITEM('')GEOMETRIC_REPRESENTATION_ITEM()CURVE());
#4295=POINT_STYLE(' ',#8490,POSITIVE_LENGTH_MEASURE(1.0E-006),#8491);
#4296=CARTESIAN_POINT('',(-3.73432627789867,4.37233430219952,18.4500000000004));
#4297=CURVE_STYLE('',#8492,POSITIVE_LENGTH_MEASURE(1.0E-006),#8493);
#4298=(B_SPLINE_CURVE(2,(#8495,#8496,#8497),.UNSPECIFIED.,.F.,.F.)B_SPLINE_CURVE_WITH_KNOTS((3,3),(0.0893220067456107,0.497406542910377),.UNSPECIFIED.)RATIONAL_B_SPLINE_CURVE((1.00018296645086,1.00051304018068,1.00004007765359))BOUNDED_CURVE()REPRESENTATION_ITEM('')GEOMETRIC_REPRESENTATION_ITEM()CURVE());
#4299=SURFACE_STYLE_USAGE(.BOTH.,#8504);
#4300=FACE_OUTER_BOUND('',#8505,.T.);
#4301=PLANE('',#8506);
#4302=POINT_STYLE(' ',#8507,POSITIVE_LENGTH_MEASURE(1.0E-006),#8508);
#4303=CARTESIAN_POINT('',(2.61044537350267,-5.12328751408354,16.0500000000005));
#4304=SURFACE_STYLE_USAGE(.BOTH.,#8509);
#4305=FACE_OUTER_BOUND('',#8510,.T.);
#4306=PLANE('',#8511);
#4307=POINT_STYLE(' ',#8512,POSITIVE_LENGTH_MEASURE(1.0E-006),#8513);
#4308=CARTESIAN_POINT('',(0.451139800437346,-5.7322746689666,18.4499999999987));
#4309=POINT_STYLE(' ',#8514,POSITIVE_LENGTH_MEASURE(1.0E-006),#8515);
#4310=CARTESIAN_POINT('',(-4.90268094503332,-3.00436674711813,16.0499999999984));
#4311=CURVE_STYLE('',#8516,POSITIVE_LENGTH_MEASURE(1.0E-006),#8517);
#4312=(B_SPLINE_CURVE(2,(#8519,#8520,#8521),.UNSPECIFIED.,.F.,.F.)B_SPLINE_CURVE_WITH_KNOTS((3,3),(0.08932200674474,0.497406542911496),.UNSPECIFIED.)RATIONAL_B_SPLINE_CURVE((1.000182966451,1.00051304018108,1.00004007765362))BOUNDED_CURVE()REPRESENTATION_ITEM('')GEOMETRIC_REPRESENTATION_ITEM()CURVE());
#4313=SURFACE_STYLE_USAGE(.BOTH.,#8528);
#4314=FACE_OUTER_BOUND('',#8529,.T.);
#4315=PLANE('',#8530);
#4316=SURFACE_STYLE_USAGE(.BOTH.,#8531);
#4317=FACE_OUTER_BOUND('',#8532,.T.);
#4318=PLANE('',#8533);
#4319=CURVE_STYLE('',#8534,POSITIVE_LENGTH_MEASURE(1.0E-006),#8535);
#4320=(B_SPLINE_CURVE(2,(#8537,#8538,#8539),.UNSPECIFIED.,.F.,.F.)B_SPLINE_CURVE_WITH_KNOTS((3,3),(0.089322006747396,0.497406542915533),.UNSPECIFIED.)RATIONAL_B_SPLINE_CURVE((1.00018296645093,1.00051304018087,1.0000400776536))BOUNDED_CURVE()REPRESENTATION_ITEM('')GEOMETRIC_REPRESENTATION_ITEM()CURVE());
#4321=SURFACE_STYLE_USAGE(.BOTH.,#8546);
#4322=FACE_OUTER_BOUND('',#8547,.T.);
#4323=PLANE('',#8548);
#4324=CURVE_STYLE('',#8549,POSITIVE_LENGTH_MEASURE(1.0E-006),#8550);
#4325=(B_SPLINE_CURVE(2,(#8552,#8553,#8554),.UNSPECIFIED.,.F.,.F.)B_SPLINE_CURVE_WITH_KNOTS((3,3),(0.0167092099306424,0.424793746094889),.UNSPECIFIED.)RATIONAL_B_SPLINE_CURVE((1.00004007765352,1.00051304017993,1.0001829664506))BOUNDED_CURVE()REPRESENTATION_ITEM('')GEOMETRIC_REPRESENTATION_ITEM()CURVE());
#4326=CURVE_STYLE('',#8561,POSITIVE_LENGTH_MEASURE(1.0E-006),#8562);
#4327=(B_SPLINE_CURVE(2,(#8564,#8565,#8566),.UNSPECIFIED.,.F.,.F.)B_SPLINE_CURVE_WITH_KNOTS((3,3),(0.0167092099356891,0.42479374610307),.UNSPECIFIED.)RATIONAL_B_SPLINE_CURVE((1.00004007765363,1.00051304018117,1.00018296645102))BOUNDED_CURVE()REPRESENTATION_ITEM('')GEOMETRIC_REPRESENTATION_ITEM()CURVE());
#4328=POINT_STYLE(' ',#8573,POSITIVE_LENGTH_MEASURE(1.0E-006),#8574);
#4329=CARTESIAN_POINT('',(0.899498173980987,-5.67920795841954,16.0499999999975));
#4330=SURFACE_STYLE_USAGE(.BOTH.,#8575);
#4331=FACE_OUTER_BOUND('',#8576,.T.);
#4332=PLANE('',#8577);
#4333=CURVE_STYLE('',#8578,POSITIVE_LENGTH_MEASURE(1.0E-006),#8579);
#4334=LINE('',#8580,#8581);
#4335=CURVE_STYLE('',#8582,POSITIVE_LENGTH_MEASURE(1.0E-006),#8583);
#4336=LINE('',#8584,#8585);
#4337=SURFACE_STYLE_USAGE(.BOTH.,#8586);
#4338=FACE_OUTER_BOUND('',#8587,.T.);
#4339=PLANE('',#8588);
#4340=CURVE_STYLE('',#8589,POSITIVE_LENGTH_MEASURE(1.0E-006),#8590);
#4341=(B_SPLINE_CURVE(2,(#8592,#8593,#8594),.UNSPECIFIED.,.F.,.F.)B_SPLINE_CURVE_WITH_KNOTS((3,3),(0.0893220067449675,0.497406542913881),.UNSPECIFIED.)RATIONAL_B_SPLINE_CURVE((1.00018296645112,1.00051304018144,1.00004007765364))BOUNDED_CURVE()REPRESENTATION_ITEM('')GEOMETRIC_REPRESENTATION_ITEM()CURVE());
#4342=CURVE_STYLE('',#8601,POSITIVE_LENGTH_MEASURE(1.0E-006),#8602);
#4343=(B_SPLINE_CURVE(2,(#8604,#8605,#8606),.UNSPECIFIED.,.F.,.F.)B_SPLINE_CURVE_WITH_KNOTS((3,3),(0.0893220067428548,0.497406542910278),.UNSPECIFIED.)RATIONAL_B_SPLINE_CURVE((1.00018296645126,1.00051304018183,1.00004007765368))BOUNDED_CURVE()REPRESENTATION_ITEM('')GEOMETRIC_REPRESENTATION_ITEM()CURVE());
#4344=CURVE_STYLE('',#8613,POSITIVE_LENGTH_MEASURE(1.0E-006),#8614);
#4345=(B_SPLINE_CURVE(2,(#8616,#8617,#8618),.UNSPECIFIED.,.F.,.F.)B_SPLINE_CURVE_WITH_KNOTS((3,3),(0.0167092099356964,0.424793746097777),.UNSPECIFIED.)RATIONAL_B_SPLINE_CURVE((1.00004007765363,1.0005130401811,1.00018296645101))BOUNDED_CURVE()REPRESENTATION_ITEM('')GEOMETRIC_REPRESENTATION_ITEM()CURVE());
#4346=SURFACE_STYLE_USAGE(.BOTH.,#8625);
#4347=FACE_OUTER_BOUND('',#8626,.T.);
#4348=PLANE('',#8627);
#4349=POINT_STYLE(' ',#8628,POSITIVE_LENGTH_MEASURE(1.0E-006),#8629);
#4350=CARTESIAN_POINT('',(-5.67920795841945,-0.89949817398093,16.0499999999974));
#4351=CURVE_STYLE('',#8630,POSITIVE_LENGTH_MEASURE(1.0E-006),#8631);
#4352=LINE('',#8632,#8633);
#4353=POINT_STYLE(' ',#8634,POSITIVE_LENGTH_MEASURE(1.0E-006),#8635);
#4354=CARTESIAN_POINT('',(4.70387201612651,-3.70823369393629,18.2102246224969));
#4355=CURVE_STYLE('',#8636,POSITIVE_LENGTH_MEASURE(1.0E-006),#8637);
#4356=(B_SPLINE_CURVE(2,(#8639,#8640,#8641),.UNSPECIFIED.,.F.,.F.)B_SPLINE_CURVE_WITH_KNOTS((3,3),(0.0167092099356121,0.424793746100658),.UNSPECIFIED.)RATIONAL_B_SPLINE_CURVE((1.00004007765354,1.00051304018003,1.00018296645062))BOUNDED_CURVE()REPRESENTATION_ITEM('')GEOMETRIC_REPRESENTATION_ITEM()CURVE());
#4357=CURVE_STYLE('',#8648,POSITIVE_LENGTH_MEASURE(1.0E-006),#8649);
#4358=(B_SPLINE_CURVE(2,(#8651,#8652,#8653),.UNSPECIFIED.,.F.,.F.)B_SPLINE_CURVE_WITH_KNOTS((3,3),(0.0893220067436719,0.497406542906351),.UNSPECIFIED.)RATIONAL_B_SPLINE_CURVE((1.00018296645114,1.00051304018148,1.00004007765366))BOUNDED_CURVE()REPRESENTATION_ITEM('')GEOMETRIC_REPRESENTATION_ITEM()CURVE());
#4359=CURVE_STYLE('',#8660,POSITIVE_LENGTH_MEASURE(1.0E-006),#8661);
#4360=(B_SPLINE_CURVE(2,(#8663,#8664,#8665),.UNSPECIFIED.,.F.,.F.)B_SPLINE_CURVE_WITH_KNOTS((3,3),(0.0167092099350694,0.424793746101486),.UNSPECIFIED.)RATIONAL_B_SPLINE_CURVE((1.00004007765368,1.00051304018179,1.00018296645125))BOUNDED_CURVE()REPRESENTATION_ITEM('')GEOMETRIC_REPRESENTATION_ITEM()CURVE());
#4361=CURVE_STYLE('',#8672,POSITIVE_LENGTH_MEASURE(1.0E-006),#8673);
#4362=LINE('',#8674,#8675);
#4363=CURVE_STYLE('',#8676,POSITIVE_LENGTH_MEASURE(1.0E-006),#8677);
#4364=LINE('',#8678,#8679);
#4365=CURVE_STYLE('',#8680,POSITIVE_LENGTH_MEASURE(1.0E-006),#8681);
#4366=(B_SPLINE_CURVE(2,(#8683,#8684,#8685),.UNSPECIFIED.,.F.,.F.)B_SPLINE_CURVE_WITH_KNOTS((3,3),(0.0167092099313253,0.424793746098344),.UNSPECIFIED.)RATIONAL_B_SPLINE_CURVE((1.00004007765352,1.00051304017982,1.00018296645055))BOUNDED_CURVE()REPRESENTATION_ITEM('')GEOMETRIC_REPRESENTATION_ITEM()CURVE());
#4367=POINT_STYLE(' ',#8692,POSITIVE_LENGTH_MEASURE(1.0E-006),#8693);
#4368=CARTESIAN_POINT('',(-3.00436674711752,-4.90268094503452,16.0499999999991));
#4369=POINT_STYLE(' ',#8694,POSITIVE_LENGTH_MEASURE(1.0E-006),#8695);
#4370=CARTESIAN_POINT('',(-4.90268094503455,3.00436674711754,16.0499999999992));
#4371=SURFACE_STYLE_USAGE(.BOTH.,#8696);
#4372=FACE_OUTER_BOUND('',#8697,.T.);
#4373=PLANE('',#8698);
#4374=SURFACE_STYLE_USAGE(.BOTH.,#8699);
#4375=FACE_OUTER_BOUND('',#8700,.T.);
#4376=PLANE('',#8701);
#4377=POINT_STYLE(' ',#8702,POSITIVE_LENGTH_MEASURE(1.0E-006),#8703);
#4378=CARTESIAN_POINT('',(-3.37976520067917,4.65184771765628,18.4500000000012));
#4379=POINT_STYLE(' ',#8704,POSITIVE_LENGTH_MEASURE(1.0E-006),#8705);
#4380=CARTESIAN_POINT('',(-5.43957362182065,-2.50767778745398,18.2102246225006));
#4381=POINT_STYLE(' ',#8706,POSITIVE_LENGTH_MEASURE(1.0E-006),#8707);
#4382=CARTESIAN_POINT('',(5.73227466896657,0.451139800437374,18.4499999999987));
#4383=SURFACE_STYLE_USAGE(.BOTH.,#8708);
#4384=FACE_OUTER_BOUND('',#8709,.T.);
#4385=PLANE('',#8710);
#4386=POINT_STYLE(' ',#8711,POSITIVE_LENGTH_MEASURE(1.0E-006),#8712);
#4387=CARTESIAN_POINT('',(3.00436674711983,-4.90268094503607,18.4499999999983));
#4388=POINT_STYLE(' ',#8713,POSITIVE_LENGTH_MEASURE(1.0E-006),#8714);
#4389=CARTESIAN_POINT('',(-4.98031621090843,3.32774090221289,16.2897753774993));
#4390=CURVE_STYLE('',#8715,POSITIVE_LENGTH_MEASURE(1.0E-006),#8716);
#4391=(B_SPLINE_CURVE(2,(#8718,#8719,#8720),.UNSPECIFIED.,.F.,.F.)B_SPLINE_CURVE_WITH_KNOTS((3,3),(0.0167092099285673,0.424793746098533),.UNSPECIFIED.)RATIONAL_B_SPLINE_CURVE((1.00004007765373,1.00051304018268,1.00018296645157))BOUNDED_CURVE()REPRESENTATION_ITEM('')GEOMETRIC_REPRESENTATION_ITEM()CURVE());
#4392=CURVE_STYLE('',#8727,POSITIVE_LENGTH_MEASURE(1.0E-006),#8728);
#4393=(B_SPLINE_CURVE(2,(#8730,#8731,#8732),.UNSPECIFIED.,.F.,.F.)B_SPLINE_CURVE_WITH_KNOTS((3,3),(0.01670920992927,0.424793746097787),.UNSPECIFIED.)RATIONAL_B_SPLINE_CURVE((1.00004007765361,1.00051304018113,1.00018296645102))BOUNDED_CURVE()REPRESENTATION_ITEM('')GEOMETRIC_REPRESENTATION_ITEM()CURVE());
#4394=CURVE_STYLE('',#8739,POSITIVE_LENGTH_MEASURE(1.0E-006),#8740);
#4395=(B_SPLINE_CURVE(2,(#8742,#8743,#8744),.UNSPECIFIED.,.F.,.F.)B_SPLINE_CURVE_WITH_KNOTS((3,3),(0.0167092099317305,0.424793746100021),.UNSPECIFIED.)RATIONAL_B_SPLINE_CURVE((1.00004007765365,1.00051304018149,1.00018296645114))BOUNDED_CURVE()REPRESENTATION_ITEM('')GEOMETRIC_REPRESENTATION_ITEM()CURVE());
#4396=CURVE_STYLE('',#8751,POSITIVE_LENGTH_MEASURE(1.0E-006),#8752);
#4397=LINE('',#8753,#8754);
#4398=CURVE_STYLE('',#8755,POSITIVE_LENGTH_MEASURE(1.0E-006),#8756);
#4399=(B_SPLINE_CURVE(2,(#8758,#8759,#8760),.UNSPECIFIED.,.F.,.F.)B_SPLINE_CURVE_WITH_KNOTS((3,3),(0.0893220067475215,0.497406542914565),.UNSPECIFIED.)RATIONAL_B_SPLINE_CURVE((1.00018296645044,1.0005130401795,1.00004007765349))BOUNDED_CURVE()REPRESENTATION_ITEM('')GEOMETRIC_REPRESENTATION_ITEM()CURVE());
#4400=SURFACE_STYLE_USAGE(.BOTH.,#8767);
#4401=FACE_OUTER_BOUND('',#8768,.T.);
#4402=PLANE('',#8769);
#4403=POINT_STYLE(' ',#8770,POSITIVE_LENGTH_MEASURE(1.0E-006),#8771);
#4404=CARTESIAN_POINT('',(-1.27832172093566,-2.05836330389907E-013,0.0283217209356268));
#4405=CURVE_STYLE('',#8772,POSITIVE_LENGTH_MEASURE(1.0E-006),#8773);
#4406=LINE('',#8774,#8775);
#4407=CURVE_STYLE('',#8776,POSITIVE_LENGTH_MEASURE(1.0E-006),#8777);
#4408=(B_SPLINE_CURVE(2,(#8779,#8780,#8781),.UNSPECIFIED.,.F.,.F.)B_SPLINE_CURVE_WITH_KNOTS((3,3),(0.0893220067442852,0.497406542914257),.UNSPECIFIED.)RATIONAL_B_SPLINE_CURVE((1.00018296645103,1.00051304018117,1.00004007765362))BOUNDED_CURVE()REPRESENTATION_ITEM('')GEOMETRIC_REPRESENTATION_ITEM()CURVE());
#4409=CURVE_STYLE('',#8788,POSITIVE_LENGTH_MEASURE(1.0E-006),#8789);
#4410=LINE('',#8790,#8791);
#4411=POINT_STYLE(' ',#8792,POSITIVE_LENGTH_MEASURE(1.0E-006),#8793);
#4412=CARTESIAN_POINT('',(5.43957362182184,-2.50767778745381,16.2897753775003));
#4413=CURVE_STYLE('',#8794,POSITIVE_LENGTH_MEASURE(1.0E-006),#8795);
#4414=(B_SPLINE_CURVE(2,(#8797,#8798,#8799),.UNSPECIFIED.,.F.,.F.)B_SPLINE_CURVE_WITH_KNOTS((3,3),(0.0167092099317485,0.424793746100062),.UNSPECIFIED.)RATIONAL_B_SPLINE_CURVE((1.00004007765355,1.00051304018024,1.0001829664507))BOUNDED_CURVE()REPRESENTATION_ITEM('')GEOMETRIC_REPRESENTATION_ITEM()CURVE());
#4415=CURVE_STYLE('',#8806,POSITIVE_LENGTH_MEASURE(1.0E-006),#8807);
#4416=(B_SPLINE_CURVE(2,(#8809,#8810,#8811),.UNSPECIFIED.,.F.,.F.)B_SPLINE_CURVE_WITH_KNOTS((3,3),(0.0893220067438133,0.497406542914419),.UNSPECIFIED.)RATIONAL_B_SPLINE_CURVE((1.00018296645029,1.00051304017911,1.00004007765346))BOUNDED_CURVE()REPRESENTATION_ITEM('')GEOMETRIC_REPRESENTATION_ITEM()CURVE());
#4417=POINT_STYLE(' ',#8818,POSITIVE_LENGTH_MEASURE(1.0E-006),#8819);
#4418=CARTESIAN_POINT('',(5.67920795841957,0.899498173980902,18.4500000000025));
#4419=CURVE_STYLE('',#8820,POSITIVE_LENGTH_MEASURE(1.0E-006),#8821);
#4420=LINE('',#8822,#8823);
#4421=SURFACE_STYLE_USAGE(.BOTH.,#8824);
#4422=FACE_OUTER_BOUND('',#8825,.T.);
#4423=PLANE('',#8826);
#4424=CURVE_STYLE('',#8827,POSITIVE_LENGTH_MEASURE(1.0E-006),#8828);
#4425=LINE('',#8829,#8830);
#4426=CURVE_STYLE('',#8831,POSITIVE_LENGTH_MEASURE(1.0E-006),#8832);
#4427=LINE('',#8833,#8834);
#4428=CURVE_STYLE('',#8835,POSITIVE_LENGTH_MEASURE(1.0E-006),#8836);
#4429=(B_SPLINE_CURVE(2,(#8838,#8839,#8840),.UNSPECIFIED.,.F.,.F.)B_SPLINE_CURVE_WITH_KNOTS((3,3),(0.0167092099313115,0.424793746102086),.UNSPECIFIED.)RATIONAL_B_SPLINE_CURVE((1.00004007765361,1.00051304018108,1.00018296645099))BOUNDED_CURVE()REPRESENTATION_ITEM('')GEOMETRIC_REPRESENTATION_ITEM()CURVE());
#4430=CURVE_STYLE('',#8847,POSITIVE_LENGTH_MEASURE(1.0E-006),#8848);
#4431=LINE('',#8849,#8850);
#4432=POINT_STYLE(' ',#8851,POSITIVE_LENGTH_MEASURE(1.0E-006),#8852);
#4433=CARTESIAN_POINT('',(4.90268094503338,3.00436674711813,18.4500000000015));
#4434=SURFACE_STYLE_USAGE(.BOTH.,#8853);
#4435=FACE_OUTER_BOUND('',#8854,.T.);
#4436=PLANE('',#8855);
#4437=POINT_STYLE(' ',#8856,POSITIVE_LENGTH_MEASURE(1.0E-006),#8857);
#4438=CARTESIAN_POINT('',(4.39842688616249,-4.06586399182164,18.2102246224997));
#4439=CURVE_STYLE('',#8858,POSITIVE_LENGTH_MEASURE(1.0E-006),#8859);
#4440=(B_SPLINE_CURVE(2,(#8861,#8862,#8863),.UNSPECIFIED.,.F.,.F.)B_SPLINE_CURVE_WITH_KNOTS((3,3),(0.0893220067418738,0.497406542909986),.UNSPECIFIED.)RATIONAL_B_SPLINE_CURVE((1.00018296645108,1.00051304018133,1.00004007765364))BOUNDED_CURVE()REPRESENTATION_ITEM('')GEOMETRIC_REPRESENTATION_ITEM()CURVE());
#4441=SURFACE_STYLE_USAGE(.BOTH.,#8870);
#4442=FACE_OUTER_BOUND('',#8871,.T.);
#4443=PLANE('',#8872);
#4444=CURVE_STYLE('',#8873,POSITIVE_LENGTH_MEASURE(1.0E-006),#8874);
#4445=LINE('',#8875,#8876);
#4446=CURVE_STYLE('',#8877,POSITIVE_LENGTH_MEASURE(1.0E-006),#8878);
#4447=CIRCLE('',#8879,5.69999999999996);
#4448=CURVE_STYLE('',#8880,POSITIVE_LENGTH_MEASURE(1.0E-006),#8881);
#4449=LINE('',#8882,#8883);
#4450=CURVE_STYLE('',#8884,POSITIVE_LENGTH_MEASURE(1.0E-006),#8885);
#4451=(B_SPLINE_CURVE(2,(#8887,#8888,#8889),.UNSPECIFIED.,.F.,.F.)B_SPLINE_CURVE_WITH_KNOTS((3,3),(0.0893220067456994,0.497406542914023),.UNSPECIFIED.)RATIONAL_B_SPLINE_CURVE((1.00018296645073,1.00051304018033,1.00004007765356))BOUNDED_CURVE()REPRESENTATION_ITEM('')GEOMETRIC_REPRESENTATION_ITEM()CURVE());
#4452=CURVE_STYLE('',#8896,POSITIVE_LENGTH_MEASURE(1.0E-006),#8897);
#4453=LINE('',#8898,#8899);
#4454=POINT_STYLE(' ',#8900,POSITIVE_LENGTH_MEASURE(1.0E-006),#8901);
#4455=CARTESIAN_POINT('',(1.5,2.46285910408305E-013,16.0));
#4456=POINT_STYLE(' ',#8902,POSITIVE_LENGTH_MEASURE(1.0E-006),#8903);
#4457=CARTESIAN_POINT('',(4.06586399182169,4.39842688616243,18.2102246224997));
#4458=SURFACE_STYLE_USAGE(.BOTH.,#8904);
#4459=FACE_OUTER_BOUND('',#8905,.T.);
#4460=PLANE('',#8906);
#4461=POINT_STYLE(' ',#8907,POSITIVE_LENGTH_MEASURE(1.0E-006),#8908);
#4462=CARTESIAN_POINT('',(-3.86682202951985E-016,-1.27832172093565,0.0283217209356271));
#4463=POINT_STYLE(' ',#8909,POSITIVE_LENGTH_MEASURE(1.0E-006),#8910);
#4464=CARTESIAN_POINT('',(-4.06586399182163,-4.06586399182359,16.0499999999999));
#4465=CURVE_STYLE('',#8911,POSITIVE_LENGTH_MEASURE(1.0E-006),#8912);
#4466=LINE('',#8913,#8914);
#4467=CURVE_STYLE('',#8915,POSITIVE_LENGTH_MEASURE(1.0E-006),#8916);
#4468=(B_SPLINE_CURVE(2,(#8918,#8919,#8920),.UNSPECIFIED.,.F.,.F.)B_SPLINE_CURVE_WITH_KNOTS((3,3),(0.0167092099320429,0.424793746101011),.UNSPECIFIED.)RATIONAL_B_SPLINE_CURVE((1.00004007765364,1.00051304018142,1.00018296645112))BOUNDED_CURVE()REPRESENTATION_ITEM('')GEOMETRIC_REPRESENTATION_ITEM()CURVE());
#4469=CURVE_STYLE('',#8927,POSITIVE_LENGTH_MEASURE(1.0E-006),#8928);
#4470=LINE('',#8929,#8930);
#4471=SURFACE_STYLE_USAGE(.BOTH.,#8931);
#4472=FACE_OUTER_BOUND('',#8932,.T.);
#4473=PLANE('',#8933);
#4474=CURVE_STYLE('',#8934,POSITIVE_LENGTH_MEASURE(1.0E-006),#8935);
#4475=(B_SPLINE_CURVE(2,(#8937,#8938,#8939),.UNSPECIFIED.,.F.,.F.)B_SPLINE_CURVE_WITH_KNOTS((3,3),(0.0167092099324357,0.424793746099486),.UNSPECIFIED.)RATIONAL_B_SPLINE_CURVE((1.00004007765357,1.00051304018046,1.00018296645078))BOUNDED_CURVE()REPRESENTATION_ITEM('')GEOMETRIC_REPRESENTATION_ITEM()CURVE());
#4476=SURFACE_STYLE_USAGE(.BOTH.,#8946);
#4477=FACE_OUTER_BOUND('',#8947,.T.);
#4478=PLANE('',#8948);
#4479=SURFACE_STYLE_USAGE(.BOTH.,#8949);
#4480=FACE_OUTER_BOUND('',#8950,.T.);
#4481=PLANE('',#8951);
#4482=CURVE_STYLE('',#8952,POSITIVE_LENGTH_MEASURE(1.0E-006),#8953);
#4483=(B_SPLINE_CURVE(2,(#8955,#8956,#8957),.UNSPECIFIED.,.F.,.F.)B_SPLINE_CURVE_WITH_KNOTS((3,3),(0.0893220067486517,0.497406542910848),.UNSPECIFIED.)RATIONAL_B_SPLINE_CURVE((1.00018296645089,1.00051304018076,1.0000400776536))BOUNDED_CURVE()REPRESENTATION_ITEM('')GEOMETRIC_REPRESENTATION_ITEM()CURVE());
#4484=CURVE_STYLE('',#8964,POSITIVE_LENGTH_MEASURE(1.0E-006),#8965);
#4485=(B_SPLINE_CURVE(2,(#8967,#8968,#8969),.UNSPECIFIED.,.F.,.F.)B_SPLINE_CURVE_WITH_KNOTS((3,3),(0.0893220067452741,0.497406542910549),.UNSPECIFIED.)RATIONAL_B_SPLINE_CURVE((1.00018296645039,1.00051304017938,1.00004007765349))BOUNDED_CURVE()REPRESENTATION_ITEM('')GEOMETRIC_REPRESENTATION_ITEM()CURVE());
#4486=CURVE_STYLE('',#8976,POSITIVE_LENGTH_MEASURE(1.0E-006),#8977);
#4487=(B_SPLINE_CURVE(2,(#8979,#8980,#8981),.UNSPECIFIED.,.F.,.F.)B_SPLINE_CURVE_WITH_KNOTS((3,3),(0.0893220067457738,0.497406542910562),.UNSPECIFIED.)RATIONAL_B_SPLINE_CURVE((1.00018296645071,1.00051304018026,1.00004007765356))BOUNDED_CURVE()REPRESENTATION_ITEM('')GEOMETRIC_REPRESENTATION_ITEM()CURVE());
#4488=SURFACE_STYLE_USAGE(.BOTH.,#8988);
#4489=FACE_OUTER_BOUND('',#8989,.T.);
#4490=PLANE('',#8990);
#4491=CURVE_STYLE('',#8991,POSITIVE_LENGTH_MEASURE(1.0E-006),#8992);
#4492=(B_SPLINE_CURVE(2,(#8994,#8995,#8996),.UNSPECIFIED.,.F.,.F.)B_SPLINE_CURVE_WITH_KNOTS((3,3),(0.0167092099322941,0.424793746099307),.UNSPECIFIED.)RATIONAL_B_SPLINE_CURVE((1.0000400776535,1.00051304017959,1.00018296645047))BOUNDED_CURVE()REPRESENTATION_ITEM('')GEOMETRIC_REPRESENTATION_ITEM()CURVE());
#4493=CURVE_STYLE('',#9003,POSITIVE_LENGTH_MEASURE(1.0E-006),#9004);
#4494=LINE('',#9005,#9006);
#4495=POINT_STYLE(' ',#9007,POSITIVE_LENGTH_MEASURE(1.0E-006),#9008);
#4496=CARTESIAN_POINT('',(-4.06586399182163,-4.39842688616246,18.2102246224997));
#4497=CURVE_STYLE('',#9009,POSITIVE_LENGTH_MEASURE(1.0E-006),#9010);
#4498=LINE('',#9011,#9012);
#4499=CURVE_STYLE('',#9013,POSITIVE_LENGTH_MEASURE(1.0E-006),#9014);
#4500=LINE('',#9015,#9016);
#4501=CURVE_STYLE('',#9017,POSITIVE_LENGTH_MEASURE(1.0E-006),#9018);
#4502=(B_SPLINE_CURVE(2,(#9020,#9021,#9022),.UNSPECIFIED.,.F.,.F.)B_SPLINE_CURVE_WITH_KNOTS((3,3),(0.0893220067480959,0.497406542916742),.UNSPECIFIED.)RATIONAL_B_SPLINE_CURVE((1.00018296645201,1.0005130401839,1.00004007765383))BOUNDED_CURVE()REPRESENTATION_ITEM('')GEOMETRIC_REPRESENTATION_ITEM()CURVE());
#4503=POINT_STYLE(' ',#9029,POSITIVE_LENGTH_MEASURE(1.0E-006),#9030);
#4504=CARTESIAN_POINT('',(-5.43957362182065,-2.50767778745398,16.2897753774993));
#4505=POINT_STYLE(' ',#9031,POSITIVE_LENGTH_MEASURE(1.0E-006),#9032);
#4506=CARTESIAN_POINT('',(-3.00436674711752,-4.90268094503452,18.4500000000008));
#4507=POINT_STYLE(' ',#9033,POSITIVE_LENGTH_MEASURE(1.0E-006),#9034);
#4508=CARTESIAN_POINT('',(-5.61955536329148,-2.07316342621647,18.2102246225004));
#4509=POINT_STYLE(' ',#9035,POSITIVE_LENGTH_MEASURE(1.0E-006),#9036);
#4510=CARTESIAN_POINT('',(-4.98031621090843,3.32774090221289,18.2102246225006));
#4511=SURFACE_STYLE_USAGE(.BOTH.,#9037);
#4512=FACE_OUTER_BOUND('',#9038,.T.);
#4513=PLANE('',#9039);
#4514=POINT_STYLE(' ',#9040,POSITIVE_LENGTH_MEASURE(1.0E-006),#9041);
#4515=CARTESIAN_POINT('',(3.3277409022129,4.98031621090849,16.2897753774994));
#4516=CURVE_STYLE('',#9042,POSITIVE_LENGTH_MEASURE(1.0E-006),#9043);
#4517=(B_SPLINE_CURVE(2,(#9045,#9046,#9047),.UNSPECIFIED.,.F.,.F.)B_SPLINE_CURVE_WITH_KNOTS((3,3),(0.0893220067438471,0.497406542906443),.UNSPECIFIED.)RATIONAL_B_SPLINE_CURVE((1.0001829664506,1.00051304017998,1.00004007765355))BOUNDED_CURVE()REPRESENTATION_ITEM('')GEOMETRIC_REPRESENTATION_ITEM()CURVE());
#4518=POINT_STYLE(' ',#9054,POSITIVE_LENGTH_MEASURE(1.0E-006),#9055);
#4519=CARTESIAN_POINT('',(4.06586399182368,-4.06586399182164,18.4499999999999));
#4520=POINT_STYLE(' ',#9056,POSITIVE_LENGTH_MEASURE(1.0E-006),#9057);
#4521=CARTESIAN_POINT('',(3.68508354049288E-016,1.22926706131732,-2.86395163543239E-014));
#4522=POINT_STYLE(' ',#9058,POSITIVE_LENGTH_MEASURE(1.0E-006),#9059);
#4523=CARTESIAN_POINT('',(5.59112704228795,-1.34231084217113,18.4499999999987));
#4524=CURVE_STYLE('',#9060,POSITIVE_LENGTH_MEASURE(1.0E-006),#9061);
#4525=(B_SPLINE_CURVE(2,(#9063,#9064,#9065),.UNSPECIFIED.,.F.,.F.)B_SPLINE_CURVE_WITH_KNOTS((3,3),(0.0167092099352918,0.424793746102907),.UNSPECIFIED.)RATIONAL_B_SPLINE_CURVE((1.00004007765364,1.00051304018124,1.00018296645105))BOUNDED_CURVE()REPRESENTATION_ITEM('')GEOMETRIC_REPRESENTATION_ITEM()CURVE());
#4526=CURVE_STYLE('',#9072,POSITIVE_LENGTH_MEASURE(1.0E-006),#9073);
#4527=(B_SPLINE_CURVE(2,(#9075,#9076,#9077),.UNSPECIFIED.,.F.,.F.)B_SPLINE_CURVE_WITH_KNOTS((3,3),(0.0893220067483252,0.497406542912564),.UNSPECIFIED.)RATIONAL_B_SPLINE_CURVE((1.00018296645053,1.00051304017976,1.00004007765352))BOUNDED_CURVE()REPRESENTATION_ITEM('')GEOMETRIC_REPRESENTATION_ITEM()CURVE());
#4528=CURVE_STYLE('',#9084,POSITIVE_LENGTH_MEASURE(1.0E-006),#9085);
#4529=(B_SPLINE_CURVE(2,(#9087,#9088,#9089),.UNSPECIFIED.,.F.,.F.)B_SPLINE_CURVE_WITH_KNOTS((3,3),(0.0893220067464571,0.497406542915044),.UNSPECIFIED.)RATIONAL_B_SPLINE_CURVE((1.00018296645027,1.00051304017904,1.00004007765345))BOUNDED_CURVE()REPRESENTATION_ITEM('')GEOMETRIC_REPRESENTATION_ITEM()CURVE());
#4530=CURVE_STYLE('',#9096,POSITIVE_LENGTH_MEASURE(1.0E-006),#9097);
#4531=(B_SPLINE_CURVE(2,(#9099,#9100,#9101),.UNSPECIFIED.,.F.,.F.)B_SPLINE_CURVE_WITH_KNOTS((3,3),(0.0893220067421101,0.497406542912404),.UNSPECIFIED.)RATIONAL_B_SPLINE_CURVE((1.00018296645071,1.00051304018028,1.00004007765356))BOUNDED_CURVE()REPRESENTATION_ITEM('')GEOMETRIC_REPRESENTATION_ITEM()CURVE());
#4532=CURVE_STYLE('',#9108,POSITIVE_LENGTH_MEASURE(1.0E-006),#9109);
#4533=LINE('',#9110,#9111);
#4534=POINT_STYLE(' ',#9112,POSITIVE_LENGTH_MEASURE(1.0E-006),#9113);
#4535=CARTESIAN_POINT('',(-4.90268094503332,-3.00436674711813,18.4500000000015));
#4536=POINT_STYLE(' ',#9114,POSITIVE_LENGTH_MEASURE(1.0E-006),#9115);
#4537=CARTESIAN_POINT('',(-0.704022609227891,-5.94825699164358,16.2897753775029));
#4538=CURVE_STYLE('',#9116,POSITIVE_LENGTH_MEASURE(1.0E-006),#9117);
#4539=LINE('',#9118,#9119);
#4540=CURVE_STYLE('',#9120,POSITIVE_LENGTH_MEASURE(1.0E-006),#9121);
#4541=(B_SPLINE_CURVE(2,(#9123,#9124,#9125),.UNSPECIFIED.,.F.,.F.)B_SPLINE_CURVE_WITH_KNOTS((3,3),(0.0167092099354565,0.424793746100835),.UNSPECIFIED.)RATIONAL_B_SPLINE_CURVE((1.00004007765359,1.00051304018068,1.00018296645085))BOUNDED_CURVE()REPRESENTATION_ITEM('')GEOMETRIC_REPRESENTATION_ITEM()CURVE());
#4542=POINT_STYLE(' ',#9132,POSITIVE_LENGTH_MEASURE(1.0E-006),#9133);
#4543=CARTESIAN_POINT('',(-5.59112704228789,1.34231084217107,16.0500000000011));
#4544=POINT_STYLE(' ',#9134,POSITIVE_LENGTH_MEASURE(1.0E-006),#9135);
#4545=CARTESIAN_POINT('',(5.31230731193853,-2.20042973610034,16.0499999999991));
#4546=POINT_STYLE(' ',#9136,POSITIVE_LENGTH_MEASURE(1.0E-006),#9137);
#4547=CARTESIAN_POINT('',(2.92673148124536,-5.22605510013398,16.2897753775036));
#4548=SURFACE_STYLE_USAGE(.BOTH.,#9138);
#4549=FACE_OUTER_BOUND('',#9139,.T.);
#4550=PLANE('',#9140);
#4551=POINT_STYLE(' ',#9141,POSITIVE_LENGTH_MEASURE(1.0E-006),#9142);
#4552=CARTESIAN_POINT('',(1.16854720720304,-5.87468352317407,18.2102246224992));
#4553=CURVE_STYLE('',#9143,POSITIVE_LENGTH_MEASURE(1.0E-006),#9144);
#4554=(B_SPLINE_CURVE(2,(#9146,#9147,#9148),.UNSPECIFIED.,.F.,.F.)B_SPLINE_CURVE_WITH_KNOTS((3,3),(0.0167092099305367,0.424793746099318),.UNSPECIFIED.)RATIONAL_B_SPLINE_CURVE((1.00004007765357,1.0005130401806,1.00018296645083))BOUNDED_CURVE()REPRESENTATION_ITEM('')GEOMETRIC_REPRESENTATION_ITEM()CURVE());
#4555=CURVE_STYLE('',#9155,POSITIVE_LENGTH_MEASURE(1.0E-006),#9156);
#4556=(B_SPLINE_CURVE(2,(#9158,#9159,#9160),.UNSPECIFIED.,.F.,.F.)B_SPLINE_CURVE_WITH_KNOTS((3,3),(0.0167092099285941,0.424793746096524),.UNSPECIFIED.)RATIONAL_B_SPLINE_CURVE((1.00004007765367,1.00051304018187,1.00018296645128))BOUNDED_CURVE()REPRESENTATION_ITEM('')GEOMETRIC_REPRESENTATION_ITEM()CURVE());
#4557=POINT_STYLE(' ',#9167,POSITIVE_LENGTH_MEASURE(1.0E-006),#9168);
#4558=CARTESIAN_POINT('',(-1.16854720720292,5.87468352317406,18.2102246224992));
#4559=CURVE_STYLE('',#9169,POSITIVE_LENGTH_MEASURE(1.0E-006),#9170);
#4560=(B_SPLINE_CURVE(2,(#9172,#9173,#9174),.UNSPECIFIED.,.F.,.F.)B_SPLINE_CURVE_WITH_KNOTS((3,3),(0.0893220067430159,0.497406542910211),.UNSPECIFIED.)RATIONAL_B_SPLINE_CURVE((1.00018296645041,1.00051304017944,1.0000400776535))BOUNDED_CURVE()REPRESENTATION_ITEM('')GEOMETRIC_REPRESENTATION_ITEM()CURVE());
#4561=SURFACE_STYLE_USAGE(.BOTH.,#9181);
#4562=FACE_OUTER_BOUND('',#9182,.T.);
#4563=PLANE('',#9183);
#4564=CURVE_STYLE('',#9184,POSITIVE_LENGTH_MEASURE(1.0E-006),#9185);
#4565=LINE('',#9186,#9187);
#4566=SURFACE_STYLE_USAGE(.BOTH.,#9188);
#4567=FACE_OUTER_BOUND('',#9189,.T.);
#4568=PLANE('',#9190);
#4569=CURVE_STYLE('',#9191,POSITIVE_LENGTH_MEASURE(1.0E-006),#9192);
#4570=LINE('',#9193,#9194);
#4571=CURVE_STYLE('',#9195,POSITIVE_LENGTH_MEASURE(1.0E-006),#9196);
#4572=(B_SPLINE_CURVE(2,(#9198,#9199,#9200),.UNSPECIFIED.,.F.,.F.)B_SPLINE_CURVE_WITH_KNOTS((3,3),(0.0893220067442529,0.497406542914059),.UNSPECIFIED.)RATIONAL_B_SPLINE_CURVE((1.00018296645036,1.0005130401793,1.00004007765348))BOUNDED_CURVE()REPRESENTATION_ITEM('')GEOMETRIC_REPRESENTATION_ITEM()CURVE());
#4573=CURVE_STYLE('',#9207,POSITIVE_LENGTH_MEASURE(1.0E-006),#9208);
#4574=(B_SPLINE_CURVE(2,(#9210,#9211,#9212),.UNSPECIFIED.,.F.,.F.)B_SPLINE_CURVE_WITH_KNOTS((3,3),(0.0893220067441278,0.497406542909057),.UNSPECIFIED.)RATIONAL_B_SPLINE_CURVE((1.00018296645091,1.00051304018083,1.00004007765361))BOUNDED_CURVE()REPRESENTATION_ITEM('')GEOMETRIC_REPRESENTATION_ITEM()CURVE());
#4575=POINT_STYLE(' ',#9219,POSITIVE_LENGTH_MEASURE(1.0E-006),#9220);
#4576=CARTESIAN_POINT('',(-2.61044537350267,5.12328751408359,18.4499999999994));
#4577=POINT_STYLE(' ',#9221,POSITIVE_LENGTH_MEASURE(1.0E-006),#9222);
#4578=CARTESIAN_POINT('',(4.98031621090675,3.32774090221144,16.2897753774971));
#4579=POINT_STYLE(' ',#9223,POSITIVE_LENGTH_MEASURE(1.0E-006),#9224);
#4580=CARTESIAN_POINT('',(-4.98031621090668,-3.3277409022114,18.2102246225029));
#4581=POINT_STYLE(' ',#9225,POSITIVE_LENGTH_MEASURE(1.0E-006),#9226);
#4582=CARTESIAN_POINT('',(5.6843418860808E-014,-5.74999999999997,16.05));
#4583=POINT_STYLE(' ',#9227,POSITIVE_LENGTH_MEASURE(1.0E-006),#9228);
#4584=CARTESIAN_POINT('',(-5.22605510013018,2.9267314812436,18.2102246225005));
#4585=CURVE_STYLE('',#9229,POSITIVE_LENGTH_MEASURE(1.0E-006),#9230);
#4586=LINE('',#9231,#9232);
#4587=CURVE_STYLE('',#9233,POSITIVE_LENGTH_MEASURE(1.0E-006),#9234);
#4588=(B_SPLINE_CURVE(2,(#9236,#9237,#9238),.UNSPECIFIED.,.F.,.F.)B_SPLINE_CURVE_WITH_KNOTS((3,3),(0.0893220067463723,0.497406542916079),.UNSPECIFIED.)RATIONAL_B_SPLINE_CURVE((1.00018296645137,1.00051304018213,1.00004007765369))BOUNDED_CURVE()REPRESENTATION_ITEM('')GEOMETRIC_REPRESENTATION_ITEM()CURVE());
#4589=POINT_STYLE(' ',#9245,POSITIVE_LENGTH_MEASURE(1.0E-006),#9246);
#4590=CARTESIAN_POINT('',(-2.92673148124356,-5.22605510013017,18.2102246225005));
#4591=CURVE_STYLE('',#9247,POSITIVE_LENGTH_MEASURE(1.0E-006),#9248);
#4592=(B_SPLINE_CURVE(2,(#9250,#9251,#9252),.UNSPECIFIED.,.F.,.F.)B_SPLINE_CURVE_WITH_KNOTS((3,3),(0.0893220067473213,0.497406542910281),.UNSPECIFIED.)RATIONAL_B_SPLINE_CURVE((1.00018296645084,1.00051304018063,1.00004007765359))BOUNDED_CURVE()REPRESENTATION_ITEM('')GEOMETRIC_REPRESENTATION_ITEM()CURVE());
#4593=CURVE_STYLE('',#9259,POSITIVE_LENGTH_MEASURE(1.0E-006),#9260);
#4594=(B_SPLINE_CURVE(2,(#9262,#9263,#9264),.UNSPECIFIED.,.F.,.F.)B_SPLINE_CURVE_WITH_KNOTS((3,3),(0.0893220067508329,0.497406542915367),.UNSPECIFIED.)RATIONAL_B_SPLINE_CURVE((1.00018296645146,1.00051304018235,1.00004007765371))BOUNDED_CURVE()REPRESENTATION_ITEM('')GEOMETRIC_REPRESENTATION_ITEM()CURVE());
#4595=SURFACE_STYLE_USAGE(.BOTH.,#9271);
#4596=FACE_OUTER_BOUND('',#9272,.T.);
#4597=PLANE('',#9273);
#4598=SURFACE_STYLE_USAGE(.BOTH.,#9274);
#4599=FACE_OUTER_BOUND('',#9275,.T.);
#4600=PLANE('',#9276);
#4601=CURVE_STYLE('',#9277,POSITIVE_LENGTH_MEASURE(1.0E-006),#9278);
#4602=CIRCLE('',#9279,1.5);
#4603=CURVE_STYLE('',#9280,POSITIVE_LENGTH_MEASURE(1.0E-006),#9281);
#4604=(B_SPLINE_CURVE(2,(#9283,#9284,#9285),.UNSPECIFIED.,.F.,.F.)B_SPLINE_CURVE_WITH_KNOTS((3,3),(0.0893220067465744,0.497406542916156),.UNSPECIFIED.)RATIONAL_B_SPLINE_CURVE((1.00018296645093,1.0005130401809,1.0000400776536))BOUNDED_CURVE()REPRESENTATION_ITEM('')GEOMETRIC_REPRESENTATION_ITEM()CURVE());
#4605=CURVE_STYLE('',#9292,POSITIVE_LENGTH_MEASURE(1.0E-006),#9293);
#4606=(B_SPLINE_CURVE(2,(#9295,#9296,#9297),.UNSPECIFIED.,.F.,.F.)B_SPLINE_CURVE_WITH_KNOTS((3,3),(0.0893220067471618,0.497406542913717),.UNSPECIFIED.)RATIONAL_B_SPLINE_CURVE((1.00018296645116,1.00051304018154,1.00004007765365))BOUNDED_CURVE()REPRESENTATION_ITEM('')GEOMETRIC_REPRESENTATION_ITEM()CURVE());
#4607=CURVE_STYLE('',#9304,POSITIVE_LENGTH_MEASURE(1.0E-006),#9305);
#4608=(B_SPLINE_CURVE(2,(#9307,#9308,#9309),.UNSPECIFIED.,.F.,.F.)B_SPLINE_CURVE_WITH_KNOTS((3,3),(0.0167092099363499,0.424793746101394),.UNSPECIFIED.)RATIONAL_B_SPLINE_CURVE((1.00004007765363,1.0005130401812,1.00018296645104))BOUNDED_CURVE()REPRESENTATION_ITEM('')GEOMETRIC_REPRESENTATION_ITEM()CURVE());
#4609=CURVE_STYLE('',#9316,POSITIVE_LENGTH_MEASURE(1.0E-006),#9317);
#4610=(B_SPLINE_CURVE(2,(#9319,#9320,#9321),.UNSPECIFIED.,.F.,.F.)B_SPLINE_CURVE_WITH_KNOTS((3,3),(0.016709209935398,0.424793746102858),.UNSPECIFIED.)RATIONAL_B_SPLINE_CURVE((1.0000400776537,1.00051304018211,1.00018296645136))BOUNDED_CURVE()REPRESENTATION_ITEM('')GEOMETRIC_REPRESENTATION_ITEM()CURVE());
#4611=CURVE_STYLE('',#9328,POSITIVE_LENGTH_MEASURE(1.0E-006),#9329);
#4612=(B_SPLINE_CURVE(2,(#9331,#9332,#9333),.UNSPECIFIED.,.F.,.F.)B_SPLINE_CURVE_WITH_KNOTS((3,3),(0.0893220067458558,0.497406542913581),.UNSPECIFIED.)RATIONAL_B_SPLINE_CURVE((1.00018296645094,1.00051304018092,1.0000400776536))BOUNDED_CURVE()REPRESENTATION_ITEM('')GEOMETRIC_REPRESENTATION_ITEM()CURVE());
#4613=SURFACE_STYLE_USAGE(.BOTH.,#9340);
#4614=FACE_OUTER_BOUND('',#9341,.T.);
#4615=PLANE('',#9342);
#4616=POINT_STYLE(' ',#9343,POSITIVE_LENGTH_MEASURE(1.0E-006),#9344);
#4617=CARTESIAN_POINT('',(5.73227466896805,-0.451139800435129,18.4499999999974));
#4618=CURVE_STYLE('',#9345,POSITIVE_LENGTH_MEASURE(1.0E-006),#9346);
#4619=(B_SPLINE_CURVE(2,(#9348,#9349,#9350),.UNSPECIFIED.,.F.,.F.)B_SPLINE_CURVE_WITH_KNOTS((3,3),(0.0167092099342341,0.424793746099098),.UNSPECIFIED.)RATIONAL_B_SPLINE_CURVE((1.00004007765323,1.00051304017614,1.00018296644924))BOUNDED_CURVE()REPRESENTATION_ITEM('')GEOMETRIC_REPRESENTATION_ITEM()CURVE());
#4620=SURFACE_STYLE_USAGE(.BOTH.,#9357);
#4621=FACE_OUTER_BOUND('',#9358,.T.);
#4622=PLANE('',#9359);
#4623=CURVE_STYLE('',#9360,POSITIVE_LENGTH_MEASURE(1.0E-006),#9361);
#4624=LINE('',#9362,#9363);
#4625=SURFACE_STYLE_USAGE(.BOTH.,#9364);
#4626=FACE_OUTER_BOUND('',#9365,.T.);
#4627=PLANE('',#9366);
#4628=SURFACE_STYLE_USAGE(.BOTH.,#9367);
#4629=FACE_OUTER_BOUND('',#9368,.T.);
#4630=PLANE('',#9369);
#4631=POINT_STYLE(' ',#9370,POSITIVE_LENGTH_MEASURE(1.0E-006),#9371);
#4632=CARTESIAN_POINT('',(5.76489067725809,1.62586732306062,18.2102246224976));
#4633=CURVE_STYLE('',#9372,POSITIVE_LENGTH_MEASURE(1.0E-006),#9373);
#4634=LINE('',#9374,#9375);
#4635=CURVE_STYLE('',#9376,POSITIVE_LENGTH_MEASURE(1.0E-006),#9377);
#4636=LINE('',#9378,#9379);
#4637=CURVE_STYLE('',#9380,POSITIVE_LENGTH_MEASURE(1.0E-006),#9381);
#4638=(B_SPLINE_CURVE(2,(#9383,#9384,#9385),.UNSPECIFIED.,.F.,.F.)B_SPLINE_CURVE_WITH_KNOTS((3,3),(0.0893220067485639,0.497406542915007),.UNSPECIFIED.)RATIONAL_B_SPLINE_CURVE((1.00018296645017,1.00051304017876,1.00004007765343))BOUNDED_CURVE()REPRESENTATION_ITEM('')GEOMETRIC_REPRESENTATION_ITEM()CURVE());
#4639=POINT_STYLE(' ',#9392,POSITIVE_LENGTH_MEASURE(1.0E-006),#9393);
#4640=CARTESIAN_POINT('',(5.94825699164365,-0.704022609227822,16.289775377503));
#4641=POINT_STYLE(' ',#9394,POSITIVE_LENGTH_MEASURE(1.0E-006),#9395);
#4642=CARTESIAN_POINT('',(1.34231084217254,-5.59112704228744,18.4499999999989));
#4643=SURFACE_STYLE_USAGE(.BOTH.,#9396);
#4644=FACE_OUTER_BOUND('',#9397,.T.);
#4645=PLANE('',#9398);
#4646=CURVE_STYLE('',#9399,POSITIVE_LENGTH_MEASURE(1.0E-006),#9400);
#4647=LINE('',#9401,#9402);
#4648=CURVE_STYLE('',#9403,POSITIVE_LENGTH_MEASURE(1.0E-006),#9404);
#4649=LINE('',#9405,#9406);
#4650=CURVE_STYLE('',#9407,POSITIVE_LENGTH_MEASURE(1.0E-006),#9408);
#4651=CIRCLE('',#9409,1.5);
#4652=POINT_STYLE(' ',#9410,POSITIVE_LENGTH_MEASURE(1.0E-006),#9411);
#4653=CARTESIAN_POINT('',(-5.98515747776063,-0.235157477760606,16.2897753775029));
#4654=SURFACE_STYLE_USAGE(.BOTH.,#9412);
#4655=FACE_OUTER_BOUND('',#9413,.T.);
#4656=PLANE('',#9414);
#4657=CURVE_STYLE('',#9415,POSITIVE_LENGTH_MEASURE(1.0E-006),#9416);
#4658=LINE('',#9417,#9418);
#4659=CURVE_STYLE('',#9419,POSITIVE_LENGTH_MEASURE(1.0E-006),#9420);
#4660=LINE('',#9421,#9422);
#4661=CURVE_STYLE('',#9423,POSITIVE_LENGTH_MEASURE(1.0E-006),#9424);
#4662=LINE('',#9425,#9426);
#4663=CURVE_STYLE('',#9427,POSITIVE_LENGTH_MEASURE(1.0E-006),#9428);
#4664=(B_SPLINE_CURVE(2,(#9430,#9431,#9432),.UNSPECIFIED.,.F.,.F.)B_SPLINE_CURVE_WITH_KNOTS((3,3),(0.089322006744691,0.4974065429115),.UNSPECIFIED.)RATIONAL_B_SPLINE_CURVE((1.00018296645106,1.00051304018125,1.00004007765363))BOUNDED_CURVE()REPRESENTATION_ITEM('')GEOMETRIC_REPRESENTATION_ITEM()CURVE());
#4665=POINT_STYLE(' ',#9439,POSITIVE_LENGTH_MEASURE(1.0E-006),#9440);
#4666=CARTESIAN_POINT('',(-5.46857496869745,1.77684771765647,16.0500000000005));
#4667=POINT_STYLE(' ',#9441,POSITIVE_LENGTH_MEASURE(1.0E-006),#9442);
#4668=CARTESIAN_POINT('',(-1.77684771765792,5.46857496869595,16.0499999999995));
#4669=POINT_STYLE(' ',#9443,POSITIVE_LENGTH_MEASURE(1.0E-006),#9444);
#4670=CARTESIAN_POINT('',(1.62586732306068,-5.7648906772579,18.2102246224978));
#4671=POINT_STYLE(' ',#9445,POSITIVE_LENGTH_MEASURE(1.0E-006),#9446);
#4672=CARTESIAN_POINT('',(5.43957362182184,-2.50767778745381,18.2102246224996));
#4673=POINT_STYLE(' ',#9447,POSITIVE_LENGTH_MEASURE(1.0E-006),#9448);
#4674=CARTESIAN_POINT('',(-5.94825699164359,0.704022609227885,18.210224622497));
#4675=POINT_STYLE(' ',#9449,POSITIVE_LENGTH_MEASURE(1.0E-006),#9450);
#4676=CARTESIAN_POINT('',(-4.06586399182366,4.39842688616215,18.2102246224986));
#4677=POINT_STYLE(' ',#9451,POSITIVE_LENGTH_MEASURE(1.0E-006),#9452);
#4678=CARTESIAN_POINT('',(5.73227466896805,-0.451139800435129,16.0500000000025));
#4679=CURVE_STYLE('',#9453,POSITIVE_LENGTH_MEASURE(1.0E-006),#9454);
#4680=(B_SPLINE_CURVE(2,(#9456,#9457,#9458),.UNSPECIFIED.,.F.,.F.)B_SPLINE_CURVE_WITH_KNOTS((3,3),(0.0167092099309173,0.424793746100314),.UNSPECIFIED.)RATIONAL_B_SPLINE_CURVE((1.00004007765349,1.00051304017946,1.00018296645042))BOUNDED_CURVE()REPRESENTATION_ITEM('')GEOMETRIC_REPRESENTATION_ITEM()CURVE());
#4681=POINT_STYLE(' ',#9465,POSITIVE_LENGTH_MEASURE(1.0E-006),#9466);
#4682=CARTESIAN_POINT('',(-4.70387201612658,3.70823369393645,18.2102246224967));
#4683=CURVE_STYLE('',#9467,POSITIVE_LENGTH_MEASURE(1.0E-006),#9468);
#4684=LINE('',#9469,#9470);
#4685=CURVE_STYLE('',#9471,POSITIVE_LENGTH_MEASURE(1.0E-006),#9472);
#4686=(B_SPLINE_CURVE(2,(#9474,#9475,#9476),.UNSPECIFIED.,.F.,.F.)B_SPLINE_CURVE_WITH_KNOTS((3,3),(0.0167092099314072,0.424793746098665),.UNSPECIFIED.)RATIONAL_B_SPLINE_CURVE((1.00004007765365,1.00051304018148,1.00018296645114))BOUNDED_CURVE()REPRESENTATION_ITEM('')GEOMETRIC_REPRESENTATION_ITEM()CURVE());
#4687=CURVE_STYLE('',#9483,POSITIVE_LENGTH_MEASURE(1.0E-006),#9484);
#4688=LINE('',#9485,#9486);
#4689=SURFACE_STYLE_USAGE(.BOTH.,#9487);
#4690=FACE_OUTER_BOUND('',#9488,.T.);
#4691=PLANE('',#9489);
#4692=POINT_STYLE(' ',#9490,POSITIVE_LENGTH_MEASURE(1.0E-006),#9491);
#4693=CARTESIAN_POINT('',(-5.31230731193722,-2.20042973610009,16.0499999999978));
#4694=CURVE_STYLE('',#9492,POSITIVE_LENGTH_MEASURE(1.0E-006),#9493);
#4695=(B_SPLINE_CURVE(2,(#9495,#9496,#9497),.UNSPECIFIED.,.F.,.F.)B_SPLINE_CURVE_WITH_KNOTS((3,3),(0.0893220067494825,0.497406542917406),.UNSPECIFIED.)RATIONAL_B_SPLINE_CURVE((1.00018296645118,1.00051304018156,1.00004007765365))BOUNDED_CURVE()REPRESENTATION_ITEM('')GEOMETRIC_REPRESENTATION_ITEM()CURVE());
#4696=POINT_STYLE(' ',#9504,POSITIVE_LENGTH_MEASURE(1.0E-006),#9505);
#4697=CARTESIAN_POINT('',(-5.22605510013324,-2.92673148124317,16.2897753775019));
#4698=CURVE_STYLE('',#9506,POSITIVE_LENGTH_MEASURE(1.0E-006),#9507);
#4699=LINE('',#9508,#9509);
#4700=CURVE_STYLE('',#9510,POSITIVE_LENGTH_MEASURE(1.0E-006),#9511);
#4701=(B_SPLINE_CURVE(2,(#9513,#9514,#9515),.UNSPECIFIED.,.F.,.F.)B_SPLINE_CURVE_WITH_KNOTS((3,3),(0.0167092099296945,0.424793746101594),.UNSPECIFIED.)RATIONAL_B_SPLINE_CURVE((1.00004007765368,1.00051304018198,1.00018296645132))BOUNDED_CURVE()REPRESENTATION_ITEM('')GEOMETRIC_REPRESENTATION_ITEM()CURVE());
#4702=CURVE_STYLE('',#9522,POSITIVE_LENGTH_MEASURE(1.0E-006),#9523);
#4703=LINE('',#9524,#9525);
#4704=CURVE_STYLE('',#9526,POSITIVE_LENGTH_MEASURE(1.0E-006),#9527);
#4705=(B_SPLINE_CURVE(2,(#9529,#9530,#9531),.UNSPECIFIED.,.F.,.F.)B_SPLINE_CURVE_WITH_KNOTS((3,3),(0.0167092099392941,0.424793746101592),.UNSPECIFIED.)RATIONAL_B_SPLINE_CURVE((1.00004007765369,1.00051304018187,1.00018296645128))BOUNDED_CURVE()REPRESENTATION_ITEM('')GEOMETRIC_REPRESENTATION_ITEM()CURVE());
#4706=POINT_STYLE(' ',#9538,POSITIVE_LENGTH_MEASURE(1.0E-006),#9539);
#4707=CARTESIAN_POINT('',(1.16854720720304,-5.87468352317407,16.2897753775008));
#4708=CURVE_STYLE('',#9540,POSITIVE_LENGTH_MEASURE(1.0E-006),#9541);
#4709=LINE('',#9542,#9543);
#4710=CURVE_STYLE('',#9544,POSITIVE_LENGTH_MEASURE(1.0E-006),#9545);
#4711=(B_SPLINE_CURVE(2,(#9547,#9548,#9549),.UNSPECIFIED.,.F.,.F.)B_SPLINE_CURVE_WITH_KNOTS((3,3),(0.0167092099354476,0.424793746102762),.UNSPECIFIED.)RATIONAL_B_SPLINE_CURVE((1.00004007765359,1.0005130401807,1.00018296645086))BOUNDED_CURVE()REPRESENTATION_ITEM('')GEOMETRIC_REPRESENTATION_ITEM()CURVE());
#4712=POINT_STYLE(' ',#9556,POSITIVE_LENGTH_MEASURE(1.0E-006),#9557);
#4713=CARTESIAN_POINT('',(5.6195553632937,-2.07316342621632,16.2897753775015));
#4714=CURVE_STYLE('',#9558,POSITIVE_LENGTH_MEASURE(1.0E-006),#9559);
#4715=LINE('',#9560,#9561);
#4716=CURVE_STYLE('',#9562,POSITIVE_LENGTH_MEASURE(1.0E-006),#9563);
#4717=LINE('',#9564,#9565);
#4718=SURFACE_STYLE_USAGE(.BOTH.,#9566);
#4719=FACE_OUTER_BOUND('',#9567,.T.);
#4720=PLANE('',#9568);
#4721=SURFACE_STYLE_USAGE(.BOTH.,#9569);
#4722=FACE_OUTER_BOUND('',#9570,.T.);
#4723=PLANE('',#9571);
#4724=CURVE_STYLE('',#9572,POSITIVE_LENGTH_MEASURE(1.0E-006),#9573);
#4725=(B_SPLINE_CURVE(2,(#9575,#9576,#9577),.UNSPECIFIED.,.F.,.F.)B_SPLINE_CURVE_WITH_KNOTS((3,3),(0.0167092099365234,0.424793746096268),.UNSPECIFIED.)RATIONAL_B_SPLINE_CURVE((1.00004007765353,1.00051304017982,1.00018296645056))BOUNDED_CURVE()REPRESENTATION_ITEM('')GEOMETRIC_REPRESENTATION_ITEM()CURVE());
#4726=POINT_STYLE(' ',#9584,POSITIVE_LENGTH_MEASURE(1.0E-006),#9585);
#4727=CARTESIAN_POINT('',(-5.87468352317398,-1.16854720720298,18.2102246224993));
#4728=CURVE_STYLE('',#9586,POSITIVE_LENGTH_MEASURE(1.0E-006),#9587);
#4729=(B_SPLINE_CURVE(2,(#9589,#9590,#9591),.UNSPECIFIED.,.F.,.F.)B_SPLINE_CURVE_WITH_KNOTS((3,3),(0.0893220067470672,0.497406542916433),.UNSPECIFIED.)RATIONAL_B_SPLINE_CURVE((1.00018296645055,1.00051304017983,1.00004007765351))BOUNDED_CURVE()REPRESENTATION_ITEM('')GEOMETRIC_REPRESENTATION_ITEM()CURVE());
#4730=POINT_STYLE(' ',#9598,POSITIVE_LENGTH_MEASURE(1.0E-006),#9599);
#4731=CARTESIAN_POINT('',(-3.37976520068055,-4.65184771765789,18.4499999999991));
#4732=CURVE_STYLE('',#9600,POSITIVE_LENGTH_MEASURE(1.0E-006),#9601);
#4733=LINE('',#9602,#9603);
#4734=POINT_STYLE(' ',#9604,POSITIVE_LENGTH_MEASURE(1.0E-006),#9605);
#4735=CARTESIAN_POINT('',(-2.20042973610009,5.31230731193736,18.450000000002));
#4736=CURVE_STYLE('',#9606,POSITIVE_LENGTH_MEASURE(1.0E-006),#9607);
#4737=LINE('',#9608,#9609);
#4738=CURVE_STYLE('',#9610,POSITIVE_LENGTH_MEASURE(1.0E-006),#9611);
#4739=(B_SPLINE_CURVE(2,(#9613,#9614,#9615),.UNSPECIFIED.,.F.,.F.)B_SPLINE_CURVE_WITH_KNOTS((3,3),(0.0167092099303835,0.424793746098735),.UNSPECIFIED.)RATIONAL_B_SPLINE_CURVE((1.00004007765379,1.00051304018341,1.00018296645183))BOUNDED_CURVE()REPRESENTATION_ITEM('')GEOMETRIC_REPRESENTATION_ITEM()CURVE());
#4740=CURVE_STYLE('',#9622,POSITIVE_LENGTH_MEASURE(1.0E-006),#9623);
#4741=(B_SPLINE_CURVE(2,(#9625,#9626,#9627),.UNSPECIFIED.,.F.,.F.)B_SPLINE_CURVE_WITH_KNOTS((3,3),(0.0893220067487311,0.497406542916081),.UNSPECIFIED.)RATIONAL_B_SPLINE_CURVE((1.00018296645049,1.00051304017964,1.0000400776535))BOUNDED_CURVE()REPRESENTATION_ITEM('')GEOMETRIC_REPRESENTATION_ITEM()CURVE());
#4742=POINT_STYLE(' ',#9634,POSITIVE_LENGTH_MEASURE(1.0E-006),#9635);
#4743=CARTESIAN_POINT('',(5.6195553632916,2.07316342621648,16.2897753774996));
#4744=SURFACE_STYLE_USAGE(.BOTH.,#9636);
#4745=FACE_OUTER_BOUND('',#9637,.T.);
#4746=PLANE('',#9638);
#4747=POINT_STYLE(' ',#9639,POSITIVE_LENGTH_MEASURE(1.0E-006),#9640);
#4748=CARTESIAN_POINT('',(-5.73227466896651,-0.451139800437403,16.0500000000012));
#4749=SURFACE_STYLE_USAGE(.BOTH.,#9641);
#4750=FACE_OUTER_BOUND('',#9642,.T.);
#4751=PLANE('',#9643);
#4752=POINT_STYLE(' ',#9644,POSITIVE_LENGTH_MEASURE(1.0E-006),#9645);
#4753=CARTESIAN_POINT('',(-1.16854720720255,-5.87468352317305,18.2102246225003));
#4754=CURVE_STYLE('',#9646,POSITIVE_LENGTH_MEASURE(1.0E-006),#9647);
#4755=(B_SPLINE_CURVE(2,(#9649,#9650,#9651),.UNSPECIFIED.,.F.,.F.)B_SPLINE_CURVE_WITH_KNOTS((3,3),(0.0893220067448953,0.497406542911526),.UNSPECIFIED.)RATIONAL_B_SPLINE_CURVE((1.0001829664511,1.00051304018136,1.00004007765364))BOUNDED_CURVE()REPRESENTATION_ITEM('')GEOMETRIC_REPRESENTATION_ITEM()CURVE());
#4756=CURVE_STYLE('',#9658,POSITIVE_LENGTH_MEASURE(1.0E-006),#9659);
#4757=LINE('',#9660,#9661);
#4758=CURVE_STYLE('',#9662,POSITIVE_LENGTH_MEASURE(1.0E-006),#9663);
#4759=LINE('',#9664,#9665);
#4760=CURVE_STYLE('',#9666,POSITIVE_LENGTH_MEASURE(1.0E-006),#9667);
#4761=(B_SPLINE_CURVE(2,(#9669,#9670,#9671),.UNSPECIFIED.,.F.,.F.)B_SPLINE_CURVE_WITH_KNOTS((3,3),(0.016709209935166,0.42479374610127),.UNSPECIFIED.)RATIONAL_B_SPLINE_CURVE((1.00004007765351,1.00051304017965,1.00018296645049))BOUNDED_CURVE()REPRESENTATION_ITEM('')GEOMETRIC_REPRESENTATION_ITEM()CURVE());
#4762=CURVE_STYLE('',#9678,POSITIVE_LENGTH_MEASURE(1.0E-006),#9679);
#4763=(B_SPLINE_CURVE(2,(#9681,#9682,#9683),.UNSPECIFIED.,.F.,.F.)B_SPLINE_CURVE_WITH_KNOTS((3,3),(0.0167092099332121,0.424793746103848),.UNSPECIFIED.)RATIONAL_B_SPLINE_CURVE((1.00004007765376,1.00051304018286,1.00018296645162))BOUNDED_CURVE()REPRESENTATION_ITEM('')GEOMETRIC_REPRESENTATION_ITEM()CURVE());
#4764=CURVE_STYLE('',#9690,POSITIVE_LENGTH_MEASURE(1.0E-006),#9691);
#4765=LINE('',#9692,#9693);
#4766=POINT_STYLE(' ',#9694,POSITIVE_LENGTH_MEASURE(1.0E-006),#9695);
#4767=CARTESIAN_POINT('',(-5.67920795841945,-0.899498173980931,18.4500000000026));
#4768=POINT_STYLE(' ',#9696,POSITIVE_LENGTH_MEASURE(1.0E-006),#9697);
#4769=CARTESIAN_POINT('',(5.59112704228758,1.3423108421724,18.4499999999988));
#4770=POINT_STYLE(' ',#9698,POSITIVE_LENGTH_MEASURE(1.0E-006),#9699);
#4771=CARTESIAN_POINT('',(5.8746835231741,1.16854720720296,16.2897753775008));
#4772=CURVE_STYLE('',#9700,POSITIVE_LENGTH_MEASURE(1.0E-006),#9701);
#4773=(B_SPLINE_CURVE(2,(#9703,#9704,#9705),.UNSPECIFIED.,.F.,.F.)B_SPLINE_CURVE_WITH_KNOTS((3,3),(0.0893220067455854,0.497406542913985),.UNSPECIFIED.)RATIONAL_B_SPLINE_CURVE((1.0001829664509,1.0005130401808,1.00004007765359))BOUNDED_CURVE()REPRESENTATION_ITEM('')GEOMETRIC_REPRESENTATION_ITEM()CURVE());
#4774=POINT_STYLE(' ',#9712,POSITIVE_LENGTH_MEASURE(1.0E-006),#9713);
#4775=CARTESIAN_POINT('',(5.31230731193739,2.20042973610009,16.049999999998));
#4776=CURVE_STYLE('',#9714,POSITIVE_LENGTH_MEASURE(1.0E-006),#9715);
#4777=(B_SPLINE_CURVE(2,(#9717,#9718,#9719),.UNSPECIFIED.,.F.,.F.)B_SPLINE_CURVE_WITH_KNOTS((3,3),(0.0167092099318372,0.42479374609854),.UNSPECIFIED.)RATIONAL_B_SPLINE_CURVE((1.00004007765366,1.00051304018166,1.00018296645121))BOUNDED_CURVE()REPRESENTATION_ITEM('')GEOMETRIC_REPRESENTATION_ITEM()CURVE());
#4778=SURFACE_STYLE_USAGE(.BOTH.,#9726);
#4779=FACE_OUTER_BOUND('',#9727,.T.);
#4780=PLANE('',#9728);
#4781=SURFACE_STYLE_USAGE(.BOTH.,#9729);
#4782=FACE_OUTER_BOUND('',#9730,.T.);
#4783=PLANE('',#9731);
#4784=CURVE_STYLE('',#9732,POSITIVE_LENGTH_MEASURE(1.0E-006),#9733);
#4785=(B_SPLINE_CURVE(2,(#9735,#9736,#9737),.UNSPECIFIED.,.F.,.F.)B_SPLINE_CURVE_WITH_KNOTS((3,3),(0.089322006748374,0.497406542915444),.UNSPECIFIED.)RATIONAL_B_SPLINE_CURVE((1.00018296645121,1.00051304018165,1.00004007765366))BOUNDED_CURVE()REPRESENTATION_ITEM('')GEOMETRIC_REPRESENTATION_ITEM()CURVE());
#4786=CURVE_STYLE('',#9744,POSITIVE_LENGTH_MEASURE(1.0E-006),#9745);
#4787=LINE('',#9746,#9747);
#4788=POINT_STYLE(' ',#9748,POSITIVE_LENGTH_MEASURE(1.0E-006),#9749);
#4789=CARTESIAN_POINT('',(5.75,1.4210854715202E-014,16.05));
#4790=POINT_STYLE(' ',#9750,POSITIVE_LENGTH_MEASURE(1.0E-006),#9751);
#4791=CARTESIAN_POINT('',(-0.451139800435143,-5.73227466896793,18.4499999999975));
#4792=CURVE_STYLE('',#9752,POSITIVE_LENGTH_MEASURE(1.0E-006),#9753);
#4793=LINE('',#9754,#9755);
#4794=SURFACE_STYLE_USAGE(.BOTH.,#9756);
#4795=FACE_OUTER_BOUND('',#9757,.T.);
#4796=PLANE('',#9758);
#4797=SURFACE_STYLE_USAGE(.BOTH.,#9759);
#4798=FACE_OUTER_BOUND('',#9760,.T.);
#4799=PLANE('',#9761);
#4800=POINT_STYLE(' ',#9762,POSITIVE_LENGTH_MEASURE(1.0E-006),#9763);
#4801=CARTESIAN_POINT('',(-3.35271605233965E-047,5.75000000000003,16.05));
#4802=CURVE_STYLE('',#9764,POSITIVE_LENGTH_MEASURE(1.0E-006),#9765);
#4803=(B_SPLINE_CURVE(2,(#9767,#9768,#9769),.UNSPECIFIED.,.F.,.F.)B_SPLINE_CURVE_WITH_KNOTS((3,3),(0.0893220067456425,0.497406542913841),.UNSPECIFIED.)RATIONAL_B_SPLINE_CURVE((1.00018296645011,1.0005130401786,1.00004007765342))BOUNDED_CURVE()REPRESENTATION_ITEM('')GEOMETRIC_REPRESENTATION_ITEM()CURVE());
#4804=CURVE_STYLE('',#9776,POSITIVE_LENGTH_MEASURE(1.0E-006),#9777);
#4805=(B_SPLINE_CURVE(2,(#9779,#9780,#9781),.UNSPECIFIED.,.F.,.F.)B_SPLINE_CURVE_WITH_KNOTS((3,3),(0.0893220067483756,0.497406542915453),.UNSPECIFIED.)RATIONAL_B_SPLINE_CURVE((1.00018296645138,1.00051304018213,1.00004007765369))BOUNDED_CURVE()REPRESENTATION_ITEM('')GEOMETRIC_REPRESENTATION_ITEM()CURVE());
#4806=CURVE_STYLE('',#9788,POSITIVE_LENGTH_MEASURE(1.0E-006),#9789);
#4807=LINE('',#9790,#9791);
#4808=CURVE_STYLE('',#9792,POSITIVE_LENGTH_MEASURE(1.0E-006),#9793);
#4809=(B_SPLINE_CURVE(2,(#9795,#9796,#9797),.UNSPECIFIED.,.F.,.F.)B_SPLINE_CURVE_WITH_KNOTS((3,3),(0.0167092099308642,0.424793746097467),.UNSPECIFIED.)RATIONAL_B_SPLINE_CURVE((1.00004007765359,1.00051304018075,1.00018296645089))BOUNDED_CURVE()REPRESENTATION_ITEM('')GEOMETRIC_REPRESENTATION_ITEM()CURVE());
#4810=POINT_STYLE(' ',#9804,POSITIVE_LENGTH_MEASURE(1.0E-006),#9805);
#4811=CARTESIAN_POINT('',(3.73432627789873,-4.37233430219956,18.4500000000003));
#4812=POINT_STYLE(' ',#9806,POSITIVE_LENGTH_MEASURE(1.0E-006),#9807);
#4813=CARTESIAN_POINT('',(5.46857496869745,-1.77684771765643,16.0500000000004));
#4814=CURVE_STYLE('',#9808,POSITIVE_LENGTH_MEASURE(1.0E-006),#9809);
#4815=LINE('',#9810,#9811);
#4816=CURVE_STYLE('',#9812,POSITIVE_LENGTH_MEASURE(1.0E-006),#9813);
#4817=LINE('',#9814,#9815);
#4818=CURVE_STYLE('',#9816,POSITIVE_LENGTH_MEASURE(1.0E-006),#9817);
#4819=LINE('',#9818,#9819);
#4820=POINT_STYLE(' ',#9820,POSITIVE_LENGTH_MEASURE(1.0E-006),#9821);
#4821=CARTESIAN_POINT('',(-4.39842688616207,-4.0658639918236,16.2897753775013));
#4822=CURVE_STYLE('',#9822,POSITIVE_LENGTH_MEASURE(1.0E-006),#9823);
#4823=LINE('',#9824,#9825);
#4824=POINT_STYLE(' ',#9826,POSITIVE_LENGTH_MEASURE(1.0E-006),#9827);
#4825=CARTESIAN_POINT('',(-5.46857496869592,-1.77684771765794,18.4500000000005));
#4826=SURFACE_STYLE_USAGE(.BOTH.,#9828);
#4827=FACE_OUTER_BOUND('',#9829,.T.);
#4828=PLANE('',#9830);
#4829=CURVE_STYLE('',#9831,POSITIVE_LENGTH_MEASURE(1.0E-006),#9832);
#4830=(B_SPLINE_CURVE(2,(#9834,#9835,#9836),.UNSPECIFIED.,.F.,.F.)B_SPLINE_CURVE_WITH_KNOTS((3,3),(0.0167092099353743,0.42479374610014),.UNSPECIFIED.)RATIONAL_B_SPLINE_CURVE((1.00004007765356,1.00051304018024,1.0001829664507))BOUNDED_CURVE()REPRESENTATION_ITEM('')GEOMETRIC_REPRESENTATION_ITEM()CURVE());
#4831=POINT_STYLE(' ',#9843,POSITIVE_LENGTH_MEASURE(1.0E-006),#9844);
#4832=CARTESIAN_POINT('',(5.76489067725858,-1.62586732305956,18.2102246224974));
#4833=CURVE_STYLE('',#9845,POSITIVE_LENGTH_MEASURE(1.0E-006),#9846);
#4834=(B_SPLINE_CURVE(2,(#9848,#9849,#9850),.UNSPECIFIED.,.F.,.F.)B_SPLINE_CURVE_WITH_KNOTS((3,3),(0.0167092099309913,0.424793746097535),.UNSPECIFIED.)RATIONAL_B_SPLINE_CURVE((1.00004007765362,1.00051304018114,1.00018296645103))BOUNDED_CURVE()REPRESENTATION_ITEM('')GEOMETRIC_REPRESENTATION_ITEM()CURVE());
#4835=CURVE_STYLE('',#9857,POSITIVE_LENGTH_MEASURE(1.0E-006),#9858);
#4836=(B_SPLINE_CURVE(2,(#9860,#9861,#9862),.UNSPECIFIED.,.F.,.F.)B_SPLINE_CURVE_WITH_KNOTS((3,3),(0.0893220067469669,0.497406542916683),.UNSPECIFIED.)RATIONAL_B_SPLINE_CURVE((1.00018296645108,1.0005130401813,1.00004007765363))BOUNDED_CURVE()REPRESENTATION_ITEM('')GEOMETRIC_REPRESENTATION_ITEM()CURVE());
#4837=CURVE_STYLE('',#9869,POSITIVE_LENGTH_MEASURE(1.0E-006),#9870);
#4838=(B_SPLINE_CURVE(2,(#9872,#9873,#9874),.UNSPECIFIED.,.F.,.F.)B_SPLINE_CURVE_WITH_KNOTS((3,3),(0.0893220067464057,0.497406542911647),.UNSPECIFIED.)RATIONAL_B_SPLINE_CURVE((1.00018296645081,1.00051304018055,1.00004007765358))BOUNDED_CURVE()REPRESENTATION_ITEM('')GEOMETRIC_REPRESENTATION_ITEM()CURVE());
#4839=CURVE_STYLE('',#9881,POSITIVE_LENGTH_MEASURE(1.0E-006),#9882);
#4840=(B_SPLINE_CURVE(2,(#9884,#9885,#9886),.UNSPECIFIED.,.F.,.F.)B_SPLINE_CURVE_WITH_KNOTS((3,3),(0.016709209931841,0.424793746100817),.UNSPECIFIED.)RATIONAL_B_SPLINE_CURVE((1.00004007765365,1.00051304018153,1.00018296645116))BOUNDED_CURVE()REPRESENTATION_ITEM('')GEOMETRIC_REPRESENTATION_ITEM()CURVE());
#4841=CURVE_STYLE('',#9893,POSITIVE_LENGTH_MEASURE(1.0E-006),#9894);
#4842=CIRCLE('',#9895,1.27832172093566);
#4843=POINT_STYLE(' ',#9896,POSITIVE_LENGTH_MEASURE(1.0E-006),#9897);
#4844=CARTESIAN_POINT('',(-2.07316342621632,-5.61955536329369,18.2102246224984));
#4845=CURVE_STYLE('',#9898,POSITIVE_LENGTH_MEASURE(1.0E-006),#9899);
#4846=LINE('',#9900,#9901);
#4847=CURVE_STYLE('',#9902,POSITIVE_LENGTH_MEASURE(1.0E-006),#9903);
#4848=(B_SPLINE_CURVE(2,(#9905,#9906,#9907),.UNSPECIFIED.,.F.,.F.)B_SPLINE_CURVE_WITH_KNOTS((3,3),(0.0893220067511306,0.49740654291546),.UNSPECIFIED.)RATIONAL_B_SPLINE_CURVE((1.00018296645029,1.00051304017905,1.00004007765345))BOUNDED_CURVE()REPRESENTATION_ITEM('')GEOMETRIC_REPRESENTATION_ITEM()CURVE());
#4849=SURFACE_STYLE_USAGE(.BOTH.,#9914);
#4850=FACE_OUTER_BOUND('',#9915,.T.);
#4851=PLANE('',#9916);
#4852=CURVE_STYLE('',#9917,POSITIVE_LENGTH_MEASURE(1.0E-006),#9918);
#4853=(B_SPLINE_CURVE(2,(#9920,#9921,#9922),.UNSPECIFIED.,.F.,.F.)B_SPLINE_CURVE_WITH_KNOTS((3,3),(0.0167092099296975,0.424793746101714),.UNSPECIFIED.)RATIONAL_B_SPLINE_CURVE((1.00004007765367,1.00051304018183,1.00018296645126))BOUNDED_CURVE()REPRESENTATION_ITEM('')GEOMETRIC_REPRESENTATION_ITEM()CURVE());
#4854=SURFACE_STYLE_USAGE(.BOTH.,#9929);
#4855=FACE_OUTER_BOUND('',#9930,.T.);
#4856=PLANE('',#9931);
#4857=POINT_STYLE(' ',#9932,POSITIVE_LENGTH_MEASURE(1.0E-006),#9933);
#4858=CARTESIAN_POINT('',(-5.87468352317294,1.16854720720253,18.2102246225004));
#4859=SURFACE_STYLE_USAGE(.BOTH.,#9934);
#4860=FACE_OUTER_BOUND('',#9935,.T.);
#4861=PLANE('',#9936);
#4862=CURVE_STYLE('',#9937,POSITIVE_LENGTH_MEASURE(1.0E-006),#9938);
#4863=CIRCLE('',#9939,1.22926706131731);
#4864=CURVE_STYLE('',#9940,POSITIVE_LENGTH_MEASURE(1.0E-006),#9941);
#4865=LINE('',#9942,#9943);
#4866=CURVE_STYLE('',#9944,POSITIVE_LENGTH_MEASURE(1.0E-006),#9945);
#4867=LINE('',#9946,#9947);
#4868=CURVE_STYLE('',#9948,POSITIVE_LENGTH_MEASURE(1.0E-006),#9949);
#4869=LINE('',#9950,#9951);
#4870=SURFACE_STYLE_USAGE(.BOTH.,#9952);
#4871=FACE_OUTER_BOUND('',#9953,.T.);
#4872=PLANE('',#9954);
#4873=SURFACE_STYLE_USAGE(.BOTH.,#9955);
#4874=FACE_OUTER_BOUND('',#9956,.T.);
#4875=PLANE('',#9957);
#4876=CURVE_STYLE('',#9958,POSITIVE_LENGTH_MEASURE(1.0E-006),#9959);
#4877=(B_SPLINE_CURVE(2,(#9961,#9962,#9963),.UNSPECIFIED.,.F.,.F.)B_SPLINE_CURVE_WITH_KNOTS((3,3),(0.0893220067465972,0.49740654291349),.UNSPECIFIED.)RATIONAL_B_SPLINE_CURVE((1.00018296645001,1.0005130401783,1.0000400776534))BOUNDED_CURVE()REPRESENTATION_ITEM('')GEOMETRIC_REPRESENTATION_ITEM()CURVE());
#4878=SURFACE_STYLE_USAGE(.BOTH.,#9970);
#4879=FACE_OUTER_BOUND('',#9971,.T.);
#4880=PLANE('',#9972);
#4881=SURFACE_STYLE_USAGE(.BOTH.,#9973);
#4882=FACE_OUTER_BOUND('',#9974,.T.);
#4883=PLANE('',#9975);
#4884=CURVE_STYLE('',#9976,POSITIVE_LENGTH_MEASURE(1.0E-006),#9977);
#4885=(B_SPLINE_CURVE(2,(#9979,#9980,#9981),.UNSPECIFIED.,.F.,.F.)B_SPLINE_CURVE_WITH_KNOTS((3,3),(0.0893220067452613,0.497406542910426),.UNSPECIFIED.)RATIONAL_B_SPLINE_CURVE((1.00018296645001,1.0005130401783,1.00004007765341))BOUNDED_CURVE()REPRESENTATION_ITEM('')GEOMETRIC_REPRESENTATION_ITEM()CURVE());
#4886=CURVE_STYLE('',#9988,POSITIVE_LENGTH_MEASURE(1.0E-006),#9989);
#4887=(B_SPLINE_CURVE(2,(#9991,#9992,#9993),.UNSPECIFIED.,.F.,.F.)B_SPLINE_CURVE_WITH_KNOTS((3,3),(0.0893220067483492,0.497406542915047),.UNSPECIFIED.)RATIONAL_B_SPLINE_CURVE((1.00018296645137,1.00051304018211,1.00004007765369))BOUNDED_CURVE()REPRESENTATION_ITEM('')GEOMETRIC_REPRESENTATION_ITEM()CURVE());
#4888=CURVE_STYLE('',#10000,POSITIVE_LENGTH_MEASURE(1.0E-006),#10001);
#4889=(B_SPLINE_CURVE(2,(#10003,#10004,#10005),.UNSPECIFIED.,.F.,.F.)B_SPLINE_CURVE_WITH_KNOTS((3,3),(0.0893220067486124,0.497406542915393),.UNSPECIFIED.)RATIONAL_B_SPLINE_CURVE((1.0001829664505,1.00051304017966,1.0000400776535))BOUNDED_CURVE()REPRESENTATION_ITEM('')GEOMETRIC_REPRESENTATION_ITEM()CURVE());
#4890=POINT_STYLE(' ',#10012,POSITIVE_LENGTH_MEASURE(1.0E-006),#10013);
#4891=CARTESIAN_POINT('',(-5.61955536329376,2.07316342621646,16.2897753775016));
#4892=SURFACE_STYLE_USAGE(.BOTH.,#10014);
#4893=FACE_OUTER_BOUND('',#10015,.T.);
#4894=FACE_BOUND('',#10016,.T.);
#4895=PLANE('',#10017);
#4896=CURVE_STYLE('',#10018,POSITIVE_LENGTH_MEASURE(1.0E-006),#10019);
#4897=LINE('',#10020,#10021);
#4898=CURVE_STYLE('',#10022,POSITIVE_LENGTH_MEASURE(1.0E-006),#10023);
#4899=(B_SPLINE_CURVE(2,(#10025,#10026,#10027),.UNSPECIFIED.,.F.,.F.)B_SPLINE_CURVE_WITH_KNOTS((3,3),(0.0167092099297035,0.424793746101748),.UNSPECIFIED.)RATIONAL_B_SPLINE_CURVE((1.00004007765375,1.00051304018283,1.00018296645162))BOUNDED_CURVE()REPRESENTATION_ITEM('')GEOMETRIC_REPRESENTATION_ITEM()CURVE());
#4900=SURFACE_STYLE_USAGE(.BOTH.,#10034);
#4901=FACE_OUTER_BOUND('',#10035,.T.);
#4902=PLANE('',#10036);
#4903=CURVE_STYLE('',#10037,POSITIVE_LENGTH_MEASURE(1.0E-006),#10038);
#4904=LINE('',#10039,#10040);
#4905=CURVE_STYLE('',#10041,POSITIVE_LENGTH_MEASURE(1.0E-006),#10042);
#4906=(B_SPLINE_CURVE(2,(#10044,#10045,#10046),.UNSPECIFIED.,.F.,.F.)B_SPLINE_CURVE_WITH_KNOTS((3,3),(0.0893220067475785,0.49740654291726),.UNSPECIFIED.)RATIONAL_B_SPLINE_CURVE((1.00018296645023,1.00051304017891,1.00004007765344))BOUNDED_CURVE()REPRESENTATION_ITEM('')GEOMETRIC_REPRESENTATION_ITEM()CURVE());
#4907=SURFACE_STYLE_USAGE(.BOTH.,#10053);
#4908=FACE_OUTER_BOUND('',#10054,.T.);
#4909=PLANE('',#10055);
#4910=POINT_STYLE(' ',#10056,POSITIVE_LENGTH_MEASURE(1.0E-006),#10057);
#4911=CARTESIAN_POINT('',(2.50767778745399,-5.43957362182083,18.2102246225005));
#4912=CURVE_STYLE('',#10058,POSITIVE_LENGTH_MEASURE(1.0E-006),#10059);
#4913=(B_SPLINE_CURVE(2,(#10061,#10062,#10063),.UNSPECIFIED.,.F.,.F.)B_SPLINE_CURVE_WITH_KNOTS((3,3),(0.0167092099314277,0.424793746102051),.UNSPECIFIED.)RATIONAL_B_SPLINE_CURVE((1.00004007765351,1.0005130401797,1.0001829664505))BOUNDED_CURVE()REPRESENTATION_ITEM('')GEOMETRIC_REPRESENTATION_ITEM()CURVE());
#4914=POINT_STYLE(' ',#10070,POSITIVE_LENGTH_MEASURE(1.0E-006),#10071);
#4915=CARTESIAN_POINT('',(3.70823369393608,-4.70387201612494,16.2897753775017));
#4916=POINT_STYLE(' ',#10072,POSITIVE_LENGTH_MEASURE(1.0E-006),#10073);
#4917=CARTESIAN_POINT('',(5.73227466896657,0.451139800437375,16.0500000000012));
#4918=CURVE_STYLE('',#10074,POSITIVE_LENGTH_MEASURE(1.0E-006),#10075);
#4919=(B_SPLINE_CURVE(2,(#10077,#10078,#10079),.UNSPECIFIED.,.F.,.F.)B_SPLINE_CURVE_WITH_KNOTS((3,3),(0.0167092099323934,0.424793746100242),.UNSPECIFIED.)RATIONAL_B_SPLINE_CURVE((1.00004007765372,1.00051304018235,1.00018296645145))BOUNDED_CURVE()REPRESENTATION_ITEM('')GEOMETRIC_REPRESENTATION_ITEM()CURVE());
#4920=SURFACE_STYLE_USAGE(.BOTH.,#10086);
#4921=FACE_OUTER_BOUND('',#10087,.T.);
#4922=PLANE('',#10088);
#4923=POINT_STYLE(' ',#10089,POSITIVE_LENGTH_MEASURE(1.0E-006),#10090);
#4924=CARTESIAN_POINT('',(2.07316342621653,-5.61955536329149,16.2897753774995));
#4925=SURFACE_STYLE_USAGE(.BOTH.,#10091);
#4926=FACE_OUTER_BOUND('',#10092,.T.);
#4927=PLANE('',#10093);
#4928=SURFACE_STYLE_USAGE(.BOTH.,#10094);
#4929=FACE_OUTER_BOUND('',#10095,.T.);
#4930=PLANE('',#10096);
#4931=SURFACE_STYLE_USAGE(.BOTH.,#10097);
#4932=FACE_OUTER_BOUND('',#10098,.T.);
#4933=CONICAL_SURFACE('',#10099,5.84999999999999,0.785398163397519);
#4934=CURVE_STYLE('',#10100,POSITIVE_LENGTH_MEASURE(1.0E-006),#10101);
#4935=LINE('',#10102,#10103);
#4936=POINT_STYLE(' ',#10104,POSITIVE_LENGTH_MEASURE(1.0E-006),#10105);
#4937=CARTESIAN_POINT('',(-1.62586732305958,-5.76489067725859,16.2897753775025));
#4938=CURVE_STYLE('',#10106,POSITIVE_LENGTH_MEASURE(1.0E-006),#10107);
#4939=(B_SPLINE_CURVE(2,(#10109,#10110,#10111),.UNSPECIFIED.,.F.,.F.)B_SPLINE_CURVE_WITH_KNOTS((3,3),(0.0893220067453558,0.497406542910453),.UNSPECIFIED.)RATIONAL_B_SPLINE_CURVE((1.00018296644963,1.00051304017725,1.00004007765332))BOUNDED_CURVE()REPRESENTATION_ITEM('')GEOMETRIC_REPRESENTATION_ITEM()CURVE());
#4940=CURVE_STYLE('',#10118,POSITIVE_LENGTH_MEASURE(1.0E-006),#10119);
#4941=LINE('',#10120,#10121);
#4942=POINT_STYLE(' ',#10122,POSITIVE_LENGTH_MEASURE(1.0E-006),#10123);
#4943=CARTESIAN_POINT('',(-0.235157477760617,5.98515747776065,18.210224622497));
#4944=POINT_STYLE(' ',#10124,POSITIVE_LENGTH_MEASURE(1.0E-006),#10125);
#4945=CARTESIAN_POINT('',(3.79745611070191E-016,1.27832172093566,0.0283217209356265));
#4946=CURVE_STYLE('',#10126,POSITIVE_LENGTH_MEASURE(1.0E-006),#10127);
#4947=(B_SPLINE_CURVE(2,(#10129,#10130,#10131),.UNSPECIFIED.,.F.,.F.)B_SPLINE_CURVE_WITH_KNOTS((3,3),(0.016709209931908,0.424793746100675),.UNSPECIFIED.)RATIONAL_B_SPLINE_CURVE((1.00004007765347,1.00051304017921,1.00018296645033))BOUNDED_CURVE()REPRESENTATION_ITEM('')GEOMETRIC_REPRESENTATION_ITEM()CURVE());
#4948=SURFACE_STYLE_USAGE(.BOTH.,#10138);
#4949=FACE_OUTER_BOUND('',#10139,.T.);
#4950=PLANE('',#10140);
#4951=CURVE_STYLE('',#10141,POSITIVE_LENGTH_MEASURE(1.0E-006),#10142);
#4952=(B_SPLINE_CURVE(2,(#10144,#10145,#10146),.UNSPECIFIED.,.F.,.F.)B_SPLINE_CURVE_WITH_KNOTS((3,3),(0.0167092099356199,0.424793746096924),.UNSPECIFIED.)RATIONAL_B_SPLINE_CURVE((1.00004007765335,1.00051304017761,1.00018296644977))BOUNDED_CURVE()REPRESENTATION_ITEM('')GEOMETRIC_REPRESENTATION_ITEM()CURVE());
#4953=CURVE_STYLE('',#10153,POSITIVE_LENGTH_MEASURE(1.0E-006),#10154);
#4954=(B_SPLINE_CURVE(2,(#10156,#10157,#10158),.UNSPECIFIED.,.F.,.F.)B_SPLINE_CURVE_WITH_KNOTS((3,3),(0.0893220067441157,0.497406542909272),.UNSPECIFIED.)RATIONAL_B_SPLINE_CURVE((1.00018296645163,1.00051304018285,1.00004007765376))BOUNDED_CURVE()REPRESENTATION_ITEM('')GEOMETRIC_REPRESENTATION_ITEM()CURVE());
#4955=SURFACE_STYLE_USAGE(.BOTH.,#10165);
#4956=FACE_OUTER_BOUND('',#10166,.T.);
#4957=PLANE('',#10167);
#4958=CURVE_STYLE('',#10168,POSITIVE_LENGTH_MEASURE(1.0E-006),#10169);
#4959=(B_SPLINE_CURVE(2,(#10171,#10172,#10173),.UNSPECIFIED.,.F.,.F.)B_SPLINE_CURVE_WITH_KNOTS((3,3),(0.0893220067474049,0.497406542915523),.UNSPECIFIED.)RATIONAL_B_SPLINE_CURVE((1.00018296645068,1.00051304018017,1.00004007765354))BOUNDED_CURVE()REPRESENTATION_ITEM('')GEOMETRIC_REPRESENTATION_ITEM()CURVE());
#4960=POINT_STYLE(' ',#10180,POSITIVE_LENGTH_MEASURE(1.0E-006),#10181);
#4961=CARTESIAN_POINT('',(2.20042973610049,5.31230731193855,16.0499999999992));
#4962=CURVE_STYLE('',#10182,POSITIVE_LENGTH_MEASURE(1.0E-006),#10183);
#4963=(B_SPLINE_CURVE(2,(#10185,#10186,#10187),.UNSPECIFIED.,.F.,.F.)B_SPLINE_CURVE_WITH_KNOTS((3,3),(0.0167092099353478,0.424793746099993),.UNSPECIFIED.)RATIONAL_B_SPLINE_CURVE((1.00004007765339,1.00051304017809,1.00018296644993))BOUNDED_CURVE()REPRESENTATION_ITEM('')GEOMETRIC_REPRESENTATION_ITEM()CURVE());
#4964=CURVE_STYLE('',#10194,POSITIVE_LENGTH_MEASURE(1.0E-006),#10195);
#4965=(B_SPLINE_CURVE(2,(#10197,#10198,#10199),.UNSPECIFIED.,.F.,.F.)B_SPLINE_CURVE_WITH_KNOTS((3,3),(0.0167092099309134,0.424793746097479),.UNSPECIFIED.)RATIONAL_B_SPLINE_CURVE((1.00004007765351,1.00051304017982,1.00018296645055))BOUNDED_CURVE()REPRESENTATION_ITEM('')GEOMETRIC_REPRESENTATION_ITEM()CURVE());
#4966=POINT_STYLE(' ',#10206,POSITIVE_LENGTH_MEASURE(1.0E-006),#10207);
#4967=CARTESIAN_POINT('',(2.92673148124358,5.22605510013023,16.2897753774995));
#4968=POINT_STYLE(' ',#10208,POSITIVE_LENGTH_MEASURE(1.0E-006),#10209);
#4969=CARTESIAN_POINT('',(-2.0731634262165,5.61955536329154,18.2102246225004));
#4970=CURVE_STYLE('',#10210,POSITIVE_LENGTH_MEASURE(1.0E-006),#10211);
#4971=LINE('',#10212,#10213);
#4972=POINT_STYLE(' ',#10214,POSITIVE_LENGTH_MEASURE(1.0E-006),#10215);
#4973=CARTESIAN_POINT('',(5.87468352317303,-1.16854720720256,18.2102246225003));
#4974=CURVE_STYLE('',#10216,POSITIVE_LENGTH_MEASURE(1.0E-006),#10217);
#4975=(B_SPLINE_CURVE(2,(#10219,#10220,#10221),.UNSPECIFIED.,.F.,.F.)B_SPLINE_CURVE_WITH_KNOTS((3,3),(0.016709209930758,0.424793746100179),.UNSPECIFIED.)RATIONAL_B_SPLINE_CURVE((1.00004007765355,1.00051304018029,1.00018296645071))BOUNDED_CURVE()REPRESENTATION_ITEM('')GEOMETRIC_REPRESENTATION_ITEM()CURVE());
#4976=POINT_STYLE(' ',#10228,POSITIVE_LENGTH_MEASURE(1.0E-006),#10229);
#4977=CARTESIAN_POINT('',(-1.34231084217113,-5.59112704228795,18.4499999999987));
#4978=CURVE_STYLE('',#10230,POSITIVE_LENGTH_MEASURE(1.0E-006),#10231);
#4979=(B_SPLINE_CURVE(2,(#10233,#10234,#10235),.UNSPECIFIED.,.F.,.F.)B_SPLINE_CURVE_WITH_KNOTS((3,3),(0.0893220067426232,0.497406542910485),.UNSPECIFIED.)RATIONAL_B_SPLINE_CURVE((1.00018296645184,1.00051304018345,1.00004007765381))BOUNDED_CURVE()REPRESENTATION_ITEM('')GEOMETRIC_REPRESENTATION_ITEM()CURVE());
#4980=CURVE_STYLE('',#10242,POSITIVE_LENGTH_MEASURE(1.0E-006),#10243);
#4981=(B_SPLINE_CURVE(2,(#10245,#10246,#10247),.UNSPECIFIED.,.F.,.F.)B_SPLINE_CURVE_WITH_KNOTS((3,3),(0.0893220067456014,0.497406542913431),.UNSPECIFIED.)RATIONAL_B_SPLINE_CURVE((1.00018296645136,1.00051304018209,1.00004007765369))BOUNDED_CURVE()REPRESENTATION_ITEM('')GEOMETRIC_REPRESENTATION_ITEM()CURVE());
#4982=CURVE_STYLE('',#10254,POSITIVE_LENGTH_MEASURE(1.0E-006),#10255);
#4983=(B_SPLINE_CURVE(2,(#10257,#10258,#10259),.UNSPECIFIED.,.F.,.F.)B_SPLINE_CURVE_WITH_KNOTS((3,3),(0.0167092099305079,0.424793746099331),.UNSPECIFIED.)RATIONAL_B_SPLINE_CURVE((1.00004007765366,1.00051304018164,1.0001829664512))BOUNDED_CURVE()REPRESENTATION_ITEM('')GEOMETRIC_REPRESENTATION_ITEM()CURVE());
#4984=CURVE_STYLE('',#10266,POSITIVE_LENGTH_MEASURE(1.0E-006),#10267);
#4985=(B_SPLINE_CURVE(2,(#10269,#10270,#10271),.UNSPECIFIED.,.F.,.F.)B_SPLINE_CURVE_WITH_KNOTS((3,3),(0.0167092099318704,0.424793746098528),.UNSPECIFIED.)RATIONAL_B_SPLINE_CURVE((1.00004007765361,1.00051304018099,1.00018296645097))BOUNDED_CURVE()REPRESENTATION_ITEM('')GEOMETRIC_REPRESENTATION_ITEM()CURVE());
#4986=POINT_STYLE(' ',#10278,POSITIVE_LENGTH_MEASURE(1.0E-006),#10279);
#4987=CARTESIAN_POINT('',(-3.00436674711978,4.90268094503618,16.0500000000017));
#4988=CURVE_STYLE('',#10280,POSITIVE_LENGTH_MEASURE(1.0E-006),#10281);
#4989=(B_SPLINE_CURVE(2,(#10283,#10284,#10285),.UNSPECIFIED.,.F.,.F.)B_SPLINE_CURVE_WITH_KNOTS((3,3),(0.0167092099354646,0.424793746101975),.UNSPECIFIED.)RATIONAL_B_SPLINE_CURVE((1.00004007765365,1.00051304018137,1.0001829664511))BOUNDED_CURVE()REPRESENTATION_ITEM('')GEOMETRIC_REPRESENTATION_ITEM()CURVE());
#4990=POINT_STYLE(' ',#10292,POSITIVE_LENGTH_MEASURE(1.0E-006),#10293);
#4991=CARTESIAN_POINT('',(5.76489067725858,-1.62586732305956,16.2897753775025));
#4992=CURVE_STYLE('',#10294,POSITIVE_LENGTH_MEASURE(1.0E-006),#10295);
#4993=(B_SPLINE_CURVE(2,(#10297,#10298,#10299),.UNSPECIFIED.,.F.,.F.)B_SPLINE_CURVE_WITH_KNOTS((3,3),(0.0893220067473142,0.497406542913869),.UNSPECIFIED.)RATIONAL_B_SPLINE_CURVE((1.0001829664508,1.00051304018051,1.00004007765357))BOUNDED_CURVE()REPRESENTATION_ITEM('')GEOMETRIC_REPRESENTATION_ITEM()CURVE());
#4994=CURVE_STYLE('',#10306,POSITIVE_LENGTH_MEASURE(1.0E-006),#10307);
#4995=(B_SPLINE_CURVE(2,(#10309,#10310,#10311),.UNSPECIFIED.,.F.,.F.)B_SPLINE_CURVE_WITH_KNOTS((3,3),(0.0893220067442982,0.497406542916252),.UNSPECIFIED.)RATIONAL_B_SPLINE_CURVE((1.0001829664505,1.00051304017969,1.0000400776535))BOUNDED_CURVE()REPRESENTATION_ITEM('')GEOMETRIC_REPRESENTATION_ITEM()CURVE());
#4996=SURFACE_STYLE_USAGE(.BOTH.,#10318);
#4997=FACE_OUTER_BOUND('',#10319,.T.);
#4998=PLANE('',#10320);
#4999=SURFACE_STYLE_USAGE(.BOTH.,#10321);
#5000=FACE_OUTER_BOUND('',#10322,.T.);
#5001=PLANE('',#10323);
#5002=POINT_STYLE(' ',#10324,POSITIVE_LENGTH_MEASURE(1.0E-006),#10325);
#5003=CARTESIAN_POINT('',(5.46857496869603,1.77684771765794,18.4500000000004));
#5004=CURVE_STYLE('',#10326,POSITIVE_LENGTH_MEASURE(1.0E-006),#10327);
#5005=LINE('',#10328,#10329);
#5006=CURVE_STYLE('',#10330,POSITIVE_LENGTH_MEASURE(1.0E-006),#10331);
#5007=(B_SPLINE_CURVE(2,(#10333,#10334,#10335),.UNSPECIFIED.,.F.,.F.)B_SPLINE_CURVE_WITH_KNOTS((3,3),(0.0167092099292956,0.424793746098912),.UNSPECIFIED.)RATIONAL_B_SPLINE_CURVE((1.00004007765363,1.00051304018139,1.00018296645111))BOUNDED_CURVE()REPRESENTATION_ITEM('')GEOMETRIC_REPRESENTATION_ITEM()CURVE());
#5008=CURVE_STYLE('',#10342,POSITIVE_LENGTH_MEASURE(1.0E-006),#10343);
#5009=(B_SPLINE_CURVE(2,(#10345,#10346,#10347),.UNSPECIFIED.,.F.,.F.)B_SPLINE_CURVE_WITH_KNOTS((3,3),(0.0167092099304388,0.424793746097435),.UNSPECIFIED.)RATIONAL_B_SPLINE_CURVE((1.00004007765356,1.00051304018047,1.00018296645079))BOUNDED_CURVE()REPRESENTATION_ITEM('')GEOMETRIC_REPRESENTATION_ITEM()CURVE());
#5010=CURVE_STYLE('',#10354,POSITIVE_LENGTH_MEASURE(1.0E-006),#10355);
#5011=(B_SPLINE_CURVE(2,(#10357,#10358,#10359),.UNSPECIFIED.,.F.,.F.)B_SPLINE_CURVE_WITH_KNOTS((3,3),(0.0893220067466344,0.497406542911645),.UNSPECIFIED.)RATIONAL_B_SPLINE_CURVE((1.00018296645035,1.00051304017926,1.00004007765348))BOUNDED_CURVE()REPRESENTATION_ITEM('')GEOMETRIC_REPRESENTATION_ITEM()CURVE());
#5012=POINT_STYLE(' ',#10366,POSITIVE_LENGTH_MEASURE(1.0E-006),#10367);
#5013=CARTESIAN_POINT('',(4.90268094503338,3.00436674711813,16.0499999999985));
#5014=POINT_STYLE(' ',#10368,POSITIVE_LENGTH_MEASURE(1.0E-006),#10369);
#5015=CARTESIAN_POINT('',(-4.3984268861624,4.06586399182168,16.2897753775002));
#5016=POINT_STYLE(' ',#10370,POSITIVE_LENGTH_MEASURE(1.0E-006),#10371);
#5017=CARTESIAN_POINT('',(-1.62586732305958,-5.76489067725859,18.2102246224974));
#5018=SURFACE_STYLE_USAGE(.BOTH.,#10372);
#5019=FACE_OUTER_BOUND('',#10373,.T.);
#5020=PLANE('',#10374);
#5021=CURVE_STYLE('',#10375,POSITIVE_LENGTH_MEASURE(1.0E-006),#10376);
#5022=(B_SPLINE_CURVE(2,(#10378,#10379,#10380),.UNSPECIFIED.,.F.,.F.)B_SPLINE_CURVE_WITH_KNOTS((3,3),(0.0167092099285648,0.424793746098489),.UNSPECIFIED.)RATIONAL_B_SPLINE_CURVE((1.00004007765373,1.00051304018271,1.00018296645158))BOUNDED_CURVE()REPRESENTATION_ITEM('')GEOMETRIC_REPRESENTATION_ITEM()CURVE());
#5023=SURFACE_STYLE_USAGE(.BOTH.,#10387);
#5024=FACE_OUTER_BOUND('',#10388,.T.);
#5025=PLANE('',#10389);
#5026=CURVE_STYLE('',#10390,POSITIVE_LENGTH_MEASURE(1.0E-006),#10391);
#5027=(B_SPLINE_CURVE(2,(#10393,#10394,#10395),.UNSPECIFIED.,.F.,.F.)B_SPLINE_CURVE_WITH_KNOTS((3,3),(0.0167092099355954,0.424793746097195),.UNSPECIFIED.)RATIONAL_B_SPLINE_CURVE((1.00004007765373,1.00051304018249,1.00018296645151))BOUNDED_CURVE()REPRESENTATION_ITEM('')GEOMETRIC_REPRESENTATION_ITEM()CURVE());
#5028=POINT_STYLE(' ',#10402,POSITIVE_LENGTH_MEASURE(1.0E-006),#10403);
#5029=CARTESIAN_POINT('',(1.16854720720252,5.87468352317301,16.2897753774996));
#5030=POINT_STYLE(' ',#10404,POSITIVE_LENGTH_MEASURE(1.0E-006),#10405);
#5031=CARTESIAN_POINT('',(-1.34231084217237,5.59112704228752,16.0500000000011));
#5032=CURVE_STYLE('',#10406,POSITIVE_LENGTH_MEASURE(1.0E-006),#10407);
#5033=(B_SPLINE_CURVE(2,(#10409,#10410,#10411),.UNSPECIFIED.,.F.,.F.)B_SPLINE_CURVE_WITH_KNOTS((3,3),(0.0893220067482696,0.497406542916567),.UNSPECIFIED.)RATIONAL_B_SPLINE_CURVE((1.00018296645031,1.00051304017913,1.00004007765346))BOUNDED_CURVE()REPRESENTATION_ITEM('')GEOMETRIC_REPRESENTATION_ITEM()CURVE());
#5034=SURFACE_STYLE_USAGE(.BOTH.,#10418);
#5035=FACE_OUTER_BOUND('',#10419,.T.);
#5036=PLANE('',#10420);
#5037=CURVE_STYLE('',#10421,POSITIVE_LENGTH_MEASURE(1.0E-006),#10422);
#5038=LINE('',#10423,#10424);
#5039=POINT_STYLE(' ',#10425,POSITIVE_LENGTH_MEASURE(1.0E-006),#10426);
#5040=CARTESIAN_POINT('',(5.12328751408359,2.61044537350264,16.0500000000005));
#5041=CURVE_STYLE('',#10427,POSITIVE_LENGTH_MEASURE(1.0E-006),#10428);
#5042=(B_SPLINE_CURVE(2,(#10430,#10431,#10432),.UNSPECIFIED.,.F.,.F.)B_SPLINE_CURVE_WITH_KNOTS((3,3),(0.0893220067465315,0.497406542911618),.UNSPECIFIED.)RATIONAL_B_SPLINE_CURVE((1.00018296645072,1.00051304018028,1.00004007765356))BOUNDED_CURVE()REPRESENTATION_ITEM('')GEOMETRIC_REPRESENTATION_ITEM()CURVE());
#5043=SURFACE_STYLE_USAGE(.BOTH.,#10439);
#5044=FACE_OUTER_BOUND('',#10440,.T.);
#5045=PLANE('',#10441);
#5046=CURVE_STYLE('',#10442,POSITIVE_LENGTH_MEASURE(1.0E-006),#10443);
#5047=LINE('',#10444,#10445);
#5048=POINT_STYLE(' ',#10446,POSITIVE_LENGTH_MEASURE(1.0E-006),#10447);
#5049=CARTESIAN_POINT('',(-0.451139800437375,5.73227466896657,16.0500000000012));
#5050=POINT_STYLE(' ',#10448,POSITIVE_LENGTH_MEASURE(1.0E-006),#10449);
#5051=CARTESIAN_POINT('',(-5.94825699164359,0.704022609227885,16.2897753775029));
#5052=POINT_STYLE(' ',#10450,POSITIVE_LENGTH_MEASURE(1.0E-006),#10451);
#5053=CARTESIAN_POINT('',(4.65184771765794,-3.37976520068056,18.449999999999));
#5054=SURFACE_STYLE_USAGE(.BOTH.,#10452);
#5055=FACE_OUTER_BOUND('',#10453,.T.);
#5056=PLANE('',#10454);
#5057=CURVE_STYLE('',#10455,POSITIVE_LENGTH_MEASURE(1.0E-006),#10456);
#5058=LINE('',#10457,#10458);
#5059=SURFACE_STYLE_USAGE(.BOTH.,#10459);
#5060=FACE_OUTER_BOUND('',#10460,.T.);
#5061=PLANE('',#10461);
#5062=POINT_STYLE(' ',#10462,POSITIVE_LENGTH_MEASURE(1.0E-006),#10463);
#5063=CARTESIAN_POINT('',(-3.32774090221283,-4.98031621090839,16.2897753774993));
#5064=CURVE_STYLE('',#10464,POSITIVE_LENGTH_MEASURE(1.0E-006),#10465);
#5065=(B_SPLINE_CURVE(2,(#10467,#10468,#10469),.UNSPECIFIED.,.F.,.F.)B_SPLINE_CURVE_WITH_KNOTS((3,3),(0.0167092099350929,0.424793746097227),.UNSPECIFIED.)RATIONAL_B_SPLINE_CURVE((1.0000400776536,1.00051304018074,1.00018296645088))BOUNDED_CURVE()REPRESENTATION_ITEM('')GEOMETRIC_REPRESENTATION_ITEM()CURVE());
#5066=SURFACE_STYLE_USAGE(.BOTH.,#10476);
#5067=FACE_OUTER_BOUND('',#10477,.T.);
#5068=PLANE('',#10478);
#5069=CURVE_STYLE('',#10479,POSITIVE_LENGTH_MEASURE(1.0E-006),#10480);
#5070=(B_SPLINE_CURVE(2,(#10482,#10483,#10484),.UNSPECIFIED.,.F.,.F.)B_SPLINE_CURVE_WITH_KNOTS((3,3),(0.0893220067483223,0.497406542912482),.UNSPECIFIED.)RATIONAL_B_SPLINE_CURVE((1.00018296645074,1.00051304018035,1.00004007765356))BOUNDED_CURVE()REPRESENTATION_ITEM('')GEOMETRIC_REPRESENTATION_ITEM()CURVE());
#5071=POINT_STYLE(' ',#10491,POSITIVE_LENGTH_MEASURE(1.0E-006),#10492);
#5072=CARTESIAN_POINT('',(-5.76489067725799,-1.62586732306061,18.2102246224977));
#5073=CURVE_STYLE('',#10493,POSITIVE_LENGTH_MEASURE(1.0E-006),#10494);
#5074=CIRCLE('',#10495,1.5);
#5075=CURVE_STYLE('',#10496,POSITIVE_LENGTH_MEASURE(1.0E-006),#10497);
#5076=LINE('',#10498,#10499);
#5077=POINT_STYLE(' ',#10500,POSITIVE_LENGTH_MEASURE(1.0E-006),#10501);
#5078=CARTESIAN_POINT('',(2.61044537350378,5.12328751408072,16.0499999999985));
#5079=CURVE_STYLE('',#10502,POSITIVE_LENGTH_MEASURE(1.0E-006),#10503);
#5080=(B_SPLINE_CURVE(2,(#10505,#10506,#10507),.UNSPECIFIED.,.F.,.F.)B_SPLINE_CURVE_WITH_KNOTS((3,3),(0.016709209935471,0.424793746101862),.UNSPECIFIED.)RATIONAL_B_SPLINE_CURVE((1.00004007765351,1.00051304017963,1.00018296645048))BOUNDED_CURVE()REPRESENTATION_ITEM('')GEOMETRIC_REPRESENTATION_ITEM()CURVE());
#5081=CURVE_STYLE('',#10514,POSITIVE_LENGTH_MEASURE(1.0E-006),#10515);
#5082=LINE('',#10516,#10517);
#5083=POINT_STYLE(' ',#10518,POSITIVE_LENGTH_MEASURE(1.0E-006),#10519);
#5084=CARTESIAN_POINT('',(-4.37233430219945,-3.73432627789868,18.4500000000004));
#5085=CURVE_STYLE('',#10520,POSITIVE_LENGTH_MEASURE(1.0E-006),#10521);
#5086=(B_SPLINE_CURVE(2,(#10523,#10524,#10525),.UNSPECIFIED.,.F.,.F.)B_SPLINE_CURVE_WITH_KNOTS((3,3),(0.0167092099322959,0.424793746099959),.UNSPECIFIED.)RATIONAL_B_SPLINE_CURVE((1.00004007765349,1.0005130401795,1.00018296645043))BOUNDED_CURVE()REPRESENTATION_ITEM('')GEOMETRIC_REPRESENTATION_ITEM()CURVE());
#5087=CURVE_STYLE('',#10532,POSITIVE_LENGTH_MEASURE(1.0E-006),#10533);
#5088=(B_SPLINE_CURVE(2,(#10535,#10536,#10537),.UNSPECIFIED.,.F.,.F.)B_SPLINE_CURVE_WITH_KNOTS((3,3),(0.0167092099316872,0.424793746101794),.UNSPECIFIED.)RATIONAL_B_SPLINE_CURVE((1.00004007765379,1.00051304018336,1.00018296645181))BOUNDED_CURVE()REPRESENTATION_ITEM('')GEOMETRIC_REPRESENTATION_ITEM()CURVE());
#5089=POINT_STYLE(' ',#10544,POSITIVE_LENGTH_MEASURE(1.0E-006),#10545);
#5090=CARTESIAN_POINT('',(-2.20042973610035,-5.3123073119385,16.0499999999991));
#5091=POINT_STYLE(' ',#10546,POSITIVE_LENGTH_MEASURE(1.0E-006),#10547);
#5092=CARTESIAN_POINT('',(-0.235157477760042,-5.98515747776008,18.2102246224976));
#5093=POINT_STYLE(' ',#10548,POSITIVE_LENGTH_MEASURE(1.0E-006),#10549);
#5094=CARTESIAN_POINT('',(-3.00436674711978,4.90268094503618,18.4499999999982));
#5095=CURVE_STYLE('',#10550,POSITIVE_LENGTH_MEASURE(1.0E-006),#10551);
#5096=LINE('',#10552,#10553);
#5097=POINT_STYLE(' ',#10554,POSITIVE_LENGTH_MEASURE(1.0E-006),#10555);
#5098=CARTESIAN_POINT('',(-5.46857496869745,1.77684771765647,18.4499999999995));
#5099=POINT_STYLE(' ',#10556,POSITIVE_LENGTH_MEASURE(1.0E-006),#10557);
#5100=CARTESIAN_POINT('',(5.46857496869745,-1.77684771765643,18.4499999999995));
#5101=CURVE_STYLE('',#10558,POSITIVE_LENGTH_MEASURE(1.0E-006),#10559);
#5102=(B_SPLINE_CURVE(2,(#10561,#10562,#10563),.UNSPECIFIED.,.F.,.F.)B_SPLINE_CURVE_WITH_KNOTS((3,3),(0.0893220067472808,0.497406542910316),.UNSPECIFIED.)RATIONAL_B_SPLINE_CURVE((1.00018296645138,1.00051304018214,1.00004007765371))BOUNDED_CURVE()REPRESENTATION_ITEM('')GEOMETRIC_REPRESENTATION_ITEM()CURVE());
#5103=POINT_STYLE(' ',#10570,POSITIVE_LENGTH_MEASURE(1.0E-006),#10571);
#5104=CARTESIAN_POINT('',(-4.651847717658,3.3797652006806,18.4499999999989));
#5105=POINT_STYLE(' ',#10572,POSITIVE_LENGTH_MEASURE(1.0E-006),#10573);
#5106=CARTESIAN_POINT('',(4.06586399182369,-4.39842688616219,18.2102246224985));
#5107=CURVE_STYLE('',#10574,POSITIVE_LENGTH_MEASURE(1.0E-006),#10575);
#5108=(B_SPLINE_CURVE(2,(#10577,#10578,#10579),.UNSPECIFIED.,.F.,.F.)B_SPLINE_CURVE_WITH_KNOTS((3,3),(0.0893220067496491,0.497406542909455),.UNSPECIFIED.)RATIONAL_B_SPLINE_CURVE((1.00018296645044,1.00051304017949,1.0000400776535))BOUNDED_CURVE()REPRESENTATION_ITEM('')GEOMETRIC_REPRESENTATION_ITEM()CURVE());
#5109=CURVE_STYLE('',#10586,POSITIVE_LENGTH_MEASURE(1.0E-006),#10587);
#5110=LINE('',#10588,#10589);
#5111=POINT_STYLE(' ',#10590,POSITIVE_LENGTH_MEASURE(1.0E-006),#10591);
#5112=CARTESIAN_POINT('',(-0.235157477760617,5.98515747776065,16.2897753775029));
#5113=CURVE_STYLE('',#10592,POSITIVE_LENGTH_MEASURE(1.0E-006),#10593);
#5114=LINE('',#10594,#10595);
#5115=CURVE_STYLE('',#10596,POSITIVE_LENGTH_MEASURE(1.0E-006),#10597);
#5116=LINE('',#10598,#10599);
#5117=POINT_STYLE(' ',#10600,POSITIVE_LENGTH_MEASURE(1.0E-006),#10601);
#5118=CARTESIAN_POINT('',(-1.5,3.50366590254419E-015,16.0));
#5119=CURVE_STYLE('',#10602,POSITIVE_LENGTH_MEASURE(1.0E-006),#10603);
#5120=LINE('',#10604,#10605);
#5121=CURVE_STYLE('',#10606,POSITIVE_LENGTH_MEASURE(1.0E-006),#10607);
#5122=(B_SPLINE_CURVE(2,(#10609,#10610,#10611),.UNSPECIFIED.,.F.,.F.)B_SPLINE_CURVE_WITH_KNOTS((3,3),(0.0167092099353706,0.424793746101865),.UNSPECIFIED.)RATIONAL_B_SPLINE_CURVE((1.00004007765367,1.00051304018165,1.0001829664512))BOUNDED_CURVE()REPRESENTATION_ITEM('')GEOMETRIC_REPRESENTATION_ITEM()CURVE());
#5123=CURVE_STYLE('',#10618,POSITIVE_LENGTH_MEASURE(1.0E-006),#10619);
#5124=LINE('',#10620,#10621);
#5125=CURVE_STYLE('',#10622,POSITIVE_LENGTH_MEASURE(1.0E-006),#10623);
#5126=LINE('',#10624,#10625);
#5127=POINT_STYLE(' ',#10626,POSITIVE_LENGTH_MEASURE(1.0E-006),#10627);
#5128=CARTESIAN_POINT('',(-0.235157477760042,-5.98515747776008,16.2897753775024));
#5129=CURVE_STYLE('',#10628,POSITIVE_LENGTH_MEASURE(1.0E-006),#10629);
#5130=(B_SPLINE_CURVE(2,(#10631,#10632,#10633),.UNSPECIFIED.,.F.,.F.)B_SPLINE_CURVE_WITH_KNOTS((3,3),(0.08932200674594,0.497406542913638),.UNSPECIFIED.)RATIONAL_B_SPLINE_CURVE((1.00018296645071,1.00051304018028,1.00004007765355))BOUNDED_CURVE()REPRESENTATION_ITEM('')GEOMETRIC_REPRESENTATION_ITEM()CURVE());
#5131=POINT_STYLE(' ',#10640,POSITIVE_LENGTH_MEASURE(1.0E-006),#10641);
#5132=CARTESIAN_POINT('',(1.34231084217254,-5.59112704228744,16.050000000001));
#5133=SURFACE_STYLE_USAGE(.BOTH.,#10642);
#5134=FACE_OUTER_BOUND('',#10643,.T.);
#5135=PLANE('',#10644);
#5136=CURVE_STYLE('',#10645,POSITIVE_LENGTH_MEASURE(1.0E-006),#10646);
#5137=(B_SPLINE_CURVE(2,(#10648,#10649,#10650),.UNSPECIFIED.,.F.,.F.)B_SPLINE_CURVE_WITH_KNOTS((3,3),(0.0893220067431243,0.497406542910324),.UNSPECIFIED.)RATIONAL_B_SPLINE_CURVE((1.00018296644911,1.0005130401758,1.00004007765321))BOUNDED_CURVE()REPRESENTATION_ITEM('')GEOMETRIC_REPRESENTATION_ITEM()CURVE());
#5138=POINT_STYLE(' ',#10657,POSITIVE_LENGTH_MEASURE(1.0E-006),#10658);
#5139=CARTESIAN_POINT('',(0.451139800435271,5.73227466896799,16.0500000000025));
#5140=POINT_STYLE(' ',#10659,POSITIVE_LENGTH_MEASURE(1.0E-006),#10660);
#5141=CARTESIAN_POINT('',(3.70823369393648,4.70387201612653,18.2102246224967));
#5142=CURVE_STYLE('',#10661,POSITIVE_LENGTH_MEASURE(1.0E-006),#10662);
#5143=(B_SPLINE_CURVE(2,(#10664,#10665,#10666),.UNSPECIFIED.,.F.,.F.)B_SPLINE_CURVE_WITH_KNOTS((3,3),(0.0893220067485,0.497406542910656),.UNSPECIFIED.)RATIONAL_B_SPLINE_CURVE((1.00018296645096,1.00051304018095,1.00004007765361))BOUNDED_CURVE()REPRESENTATION_ITEM('')GEOMETRIC_REPRESENTATION_ITEM()CURVE());
#5144=CURVE_STYLE('',#10673,POSITIVE_LENGTH_MEASURE(1.0E-006),#10674);
#5145=(B_SPLINE_CURVE(2,(#10676,#10677,#10678),.UNSPECIFIED.,.F.,.F.)B_SPLINE_CURVE_WITH_KNOTS((3,3),(0.0167092099334407,0.424793746097549),.UNSPECIFIED.)RATIONAL_B_SPLINE_CURVE((1.00004007765357,1.00051304018049,1.00018296645079))BOUNDED_CURVE()REPRESENTATION_ITEM('')GEOMETRIC_REPRESENTATION_ITEM()CURVE());
#5146=CURVE_STYLE('',#10685,POSITIVE_LENGTH_MEASURE(1.0E-006),#10686);
#5147=(B_SPLINE_CURVE(2,(#10688,#10689,#10690),.UNSPECIFIED.,.F.,.F.)B_SPLINE_CURVE_WITH_KNOTS((3,3),(0.0893220067449537,0.497406542911519),.UNSPECIFIED.)RATIONAL_B_SPLINE_CURVE((1.0001829664508,1.00051304018053,1.00004007765358))BOUNDED_CURVE()REPRESENTATION_ITEM('')GEOMETRIC_REPRESENTATION_ITEM()CURVE());
#5148=SURFACE_STYLE_USAGE(.BOTH.,#10697);
#5149=FACE_OUTER_BOUND('',#10698,.T.);
#5150=PLANE('',#10699);
#5151=POINT_STYLE(' ',#10700,POSITIVE_LENGTH_MEASURE(1.0E-006),#10701);
#5152=CARTESIAN_POINT('',(5.43957362182083,2.50767778745398,16.2897753774994));
#5153=CURVE_STYLE('',#10702,POSITIVE_LENGTH_MEASURE(1.0E-006),#10703);
#5154=(B_SPLINE_CURVE(2,(#10705,#10706,#10707),.UNSPECIFIED.,.F.,.F.)B_SPLINE_CURVE_WITH_KNOTS((3,3),(0.0893220067485996,0.497406542916228),.UNSPECIFIED.)RATIONAL_B_SPLINE_CURVE((1.00018296645082,1.00051304018057,1.00004007765357))BOUNDED_CURVE()REPRESENTATION_ITEM('')GEOMETRIC_REPRESENTATION_ITEM()CURVE());
#5155=CURVE_STYLE('',#10714,POSITIVE_LENGTH_MEASURE(1.0E-006),#10715);
#5156=LINE('',#10716,#10717);
#5157=CURVE_STYLE('',#10718,POSITIVE_LENGTH_MEASURE(1.0E-006),#10719);
#5158=LINE('',#10720,#10721);
#5159=SURFACE_STYLE_USAGE(.BOTH.,#10722);
#5160=FACE_OUTER_BOUND('',#10723,.T.);
#5161=PLANE('',#10724);
#5162=CURVE_STYLE('',#10725,POSITIVE_LENGTH_MEASURE(1.0E-006),#10726);
#5163=(B_SPLINE_CURVE(2,(#10728,#10729,#10730),.UNSPECIFIED.,.F.,.F.)B_SPLINE_CURVE_WITH_KNOTS((3,3),(0.0893220067436387,0.497406542909961),.UNSPECIFIED.)RATIONAL_B_SPLINE_CURVE((1.00018296645006,1.00051304017845,1.00004007765342))BOUNDED_CURVE()REPRESENTATION_ITEM('')GEOMETRIC_REPRESENTATION_ITEM()CURVE());
#5164=CURVE_STYLE('',#10737,POSITIVE_LENGTH_MEASURE(1.0E-006),#10738);
#5165=(B_SPLINE_CURVE(2,(#10740,#10741,#10742),.UNSPECIFIED.,.F.,.F.)B_SPLINE_CURVE_WITH_KNOTS((3,3),(0.0893220067439187,0.497406542911848),.UNSPECIFIED.)RATIONAL_B_SPLINE_CURVE((1.00018296645032,1.00051304017918,1.00004007765347))BOUNDED_CURVE()REPRESENTATION_ITEM('')GEOMETRIC_REPRESENTATION_ITEM()CURVE());
#5166=POINT_STYLE(' ',#10749,POSITIVE_LENGTH_MEASURE(1.0E-006),#10750);
#5167=CARTESIAN_POINT('',(0.235157477760137,5.98515747776018,18.2102246224975));
#5168=POINT_STYLE(' ',#10751,POSITIVE_LENGTH_MEASURE(1.0E-006),#10752);
#5169=CARTESIAN_POINT('',(-4.06586399182365,4.06586399182168,18.4499999999999));
#5170=POINT_STYLE(' ',#10753,POSITIVE_LENGTH_MEASURE(1.0E-006),#10754);
#5171=CARTESIAN_POINT('',(5.59112704228795,-1.34231084217113,16.0500000000012));
#5172=CURVE_STYLE('',#10755,POSITIVE_LENGTH_MEASURE(1.0E-006),#10756);
#5173=LINE('',#10757,#10758);
#5174=SURFACE_STYLE_USAGE(.BOTH.,#10759);
#5175=FACE_OUTER_BOUND('',#10760,.T.);
#5176=PLANE('',#10761);
#5177=CURVE_STYLE('',#10762,POSITIVE_LENGTH_MEASURE(1.0E-006),#10763);
#5178=(B_SPLINE_CURVE(2,(#10765,#10766,#10767),.UNSPECIFIED.,.F.,.F.)B_SPLINE_CURVE_WITH_KNOTS((3,3),(0.0893220067454629,0.497406542914951),.UNSPECIFIED.)RATIONAL_B_SPLINE_CURVE((1.00018296645086,1.00051304018068,1.00004007765358))BOUNDED_CURVE()REPRESENTATION_ITEM('')GEOMETRIC_REPRESENTATION_ITEM()CURVE());
#5179=POINT_STYLE(' ',#10774,POSITIVE_LENGTH_MEASURE(1.0E-006),#10775);
#5180=CARTESIAN_POINT('',(-4.65184771765618,-3.37976520067912,16.0499999999987));
#5181=POINT_STYLE(' ',#10776,POSITIVE_LENGTH_MEASURE(1.0E-006),#10777);
#5182=CARTESIAN_POINT('',(-3.3277409022111,4.98031621090907,18.2102246225011));
#5183=POINT_STYLE(' ',#10778,POSITIVE_LENGTH_MEASURE(1.0E-006),#10779);
#5184=CARTESIAN_POINT('',(-5.69999999999996,4.47722795383297E-015,18.5));
#5185=CURVE_STYLE('',#10780,POSITIVE_LENGTH_MEASURE(1.0E-006),#10781);
#5186=(B_SPLINE_CURVE(2,(#10783,#10784,#10785),.UNSPECIFIED.,.F.,.F.)B_SPLINE_CURVE_WITH_KNOTS((3,3),(0.0167092099294876,0.424793746098939),.UNSPECIFIED.)RATIONAL_B_SPLINE_CURVE((1.00004007765357,1.00051304018052,1.0001829664508))BOUNDED_CURVE()REPRESENTATION_ITEM('')GEOMETRIC_REPRESENTATION_ITEM()CURVE());
#5187=CURVE_STYLE('',#10792,POSITIVE_LENGTH_MEASURE(1.0E-006),#10793);
#5188=LINE('',#10794,#10795);
#5189=POINT_STYLE(' ',#10796,POSITIVE_LENGTH_MEASURE(1.0E-006),#10797);
#5190=CARTESIAN_POINT('',(-5.75,2.8421709430404E-014,16.05));
#5191=CURVE_STYLE('',#10798,POSITIVE_LENGTH_MEASURE(1.0E-006),#10799);
#5192=(B_SPLINE_CURVE(2,(#10801,#10802,#10803),.UNSPECIFIED.,.F.,.F.)B_SPLINE_CURVE_WITH_KNOTS((3,3),(0.0893220067441694,0.497406542910447),.UNSPECIFIED.)RATIONAL_B_SPLINE_CURVE((1.00018296645046,1.00051304017958,1.00004007765351))BOUNDED_CURVE()REPRESENTATION_ITEM('')GEOMETRIC_REPRESENTATION_ITEM()CURVE());
#5193=CURVE_STYLE('',#10810,POSITIVE_LENGTH_MEASURE(1.0E-006),#10811);
#5194=(B_SPLINE_CURVE(2,(#10813,#10814,#10815),.UNSPECIFIED.,.F.,.F.)B_SPLINE_CURVE_WITH_KNOTS((3,3),(0.0167092099341599,0.424793746098906),.UNSPECIFIED.)RATIONAL_B_SPLINE_CURVE((1.00004007765357,1.00051304018048,1.00018296645079))BOUNDED_CURVE()REPRESENTATION_ITEM('')GEOMETRIC_REPRESENTATION_ITEM()CURVE());
#5195=POINT_STYLE(' ',#10822,POSITIVE_LENGTH_MEASURE(1.0E-006),#10823);
#5196=CARTESIAN_POINT('',(5.69999999999996,9.24459714637383E-013,18.5));
#5197=POINT_STYLE(' ',#10824,POSITIVE_LENGTH_MEASURE(1.0E-006),#10825);
#5198=CARTESIAN_POINT('',(-2.25805238075071E-016,-1.22926706131736,5.7862940692305E-016));
#5199=SURFACE_STYLE_USAGE(.BOTH.,#10826);
#5200=FACE_OUTER_BOUND('',#10827,.T.);
#5201=PLANE('',#10828);
#5202=CURVE_STYLE('',#10829,POSITIVE_LENGTH_MEASURE(1.0E-006),#10830);
#5203=(B_SPLINE_CURVE(2,(#10832,#10833,#10834),.UNSPECIFIED.,.F.,.F.)B_SPLINE_CURVE_WITH_KNOTS((3,3),(0.0893220067471414,0.497406542910386),.UNSPECIFIED.)RATIONAL_B_SPLINE_CURVE((1.00018296645181,1.00051304018334,1.0000400776538))BOUNDED_CURVE()REPRESENTATION_ITEM('')GEOMETRIC_REPRESENTATION_ITEM()CURVE());
#5204=CURVE_STYLE('',#10841,POSITIVE_LENGTH_MEASURE(1.0E-006),#10842);
#5205=LINE('',#10843,#10844);
#5206=POINT_STYLE(' ',#10845,POSITIVE_LENGTH_MEASURE(1.0E-006),#10846);
#5207=CARTESIAN_POINT('',(-2.61044537350267,5.12328751408359,16.0500000000005));
#5208=CURVE_STYLE('',#10847,POSITIVE_LENGTH_MEASURE(1.0E-006),#10848);
#5209=LINE('',#10849,#10850);
#5210=POINT_STYLE(' ',#10851,POSITIVE_LENGTH_MEASURE(1.0E-006),#10852);
#5211=CARTESIAN_POINT('',(0.451139800435271,5.73227466896799,18.4499999999974));
#5212=POINT_STYLE(' ',#10853,POSITIVE_LENGTH_MEASURE(1.0E-006),#10854);
#5213=CARTESIAN_POINT('',(5.75,1.4210854715202E-014,18.4499999999999));
#5214=CURVE_STYLE('',#10855,POSITIVE_LENGTH_MEASURE(1.0E-006),#10856);
#5215=(B_SPLINE_CURVE(2,(#10858,#10859,#10860),.UNSPECIFIED.,.F.,.F.)B_SPLINE_CURVE_WITH_KNOTS((3,3),(0.0893220067441367,0.497406542910301),.UNSPECIFIED.)RATIONAL_B_SPLINE_CURVE((1.00018296645055,1.00051304017984,1.00004007765353))BOUNDED_CURVE()REPRESENTATION_ITEM('')GEOMETRIC_REPRESENTATION_ITEM()CURVE());
#5216=POINT_STYLE(' ',#10867,POSITIVE_LENGTH_MEASURE(1.0E-006),#10868);
#5217=CARTESIAN_POINT('',(-5.59112704228789,1.34231084217107,18.4499999999988));
#5218=POINT_STYLE(' ',#10869,POSITIVE_LENGTH_MEASURE(1.0E-006),#10870);
#5219=CARTESIAN_POINT('',(4.98031621090675,3.32774090221144,18.2102246225028));
#5220=POINT_STYLE(' ',#10871,POSITIVE_LENGTH_MEASURE(1.0E-006),#10872);
#5221=CARTESIAN_POINT('',(-1.16854720720255,-5.87468352317305,16.2897753774997));
#5222=POINT_STYLE(' ',#10873,POSITIVE_LENGTH_MEASURE(1.0E-006),#10874);
#5223=CARTESIAN_POINT('',(0.704022609227963,5.94825699164359,16.2897753775029));
#5224=CURVE_STYLE('',#10875,POSITIVE_LENGTH_MEASURE(1.0E-006),#10876);
#5225=(B_SPLINE_CURVE(2,(#10878,#10879,#10880),.UNSPECIFIED.,.F.,.F.)B_SPLINE_CURVE_WITH_KNOTS((3,3),(0.0167092099350771,0.424793746097217),.UNSPECIFIED.)RATIONAL_B_SPLINE_CURVE((1.00004007765355,1.00051304018014,1.00018296645067))BOUNDED_CURVE()REPRESENTATION_ITEM('')GEOMETRIC_REPRESENTATION_ITEM()CURVE());
#5226=CURVE_STYLE('',#10887,POSITIVE_LENGTH_MEASURE(1.0E-006),#10888);
#5227=(B_SPLINE_CURVE(2,(#10890,#10891,#10892),.UNSPECIFIED.,.F.,.F.)B_SPLINE_CURVE_WITH_KNOTS((3,3),(0.0167092099332742,0.424793746097576),.UNSPECIFIED.)RATIONAL_B_SPLINE_CURVE((1.00004007765359,1.00051304018067,1.00018296645086))BOUNDED_CURVE()REPRESENTATION_ITEM('')GEOMETRIC_REPRESENTATION_ITEM()CURVE());
#5228=SURFACE_STYLE_USAGE(.BOTH.,#10899);
#5229=FACE_OUTER_BOUND('',#10900,.T.);
#5230=CONICAL_SURFACE('',#10901,1.36463353065868,1.0471975511966);
#5231=POINT_STYLE(' ',#10902,POSITIVE_LENGTH_MEASURE(1.0E-006),#10903);
#5232=CARTESIAN_POINT('',(3.3277409022111,-4.98031621090894,18.2102246225011));
#5233=SURFACE_STYLE_USAGE(.BOTH.,#10904);
#5234=FACE_OUTER_BOUND('',#10905,.T.);
#5235=PLANE('',#10906);
#5236=POINT_STYLE(' ',#10907,POSITIVE_LENGTH_MEASURE(1.0E-006),#10908);
#5237=CARTESIAN_POINT('',(1.62586732306068,-5.7648906772579,16.2897753775022));
#5238=CURVE_STYLE('',#10909,POSITIVE_LENGTH_MEASURE(1.0E-006),#10910);
#5239=(B_SPLINE_CURVE(2,(#10912,#10913,#10914),.UNSPECIFIED.,.F.,.F.)B_SPLINE_CURVE_WITH_KNOTS((3,3),(0.0167092099340597,0.424793746102146),.UNSPECIFIED.)RATIONAL_B_SPLINE_CURVE((1.00004007765362,1.00051304018107,1.00018296645099))BOUNDED_CURVE()REPRESENTATION_ITEM('')GEOMETRIC_REPRESENTATION_ITEM()CURVE());
#5240=CURVE_STYLE('',#10921,POSITIVE_LENGTH_MEASURE(1.0E-006),#10922);
#5241=(B_SPLINE_CURVE(2,(#10924,#10925,#10926),.UNSPECIFIED.,.F.,.F.)B_SPLINE_CURVE_WITH_KNOTS((3,3),(0.0167092099318181,0.424793746101794),.UNSPECIFIED.)RATIONAL_B_SPLINE_CURVE((1.00004007765367,1.0005130401818,1.00018296645125))BOUNDED_CURVE()REPRESENTATION_ITEM('')GEOMETRIC_REPRESENTATION_ITEM()CURVE());
#5242=CURVE_STYLE('',#10933,POSITIVE_LENGTH_MEASURE(1.0E-006),#10934);
#5243=(B_SPLINE_CURVE(2,(#10936,#10937,#10938),.UNSPECIFIED.,.F.,.F.)B_SPLINE_CURVE_WITH_KNOTS((3,3),(0.0167092099340876,0.42479374610078),.UNSPECIFIED.)RATIONAL_B_SPLINE_CURVE((1.00004007765353,1.00051304017999,1.00018296645061))BOUNDED_CURVE()REPRESENTATION_ITEM('')GEOMETRIC_REPRESENTATION_ITEM()CURVE());
#5244=CURVE_STYLE('',#10945,POSITIVE_LENGTH_MEASURE(1.0E-006),#10946);
#5245=(B_SPLINE_CURVE(2,(#10948,#10949,#10950),.UNSPECIFIED.,.F.,.F.)B_SPLINE_CURVE_WITH_KNOTS((3,3),(0.0893220067449915,0.49740654291389),.UNSPECIFIED.)RATIONAL_B_SPLINE_CURVE((1.00018296645109,1.00051304018134,1.00004007765364))BOUNDED_CURVE()REPRESENTATION_ITEM('')GEOMETRIC_REPRESENTATION_ITEM()CURVE());
#5246=POINT_STYLE(' ',#10957,POSITIVE_LENGTH_MEASURE(1.0E-006),#10958);
#5247=CARTESIAN_POINT('',(-3.73432627789867,4.37233430219952,16.0499999999996));
#5248=CURVE_STYLE('',#10959,POSITIVE_LENGTH_MEASURE(1.0E-006),#10960);
#5249=LINE('',#10961,#10962);
#5250=CURVE_STYLE('',#10963,POSITIVE_LENGTH_MEASURE(1.0E-006),#10964);
#5251=(B_SPLINE_CURVE(2,(#10966,#10967,#10968),.UNSPECIFIED.,.F.,.F.)B_SPLINE_CURVE_WITH_KNOTS((3,3),(0.0893220067507693,0.497406542916138),.UNSPECIFIED.)RATIONAL_B_SPLINE_CURVE((1.0001829664507,1.00051304018021,1.00004007765354))BOUNDED_CURVE()REPRESENTATION_ITEM('')GEOMETRIC_REPRESENTATION_ITEM()CURVE());
#5252=CURVE_STYLE('',#10975,POSITIVE_LENGTH_MEASURE(1.0E-006),#10976);
#5253=(B_SPLINE_CURVE(2,(#10978,#10979,#10980),.UNSPECIFIED.,.F.,.F.)B_SPLINE_CURVE_WITH_KNOTS((3,3),(0.0893220067465352,0.497406542916131),.UNSPECIFIED.)RATIONAL_B_SPLINE_CURVE((1.00018296645102,1.00051304018115,1.00004007765362))BOUNDED_CURVE()REPRESENTATION_ITEM('')GEOMETRIC_REPRESENTATION_ITEM()CURVE());
#5254=CURVE_STYLE('',#10987,POSITIVE_LENGTH_MEASURE(1.0E-006),#10988);
#5255=LINE('',#10989,#10990);
#5256=POINT_STYLE(' ',#10991,POSITIVE_LENGTH_MEASURE(1.0E-006),#10992);
#5257=CARTESIAN_POINT('',(-0.704022609227891,-5.94825699164358,18.210224622497));
#5258=POINT_STYLE(' ',#10993,POSITIVE_LENGTH_MEASURE(1.0E-006),#10994);
#5259=CARTESIAN_POINT('',(-5.31230731193855,2.2004297361005,16.0499999999992));
#5260=CURVE_STYLE('',#10995,POSITIVE_LENGTH_MEASURE(1.0E-006),#10996);
#5261=LINE('',#10997,#10998);
#5262=POINT_STYLE(' ',#10999,POSITIVE_LENGTH_MEASURE(1.0E-006),#11000);
#5263=CARTESIAN_POINT('',(1.5,2.42428400393764E-013,0.249999999999972));
#5264=POINT_STYLE(' ',#11001,POSITIVE_LENGTH_MEASURE(1.0E-006),#11002);
#5265=CARTESIAN_POINT('',(5.98515747776012,-0.235157477760093,18.2102246224975));
#5266=SURFACE_STYLE_USAGE(.BOTH.,#11003);
#5267=FACE_OUTER_BOUND('',#11004,.T.);
#5268=PLANE('',#11005);
#5269=CURVE_STYLE('',#11006,POSITIVE_LENGTH_MEASURE(1.0E-006),#11007);
#5270=(B_SPLINE_CURVE(2,(#11009,#11010,#11011),.UNSPECIFIED.,.F.,.F.)B_SPLINE_CURVE_WITH_KNOTS((3,3),(0.0167092099340327,0.424793746100765),.UNSPECIFIED.)RATIONAL_B_SPLINE_CURVE((1.00004007765364,1.00051304018132,1.00018296645108))BOUNDED_CURVE()REPRESENTATION_ITEM('')GEOMETRIC_REPRESENTATION_ITEM()CURVE());
#5271=CURVE_STYLE('',#11018,POSITIVE_LENGTH_MEASURE(1.0E-006),#11019);
#5272=(B_SPLINE_CURVE(2,(#11021,#11022,#11023),.UNSPECIFIED.,.F.,.F.)B_SPLINE_CURVE_WITH_KNOTS((3,3),(0.0893220067441364,0.497406542906298),.UNSPECIFIED.)RATIONAL_B_SPLINE_CURVE((1.00018296645082,1.0005130401806,1.00004007765359))BOUNDED_CURVE()REPRESENTATION_ITEM('')GEOMETRIC_REPRESENTATION_ITEM()CURVE());
#5273=PRODUCT_CONTEXT('',#1022,'mechanical');
#5274=PRODUCT_DEFINITION_FORMATION_WITH_SPECIFIED_SOURCE(' ','NONE',#3059,.NOT_KNOWN.);
#5275=CARTESIAN_POINT('',(0.0,0.0,0.0));
#5276=DIRECTION('',(0.0,0.0,1.0));
#5277=DIRECTION('',(1.0,0.0,0.0));
#5278= (NAMED_UNIT(#3067)LENGTH_UNIT()SI_UNIT(.MILLI.,.METRE.));
#5279=DRAUGHTING_PRE_DEFINED_CURVE_FONT('continuous');
#5280=COLOUR_RGB('',0.509803950786591,0.509803950786591,0.588235318660736);
#5282=CARTESIAN_POINT('',(5.46857496869745,-1.77684771765643,18.4499999999995));
#5283=CARTESIAN_POINT('',(5.61370681913231,-1.70289934632765,18.3348227113684));
#5284=CARTESIAN_POINT('',(5.76489067725858,-1.62586732305956,18.2102246224974));
#5291=PRE_DEFINED_MARKER('');
#5292=COLOUR_RGB('',0.509803950786591,0.509803950786591,0.588235318660736);
#5293=DRAUGHTING_PRE_DEFINED_CURVE_FONT('continuous');
#5294=COLOUR_RGB('',0.509803950786591,0.509803950786591,0.588235318660736);
#5296=CARTESIAN_POINT('',(0.70402260922756,-5.94825699164007,18.2102246225005));
#5297=CARTESIAN_POINT('',(0.803756606430589,-5.81098492103349,18.3348227113715));
#5298=CARTESIAN_POINT('',(0.899498173980987,-5.67920795841954,18.4500000000025));
#5305=DRAUGHTING_PRE_DEFINED_CURVE_FONT('continuous');
#5306=COLOUR_RGB('',0.509803950786591,0.509803950786591,0.588235318660736);
#5308=CARTESIAN_POINT('',(-3.70823369393637,-4.70387201612647,18.2102246224968));
#5309=CARTESIAN_POINT('',(-3.54064509620553,-4.67732858987009,18.334822711368));
#5310=CARTESIAN_POINT('',(-3.37976520068055,-4.65184771765789,18.4499999999991));
#5317=DRAUGHTING_PRE_DEFINED_CURVE_FONT('continuous');
#5318=COLOUR_RGB('',0.509803950786591,0.509803950786591,0.588235318660736);
#5320=CARTESIAN_POINT('',(-0.899498173983233,-5.67920795842048,16.0499999999987));
#5321=CARTESIAN_POINT('',(-1.03127513659668,-5.77494952597052,16.1651772886293));
#5322=CARTESIAN_POINT('',(-1.16854720720255,-5.87468352317305,16.2897753774997));
#5329=DRAUGHTING_PRE_DEFINED_CURVE_FONT('continuous');
#5330=COLOUR_RGB('',0.509803950786591,0.509803950786591,0.588235318660736);
#5332=CARTESIAN_POINT('',(-5.12328751408066,2.61044537350379,18.4500000000015));
#5333=CARTESIAN_POINT('',(-5.2782006245134,2.56011105271951,18.3348227113706));
#5334=CARTESIAN_POINT('',(-5.43957362182183,2.50767778745386,18.2102246224996));
#5341=SURFACE_SIDE_STYLE('',(#11031));
#5342=EDGE_LOOP('',(#11032,#11033,#11034,#11035,#11036,#11037,#11038,#11039,#11040,#11041,#11042,#11043,#11044,#11045,#11046,#11047,#11048,#11049,#11050,#11051,#11052,#11053,#11054,#11055,#11056,#11057,#11058,#11059,#11060,#11061,#11062,#11063,#11064,#11065,#11066,#11067,#11068,#11069,#11070,#11071,#11072,#11073,#11074,#11075,#11076,#11077,#11078,#11079,#11080,#11081,#11082,#11083,#11084,#11085,#11086,#11087,#11088,#11089,#11090,#11091,#11092,#11093,#11094,#11095,#11096,#11097,#11098,#11099,#11100,#11101,#11102,#11103,#11104,#11105,#11106,#11107,#11108,#11109,#11110,#11111,#11112,#11113,#11114));
#5343=AXIS2_PLACEMENT_3D('',#11115,#11116,#11117);
#5344=PRE_DEFINED_MARKER('');
#5345=COLOUR_RGB('',0.509803950786591,0.509803950786591,0.588235318660736);
#5346=PRE_DEFINED_MARKER('');
#5347=COLOUR_RGB('',0.509803950786591,0.509803950786591,0.588235318660736);
#5348=DRAUGHTING_PRE_DEFINED_CURVE_FONT('continuous');
#5349=COLOUR_RGB('',0.509803950786591,0.509803950786591,0.588235318660736);
#5351=CARTESIAN_POINT('',(5.76489067725809,1.62586732306062,16.2897753775023));
#5352=CARTESIAN_POINT('',(5.67623436921271,1.48119337720216,16.1651772886318));
#5353=CARTESIAN_POINT('',(5.59112704228758,1.3423108421724,16.0500000000011));
#5360=DRAUGHTING_PRE_DEFINED_CURVE_FONT('continuous');
#5361=COLOUR_RGB('',0.509803950786591,0.509803950786591,0.588235318660736);
#5362=CARTESIAN_POINT('',(5.43957362182184,-2.50767778745381,18.5));
#5363=VECTOR('',#11118,1.0);
#5364=DRAUGHTING_PRE_DEFINED_CURVE_FONT('continuous');
#5365=COLOUR_RGB('',0.509803950786591,0.509803950786591,0.588235318660736);
#5367=CARTESIAN_POINT('',(0.899498173983289,5.67920795842051,16.0499999999988));
#5368=CARTESIAN_POINT('',(1.03127513659665,5.77494952597049,16.1651772886293));
#5369=CARTESIAN_POINT('',(1.16854720720252,5.87468352317301,16.2897753774996));
#5376=DRAUGHTING_PRE_DEFINED_CURVE_FONT('continuous');
#5377=COLOUR_RGB('',0.509803950786591,0.509803950786591,0.588235318660736);
#5378=CARTESIAN_POINT('',(-1.34231084217237,5.59112704228752,18.5));
#5379=VECTOR('',#11119,1.00000000000001);
#5380=PRE_DEFINED_MARKER('');
#5381=COLOUR_RGB('',0.509803950786591,0.509803950786591,0.588235318660736);
#5382=PRE_DEFINED_MARKER('');
#5383=COLOUR_RGB('',0.509803950786591,0.509803950786591,0.588235318660736);
#5384=DRAUGHTING_PRE_DEFINED_CURVE_FONT('continuous');
#5385=COLOUR_RGB('',0.509803950786591,0.509803950786591,0.588235318660736);
#5386=CARTESIAN_POINT('',(1.34231084217109,5.59112704228792,18.5));
#5387=VECTOR('',#11120,1.00000000000001);
#5388=PRE_DEFINED_MARKER('');
#5389=COLOUR_RGB('',0.509803950786591,0.509803950786591,0.588235318660736);
#5390=PRE_DEFINED_MARKER('');
#5391=COLOUR_RGB('',0.509803950786591,0.509803950786591,0.588235318660736);
#5392=DRAUGHTING_PRE_DEFINED_CURVE_FONT('continuous');
#5393=COLOUR_RGB('',0.509803950786591,0.509803950786591,0.588235318660736);
#5394=CARTESIAN_POINT('',(-3.37976520068055,-4.65184771765789,18.5));
#5395=VECTOR('',#11121,1.00000000000001);
#5396=PRE_DEFINED_MARKER('');
#5397=COLOUR_RGB('',0.509803950786591,0.509803950786591,0.588235318660736);
#5398=SURFACE_SIDE_STYLE('',(#11122));
#5399=EDGE_LOOP('',(#11123,#11124,#11125,#11126));
#5400=AXIS2_PLACEMENT_3D('',#11127,#11128,#11129);
#5401=SURFACE_SIDE_STYLE('',(#11130));
#5402=EDGE_LOOP('',(#11131,#11132,#11133,#11134));
#5403=AXIS2_PLACEMENT_3D('',#11135,#11136,#11137);
#5404=PRE_DEFINED_MARKER('');
#5405=COLOUR_RGB('',0.509803950786591,0.509803950786591,0.588235318660736);
#5406=DRAUGHTING_PRE_DEFINED_CURVE_FONT('continuous');
#5407=COLOUR_RGB('',0.509803950786591,0.509803950786591,0.588235318660736);
#5408=CARTESIAN_POINT('',(-4.06586399182366,4.39842688616215,18.5));
#5409=VECTOR('',#11138,1.0);
#5410=DRAUGHTING_PRE_DEFINED_CURVE_FONT('continuous');
#5411=COLOUR_RGB('',0.509803950786591,0.509803950786591,0.588235318660736);
#5412=CARTESIAN_POINT('',(3.3277409022111,-4.98031621090894,18.5));
#5413=VECTOR('',#11139,1.0);
#5414=DRAUGHTING_PRE_DEFINED_CURVE_FONT('continuous');
#5415=COLOUR_RGB('',0.509803950786591,0.509803950786591,0.588235318660736);
#5417=CARTESIAN_POINT('',(-1.62586732305958,-5.76489067725859,18.2102246224974));
#5418=CARTESIAN_POINT('',(-1.48119337720088,-5.67623436921306,18.3348227113681));
#5419=CARTESIAN_POINT('',(-1.34231084217113,-5.59112704228795,18.4499999999987));
#5426=DRAUGHTING_PRE_DEFINED_CURVE_FONT('continuous');
#5427=COLOUR_RGB('',0.509803950786591,0.509803950786591,0.588235318660736);
#5429=CARTESIAN_POINT('',(-5.1232875140835,-2.61044537350261,18.4499999999995));
#5430=CARTESIAN_POINT('',(-5.17362183486771,-2.7653584839351,18.3348227113687));
#5431=CARTESIAN_POINT('',(-5.22605510013324,-2.92673148124317,18.210224622498));
#5438=PRE_DEFINED_MARKER('');
#5439=COLOUR_RGB('',0.509803950786591,0.509803950786591,0.588235318660736);
#5440=DRAUGHTING_PRE_DEFINED_CURVE_FONT('continuous');
#5441=COLOUR_RGB('',0.509803950786591,0.509803950786591,0.588235318660736);
#5443=CARTESIAN_POINT('',(0.899498173980987,-5.67920795841954,18.4500000000025));
#5444=CARTESIAN_POINT('',(1.03127513659567,-5.77494952597046,18.3348227113709));
#5445=CARTESIAN_POINT('',(1.16854720720304,-5.87468352317407,18.2102246224992));
#5452=DRAUGHTING_PRE_DEFINED_CURVE_FONT('continuous');
#5453=COLOUR_RGB('',0.509803950786591,0.509803950786591,0.588235318660736);
#5455=CARTESIAN_POINT('',(-4.70387201612658,3.70823369393645,16.2897753775032));
#5456=CARTESIAN_POINT('',(-4.53471746489068,3.72154644583587,16.1651772886317));
#5457=CARTESIAN_POINT('',(-4.37233430219996,3.73432627789921,16.0500000000002));
#5464=PRE_DEFINED_MARKER('');
#5465=COLOUR_RGB('',0.509803950786591,0.509803950786591,0.588235318660736);
#5466=DRAUGHTING_PRE_DEFINED_CURVE_FONT('continuous');
#5467=COLOUR_RGB('',0.509803950786591,0.509803950786591,0.588235318660736);
#5468=CARTESIAN_POINT('',(-0.235157477760042,-5.98515747776008,18.5));
#5469=VECTOR('',#11140,1.0);
#5470=DRAUGHTING_PRE_DEFINED_CURVE_FONT('continuous');
#5471=COLOUR_RGB('',0.509803950786591,0.509803950786591,0.588235318660736);
#5473=CARTESIAN_POINT('',(1.34231084217254,-5.59112704228744,18.4499999999989));
#5474=CARTESIAN_POINT('',(1.48119337720227,-5.67623436921255,18.3348227113682));
#5475=CARTESIAN_POINT('',(1.62586732306068,-5.7648906772579,18.2102246224978));
#5482=DRAUGHTING_PRE_DEFINED_CURVE_FONT('continuous');
#5483=COLOUR_RGB('',0.509803950786591,0.509803950786591,0.588235318660736);
#5485=CARTESIAN_POINT('',(4.06586399182368,-4.06586399182164,16.05));
#5486=CARTESIAN_POINT('',(4.06586399182368,-4.22874927548073,16.1651772886308));
#5487=CARTESIAN_POINT('',(4.06586399182369,-4.39842688616219,16.2897753775014));
#5494=DRAUGHTING_PRE_DEFINED_CURVE_FONT('continuous');
#5495=COLOUR_RGB('',0.509803950786591,0.509803950786591,0.588235318660736);
#5496=AXIS2_PLACEMENT_3D('',#11141,#11142,#11143);
#5497=SURFACE_SIDE_STYLE('',(#11144));
#5498=EDGE_LOOP('',(#11145,#11146,#11147,#11148));
#5499=AXIS2_PLACEMENT_3D('',#11149,#11150,#11151);
#5500=DRAUGHTING_PRE_DEFINED_CURVE_FONT('continuous');
#5501=COLOUR_RGB('',0.509803950786591,0.509803950786591,0.588235318660736);
#5503=CARTESIAN_POINT('',(-5.67920795841945,-0.89949817398093,16.0499999999974));
#5504=CARTESIAN_POINT('',(-5.81098492103352,-0.803756606430446,16.1651772886284));
#5505=CARTESIAN_POINT('',(-5.94825699163992,-0.704022609227547,16.2897753774992));
#5512=DRAUGHTING_PRE_DEFINED_CURVE_FONT('continuous');
#5513=COLOUR_RGB('',0.509803950786591,0.509803950786591,0.588235318660736);
#5515=CARTESIAN_POINT('',(5.94825699164365,-0.704022609227822,16.289775377503));
#5516=CARTESIAN_POINT('',(5.81098492103556,-0.803756606431951,16.1651772886306));
#5517=CARTESIAN_POINT('',(5.67920795842045,-0.899498173983232,16.0499999999987));
#5524=SURFACE_SIDE_STYLE('',(#11152));
#5525=EDGE_LOOP('',(#11153,#11154,#11155,#11156));
#5526=AXIS2_PLACEMENT_3D('',#11157,#11158,#11159);
#5527=SURFACE_SIDE_STYLE('',(#11160));
#5528=EDGE_LOOP('',(#11161,#11162,#11163,#11164));
#5529=AXIS2_PLACEMENT_3D('',#11165,#11166,#11167);
#5530=DRAUGHTING_PRE_DEFINED_CURVE_FONT('continuous');
#5531=COLOUR_RGB('',0.509803950786591,0.509803950786591,0.588235318660736);
#5533=CARTESIAN_POINT('',(-5.75,2.8421709430404E-014,18.4499999999999));
#5534=CARTESIAN_POINT('',(-5.86517728863144,-0.11517728863141,18.3348227113685));
#5535=CARTESIAN_POINT('',(-5.98515747776063,-0.235157477760606,18.210224622497));
#5542=DRAUGHTING_PRE_DEFINED_CURVE_FONT('continuous');
#5543=COLOUR_RGB('',0.509803950786591,0.509803950786591,0.588235318660736);
#5545=CARTESIAN_POINT('',(-4.70387201612491,-3.70823369393602,18.2102246224983));
#5546=CARTESIAN_POINT('',(-4.53471746488967,-3.72154644583538,18.3348227113693));
#5547=CARTESIAN_POINT('',(-4.37233430219945,-3.73432627789868,18.4500000000004));
#5554=PRE_DEFINED_MARKER('');
#5555=COLOUR_RGB('',0.509803950786591,0.509803950786591,0.588235318660736);
#5556=DRAUGHTING_PRE_DEFINED_CURVE_FONT('continuous');
#5557=COLOUR_RGB('',0.509803950786591,0.509803950786591,0.588235318660736);
#5559=CARTESIAN_POINT('',(0.451139800435271,5.73227466896799,16.0500000000025));
#5560=CARTESIAN_POINT('',(0.574998741837513,5.8380601985416,16.1651772886328));
#5561=CARTESIAN_POINT('',(0.704022609227963,5.94825699164359,16.2897753775029));
#5568=DRAUGHTING_PRE_DEFINED_CURVE_FONT('continuous');
#5569=COLOUR_RGB('',0.509803950786591,0.509803950786591,0.588235318660736);
#5571=CARTESIAN_POINT('',(0.451139800437346,-5.7322746689666,18.4499999999987));
#5572=CARTESIAN_POINT('',(0.574998741838428,-5.83806019853921,18.3348227113694));
#5573=CARTESIAN_POINT('',(0.70402260922756,-5.94825699164007,18.2102246225005));
#5580=DRAUGHTING_PRE_DEFINED_CURVE_FONT('continuous');
#5581=COLOUR_RGB('',0.509803950786591,0.509803950786591,0.588235318660736);
#5582=CARTESIAN_POINT('',(-1.5,-2.39615345350518E-013,8.12499999999998));
#5583=VECTOR('',#11168,1.0);
#5584=DRAUGHTING_PRE_DEFINED_CURVE_FONT('continuous');
#5585=COLOUR_RGB('',0.509803950786591,0.509803950786591,0.588235318660736);
#5587=CARTESIAN_POINT('',(-5.76489067725858,1.6258673230596,16.2897753775025));
#5588=CARTESIAN_POINT('',(-5.61370681913218,1.70289934632775,16.1651772886314));
#5589=CARTESIAN_POINT('',(-5.46857496869745,1.77684771765647,16.0500000000005));
#5596=DRAUGHTING_PRE_DEFINED_CURVE_FONT('continuous');
#5597=COLOUR_RGB('',0.509803950786591,0.509803950786591,0.588235318660736);
#5598=CARTESIAN_POINT('',(-1.77684771765792,5.46857496869595,18.5));
#5599=VECTOR('',#11169,1.0);
#5600=DRAUGHTING_PRE_DEFINED_CURVE_FONT('continuous');
#5601=COLOUR_RGB('',0.509803950786591,0.509803950786591,0.588235318660736);
#5603=CARTESIAN_POINT('',(2.61044537350378,5.12328751408072,16.0499999999985));
#5604=CARTESIAN_POINT('',(2.76535848393593,5.17362183486483,16.165177288629));
#5605=CARTESIAN_POINT('',(2.92673148124358,5.22605510013023,16.2897753774995));
#5612=PRE_DEFINED_MARKER('');
#5613=COLOUR_RGB('',0.509803950786591,0.509803950786591,0.588235318660736);
#5614=PRE_DEFINED_MARKER('');
#5615=COLOUR_RGB('',0.509803950786591,0.509803950786591,0.588235318660736);
#5616=SURFACE_SIDE_STYLE('',(#11170));
#5617=EDGE_LOOP('',(#11171,#11172,#11173,#11174,#11175,#11176,#11177,#11178,#11179,#11180,#11181,#11182,#11183,#11184,#11185,#11186,#11187,#11188,#11189,#11190,#11191,#11192,#11193,#11194,#11195,#11196,#11197,#11198,#11199,#11200,#11201,#11202,#11203,#11204,#11205,#11206,#11207,#11208,#11209,#11210,#11211,#11212,#11213,#11214,#11215,#11216,#11217,#11218,#11219,#11220,#11221,#11222,#11223,#11224,#11225,#11226,#11227,#11228,#11229,#11230,#11231,#11232,#11233,#11234,#11235,#11236,#11237,#11238,#11239,#11240,#11241,#11242,#11243,#11244,#11245,#11246,#11247,#11248,#11249,#11250,#11251,#11252,#11253));
#5618=AXIS2_PLACEMENT_3D('',#11254,#11255,#11256);
#5619=SURFACE_SIDE_STYLE('',(#11257));
#5620=EDGE_LOOP('',(#11258,#11259,#11260,#11261));
#5621=AXIS2_PLACEMENT_3D('',#11262,#11263,#11264);
#5622=DRAUGHTING_PRE_DEFINED_CURVE_FONT('continuous');
#5623=COLOUR_RGB('',0.509803950786591,0.509803950786591,0.588235318660736);
#5624=CARTESIAN_POINT('',(4.98031621090846,-3.32774090221283,18.5));
#5625=VECTOR('',#11265,1.0);
#5626=PRE_DEFINED_MARKER('');
#5627=COLOUR_RGB('',0.509803950786591,0.509803950786591,0.588235318660736);
#5628=DRAUGHTING_PRE_DEFINED_CURVE_FONT('continuous');
#5629=COLOUR_RGB('',0.509803950786591,0.509803950786591,0.588235318660736);
#5631=CARTESIAN_POINT('',(5.98515747776062,0.235157477760637,16.2897753775029));
#5632=CARTESIAN_POINT('',(5.86517728863151,0.115177288631519,16.1651772886315));
#5633=CARTESIAN_POINT('',(5.75,1.4210854715202E-014,16.05));
#5640=SURFACE_SIDE_STYLE('',(#11266));
#5641=EDGE_LOOP('',(#11267,#11268,#11269,#11270));
#5642=AXIS2_PLACEMENT_3D('',#11271,#11272,#11273);
#5643=DRAUGHTING_PRE_DEFINED_CURVE_FONT('continuous');
#5644=COLOUR_RGB('',0.509803950786591,0.509803950786591,0.588235318660736);
#5646=CARTESIAN_POINT('',(2.61044537350267,-5.12328751408354,18.4499999999994));
#5647=CARTESIAN_POINT('',(2.76535848393628,-5.17362183486812,18.3348227113678));
#5648=CARTESIAN_POINT('',(2.92673148124536,-5.22605510013398,18.2102246224963));
#5655=PRE_DEFINED_MARKER('');
#5656=COLOUR_RGB('',0.509803950786591,0.509803950786591,0.588235318660736);
#5657=DRAUGHTING_PRE_DEFINED_CURVE_FONT('continuous');
#5658=COLOUR_RGB('',0.509803950786591,0.509803950786591,0.588235318660736);
#5659=CARTESIAN_POINT('',(4.39842688616216,4.06586399182366,18.5));
#5660=VECTOR('',#11274,1.0);
#5661=SURFACE_SIDE_STYLE('',(#11275));
#5662=EDGE_LOOP('',(#11276,#11277,#11278,#11279));
#5663=AXIS2_PLACEMENT_3D('',#11280,#11281,#11282);
#5664=PRE_DEFINED_MARKER('');
#5665=COLOUR_RGB('',0.509803950786591,0.509803950786591,0.588235318660736);
#5666=PRE_DEFINED_MARKER('');
#5667=COLOUR_RGB('',0.509803950786591,0.509803950786591,0.588235318660736);
#5668=PRE_DEFINED_MARKER('');
#5669=COLOUR_RGB('',0.509803950786591,0.509803950786591,0.588235318660736);
#5670=DRAUGHTING_PRE_DEFINED_CURVE_FONT('continuous');
#5671=COLOUR_RGB('',0.509803950786591,0.509803950786591,0.588235318660736);
#5673=CARTESIAN_POINT('',(5.43957362182083,2.50767778745398,18.2102246225005));
#5674=CARTESIAN_POINT('',(5.27820062451451,2.56011105271894,18.3348227113698));
#5675=CARTESIAN_POINT('',(5.12328751408359,2.61044537350264,18.4499999999994));
#5682=PRE_DEFINED_MARKER('');
#5683=COLOUR_RGB('',0.509803950786591,0.509803950786591,0.588235318660736);
#5684=PRE_DEFINED_MARKER('');
#5685=COLOUR_RGB('',0.509803950786591,0.509803950786591,0.588235318660736);
#5686=PRE_DEFINED_MARKER('');
#5687=COLOUR_RGB('',0.509803950786591,0.509803950786591,0.588235318660736);
#5688=SURFACE_SIDE_STYLE('',(#11283));
#5689=EDGE_LOOP('',(#11284,#11285,#11286,#11287));
#5690=AXIS2_PLACEMENT_3D('',#11288,#11289,#11290);
#5691=SURFACE_SIDE_STYLE('',(#11291));
#5692=EDGE_LOOP('',(#11292,#11293,#11294,#11295));
#5693=AXIS2_PLACEMENT_3D('',#11296,#11297,#11298);
#5694=DRAUGHTING_PRE_DEFINED_CURVE_FONT('continuous');
#5695=COLOUR_RGB('',0.509803950786591,0.509803950786591,0.588235318660736);
#5696=CARTESIAN_POINT('',(4.9026809450346,-3.00436674711757,18.5));
#5697=VECTOR('',#11299,0.999999999999994);
#5698=PRE_DEFINED_MARKER('');
#5699=COLOUR_RGB('',0.509803950786591,0.509803950786591,0.588235318660736);
#5700=PRE_DEFINED_MARKER('');
#5701=COLOUR_RGB('',0.509803950786591,0.509803950786591,0.588235318660736);
#5702=PRE_DEFINED_MARKER('');
#5703=COLOUR_RGB('',0.509803950786591,0.509803950786591,0.588235318660736);
#5704=DRAUGHTING_PRE_DEFINED_CURVE_FONT('continuous');
#5705=COLOUR_RGB('',0.509803950786591,0.509803950786591,0.588235318660736);
#5707=CARTESIAN_POINT('',(2.50767778745387,5.43957362182184,18.2102246224996));
#5708=CARTESIAN_POINT('',(2.35091611582022,5.3746408113709,18.33482271137));
#5709=CARTESIAN_POINT('',(2.20042973610049,5.31230731193855,18.4500000000007));
#5716=PRE_DEFINED_MARKER('');
#5717=COLOUR_RGB('',0.509803950786591,0.509803950786591,0.588235318660736);
#5718=SURFACE_SIDE_STYLE('',(#11300));
#5719=EDGE_LOOP('',(#11301,#11302,#11303,#11304));
#5720=AXIS2_PLACEMENT_3D('',#11305,#11306,#11307);
#5721=SURFACE_SIDE_STYLE('',(#11308));
#5722=EDGE_LOOP('',(#11309,#11310,#11311,#11312));
#5723=AXIS2_PLACEMENT_3D('',#11313,#11314,#11315);
#5724=PRE_DEFINED_MARKER('');
#5725=COLOUR_RGB('',0.509803950786591,0.509803950786591,0.588235318660736);
#5726=PRE_DEFINED_MARKER('');
#5727=COLOUR_RGB('',0.509803950786591,0.509803950786591,0.588235318660736);
#5728=PRE_DEFINED_MARKER('');
#5729=COLOUR_RGB('',0.509803950786591,0.509803950786591,0.588235318660736);
#5730=DRAUGHTING_PRE_DEFINED_CURVE_FONT('continuous');
#5731=COLOUR_RGB('',0.509803950786591,0.509803950786591,0.588235318660736);
#5732=CARTESIAN_POINT('',(-1.16854720720292,5.87468352317406,18.5));
#5733=VECTOR('',#11316,1.0);
#5734=DRAUGHTING_PRE_DEFINED_CURVE_FONT('continuous');
#5735=COLOUR_RGB('',0.509803950786591,0.509803950786591,0.588235318660736);
#5736=CARTESIAN_POINT('',(-4.98031621090843,3.32774090221289,18.5));
#5737=VECTOR('',#11317,1.0);
#5738=DRAUGHTING_PRE_DEFINED_CURVE_FONT('continuous');
#5739=COLOUR_RGB('',0.509803950786591,0.509803950786591,0.588235318660736);
#5741=CARTESIAN_POINT('',(-2.50767778745401,5.43957362182081,16.2897753774994));
#5742=CARTESIAN_POINT('',(-2.35091611581986,5.37464081136967,16.1651772886286));
#5743=CARTESIAN_POINT('',(-2.20042973610009,5.31230731193736,16.049999999998));
#5750=SURFACE_SIDE_STYLE('',(#11318));
#5751=EDGE_LOOP('',(#11319,#11320,#11321,#11322));
#5752=AXIS2_PLACEMENT_3D('',#11323,#11324,#11325);
#5753=SURFACE_SIDE_STYLE('',(#11326));
#5754=EDGE_LOOP('',(#11327,#11328,#11329,#11330));
#5755=AXIS2_PLACEMENT_3D('',#11331,#11332,#11333);
#5756=SURFACE_SIDE_STYLE('',(#11334));
#5757=EDGE_LOOP('',(#11335,#11336,#11337,#11338));
#5758=AXIS2_PLACEMENT_3D('',#11339,#11340,#11341);
#5759=PRE_DEFINED_MARKER('');
#5760=COLOUR_RGB('',0.509803950786591,0.509803950786591,0.588235318660736);
#5761=PRE_DEFINED_MARKER('');
#5762=COLOUR_RGB('',0.509803950786591,0.509803950786591,0.588235318660736);
#5763=DRAUGHTING_PRE_DEFINED_CURVE_FONT('continuous');
#5764=COLOUR_RGB('',0.509803950786591,0.509803950786591,0.588235318660736);
#5766=CARTESIAN_POINT('',(2.50767778745399,-5.43957362182083,18.2102246225005));
#5767=CARTESIAN_POINT('',(2.56011105271898,-5.27820062451443,18.3348227113699));
#5768=CARTESIAN_POINT('',(2.61044537350267,-5.12328751408354,18.4499999999994));
#5775=SURFACE_SIDE_STYLE('',(#11342));
#5776=EDGE_LOOP('',(#11343,#11344,#11345,#11346));
#5777=AXIS2_PLACEMENT_3D('',#11347,#11348,#11349);
#5778=DRAUGHTING_PRE_DEFINED_CURVE_FONT('continuous');
#5779=COLOUR_RGB('',0.509803950786591,0.509803950786591,0.588235318660736);
#5781=CARTESIAN_POINT('',(-5.94825699163992,-0.704022609227547,16.2897753774992));
#5782=CARTESIAN_POINT('',(-5.83806019853921,-0.574998741838578,16.1651772886305));
#5783=CARTESIAN_POINT('',(-5.73227466896651,-0.451139800437403,16.0500000000012));
#5790=SURFACE_SIDE_STYLE('',(#11350));
#5791=EDGE_LOOP('',(#11351,#11352,#11353,#11354));
#5792=AXIS2_PLACEMENT_3D('',#11355,#11356,#11357);
#5793=DRAUGHTING_PRE_DEFINED_CURVE_FONT('continuous');
#5794=COLOUR_RGB('',0.509803950786591,0.509803950786591,0.588235318660736);
#5796=CARTESIAN_POINT('',(0.70402260922756,-5.94825699164007,16.2897753774994));
#5797=CARTESIAN_POINT('',(0.574998741838518,-5.83806019853929,16.1651772886306));
#5798=CARTESIAN_POINT('',(0.451139800437346,-5.7322746689666,16.0500000000013));
#5805=DRAUGHTING_PRE_DEFINED_CURVE_FONT('continuous');
#5806=COLOUR_RGB('',0.509803950786591,0.509803950786591,0.588235318660736);
#5807=CARTESIAN_POINT('',(5.73227466896805,-0.451139800435129,18.5));
#5808=VECTOR('',#11358,1.00000000000001);
#5809=DRAUGHTING_PRE_DEFINED_CURVE_FONT('continuous');
#5810=COLOUR_RGB('',0.509803950786591,0.509803950786591,0.588235318660736);
#5812=CARTESIAN_POINT('',(4.39842688616249,-4.06586399182164,16.2897753775003));
#5813=CARTESIAN_POINT('',(4.22874927548191,-4.06586399182164,16.1651772886303));
#5814=CARTESIAN_POINT('',(4.06586399182368,-4.06586399182164,16.05));
#5821=DRAUGHTING_PRE_DEFINED_CURVE_FONT('continuous');
#5822=COLOUR_RGB('',0.509803950786591,0.509803950786591,0.588235318660736);
#5824=CARTESIAN_POINT('',(-3.35271605233965E-047,5.75000000000003,16.05));
#5825=CARTESIAN_POINT('',(0.115177288631324,5.86517728863136,16.1651772886313));
#5826=CARTESIAN_POINT('',(0.235157477760137,5.98515747776018,16.2897753775024));
#5833=DRAUGHTING_PRE_DEFINED_CURVE_FONT('continuous');
#5834=COLOUR_RGB('',0.509803950786591,0.509803950786591,0.588235318660736);
#5836=CARTESIAN_POINT('',(3.73432627789923,4.37233430219999,16.0500000000003));
#5837=CARTESIAN_POINT('',(3.8967094405878,4.38511413426316,16.1651772886303));
#5838=CARTESIAN_POINT('',(4.06586399182169,4.39842688616243,16.2897753775002));
#5845=DRAUGHTING_PRE_DEFINED_CURVE_FONT('continuous');
#5846=COLOUR_RGB('',0.509803950786591,0.509803950786591,0.588235318660736);
#5848=CARTESIAN_POINT('',(-5.87468352317398,-1.16854720720298,16.2897753775007));
#5849=CARTESIAN_POINT('',(-5.77494952597037,-1.0312751365956,16.1651772886289));
#5850=CARTESIAN_POINT('',(-5.67920795841945,-0.89949817398093,16.0499999999974));
#5857=PRE_DEFINED_MARKER('');
#5858=COLOUR_RGB('',0.509803950786591,0.509803950786591,0.588235318660736);
#5859=DRAUGHTING_PRE_DEFINED_CURVE_FONT('continuous');
#5860=COLOUR_RGB('',0.509803950786591,0.509803950786591,0.588235318660736);
#5861=CARTESIAN_POINT('',(3.73432627789873,-4.37233430219956,18.5));
#5862=VECTOR('',#11359,0.999999999999999);
#5863=DRAUGHTING_PRE_DEFINED_CURVE_FONT('continuous');
#5864=COLOUR_RGB('',0.509803950786591,0.509803950786591,0.588235318660736);
#5866=CARTESIAN_POINT('',(-1.62586732306058,5.76489067725802,18.2102246224977));
#5867=CARTESIAN_POINT('',(-1.70289934632894,5.61370681913121,18.3348227113691));
#5868=CARTESIAN_POINT('',(-1.77684771765792,5.46857496869595,18.4500000000005));
#5875=PRE_DEFINED_MARKER('');
#5876=COLOUR_RGB('',0.509803950786591,0.509803950786591,0.588235318660736);
#5877=PRE_DEFINED_MARKER('');
#5878=COLOUR_RGB('',0.509803950786591,0.509803950786591,0.588235318660736);
#5879=DRAUGHTING_PRE_DEFINED_CURVE_FONT('continuous');
#5880=COLOUR_RGB('',0.509803950786591,0.509803950786591,0.588235318660736);
#5882=CARTESIAN_POINT('',(4.39842688616216,4.06586399182366,16.2897753775014));
#5883=CARTESIAN_POINT('',(4.3851141342628,3.89670944058857,16.1651772886305));
#5884=CARTESIAN_POINT('',(4.37233430219953,3.7343262778987,16.0499999999996));
#5891=DRAUGHTING_PRE_DEFINED_CURVE_FONT('continuous');
#5892=COLOUR_RGB('',0.509803950786591,0.509803950786591,0.588235318660736);
#5893=CARTESIAN_POINT('',(2.07316342621653,-5.61955536329149,18.5));
#5894=VECTOR('',#11360,1.0);
#5895=PRE_DEFINED_MARKER('');
#5896=COLOUR_RGB('',0.509803950786591,0.509803950786591,0.588235318660736);
#5897=PRE_DEFINED_MARKER('');
#5898=COLOUR_RGB('',0.509803950786591,0.509803950786591,0.588235318660736);
#5899=SURFACE_SIDE_STYLE('',(#11361));
#5900=EDGE_LOOP('',(#11362,#11363,#11364,#11365));
#5901=AXIS2_PLACEMENT_3D('',#11366,#11367,#11368);
#5902=PRE_DEFINED_MARKER('');
#5903=COLOUR_RGB('',0.509803950786591,0.509803950786591,0.588235318660736);
#5904=DRAUGHTING_PRE_DEFINED_CURVE_FONT('continuous');
#5905=COLOUR_RGB('',0.509803950786591,0.509803950786591,0.588235318660736);
#5907=CARTESIAN_POINT('',(4.06586399182369,-4.39842688616219,18.2102246224985));
#5908=CARTESIAN_POINT('',(4.06586399182368,-4.22874927548074,18.3348227113691));
#5909=CARTESIAN_POINT('',(4.06586399182368,-4.06586399182164,18.4499999999999));
#5916=SURFACE_SIDE_STYLE('',(#11369));
#5917=EDGE_LOOP('',(#11370,#11371,#11372,#11373));
#5918=AXIS2_PLACEMENT_3D('',#11374,#11375,#11376);
#5919=DRAUGHTING_PRE_DEFINED_CURVE_FONT('continuous');
#5920=COLOUR_RGB('',0.509803950786591,0.509803950786591,0.588235318660736);
#5921=CARTESIAN_POINT('',(-2.20042973610009,5.31230731193736,18.5));
#5922=VECTOR('',#11377,0.999999999999996);
#5923=DRAUGHTING_PRE_DEFINED_CURVE_FONT('continuous');
#5924=COLOUR_RGB('',0.509803950786591,0.509803950786591,0.588235318660736);
#5926=CARTESIAN_POINT('',(-2.07316342621632,-5.61955536329369,16.2897753775015));
#5927=CARTESIAN_POINT('',(-2.13809623666768,-5.462793691659,16.1651772886303));
#5928=CARTESIAN_POINT('',(-2.20042973610035,-5.3123073119385,16.0499999999991));
#5935=PRE_DEFINED_MARKER('');
#5936=COLOUR_RGB('',0.509803950786591,0.509803950786591,0.588235318660736);
#5937=PRE_DEFINED_MARKER('');
#5938=COLOUR_RGB('',0.509803950786591,0.509803950786591,0.588235318660736);
#5939=DRAUGHTING_PRE_DEFINED_CURVE_FONT('continuous');
#5940=COLOUR_RGB('',0.509803950786591,0.509803950786591,0.588235318660736);
#5942=CARTESIAN_POINT('',(5.76489067725858,-1.62586732305956,18.2102246224974));
#5943=CARTESIAN_POINT('',(5.67623436921307,-1.4811933772009,18.3348227113681));
#5944=CARTESIAN_POINT('',(5.59112704228795,-1.34231084217113,18.4499999999987));
#5951=SURFACE_SIDE_STYLE('',(#11378));
#5952=EDGE_LOOP('',(#11379,#11380,#11381,#11382));
#5953=AXIS2_PLACEMENT_3D('',#11383,#11384,#11385);
#5954=DRAUGHTING_PRE_DEFINED_CURVE_FONT('continuous');
#5955=COLOUR_RGB('',0.509803950786591,0.509803950786591,0.588235318660736);
#5956=CARTESIAN_POINT('',(-5.31230731193722,-2.20042973610009,18.5));
#5957=VECTOR('',#11386,0.999999999999996);
#5958=PRE_DEFINED_MARKER('');
#5959=COLOUR_RGB('',0.509803950786591,0.509803950786591,0.588235318660736);
#5960=SURFACE_SIDE_STYLE('',(#11387));
#5961=EDGE_LOOP('',(#11388,#11389,#11390,#11391));
#5962=AXIS2_PLACEMENT_3D('',#11392,#11393,#11394);
#5963=PRE_DEFINED_MARKER('');
#5964=COLOUR_RGB('',0.509803950786591,0.509803950786591,0.588235318660736);
#5965=DRAUGHTING_PRE_DEFINED_CURVE_FONT('continuous');
#5966=COLOUR_RGB('',0.509803950786591,0.509803950786591,0.588235318660736);
#5968=CARTESIAN_POINT('',(5.6195553632916,2.07316342621648,18.2102246225003));
#5969=CARTESIAN_POINT('',(5.46279369165737,2.13809623666765,18.3348227113711));
#5970=CARTESIAN_POINT('',(5.31230731193739,2.20042973610009,18.4500000000019));
#5977=SURFACE_SIDE_STYLE('',(#11395));
#5978=EDGE_LOOP('',(#11396,#11397,#11398,#11399));
#5979=AXIS2_PLACEMENT_3D('',#11400,#11401,#11402);
#5980=DRAUGHTING_PRE_DEFINED_CURVE_FONT('continuous');
#5981=COLOUR_RGB('',0.509803950786591,0.509803950786591,0.588235318660736);
#5983=CARTESIAN_POINT('',(-1.77684771765646,-5.46857496869745,16.0500000000005));
#5984=CARTESIAN_POINT('',(-1.92197956809065,-5.5425233400259,16.165177288631));
#5985=CARTESIAN_POINT('',(-2.07316342621632,-5.61955536329369,16.2897753775015));
#5992=DRAUGHTING_PRE_DEFINED_CURVE_FONT('continuous');
#5993=COLOUR_RGB('',0.509803950786591,0.509803950786591,0.588235318660736);
#5995=CARTESIAN_POINT('',(1.62586732306068,-5.7648906772579,18.2102246224978));
#5996=CARTESIAN_POINT('',(1.70289934632905,-5.61370681913108,18.3348227113692));
#5997=CARTESIAN_POINT('',(1.77684771765797,-5.46857496869592,18.4500000000005));
#6004=PRE_DEFINED_MARKER('');
#6005=COLOUR_RGB('',0.509803950786591,0.509803950786591,0.588235318660736);
#6006=DRAUGHTING_PRE_DEFINED_CURVE_FONT('continuous');
#6007=COLOUR_RGB('',0.509803950786591,0.509803950786591,0.588235318660736);
#6009=CARTESIAN_POINT('',(0.235157477760667,-5.98515747776058,16.2897753775029));
#6010=CARTESIAN_POINT('',(0.115177288631621,-5.86517728863154,16.1651772886315));
#6011=CARTESIAN_POINT('',(5.6843418860808E-014,-5.74999999999997,16.05));
#6018=SURFACE_SIDE_STYLE('',(#11403));
#6019=EDGE_LOOP('',(#11404,#11405,#11406,#11407));
#6020=AXIS2_PLACEMENT_3D('',#11408,#11409,#11410);
#6021=DRAUGHTING_PRE_DEFINED_CURVE_FONT('continuous');
#6022=COLOUR_RGB('',0.509803950786591,0.509803950786591,0.588235318660736);
#6024=CARTESIAN_POINT('',(4.37233430220004,-3.73432627789904,16.0500000000002));
#6025=CARTESIAN_POINT('',(4.38511413426324,-3.89670944058785,16.1651772886303));
#6026=CARTESIAN_POINT('',(4.39842688616249,-4.06586399182164,16.2897753775003));
#6033=SURFACE_SIDE_STYLE('',(#11411));
#6034=EDGE_LOOP('',(#11412,#11413,#11414,#11415));
#6035=AXIS2_PLACEMENT_3D('',#11416,#11417,#11418);
#6036=DRAUGHTING_PRE_DEFINED_CURVE_FONT('continuous');
#6037=COLOUR_RGB('',0.509803950786591,0.509803950786591,0.588235318660736);
#6039=CARTESIAN_POINT('',(-3.37976520067917,4.65184771765628,18.4500000000012));
#6040=CARTESIAN_POINT('',(-3.54064509620477,4.67732858986856,18.3348227113697));
#6041=CARTESIAN_POINT('',(-3.70823369393602,4.703872016125,18.2102246224982));
#6048=DRAUGHTING_PRE_DEFINED_CURVE_FONT('continuous');
#6049=COLOUR_RGB('',0.509803950786591,0.509803950786591,0.588235318660736);
#6051=CARTESIAN_POINT('',(-5.46857496869745,1.77684771765647,18.4499999999995));
#6052=CARTESIAN_POINT('',(-5.61370681913239,1.70289934632765,18.3348227113683));
#6053=CARTESIAN_POINT('',(-5.76489067725858,1.6258673230596,18.2102246224974));
#6060=DRAUGHTING_PRE_DEFINED_CURVE_FONT('continuous');
#6061=COLOUR_RGB('',0.509803950786591,0.509803950786591,0.588235318660736);
#6063=CARTESIAN_POINT('',(1.62586732305959,5.7648906772586,18.2102246224974));
#6064=CARTESIAN_POINT('',(1.48119337720097,5.67623436921311,18.334822711368));
#6065=CARTESIAN_POINT('',(1.34231084217109,5.59112704228792,18.4499999999988));
#6072=DRAUGHTING_PRE_DEFINED_CURVE_FONT('continuous');
#6073=COLOUR_RGB('',0.509803950786591,0.509803950786591,0.588235318660736);
#6075=CARTESIAN_POINT('',(-5.98515747776063,-0.235157477760606,18.210224622497));
#6076=CARTESIAN_POINT('',(-5.85613361036952,-0.345354270863154,18.3348227113678));
#6077=CARTESIAN_POINT('',(-5.73227466896651,-0.451139800437403,18.4499999999987));
#6084=PRE_DEFINED_MARKER('');
#6085=COLOUR_RGB('',0.509803950786591,0.509803950786591,0.588235318660736);
#6086=DRAUGHTING_PRE_DEFINED_CURVE_FONT('continuous');
#6087=COLOUR_RGB('',0.509803950786591,0.509803950786591,0.588235318660736);
#6089=CARTESIAN_POINT('',(3.37976520068064,4.65184771765794,18.449999999999));
#6090=CARTESIAN_POINT('',(3.35428432846883,4.81272761318048,18.3348227113696));
#6091=CARTESIAN_POINT('',(3.3277409022129,4.98031621090849,18.2102246225005));
#6098=DRAUGHTING_PRE_DEFINED_CURVE_FONT('continuous');
#6099=COLOUR_RGB('',0.509803950786591,0.509803950786591,0.588235318660736);
#6101=CARTESIAN_POINT('',(4.06586399182169,4.39842688616243,18.2102246224997));
#6102=CARTESIAN_POINT('',(3.8967094405879,4.38511413426317,18.3348227113696));
#6103=CARTESIAN_POINT('',(3.73432627789923,4.37233430219999,18.4499999999997));
#6110=DRAUGHTING_PRE_DEFINED_CURVE_FONT('continuous');
#6111=COLOUR_RGB('',0.509803950786591,0.509803950786591,0.588235318660736);
#6112=CARTESIAN_POINT('',(-1.62586732306058,5.76489067725802,18.5));
#6113=VECTOR('',#11419,1.0);
#6114=DRAUGHTING_PRE_DEFINED_CURVE_FONT('continuous');
#6115=COLOUR_RGB('',0.509803950786591,0.509803950786591,0.588235318660736);
#6117=CARTESIAN_POINT('',(5.73227466896657,0.451139800437374,18.4499999999987));
#6118=CARTESIAN_POINT('',(5.83806019853919,0.574998741838467,18.3348227113694));
#6119=CARTESIAN_POINT('',(5.94825699164,0.704022609227544,18.2102246225006));
#6126=DRAUGHTING_PRE_DEFINED_CURVE_FONT('continuous');
#6127=COLOUR_RGB('',0.509803950786591,0.509803950786591,0.588235318660736);
#6129=CARTESIAN_POINT('',(-5.43957362182065,-2.50767778745398,18.2102246225006));
#6130=CARTESIAN_POINT('',(-5.27820062451437,-2.56011105271893,18.3348227113699));
#6131=CARTESIAN_POINT('',(-5.1232875140835,-2.61044537350261,18.4499999999995));
#6138=SURFACE_SIDE_STYLE('',(#11420));
#6139=EDGE_LOOP('',(#11421,#11422,#11423,#11424));
#6140=AXIS2_PLACEMENT_3D('',#11425,#11426,#11427);
#6141=SURFACE_SIDE_STYLE('',(#11428));
#6142=EDGE_LOOP('',(#11429,#11430,#11431,#11432));
#6143=AXIS2_PLACEMENT_3D('',#11433,#11434,#11435);
#6144=DRAUGHTING_PRE_DEFINED_CURVE_FONT('continuous');
#6145=COLOUR_RGB('',0.509803950786591,0.509803950786591,0.588235318660736);
#6147=CARTESIAN_POINT('',(-5.12328751408066,2.61044537350379,16.0499999999984));
#6148=CARTESIAN_POINT('',(-5.17362183486479,2.76535848393598,16.165177288629));
#6149=CARTESIAN_POINT('',(-5.22605510013018,2.9267314812436,16.2897753774994));
#6156=DRAUGHTING_PRE_DEFINED_CURVE_FONT('continuous');
#6157=COLOUR_RGB('',0.509803950786591,0.509803950786591,0.588235318660736);
#6158=CARTESIAN_POINT('',(0.704022609227963,5.94825699164359,18.5));
#6159=VECTOR('',#11436,1.0);
#6160=DRAUGHTING_PRE_DEFINED_CURVE_FONT('continuous');
#6161=COLOUR_RGB('',0.509803950786591,0.509803950786591,0.588235318660736);
#6163=CARTESIAN_POINT('',(-2.0731634262165,5.61955536329154,18.2102246225004));
#6164=CARTESIAN_POINT('',(-2.13809623666762,5.46279369165742,18.3348227113711));
#6165=CARTESIAN_POINT('',(-2.20042973610009,5.31230731193736,18.450000000002));
#6172=SURFACE_SIDE_STYLE('',(#11437));
#6173=EDGE_LOOP('',(#11438,#11439,#11440,#11441));
#6174=AXIS2_PLACEMENT_3D('',#11442,#11443,#11444);
#6175=DRAUGHTING_PRE_DEFINED_CURVE_FONT('continuous');
#6176=COLOUR_RGB('',0.509803950786591,0.509803950786591,0.588235318660736);
#6178=CARTESIAN_POINT('',(3.37976520067917,-4.65184771765621,18.4500000000012));
#6179=CARTESIAN_POINT('',(3.54064509620466,-4.67732858986847,18.3348227113698));
#6180=CARTESIAN_POINT('',(3.70823369393608,-4.70387201612494,18.2102246224982));
#6187=DRAUGHTING_PRE_DEFINED_CURVE_FONT('continuous');
#6188=COLOUR_RGB('',0.509803950786591,0.509803950786591,0.588235318660736);
#6190=CARTESIAN_POINT('',(-5.87468352317294,1.16854720720253,16.2897753774996));
#6191=CARTESIAN_POINT('',(-5.73000957731612,1.2572035152469,16.1651772886305));
#6192=CARTESIAN_POINT('',(-5.59112704228789,1.34231084217107,16.0500000000011));
#6199=DRAUGHTING_PRE_DEFINED_CURVE_FONT('continuous');
#6200=COLOUR_RGB('',0.509803950786591,0.509803950786591,0.588235318660736);
#6202=CARTESIAN_POINT('',(-4.06586399182163,-4.06586399182359,16.0499999999999));
#6203=CARTESIAN_POINT('',(-4.22874927548082,-4.0658639918236,16.1651772886308));
#6204=CARTESIAN_POINT('',(-4.39842688616207,-4.0658639918236,16.2897753775013));
#6211=PRE_DEFINED_MARKER('');
#6212=COLOUR_RGB('',0.509803950786591,0.509803950786591,0.588235318660736);
#6213=PRE_DEFINED_MARKER('');
#6214=COLOUR_RGB('',0.509803950786591,0.509803950786591,0.588235318660736);
#6215=PRE_DEFINED_MARKER('');
#6216=COLOUR_RGB('',0.509803950786591,0.509803950786591,0.588235318660736);
#6217=DRAUGHTING_PRE_DEFINED_CURVE_FONT('continuous');
#6218=COLOUR_RGB('',0.509803950786591,0.509803950786591,0.588235318660736);
#6220=CARTESIAN_POINT('',(5.22605510013023,-2.92673148124363,18.2102246225004));
#6221=CARTESIAN_POINT('',(5.17362183486479,-2.76535848393586,18.3348227113709));
#6222=CARTESIAN_POINT('',(5.12328751408069,-2.61044537350373,18.4500000000015));
#6229=DRAUGHTING_PRE_DEFINED_CURVE_FONT('continuous');
#6230=COLOUR_RGB('',0.509803950786591,0.509803950786591,0.588235318660736);
#6232=CARTESIAN_POINT('',(3.73432627789923,4.37233430219999,18.4499999999997));
#6233=CARTESIAN_POINT('',(3.72154644583588,4.53471746489082,18.3348227113681));
#6234=CARTESIAN_POINT('',(3.70823369393648,4.70387201612653,18.2102246224967));
#6241=DRAUGHTING_PRE_DEFINED_CURVE_FONT('continuous');
#6242=COLOUR_RGB('',0.509803950786591,0.509803950786591,0.588235318660736);
#6244=CARTESIAN_POINT('',(5.94825699164,0.704022609227544,18.2102246225006));
#6245=CARTESIAN_POINT('',(5.81098492103352,0.8037566064305,18.3348227113715));
#6246=CARTESIAN_POINT('',(5.67920795841957,0.899498173980902,18.4500000000025));
#6253=SURFACE_SIDE_STYLE('',(#11445));
#6254=EDGE_LOOP('',(#11446,#11447,#11448,#11449));
#6255=AXIS2_PLACEMENT_3D('',#11450,#11451,#11452);
#6256=PRE_DEFINED_MARKER('');
#6257=COLOUR_RGB('',0.509803950786591,0.509803950786591,0.588235318660736);
#6258=DRAUGHTING_PRE_DEFINED_CURVE_FONT('continuous');
#6259=COLOUR_RGB('',0.509803950786591,0.509803950786591,0.588235318660736);
#6260=CARTESIAN_POINT('',(-4.90268094503455,3.00436674711754,18.5));
#6261=VECTOR('',#11453,0.999999999999994);
#6262=PRE_DEFINED_MARKER('');
#6263=COLOUR_RGB('',0.509803950786591,0.509803950786591,0.588235318660736);
#6264=PRE_DEFINED_MARKER('');
#6265=COLOUR_RGB('',0.509803950786591,0.509803950786591,0.588235318660736);
#6266=DRAUGHTING_PRE_DEFINED_CURVE_FONT('continuous');
#6267=COLOUR_RGB('',0.509803950786591,0.509803950786591,0.588235318660736);
#6269=CARTESIAN_POINT('',(5.98515747776012,-0.235157477760093,18.2102246224975));
#6270=CARTESIAN_POINT('',(5.8651772886312,-0.115177288631177,18.3348227113688));
#6271=CARTESIAN_POINT('',(5.75,1.4210854715202E-014,18.4499999999999));
#6278=DRAUGHTING_PRE_DEFINED_CURVE_FONT('continuous');
#6279=COLOUR_RGB('',0.509803950786591,0.509803950786591,0.588235318660736);
#6281=CARTESIAN_POINT('',(-4.651847717658,3.3797652006806,18.4499999999989));
#6282=CARTESIAN_POINT('',(-4.81272761318044,3.35428432846881,18.3348227113696));
#6283=CARTESIAN_POINT('',(-4.98031621090843,3.32774090221289,18.2102246225006));
#6290=SURFACE_SIDE_STYLE('',(#11454));
#6291=EDGE_LOOP('',(#11455,#11456,#11457,#11458));
#6292=AXIS2_PLACEMENT_3D('',#11459,#11460,#11461);
#6293=PRE_DEFINED_MARKER('');
#6294=COLOUR_RGB('',0.509803950786591,0.509803950786591,0.588235318660736);
#6295=DRAUGHTING_PRE_DEFINED_CURVE_FONT('continuous');
#6296=COLOUR_RGB('',0.509803950786591,0.509803950786591,0.588235318660736);
#6298=CARTESIAN_POINT('',(-4.06586399182366,4.39842688616215,18.2102246224986));
#6299=CARTESIAN_POINT('',(-4.06586399182365,4.22874927548066,18.3348227113692));
#6300=CARTESIAN_POINT('',(-4.06586399182365,4.06586399182168,18.4499999999999));
#6307=DRAUGHTING_PRE_DEFINED_CURVE_FONT('continuous');
#6308=COLOUR_RGB('',0.509803950786591,0.509803950786591,0.588235318660736);
#6310=CARTESIAN_POINT('',(5.98515747776062,0.235157477760636,18.210224622497));
#6311=CARTESIAN_POINT('',(5.85613361036949,0.345354270863197,18.3348227113678));
#6312=CARTESIAN_POINT('',(5.73227466896657,0.451139800437374,18.4499999999987));
#6319=SURFACE_SIDE_STYLE('',(#11462));
#6320=EDGE_LOOP('',(#11463,#11464,#11465,#11466,#11467));
#6321=AXIS2_PLACEMENT_3D('',#11468,#11469,#11470);
#6322=DRAUGHTING_PRE_DEFINED_CURVE_FONT('continuous');
#6323=COLOUR_RGB('',0.509803950786591,0.509803950786591,0.588235318660736);
#6325=CARTESIAN_POINT('',(5.59112704228795,-1.34231084217113,18.4499999999987));
#6326=CARTESIAN_POINT('',(5.73000957731622,-1.25720351524693,18.3348227113693));
#6327=CARTESIAN_POINT('',(5.87468352317303,-1.16854720720256,18.2102246225003));
#6334=DRAUGHTING_PRE_DEFINED_CURVE_FONT('continuous');
#6335=COLOUR_RGB('',0.509803950786591,0.509803950786591,0.588235318660736);
#6337=CARTESIAN_POINT('',(1.34231084217109,5.59112704228792,18.4499999999988));
#6338=CARTESIAN_POINT('',(1.25720351524688,5.7300095773162,18.3348227113693));
#6339=CARTESIAN_POINT('',(1.16854720720252,5.87468352317301,18.2102246225003));
#6346=DRAUGHTING_PRE_DEFINED_CURVE_FONT('continuous');
#6347=COLOUR_RGB('',0.509803950786591,0.509803950786591,0.588235318660736);
#6349=CARTESIAN_POINT('',(-4.65184771765618,-3.37976520067912,16.0499999999987));
#6350=CARTESIAN_POINT('',(-4.81272761317872,-3.35428432846732,16.165177288628));
#6351=CARTESIAN_POINT('',(-4.98031621090668,-3.3277409022114,16.2897753774971));
#6358=PRE_DEFINED_MARKER('');
#6359=COLOUR_RGB('',0.509803950786591,0.509803950786591,0.588235318660736);
#6360=PRE_DEFINED_MARKER('');
#6361=COLOUR_RGB('',0.509803950786591,0.509803950786591,0.588235318660736);
#6362=PRE_DEFINED_MARKER('');
#6363=COLOUR_RGB('',0.509803950786591,0.509803950786591,0.588235318660736);
#6364=PRE_DEFINED_MARKER('');
#6365=COLOUR_RGB('',0.509803950786591,0.509803950786591,0.588235318660736);
#6366=PRE_DEFINED_MARKER('');
#6367=COLOUR_RGB('',0.509803950786591,0.509803950786591,0.588235318660736);
#6368=DRAUGHTING_PRE_DEFINED_CURVE_FONT('continuous');
#6369=COLOUR_RGB('',0.509803950786591,0.509803950786591,0.588235318660736);
#6371=CARTESIAN_POINT('',(5.8746835231741,1.16854720720296,18.2102246224992));
#6372=CARTESIAN_POINT('',(5.73000957731648,1.25720351524782,18.3348227113689));
#6373=CARTESIAN_POINT('',(5.59112704228758,1.3423108421724,18.4499999999988));
#6380=DRAUGHTING_PRE_DEFINED_CURVE_FONT('continuous');
#6381=COLOUR_RGB('',0.509803950786591,0.509803950786591,0.588235318660736);
#6382=CARTESIAN_POINT('',(-5.94825699163992,-0.704022609227547,18.5));
#6383=VECTOR('',#11471,1.0);
#6384=DRAUGHTING_PRE_DEFINED_CURVE_FONT('continuous');
#6385=COLOUR_RGB('',0.509803950786591,0.509803950786591,0.588235318660736);
#6387=CARTESIAN_POINT('',(1.77684771765797,-5.46857496869592,18.4500000000005));
#6388=CARTESIAN_POINT('',(1.92197956809153,-5.54252334002406,18.3348227113703));
#6389=CARTESIAN_POINT('',(2.07316342621653,-5.61955536329149,18.2102246225004));
#6396=DRAUGHTING_PRE_DEFINED_CURVE_FONT('continuous');
#6397=COLOUR_RGB('',0.509803950786591,0.509803950786591,0.588235318660736);
#6399=CARTESIAN_POINT('',(1.16854720720252,5.87468352317301,16.2897753774996));
#6400=CARTESIAN_POINT('',(1.25720351524693,5.73000957731612,16.1651772886305));
#6401=CARTESIAN_POINT('',(1.34231084217109,5.59112704228792,16.0500000000011));
#6408=DRAUGHTING_PRE_DEFINED_CURVE_FONT('continuous');
#6409=COLOUR_RGB('',0.509803950786591,0.509803950786591,0.588235318660736);
#6411=CARTESIAN_POINT('',(2.50767778745387,5.43957362182184,16.2897753775003));
#6412=CARTESIAN_POINT('',(2.56011105271945,5.27820062451359,16.1651772886295));
#6413=CARTESIAN_POINT('',(2.61044537350378,5.12328751408072,16.0499999999985));
#6420=PRE_DEFINED_MARKER('');
#6421=COLOUR_RGB('',0.509803950786591,0.509803950786591,0.588235318660736);
#6422=SURFACE_SIDE_STYLE('',(#11472));
#6423=EDGE_LOOP('',(#11473,#11474,#11475,#11476));
#6424=AXIS2_PLACEMENT_3D('',#11477,#11478,#11479);
#6425=PRE_DEFINED_MARKER('');
#6426=COLOUR_RGB('',0.509803950786591,0.509803950786591,0.588235318660736);
#6427=DRAUGHTING_PRE_DEFINED_CURVE_FONT('continuous');
#6428=COLOUR_RGB('',0.509803950786591,0.509803950786591,0.588235318660736);
#6430=CARTESIAN_POINT('',(4.06586399182169,4.39842688616243,16.2897753775002));
#6431=CARTESIAN_POINT('',(4.06586399182169,4.2287492754817,16.1651772886301));
#6432=CARTESIAN_POINT('',(4.06586399182169,4.06586399182365,16.05));
#6439=DRAUGHTING_PRE_DEFINED_CURVE_FONT('continuous');
#6440=COLOUR_RGB('',0.509803950786591,0.509803950786591,0.588235318660736);
#6442=CARTESIAN_POINT('',(4.70387201612651,-3.70823369393629,16.2897753775031));
#6443=CARTESIAN_POINT('',(4.53471746489073,-3.7215464458357,16.1651772886317));
#6444=CARTESIAN_POINT('',(4.37233430220004,-3.73432627789904,16.0500000000002));
#6451=DRAUGHTING_PRE_DEFINED_CURVE_FONT('continuous');
#6452=COLOUR_RGB('',0.509803950786591,0.509803950786591,0.588235318660736);
#6454=CARTESIAN_POINT('',(0.899498173983289,5.67920795842051,18.4500000000012));
#6455=CARTESIAN_POINT('',(0.803756606431897,5.81098492103577,18.3348227113691));
#6456=CARTESIAN_POINT('',(0.704022609227963,5.94825699164359,18.210224622497));
#6463=DRAUGHTING_PRE_DEFINED_CURVE_FONT('continuous');
#6464=COLOUR_RGB('',0.509803950786591,0.509803950786591,0.588235318660736);
#6466=CARTESIAN_POINT('',(-5.67920795841945,-0.899498173980931,18.4500000000026));
#6467=CARTESIAN_POINT('',(-5.77494952597038,-1.03127513659561,18.334822711371));
#6468=CARTESIAN_POINT('',(-5.87468352317398,-1.16854720720298,18.2102246224993));
#6475=PRE_DEFINED_MARKER('');
#6476=COLOUR_RGB('',0.509803950786591,0.509803950786591,0.588235318660736);
#6477=PRE_DEFINED_MARKER('');
#6478=COLOUR_RGB('',0.509803950786591,0.509803950786591,0.588235318660736);
#6479=DRAUGHTING_PRE_DEFINED_CURVE_FONT('continuous');
#6480=COLOUR_RGB('',0.509803950786591,0.509803950786591,0.588235318660736);
#6481=CARTESIAN_POINT('',(2.92673148124358,5.22605510013023,18.5));
#6482=VECTOR('',#11480,1.0);
#6483=SURFACE_SIDE_STYLE('',(#11481));
#6484=EDGE_LOOP('',(#11482,#11483,#11484,#11485));
#6485=AXIS2_PLACEMENT_3D('',#11486,#11487,#11488);
#6486=SURFACE_SIDE_STYLE('',(#11489));
#6487=EDGE_LOOP('',(#11490,#11491,#11492,#11493));
#6488=AXIS2_PLACEMENT_3D('',#11494,#11495,#11496);
#6489=DRAUGHTING_PRE_DEFINED_CURVE_FONT('continuous');
#6490=COLOUR_RGB('',0.509803950786591,0.509803950786591,0.588235318660736);
#6492=CARTESIAN_POINT('',(-1.16854720720292,5.87468352317406,18.2102246224992));
#6493=CARTESIAN_POINT('',(-1.2572035152477,5.73000957731657,18.3348227113688));
#6494=CARTESIAN_POINT('',(-1.34231084217237,5.59112704228752,18.4499999999989));
#6501=DRAUGHTING_PRE_DEFINED_CURVE_FONT('continuous');
#6502=COLOUR_RGB('',0.509803950786591,0.509803950786591,0.588235318660736);
#6504=CARTESIAN_POINT('',(-5.43957362182183,2.50767778745386,18.2102246224996));
#6505=CARTESIAN_POINT('',(-5.37464081137089,2.3509161158202,18.33482271137));
#6506=CARTESIAN_POINT('',(-5.31230731193855,2.2004297361005,18.4500000000007));
#6513=SURFACE_SIDE_STYLE('',(#11497));
#6514=EDGE_LOOP('',(#11498,#11499,#11500,#11501));
#6515=AXIS2_PLACEMENT_3D('',#11502,#11503,#11504);
#6516=DRAUGHTING_PRE_DEFINED_CURVE_FONT('continuous');
#6517=COLOUR_RGB('',0.509803950786591,0.509803950786591,0.588235318660736);
#6518=CARTESIAN_POINT('',(-4.06586399182365,4.06586399182168,18.5));
#6519=VECTOR('',#11505,1.0);
#6520=DRAUGHTING_PRE_DEFINED_CURVE_FONT('continuous');
#6521=COLOUR_RGB('',0.509803950786591,0.509803950786591,0.588235318660736);
#6522=CARTESIAN_POINT('',(2.92673148124536,-5.22605510013398,18.5));
#6523=VECTOR('',#11506,1.0);
#6524=DRAUGHTING_PRE_DEFINED_CURVE_FONT('continuous');
#6525=COLOUR_RGB('',0.509803950786591,0.509803950786591,0.588235318660736);
#6527=CARTESIAN_POINT('',(1.77684771765797,-5.46857496869592,16.0499999999995));
#6528=CARTESIAN_POINT('',(1.70289934632902,-5.61370681913114,16.1651772886308));
#6529=CARTESIAN_POINT('',(1.62586732306068,-5.7648906772579,16.2897753775022));
#6536=PRE_DEFINED_MARKER('');
#6537=COLOUR_RGB('',0.509803950786591,0.509803950786591,0.588235318660736);
#6538=PRE_DEFINED_MARKER('');
#6539=COLOUR_RGB('',0.509803950786591,0.509803950786591,0.588235318660736);
#6540=DRAUGHTING_PRE_DEFINED_CURVE_FONT('continuous');
#6541=COLOUR_RGB('',0.509803950786591,0.509803950786591,0.588235318660736);
#6542=CARTESIAN_POINT('',(2.20042973610009,-5.31230731193739,18.5));
#6543=VECTOR('',#11507,0.999999999999996);
#6544=DRAUGHTING_PRE_DEFINED_CURVE_FONT('continuous');
#6545=COLOUR_RGB('',0.509803950786591,0.509803950786591,0.588235318660736);
#6547=CARTESIAN_POINT('',(5.59112704228758,1.3423108421724,16.0500000000011));
#6548=CARTESIAN_POINT('',(5.73000957731654,1.25720351524778,16.1651772886311));
#6549=CARTESIAN_POINT('',(5.8746835231741,1.16854720720296,16.2897753775008));
#6556=DRAUGHTING_PRE_DEFINED_CURVE_FONT('continuous');
#6557=COLOUR_RGB('',0.509803950786591,0.509803950786591,0.588235318660736);
#6559=CARTESIAN_POINT('',(-3.00436674711752,-4.90268094503452,18.4500000000008));
#6560=CARTESIAN_POINT('',(-2.96634193280711,-5.06106569533935,18.3348227113705));
#6561=CARTESIAN_POINT('',(-2.92673148124356,-5.22605510013017,18.2102246225005));
#6568=PRE_DEFINED_MARKER('');
#6569=COLOUR_RGB('',0.509803950786591,0.509803950786591,0.588235318660736);
#6570=DRAUGHTING_PRE_DEFINED_CURVE_FONT('continuous');
#6571=COLOUR_RGB('',0.509803950786591,0.509803950786591,0.588235318660736);
#6573=CARTESIAN_POINT('',(2.61044537350378,5.12328751408072,18.4500000000015));
#6574=CARTESIAN_POINT('',(2.56011105271944,5.27820062451363,18.3348227113704));
#6575=CARTESIAN_POINT('',(2.50767778745387,5.43957362182184,18.2102246224996));
#6582=SURFACE_SIDE_STYLE('',(#11508));
#6583=EDGE_LOOP('',(#11509,#11510,#11511,#11512));
#6584=AXIS2_PLACEMENT_3D('',#11513,#11514,#11515);
#6585=PRE_DEFINED_MARKER('');
#6586=COLOUR_RGB('',0.509803950786591,0.509803950786591,0.588235318660736);
#6587=SURFACE_SIDE_STYLE('',(#11516));
#6588=EDGE_LOOP('',(#11517,#11518,#11519,#11520));
#6589=AXIS2_PLACEMENT_3D('',#11521,#11522,#11523);
#6590=DRAUGHTING_PRE_DEFINED_CURVE_FONT('continuous');
#6591=COLOUR_RGB('',0.509803950786591,0.509803950786591,0.588235318660736);
#6593=CARTESIAN_POINT('',(0.899498173980987,-5.67920795841954,16.0499999999975));
#6594=CARTESIAN_POINT('',(0.803756606430503,-5.81098492103361,16.1651772886285));
#6595=CARTESIAN_POINT('',(0.70402260922756,-5.94825699164007,16.2897753774994));
#6602=PRE_DEFINED_MARKER('');
#6603=COLOUR_RGB('',0.509803950786591,0.509803950786591,0.588235318660736);
#6604=DRAUGHTING_PRE_DEFINED_CURVE_FONT('continuous');
#6605=COLOUR_RGB('',0.509803950786591,0.509803950786591,0.588235318660736);
#6607=CARTESIAN_POINT('',(-5.75,2.8421709430404E-014,16.05));
#6608=CARTESIAN_POINT('',(-5.86517728863116,0.115177288631185,16.1651772886311));
#6609=CARTESIAN_POINT('',(-5.98515747776017,0.235157477760182,16.2897753775024));
#6616=PRE_DEFINED_MARKER('');
#6617=COLOUR_RGB('',0.509803950786591,0.509803950786591,0.588235318660736);
#6618=DRAUGHTING_PRE_DEFINED_CURVE_FONT('continuous');
#6619=COLOUR_RGB('',0.509803950786591,0.509803950786591,0.588235318660736);
#6620=CARTESIAN_POINT('',(5.98515747776012,-0.235157477760093,18.5));
#6621=VECTOR('',#11524,1.0);
#6622=DRAUGHTING_PRE_DEFINED_CURVE_FONT('continuous');
#6623=COLOUR_RGB('',0.509803950786591,0.509803950786591,0.588235318660736);
#6625=CARTESIAN_POINT('',(-5.94825699164359,0.704022609227885,18.210224622497));
#6626=CARTESIAN_POINT('',(-5.83806019854173,0.574998741837581,18.334822711367));
#6627=CARTESIAN_POINT('',(-5.73227466896805,0.451139800435257,18.4499999999974));
#6634=DRAUGHTING_PRE_DEFINED_CURVE_FONT('continuous');
#6635=COLOUR_RGB('',0.509803950786591,0.509803950786591,0.588235318660736);
#6637=CARTESIAN_POINT('',(4.06586399182368,-4.06586399182164,18.4499999999999));
#6638=CARTESIAN_POINT('',(4.2287492754819,-4.06586399182164,18.3348227113697));
#6639=CARTESIAN_POINT('',(4.39842688616249,-4.06586399182164,18.2102246224997));
#6646=PRE_DEFINED_MARKER('');
#6647=COLOUR_RGB('',0.509803950786591,0.509803950786591,0.588235318660736);
#6648=DRAUGHTING_PRE_DEFINED_CURVE_FONT('continuous');
#6649=COLOUR_RGB('',0.509803950786591,0.509803950786591,0.588235318660736);
#6651=CARTESIAN_POINT('',(-5.31230731193855,2.2004297361005,18.4500000000007));
#6652=CARTESIAN_POINT('',(-5.46279369165899,2.13809623666786,18.3348227113695));
#6653=CARTESIAN_POINT('',(-5.61955536329376,2.07316342621646,18.2102246224983));
#6660=SURFACE_SIDE_STYLE('',(#11525));
#6661=EDGE_LOOP('',(#11526,#11527,#11528,#11529));
#6662=AXIS2_PLACEMENT_3D('',#11530,#11531,#11532);
#6663=DRAUGHTING_PRE_DEFINED_CURVE_FONT('continuous');
#6664=COLOUR_RGB('',0.509803950786591,0.509803950786591,0.588235318660736);
#6666=CARTESIAN_POINT('',(-0.235157477760617,5.98515747776065,18.210224622497));
#6667=CARTESIAN_POINT('',(-0.345354270863099,5.8561336103696,18.3348227113677));
#6668=CARTESIAN_POINT('',(-0.451139800437375,5.73227466896657,18.4499999999987));
#6675=DRAUGHTING_PRE_DEFINED_CURVE_FONT('continuous');
#6676=COLOUR_RGB('',0.509803950786591,0.509803950786591,0.588235318660736);
#6677=CARTESIAN_POINT('',(3.3277409022129,4.98031621090849,18.5));
#6678=VECTOR('',#11533,1.0);
#6679=PRE_DEFINED_MARKER('');
#6680=COLOUR_RGB('',0.509803950786591,0.509803950786591,0.588235318660736);
#6681=DRAUGHTING_PRE_DEFINED_CURVE_FONT('continuous');
#6682=COLOUR_RGB('',0.509803950786591,0.509803950786591,0.588235318660736);
#6684=CARTESIAN_POINT('',(0.235157477760137,5.98515747776018,16.2897753775024));
#6685=CARTESIAN_POINT('',(0.345354270861786,5.85613361037012,16.1651772886327));
#6686=CARTESIAN_POINT('',(0.451139800435271,5.73227466896799,16.0500000000025));
#6693=SURFACE_SIDE_STYLE('',(#11534));
#6694=EDGE_LOOP('',(#11535,#11536,#11537,#11538));
#6695=AXIS2_PLACEMENT_3D('',#11539,#11540,#11541);
#6696=DRAUGHTING_PRE_DEFINED_CURVE_FONT('continuous');
#6697=COLOUR_RGB('',0.509803950786591,0.509803950786591,0.588235318660736);
#6699=CARTESIAN_POINT('',(4.70387201612502,3.70823369393605,18.2102246224982));
#6700=CARTESIAN_POINT('',(4.53471746488969,3.72154644583541,18.3348227113693));
#6701=CARTESIAN_POINT('',(4.37233430219953,3.7343262778987,18.4500000000003));
#6708=SURFACE_SIDE_STYLE('',(#11542));
#6709=EDGE_LOOP('',(#11543,#11544,#11545,#11546));
#6710=AXIS2_PLACEMENT_3D('',#11547,#11548,#11549);
#6711=SURFACE_SIDE_STYLE('',(#11550));
#6712=EDGE_LOOP('',(#11551,#11552,#11553,#11554));
#6713=AXIS2_PLACEMENT_3D('',#11555,#11556,#11557);
#6714=DRAUGHTING_PRE_DEFINED_CURVE_FONT('continuous');
#6715=COLOUR_RGB('',0.509803950786591,0.509803950786591,0.588235318660736);
#6717=CARTESIAN_POINT('',(4.06586399182169,4.06586399182365,16.05));
#6718=CARTESIAN_POINT('',(4.22874927548058,4.06586399182365,16.1651772886307));
#6719=CARTESIAN_POINT('',(4.39842688616216,4.06586399182366,16.2897753775014));
#6726=PRE_DEFINED_MARKER('');
#6727=COLOUR_RGB('',0.509803950786591,0.509803950786591,0.588235318660736);
#6728=DRAUGHTING_PRE_DEFINED_CURVE_FONT('continuous');
#6729=COLOUR_RGB('',0.509803950786591,0.509803950786591,0.588235318660736);
#6730=CARTESIAN_POINT('',(3.00436674711983,-4.90268094503607,18.5));
#6731=VECTOR('',#11558,1.00000000000001);
#6732=SURFACE_SIDE_STYLE('',(#11559));
#6733=EDGE_LOOP('',(#11560,#11561,#11562,#11563));
#6734=AXIS2_PLACEMENT_3D('',#11564,#11565,#11566);
#6735=DRAUGHTING_PRE_DEFINED_CURVE_FONT('continuous');
#6736=COLOUR_RGB('',0.509803950786591,0.509803950786591,0.588235318660736);
#6738=CARTESIAN_POINT('',(5.75,1.4210854715202E-014,16.05));
#6739=CARTESIAN_POINT('',(5.8651772886312,-0.115177288631183,16.1651772886312));
#6740=CARTESIAN_POINT('',(5.98515747776012,-0.235157477760093,16.2897753775024));
#6747=DRAUGHTING_PRE_DEFINED_CURVE_FONT('continuous');
#6748=COLOUR_RGB('',0.509803950786591,0.509803950786591,0.588235318660736);
#6750=CARTESIAN_POINT('',(3.00436674711983,-4.90268094503607,16.0500000000017));
#6751=CARTESIAN_POINT('',(2.96634193280919,-5.06106569534196,16.1651772886327));
#6752=CARTESIAN_POINT('',(2.92673148124536,-5.22605510013398,16.2897753775036));
#6759=PRE_DEFINED_MARKER('');
#6760=COLOUR_RGB('',0.509803950786591,0.509803950786591,0.588235318660736);
#6761=DRAUGHTING_PRE_DEFINED_CURVE_FONT('continuous');
#6762=COLOUR_RGB('',0.509803950786591,0.509803950786591,0.588235318660736);
#6763=CARTESIAN_POINT('',(-3.32774090221283,-4.98031621090839,18.5));
#6764=VECTOR('',#11567,1.0);
#6765=DRAUGHTING_PRE_DEFINED_CURVE_FONT('continuous');
#6766=COLOUR_RGB('',0.509803950786591,0.509803950786591,0.588235318660736);
#6767=AXIS2_PLACEMENT_3D('',#11568,#11569,#11570);
#6768=PRE_DEFINED_MARKER('');
#6769=COLOUR_RGB('',0.509803950786591,0.509803950786591,0.588235318660736);
#6770=DRAUGHTING_PRE_DEFINED_CURVE_FONT('continuous');
#6771=COLOUR_RGB('',0.509803950786591,0.509803950786591,0.588235318660736);
#6773=CARTESIAN_POINT('',(3.3277409022129,4.98031621090849,18.2102246225005));
#6774=CARTESIAN_POINT('',(3.16275149742208,4.94070575934494,18.3348227113706));
#6775=CARTESIAN_POINT('',(3.00436674711752,4.9026809450346,18.4500000000007));
#6782=DRAUGHTING_PRE_DEFINED_CURVE_FONT('continuous');
#6783=COLOUR_RGB('',0.509803950786591,0.509803950786591,0.588235318660736);
#6784=CARTESIAN_POINT('',(-5.61955536329148,-2.07316342621647,18.5));
#6785=VECTOR('',#11571,1.0);
#6786=SURFACE_SIDE_STYLE('',(#11572));
#6787=EDGE_LOOP('',(#11573,#11574,#11575,#11576));
#6788=AXIS2_PLACEMENT_3D('',#11577,#11578,#11579);
#6789=PRE_DEFINED_MARKER('');
#6790=COLOUR_RGB('',0.509803950786591,0.509803950786591,0.588235318660736);
#6791=DRAUGHTING_PRE_DEFINED_CURVE_FONT('continuous');
#6792=COLOUR_RGB('',0.509803950786591,0.509803950786591,0.588235318660736);
#6793=CARTESIAN_POINT('',(0.899498173980987,-5.67920795841954,18.5));
#6794=VECTOR('',#11580,0.999999999999991);
#6795=DRAUGHTING_PRE_DEFINED_CURVE_FONT('continuous');
#6796=COLOUR_RGB('',0.509803950786591,0.509803950786591,0.588235318660736);
#6797=CARTESIAN_POINT('',(4.06586399182369,-4.39842688616219,18.5));
#6798=VECTOR('',#11581,1.0);
#6799=DRAUGHTING_PRE_DEFINED_CURVE_FONT('continuous');
#6800=COLOUR_RGB('',0.509803950786591,0.509803950786591,0.588235318660736);
#6802=CARTESIAN_POINT('',(3.70823369393648,4.70387201612653,18.2102246224967));
#6803=CARTESIAN_POINT('',(3.54064509620574,4.67732858987016,18.3348227113678));
#6804=CARTESIAN_POINT('',(3.37976520068064,4.65184771765794,18.449999999999));
#6811=DRAUGHTING_PRE_DEFINED_CURVE_FONT('continuous');
#6812=COLOUR_RGB('',0.509803950786591,0.509803950786591,0.588235318660736);
#6814=CARTESIAN_POINT('',(4.65184771765794,-3.37976520068056,16.0500000000009));
#6815=CARTESIAN_POINT('',(4.67732858987018,-3.54064509620576,16.1651772886321));
#6816=CARTESIAN_POINT('',(4.70387201612651,-3.70823369393629,16.2897753775031));
#6823=PRE_DEFINED_MARKER('');
#6824=COLOUR_RGB('',0.509803950786591,0.509803950786591,0.588235318660736);
#6825=DRAUGHTING_PRE_DEFINED_CURVE_FONT('continuous');
#6826=COLOUR_RGB('',0.509803950786591,0.509803950786591,0.588235318660736);
#6828=CARTESIAN_POINT('',(5.46857496869603,1.77684771765794,16.0499999999996));
#6829=CARTESIAN_POINT('',(5.61370681913137,1.70289934632893,16.165177288631));
#6830=CARTESIAN_POINT('',(5.76489067725809,1.62586732306062,16.2897753775023));
#6837=PRE_DEFINED_MARKER('');
#6838=COLOUR_RGB('',0.509803950786591,0.509803950786591,0.588235318660736);
#6839=DRAUGHTING_PRE_DEFINED_CURVE_FONT('continuous');
#6840=COLOUR_RGB('',0.509803950786591,0.509803950786591,0.588235318660736);
#6841=CARTESIAN_POINT('',(2.61044537350267,-5.12328751408354,18.5));
#6842=VECTOR('',#11582,1.0);
#6843=DRAUGHTING_PRE_DEFINED_CURVE_FONT('continuous');
#6844=COLOUR_RGB('',0.509803950786591,0.509803950786591,0.588235318660736);
#6845=CARTESIAN_POINT('',(3.37976520068064,4.65184771765794,18.5));
#6846=VECTOR('',#11583,1.00000000000001);
#6847=PRE_DEFINED_MARKER('');
#6848=COLOUR_RGB('',0.509803950786591,0.509803950786591,0.588235318660736);
#6849=PRE_DEFINED_MARKER('');
#6850=COLOUR_RGB('',0.509803950786591,0.509803950786591,0.588235318660736);
#6851=SURFACE_SIDE_STYLE('',(#11584));
#6852=EDGE_LOOP('',(#11585,#11586,#11587,#11588));
#6853=AXIS2_PLACEMENT_3D('',#11589,#11590,#11591);
#6854=PRE_DEFINED_MARKER('');
#6855=COLOUR_RGB('',0.509803950786591,0.509803950786591,0.588235318660736);
#6856=DRAUGHTING_PRE_DEFINED_CURVE_FONT('continuous');
#6857=COLOUR_RGB('',0.509803950786591,0.509803950786591,0.588235318660736);
#6858=CARTESIAN_POINT('',(1.375,2.22232264370271E-013,0.124999999999972));
#6859=VECTOR('',#11592,1.0);
#6860=PRE_DEFINED_MARKER('');
#6861=COLOUR_RGB('',0.509803950786591,0.509803950786591,0.588235318660736);
#6862=DRAUGHTING_PRE_DEFINED_CURVE_FONT('continuous');
#6863=COLOUR_RGB('',0.509803950786591,0.509803950786591,0.588235318660736);
#6865=CARTESIAN_POINT('',(4.70387201612502,3.70823369393604,16.2897753775017));
#6866=CARTESIAN_POINT('',(4.67732858986858,3.54064509620476,16.1651772886302));
#6867=CARTESIAN_POINT('',(4.6518477176563,3.37976520067914,16.0499999999988));
#6874=DRAUGHTING_PRE_DEFINED_CURVE_FONT('continuous');
#6875=COLOUR_RGB('',0.509803950786591,0.509803950786591,0.588235318660736);
#6876=CARTESIAN_POINT('',(4.37233430220004,-3.73432627789904,18.5));
#6877=VECTOR('',#11593,0.999999999999999);
#6878=DRAUGHTING_PRE_DEFINED_CURVE_FONT('continuous');
#6879=COLOUR_RGB('',0.509803950786591,0.509803950786591,0.588235318660736);
#6881=CARTESIAN_POINT('',(5.6195553632916,2.07316342621648,16.2897753774996));
#6882=CARTESIAN_POINT('',(5.54252334002411,1.92197956809139,16.1651772886296));
#6883=CARTESIAN_POINT('',(5.46857496869603,1.77684771765794,16.0499999999996));
#6890=PRE_DEFINED_MARKER('');
#6891=COLOUR_RGB('',0.509803950786591,0.509803950786591,0.588235318660736);
#6892=DRAUGHTING_PRE_DEFINED_CURVE_FONT('continuous');
#6893=COLOUR_RGB('',0.509803950786591,0.509803950786591,0.588235318660736);
#6895=CARTESIAN_POINT('',(-5.98515747776063,-0.235157477760606,16.2897753775029));
#6896=CARTESIAN_POINT('',(-5.86517728863151,-0.115177288631481,16.1651772886315));
#6897=CARTESIAN_POINT('',(-5.75,2.8421709430404E-014,16.05));
#6904=SURFACE_SIDE_STYLE('',(#11594));
#6905=EDGE_LOOP('',(#11595,#11596,#11597,#11598));
#6906=AXIS2_PLACEMENT_3D('',#11599,#11600,#11601);
#6907=PRE_DEFINED_MARKER('');
#6908=COLOUR_RGB('',0.509803950786591,0.509803950786591,0.588235318660736);
#6909=PRE_DEFINED_MARKER('');
#6910=COLOUR_RGB('',0.509803950786591,0.509803950786591,0.588235318660736);
#6911=PRE_DEFINED_MARKER('');
#6912=COLOUR_RGB('',0.509803950786591,0.509803950786591,0.588235318660736);
#6913=DRAUGHTING_PRE_DEFINED_CURVE_FONT('continuous');
#6914=COLOUR_RGB('',0.509803950786591,0.509803950786591,0.588235318660736);
#6916=CARTESIAN_POINT('',(-5.46857496869592,-1.77684771765794,16.0499999999995));
#6917=CARTESIAN_POINT('',(-5.6137068191313,-1.70289934632891,16.1651772886309));
#6918=CARTESIAN_POINT('',(-5.76489067725799,-1.62586732306061,16.2897753775022));
#6925=DRAUGHTING_PRE_DEFINED_CURVE_FONT('continuous');
#6926=COLOUR_RGB('',0.509803950786591,0.509803950786591,0.588235318660736);
#6927=CARTESIAN_POINT('',(2.50767778745399,-5.43957362182083,18.5));
#6928=VECTOR('',#11602,1.0);
#6929=PRE_DEFINED_MARKER('');
#6930=COLOUR_RGB('',0.509803950786591,0.509803950786591,0.588235318660736);
#6931=PRE_DEFINED_MARKER('');
#6932=COLOUR_RGB('',0.509803950786591,0.509803950786591,0.588235318660736);
#6933=SURFACE_SIDE_STYLE('',(#11603));
#6934=EDGE_LOOP('',(#11604,#11605,#11606,#11607));
#6935=AXIS2_PLACEMENT_3D('',#11608,#11609,#11610);
#6936=PRE_DEFINED_MARKER('');
#6937=COLOUR_RGB('',0.509803950786591,0.509803950786591,0.588235318660736);
#6938=DRAUGHTING_PRE_DEFINED_CURVE_FONT('continuous');
#6939=COLOUR_RGB('',0.509803950786591,0.509803950786591,0.588235318660736);
#6941=CARTESIAN_POINT('',(-4.98031621090843,3.32774090221289,16.2897753774993));
#6942=CARTESIAN_POINT('',(-4.81272761318034,3.35428432846883,16.1651772886302));
#6943=CARTESIAN_POINT('',(-4.651847717658,3.3797652006806,16.050000000001));
#6950=PRE_DEFINED_MARKER('');
#6951=COLOUR_RGB('',0.509803950786591,0.509803950786591,0.588235318660736);
#6952=PRE_DEFINED_MARKER('');
#6953=COLOUR_RGB('',0.509803950786591,0.509803950786591,0.588235318660736);
#6954=DRAUGHTING_PRE_DEFINED_CURVE_FONT('continuous');
#6955=COLOUR_RGB('',0.509803950786591,0.509803950786591,0.588235318660736);
#6956=CARTESIAN_POINT('',(1.16854720720304,-5.87468352317407,18.5));
#6957=VECTOR('',#11611,1.0);
#6958=SURFACE_SIDE_STYLE('',(#11612));
#6959=EDGE_LOOP('',(#11613,#11614,#11615,#11616));
#6960=AXIS2_PLACEMENT_3D('',#11617,#11618,#11619);
#6961=DRAUGHTING_PRE_DEFINED_CURVE_FONT('continuous');
#6962=COLOUR_RGB('',0.509803950786591,0.509803950786591,0.588235318660736);
#6964=CARTESIAN_POINT('',(-3.32774090221283,-4.98031621090839,18.2102246225006));
#6965=CARTESIAN_POINT('',(-3.16275149742206,-4.94070575934485,18.3348227113707));
#6966=CARTESIAN_POINT('',(-3.00436674711752,-4.90268094503452,18.4500000000008));
#6973=DRAUGHTING_PRE_DEFINED_CURVE_FONT('continuous');
#6974=COLOUR_RGB('',0.509803950786591,0.509803950786591,0.588235318660736);
#6975=CARTESIAN_POINT('',(2.20042973610049,5.31230731193855,18.5));
#6976=VECTOR('',#11620,0.999999999999993);
#6977=DRAUGHTING_PRE_DEFINED_CURVE_FONT('continuous');
#6978=COLOUR_RGB('',0.509803950786591,0.509803950786591,0.588235318660736);
#6980=CARTESIAN_POINT('',(-4.90268094503332,-3.00436674711813,16.0499999999984));
#6981=CARTESIAN_POINT('',(-5.06106569534017,-2.96634193280725,16.1651772886301));
#6982=CARTESIAN_POINT('',(-5.22605510013324,-2.92673148124317,16.2897753775019));
#6989=PRE_DEFINED_MARKER('');
#6990=COLOUR_RGB('',0.509803950786591,0.509803950786591,0.588235318660736);
#6991=DRAUGHTING_PRE_DEFINED_CURVE_FONT('continuous');
#6992=COLOUR_RGB('',0.509803950786591,0.509803950786591,0.588235318660736);
#6994=CARTESIAN_POINT('',(5.73227466896657,0.451139800437375,16.0500000000012));
#6995=CARTESIAN_POINT('',(5.85613361036965,0.345354270863063,16.1651772886323));
#6996=CARTESIAN_POINT('',(5.98515747776062,0.235157477760637,16.2897753775029));
#7003=SURFACE_SIDE_STYLE('',(#11621));
#7004=EDGE_LOOP('',(#11622,#11623,#11624,#11625));
#7005=AXIS2_PLACEMENT_3D('',#11626,#11627,#11628);
#7006=PRE_DEFINED_MARKER('');
#7007=COLOUR_RGB('',0.509803950786591,0.509803950786591,0.588235318660736);
#7008=PRE_DEFINED_MARKER('');
#7009=COLOUR_RGB('',0.509803950786591,0.509803950786591,0.588235318660736);
#7010=DRAUGHTING_PRE_DEFINED_CURVE_FONT('continuous');
#7011=COLOUR_RGB('',0.509803950786591,0.509803950786591,0.588235318660736);
#7013=CARTESIAN_POINT('',(-1.16854720720292,5.87468352317406,16.2897753775007));
#7014=CARTESIAN_POINT('',(-1.03127513659553,5.77494952597044,16.165177288629));
#7015=CARTESIAN_POINT('',(-0.899498173980959,5.6792079584196,16.0499999999975));
#7022=DRAUGHTING_PRE_DEFINED_CURVE_FONT('continuous');
#7023=COLOUR_RGB('',0.509803950786591,0.509803950786591,0.588235318660736);
#7025=CARTESIAN_POINT('',(-5.94825699163992,-0.704022609227547,18.2102246225007));
#7026=CARTESIAN_POINT('',(-5.81098492103353,-0.803756606430438,18.3348227113715));
#7027=CARTESIAN_POINT('',(-5.67920795841945,-0.899498173980931,18.4500000000026));
#7034=PRE_DEFINED_MARKER('');
#7035=COLOUR_RGB('',0.509803950786591,0.509803950786591,0.588235318660736);
#7036=PRE_DEFINED_MARKER('');
#7037=COLOUR_RGB('',0.509803950786591,0.509803950786591,0.588235318660736);
#7038=PRE_DEFINED_MARKER('');
#7039=COLOUR_RGB('',0.509803950786591,0.509803950786591,0.588235318660736);
#7040=PRE_DEFINED_MARKER('');
#7041=COLOUR_RGB('',0.509803950786591,0.509803950786591,0.588235318660736);
#7042=DRAUGHTING_PRE_DEFINED_CURVE_FONT('continuous');
#7043=COLOUR_RGB('',0.509803950786591,0.509803950786591,0.588235318660736);
#7044=CARTESIAN_POINT('',(2.61044537350378,5.12328751408072,18.5));
#7045=VECTOR('',#11629,0.999999999999989);
#7046=DRAUGHTING_PRE_DEFINED_CURVE_FONT('continuous');
#7047=COLOUR_RGB('',0.509803950786591,0.509803950786591,0.588235318660736);
#7048=CARTESIAN_POINT('',(-2.07316342621632,-5.61955536329369,18.5));
#7049=VECTOR('',#11630,1.0);
#7050=DRAUGHTING_PRE_DEFINED_CURVE_FONT('continuous');
#7051=COLOUR_RGB('',0.509803950786591,0.509803950786591,0.588235318660736);
#7053=CARTESIAN_POINT('',(2.20042973610049,5.31230731193855,18.4500000000007));
#7054=CARTESIAN_POINT('',(2.13809623666784,5.46279369165902,18.3348227113695));
#7055=CARTESIAN_POINT('',(2.07316342621645,5.61955536329378,18.2102246224983));
#7062=DRAUGHTING_PRE_DEFINED_CURVE_FONT('continuous');
#7063=COLOUR_RGB('',0.509803950786591,0.509803950786591,0.588235318660736);
#7064=CARTESIAN_POINT('',(-4.3984268861624,4.06586399182168,18.5));
#7065=VECTOR('',#11631,1.0);
#7066=PRE_DEFINED_MARKER('');
#7067=COLOUR_RGB('',0.509803950786591,0.509803950786591,0.588235318660736);
#7068=DRAUGHTING_PRE_DEFINED_CURVE_FONT('continuous');
#7069=COLOUR_RGB('',0.509803950786591,0.509803950786591,0.588235318660736);
#7070=CARTESIAN_POINT('',(1.34231084217254,-5.59112704228744,18.5));
#7071=VECTOR('',#11632,1.00000000000001);
#7072=PRE_DEFINED_MARKER('');
#7073=COLOUR_RGB('',0.509803950786591,0.509803950786591,0.588235318660736);
#7074=DRAUGHTING_PRE_DEFINED_CURVE_FONT('continuous');
#7075=COLOUR_RGB('',0.509803950786591,0.509803950786591,0.588235318660736);
#7077=CARTESIAN_POINT('',(-5.31230731193722,-2.20042973610009,18.4500000000021));
#7078=CARTESIAN_POINT('',(-5.37464081136958,-2.35091611582,18.3348227113713));
#7079=CARTESIAN_POINT('',(-5.43957362182065,-2.50767778745398,18.2102246225006));
#7086=SURFACE_SIDE_STYLE('',(#11633));
#7087=EDGE_LOOP('',(#11634,#11635,#11636,#11637));
#7088=AXIS2_PLACEMENT_3D('',#11638,#11639,#11640);
#7089=DRAUGHTING_PRE_DEFINED_CURVE_FONT('continuous');
#7090=COLOUR_RGB('',0.509803950786591,0.509803950786591,0.588235318660736);
#7091=CARTESIAN_POINT('',(5.6843418860808E-014,-5.74999999999997,18.5));
#7092=VECTOR('',#11641,1.0);
#7093=PRE_DEFINED_MARKER('');
#7094=COLOUR_RGB('',0.509803950786591,0.509803950786591,0.588235318660736);
#7095=PRE_DEFINED_MARKER('');
#7096=COLOUR_RGB('',0.509803950786591,0.509803950786591,0.588235318660736);
#7097=SURFACE_SIDE_STYLE('',(#11642));
#7098=EDGE_LOOP('',(#11643,#11644,#11645,#11646));
#7099=AXIS2_PLACEMENT_3D('',#11647,#11648,#11649);
#7100=PRE_DEFINED_MARKER('');
#7101=COLOUR_RGB('',0.509803950786591,0.509803950786591,0.588235318660736);
#7102=DRAUGHTING_PRE_DEFINED_CURVE_FONT('continuous');
#7103=COLOUR_RGB('',0.509803950786591,0.509803950786591,0.588235318660736);
#7105=CARTESIAN_POINT('',(-4.90268094503455,3.00436674711754,16.0499999999992));
#7106=CARTESIAN_POINT('',(-4.94070575934485,3.16275149742197,16.1651772886292));
#7107=CARTESIAN_POINT('',(-4.98031621090843,3.32774090221289,16.2897753774993));
#7114=PRE_DEFINED_MARKER('');
#7115=COLOUR_RGB('',0.509803950786591,0.509803950786591,0.588235318660736);
#7116=SURFACE_SIDE_STYLE('',(#11650));
#7117=EDGE_LOOP('',(#11651,#11652,#11653,#11654));
#7118=AXIS2_PLACEMENT_3D('',#11655,#11656,#11657);
#7119=PRE_DEFINED_MARKER('');
#7120=COLOUR_RGB('',0.509803950786591,0.509803950786591,0.588235318660736);
#7121=PRE_DEFINED_MARKER('');
#7122=COLOUR_RGB('',0.509803950786591,0.509803950786591,0.588235318660736);
#7123=DRAUGHTING_PRE_DEFINED_CURVE_FONT('continuous');
#7124=COLOUR_RGB('',0.509803950786591,0.509803950786591,0.588235318660736);
#7126=CARTESIAN_POINT('',(-2.92673148124356,-5.22605510013017,16.2897753774994));
#7127=CARTESIAN_POINT('',(-2.96634193280712,-5.06106569533928,16.1651772886293));
#7128=CARTESIAN_POINT('',(-3.00436674711752,-4.90268094503452,16.0499999999991));
#7135=SURFACE_SIDE_STYLE('',(#11658));
#7136=EDGE_LOOP('',(#11659,#11660,#11661,#11662));
#7137=AXIS2_PLACEMENT_3D('',#11663,#11664,#11665);
#7138=DRAUGHTING_PRE_DEFINED_CURVE_FONT('continuous');
#7139=COLOUR_RGB('',0.509803950786591,0.509803950786591,0.588235318660736);
#7140=AXIS2_PLACEMENT_3D('',#11666,#11667,#11668);
#7141=DRAUGHTING_PRE_DEFINED_CURVE_FONT('continuous');
#7142=COLOUR_RGB('',0.509803950786591,0.509803950786591,0.588235318660736);
#7143=CARTESIAN_POINT('',(5.22605510013332,2.92673148124317,18.5));
#7144=VECTOR('',#11669,1.0);
#7145=DRAUGHTING_PRE_DEFINED_CURVE_FONT('continuous');
#7146=COLOUR_RGB('',0.509803950786591,0.509803950786591,0.588235318660736);
#7147=AXIS2_PLACEMENT_3D('',#11670,#11671,#11672);
#7148=SURFACE_SIDE_STYLE('',(#11673));
#7149=EDGE_LOOP('',(#11674,#11675,#11676,#11677));
#7150=AXIS2_PLACEMENT_3D('',#11678,#11679,#11680);
#7151=DRAUGHTING_PRE_DEFINED_CURVE_FONT('continuous');
#7152=COLOUR_RGB('',0.509803950786591,0.509803950786591,0.588235318660736);
#7154=CARTESIAN_POINT('',(4.98031621090846,-3.32774090221283,16.2897753774993));
#7155=CARTESIAN_POINT('',(4.81272761318068,-3.35428432846872,16.1651772886304));
#7156=CARTESIAN_POINT('',(4.65184771765794,-3.37976520068056,16.0500000000009));
#7163=DRAUGHTING_PRE_DEFINED_CURVE_FONT('continuous');
#7164=COLOUR_RGB('',0.509803950786591,0.509803950786591,0.588235318660736);
#7165=CARTESIAN_POINT('',(-0.451139800437375,5.73227466896657,18.5));
#7166=VECTOR('',#11681,1.00000000000001);
#7167=SURFACE_SIDE_STYLE('',(#11682));
#7168=EDGE_LOOP('',(#11683,#11684,#11685,#11686));
#7169=AXIS2_PLACEMENT_3D('',#11687,#11688,#11689);
#7170=DRAUGHTING_PRE_DEFINED_CURVE_FONT('continuous');
#7171=COLOUR_RGB('',0.509803950786591,0.509803950786591,0.588235318660736);
#7172=AXIS2_PLACEMENT_3D('',#11690,#11691,#11692);
#7173=DRAUGHTING_PRE_DEFINED_CURVE_FONT('continuous');
#7174=COLOUR_RGB('',0.509803950786591,0.509803950786591,0.588235318660736);
#7175=CARTESIAN_POINT('',(-5.22605510013018,2.9267314812436,18.5));
#7176=VECTOR('',#11693,1.0);
#7177=PRE_DEFINED_MARKER('');
#7178=COLOUR_RGB('',0.509803950786591,0.509803950786591,0.588235318660736);
#7179=DRAUGHTING_PRE_DEFINED_CURVE_FONT('continuous');
#7180=COLOUR_RGB('',0.509803950786591,0.509803950786591,0.588235318660736);
#7182=CARTESIAN_POINT('',(4.98031621090846,-3.32774090221283,18.2102246225006));
#7183=CARTESIAN_POINT('',(4.94070575934494,-3.16275149742211,18.3348227113706));
#7184=CARTESIAN_POINT('',(4.9026809450346,-3.00436674711757,18.4500000000007));
#7191=DRAUGHTING_PRE_DEFINED_CURVE_FONT('continuous');
#7192=COLOUR_RGB('',0.509803950786591,0.509803950786591,0.588235318660736);
#7193=CARTESIAN_POINT('',(5.59112704228758,1.3423108421724,18.5));
#7194=VECTOR('',#11694,1.00000000000001);
#7195=PRE_DEFINED_MARKER('');
#7196=COLOUR_RGB('',0.509803950786591,0.509803950786591,0.588235318660736);
#7197=PRE_DEFINED_MARKER('');
#7198=COLOUR_RGB('',0.509803950786591,0.509803950786591,0.588235318660736);
#7199=DRAUGHTING_PRE_DEFINED_CURVE_FONT('continuous');
#7200=COLOUR_RGB('',0.509803950786591,0.509803950786591,0.588235318660736);
#7202=CARTESIAN_POINT('',(-5.73227466896805,0.451139800435257,16.0500000000026));
#7203=CARTESIAN_POINT('',(-5.83806019854159,0.574998741837419,16.1651772886328));
#7204=CARTESIAN_POINT('',(-5.94825699164359,0.704022609227885,16.2897753775029));
#7211=SURFACE_SIDE_STYLE('',(#11695));
#7212=EDGE_LOOP('',(#11696,#11697,#11698,#11699));
#7213=AXIS2_PLACEMENT_3D('',#11700,#11701,#11702);
#7214=PRE_DEFINED_MARKER('');
#7215=COLOUR_RGB('',0.509803950786591,0.509803950786591,0.588235318660736);
#7216=SURFACE_SIDE_STYLE('',(#11703));
#7217=EDGE_LOOP('',(#11704,#11705,#11706,#11707));
#7218=AXIS2_PLACEMENT_3D('',#11708,#11709,#11710);
#7219=DRAUGHTING_PRE_DEFINED_CURVE_FONT('continuous');
#7220=COLOUR_RGB('',0.509803950786591,0.509803950786591,0.588235318660736);
#7222=CARTESIAN_POINT('',(-5.5911270422875,-1.3423108421724,16.050000000001));
#7223=CARTESIAN_POINT('',(-5.73000957731643,-1.2572035152478,16.165177288631));
#7224=CARTESIAN_POINT('',(-5.87468352317398,-1.16854720720298,16.2897753775007));
#7231=PRE_DEFINED_MARKER('');
#7232=COLOUR_RGB('',0.509803950786591,0.509803950786591,0.588235318660736);
#7233=PRE_DEFINED_MARKER('');
#7234=COLOUR_RGB('',0.509803950786591,0.509803950786591,0.588235318660736);
#7235=PRE_DEFINED_MARKER('');
#7236=COLOUR_RGB('',0.509803950786591,0.509803950786591,0.588235318660736);
#7237=PRE_DEFINED_MARKER('');
#7238=COLOUR_RGB('',0.509803950786591,0.509803950786591,0.588235318660736);
#7239=DRAUGHTING_PRE_DEFINED_CURVE_FONT('continuous');
#7240=COLOUR_RGB('',0.509803950786591,0.509803950786591,0.588235318660736);
#7241=AXIS2_PLACEMENT_3D('',#11711,#11712,#11713);
#7242=PRE_DEFINED_MARKER('');
#7243=COLOUR_RGB('',0.509803950786591,0.509803950786591,0.588235318660736);
#7244=DRAUGHTING_PRE_DEFINED_CURVE_FONT('continuous');
#7245=COLOUR_RGB('',0.509803950786591,0.509803950786591,0.588235318660736);
#7246=CARTESIAN_POINT('',(3.70823369393608,-4.70387201612494,18.5));
#7247=VECTOR('',#11714,1.0);
#7248=PRE_DEFINED_MARKER('');
#7249=COLOUR_RGB('',0.509803950786591,0.509803950786591,0.588235318660736);
#7250=DRAUGHTING_PRE_DEFINED_CURVE_FONT('continuous');
#7251=COLOUR_RGB('',0.509803950786591,0.509803950786591,0.588235318660736);
#7252=CARTESIAN_POINT('',(3.37976520067917,-4.65184771765621,18.5));
#7253=VECTOR('',#11715,0.99999999999999);
#7254=DRAUGHTING_PRE_DEFINED_CURVE_FONT('continuous');
#7255=COLOUR_RGB('',0.509803950786591,0.509803950786591,0.588235318660736);
#7256=CARTESIAN_POINT('',(5.31230731193853,-2.20042973610034,18.5));
#7257=VECTOR('',#11716,0.999999999999993);
#7258=SURFACE_SIDE_STYLE('',(#11717));
#7259=EDGE_LOOP('',(#11718,#11719,#11720,#11721));
#7260=AXIS2_PLACEMENT_3D('',#11722,#11723,#11724);
#7261=DRAUGHTING_PRE_DEFINED_CURVE_FONT('continuous');
#7262=COLOUR_RGB('',0.509803950786591,0.509803950786591,0.588235318660736);
#7263=CARTESIAN_POINT('',(-4.37233430219945,-3.73432627789867,18.5));
#7264=VECTOR('',#11725,0.999999999999999);
#7265=DRAUGHTING_PRE_DEFINED_CURVE_FONT('continuous');
#7266=COLOUR_RGB('',0.509803950786591,0.509803950786591,0.588235318660736);
#7268=CARTESIAN_POINT('',(-4.37233430219996,3.73432627789921,16.0500000000002));
#7269=CARTESIAN_POINT('',(-4.38511413426315,3.89670944058798,16.1651772886304));
#7270=CARTESIAN_POINT('',(-4.3984268861624,4.06586399182168,16.2897753775002));
#7277=DRAUGHTING_PRE_DEFINED_CURVE_FONT('continuous');
#7278=COLOUR_RGB('',0.509803950786591,0.509803950786591,0.588235318660736);
#7279=CARTESIAN_POINT('',(4.70387201612651,-3.70823369393629,18.5));
#7280=VECTOR('',#11726,1.0);
#7281=DRAUGHTING_PRE_DEFINED_CURVE_FONT('continuous');
#7282=COLOUR_RGB('',0.509803950786591,0.509803950786591,0.588235318660736);
#7284=CARTESIAN_POINT('',(4.98031621090675,3.32774090221144,18.2102246225028));
#7285=CARTESIAN_POINT('',(4.8127276131788,3.35428432846735,18.3348227113718));
#7286=CARTESIAN_POINT('',(4.6518477176563,3.37976520067915,18.4500000000012));
#7293=DRAUGHTING_PRE_DEFINED_CURVE_FONT('continuous');
#7294=COLOUR_RGB('',0.509803950786591,0.509803950786591,0.588235318660736);
#7295=CARTESIAN_POINT('',(1.62586732306068,-5.7648906772579,18.5));
#7296=VECTOR('',#11727,1.0);
#7297=DRAUGHTING_PRE_DEFINED_CURVE_FONT('continuous');
#7298=COLOUR_RGB('',0.509803950786591,0.509803950786591,0.588235318660736);
#7300=CARTESIAN_POINT('',(5.59112704228758,1.3423108421724,18.4499999999988));
#7301=CARTESIAN_POINT('',(5.6762343692127,1.48119337720214,18.3348227113681));
#7302=CARTESIAN_POINT('',(5.76489067725809,1.62586732306062,18.2102246224976));
#7309=DRAUGHTING_PRE_DEFINED_CURVE_FONT('continuous');
#7310=COLOUR_RGB('',0.509803950786591,0.509803950786591,0.588235318660736);
#7312=CARTESIAN_POINT('',(5.6195553632937,-2.07316342621632,18.2102246224984));
#7313=CARTESIAN_POINT('',(5.54252334002588,-1.92197956809059,18.3348227113689));
#7314=CARTESIAN_POINT('',(5.46857496869745,-1.77684771765643,18.4499999999995));
#7321=PRE_DEFINED_MARKER('');
#7322=COLOUR_RGB('',0.509803950786591,0.509803950786591,0.588235318660736);
#7323=DRAUGHTING_PRE_DEFINED_CURVE_FONT('continuous');
#7324=COLOUR_RGB('',0.509803950786591,0.509803950786591,0.588235318660736);
#7326=CARTESIAN_POINT('',(-0.235157477760617,5.98515747776065,16.2897753775029));
#7327=CARTESIAN_POINT('',(-0.115177288631447,5.86517728863148,16.1651772886314));
#7328=CARTESIAN_POINT('',(-3.35271605233965E-047,5.75000000000003,16.05));
#7335=SURFACE_SIDE_STYLE('',(#11728));
#7336=EDGE_LOOP('',(#11729,#11730,#11731,#11732));
#7337=AXIS2_PLACEMENT_3D('',#11733,#11734,#11735);
#7338=SURFACE_SIDE_STYLE('',(#11736));
#7339=EDGE_LOOP('',(#11737,#11738,#11739,#11740));
#7340=AXIS2_PLACEMENT_3D('',#11741,#11742,#11743);
#7341=DRAUGHTING_PRE_DEFINED_CURVE_FONT('continuous');
#7342=COLOUR_RGB('',0.509803950786591,0.509803950786591,0.588235318660736);
#7343=CARTESIAN_POINT('',(5.46857496869603,1.77684771765794,18.5));
#7344=VECTOR('',#11744,1.0);
#7345=DRAUGHTING_PRE_DEFINED_CURVE_FONT('continuous');
#7346=COLOUR_RGB('',0.509803950786591,0.509803950786591,0.588235318660736);
#7347=CARTESIAN_POINT('',(5.98515747776062,0.235157477760637,18.5));
#7348=VECTOR('',#11745,1.0);
#7349=PRE_DEFINED_MARKER('');
#7350=COLOUR_RGB('',0.509803950786591,0.509803950786591,0.588235318660736);
#7351=DRAUGHTING_PRE_DEFINED_CURVE_FONT('continuous');
#7352=COLOUR_RGB('',0.509803950786591,0.509803950786591,0.588235318660736);
#7353=CARTESIAN_POINT('',(-5.76489067725858,1.6258673230596,18.5));
#7354=VECTOR('',#11746,1.0);
#7355=DRAUGHTING_PRE_DEFINED_CURVE_FONT('continuous');
#7356=COLOUR_RGB('',0.509803950786591,0.509803950786591,0.588235318660736);
#7357=CARTESIAN_POINT('',(-5.43957362182183,2.50767778745386,18.5));
#7358=VECTOR('',#11747,1.0);
#7359=PRE_DEFINED_MARKER('');
#7360=COLOUR_RGB('',0.509803950786591,0.509803950786591,0.588235318660736);
#7361=DRAUGHTING_PRE_DEFINED_CURVE_FONT('continuous');
#7362=COLOUR_RGB('',0.509803950786591,0.509803950786591,0.588235318660736);
#7364=CARTESIAN_POINT('',(0.704022609227963,5.94825699164359,18.210224622497));
#7365=CARTESIAN_POINT('',(0.574998741837596,5.83806019854167,18.3348227113671));
#7366=CARTESIAN_POINT('',(0.451139800435271,5.73227466896799,18.4499999999974));
#7373=DRAUGHTING_PRE_DEFINED_CURVE_FONT('continuous');
#7374=COLOUR_RGB('',0.509803950786591,0.509803950786591,0.588235318660736);
#7376=CARTESIAN_POINT('',(-5.73227466896651,-0.451139800437403,18.4499999999987));
#7377=CARTESIAN_POINT('',(-5.83806019853912,-0.574998741838474,18.3348227113695));
#7378=CARTESIAN_POINT('',(-5.94825699163992,-0.704022609227547,18.2102246225007));
#7385=PRE_DEFINED_MARKER('');
#7386=COLOUR_RGB('',0.509803950786591,0.509803950786591,0.588235318660736);
#7387=PRE_DEFINED_MARKER('');
#7388=COLOUR_RGB('',0.509803950786591,0.509803950786591,0.588235318660736);
#7389=DRAUGHTING_PRE_DEFINED_CURVE_FONT('continuous');
#7390=COLOUR_RGB('',0.509803950786591,0.509803950786591,0.588235318660736);
#7391=AXIS2_PLACEMENT_3D('',#11748,#11749,#11750);
#7392=DRAUGHTING_PRE_DEFINED_CURVE_FONT('continuous');
#7393=COLOUR_RGB('',0.509803950786591,0.509803950786591,0.588235318660736);
#7394=CARTESIAN_POINT('',(0.451139800435271,5.73227466896799,18.5));
#7395=VECTOR('',#11751,1.00000000000001);
#7396=PRE_DEFINED_MARKER('');
#7397=COLOUR_RGB('',0.509803950786591,0.509803950786591,0.588235318660736);
#7398=SURFACE_SIDE_STYLE('',(#11752));
#7399=EDGE_LOOP('',(#11753,#11754,#11755,#11756));
#7400=AXIS2_PLACEMENT_3D('',#11757,#11758,#11759);
#7401=DRAUGHTING_PRE_DEFINED_CURVE_FONT('continuous');
#7402=COLOUR_RGB('',0.509803950786591,0.509803950786591,0.588235318660736);
#7404=CARTESIAN_POINT('',(1.16854720720304,-5.87468352317407,16.2897753775008));
#7405=CARTESIAN_POINT('',(1.03127513659568,-5.77494952597047,16.1651772886291));
#7406=CARTESIAN_POINT('',(0.899498173980987,-5.67920795841954,16.0499999999975));
#7413=DRAUGHTING_PRE_DEFINED_CURVE_FONT('continuous');
#7414=COLOUR_RGB('',0.509803950786591,0.509803950786591,0.588235318660736);
#7415=CARTESIAN_POINT('',(5.84999999999998,9.48621601484349E-013,18.35));
#7416=VECTOR('',#11760,1.0);
#7417=DRAUGHTING_PRE_DEFINED_CURVE_FONT('continuous');
#7418=COLOUR_RGB('',0.509803950786591,0.509803950786591,0.588235318660736);
#7419=CARTESIAN_POINT('',(-5.84999999999999,-9.39409978242382E-013,16.15));
#7420=VECTOR('',#11761,1.0);
#7421=SURFACE_SIDE_STYLE('',(#11762));
#7422=EDGE_LOOP('',(#11763,#11764,#11765,#11766));
#7423=AXIS2_PLACEMENT_3D('',#11767,#11768,#11769);
#7424=PRE_DEFINED_MARKER('');
#7425=COLOUR_RGB('',0.509803950786591,0.509803950786591,0.588235318660736);
#7426=PRE_DEFINED_MARKER('');
#7427=COLOUR_RGB('',0.509803950786591,0.509803950786591,0.588235318660736);
#7428=PRE_DEFINED_MARKER('');
#7429=COLOUR_RGB('',0.509803950786591,0.509803950786591,0.588235318660736);
#7430=DRAUGHTING_PRE_DEFINED_CURVE_FONT('continuous');
#7431=COLOUR_RGB('',0.509803950786591,0.509803950786591,0.588235318660736);
#7433=CARTESIAN_POINT('',(-1.34231084217113,-5.59112704228795,16.0500000000012));
#7434=CARTESIAN_POINT('',(-1.48119337720103,-5.67623436921315,16.165177288632));
#7435=CARTESIAN_POINT('',(-1.62586732305958,-5.76489067725859,16.2897753775025));
#7442=PRE_DEFINED_MARKER('');
#7443=COLOUR_RGB('',0.509803950786591,0.509803950786591,0.588235318660736);
#7444=PRE_DEFINED_MARKER('');
#7445=COLOUR_RGB('',0.509803950786591,0.509803950786591,0.588235318660736);
#7446=DRAUGHTING_PRE_DEFINED_CURVE_FONT('continuous');
#7447=COLOUR_RGB('',0.509803950786591,0.509803950786591,0.588235318660736);
#7449=CARTESIAN_POINT('',(-5.67920795842042,0.899498173983275,18.4500000000012));
#7450=CARTESIAN_POINT('',(-5.81098492103564,0.803756606431916,18.3348227113692));
#7451=CARTESIAN_POINT('',(-5.94825699164359,0.704022609227885,18.210224622497));
#7458=PRE_DEFINED_MARKER('');
#7459=COLOUR_RGB('',0.509803950786591,0.509803950786591,0.588235318660736);
#7460=PRE_DEFINED_MARKER('');
#7461=COLOUR_RGB('',0.509803950786591,0.509803950786591,0.588235318660736);
#7462=PRE_DEFINED_MARKER('');
#7463=COLOUR_RGB('',0.509803950786591,0.509803950786591,0.588235318660736);
#7464=DRAUGHTING_PRE_DEFINED_CURVE_FONT('continuous');
#7465=COLOUR_RGB('',0.509803950786591,0.509803950786591,0.588235318660736);
#7467=CARTESIAN_POINT('',(3.3277409022111,-4.98031621090894,18.2102246225011));
#7468=CARTESIAN_POINT('',(3.3542843284672,-4.81272761317981,18.3348227113711));
#7469=CARTESIAN_POINT('',(3.37976520067917,-4.65184771765621,18.4500000000012));
#7476=PRE_DEFINED_MARKER('');
#7477=COLOUR_RGB('',0.509803950786591,0.509803950786591,0.588235318660736);
#7478=PRE_DEFINED_MARKER('');
#7479=COLOUR_RGB('',0.509803950786591,0.509803950786591,0.588235318660736);
#7480=DRAUGHTING_PRE_DEFINED_CURVE_FONT('continuous');
#7481=COLOUR_RGB('',0.509803950786591,0.509803950786591,0.588235318660736);
#7483=CARTESIAN_POINT('',(5.73227466896805,-0.451139800435129,16.0500000000025));
#7484=CARTESIAN_POINT('',(5.83806019854173,-0.574998741837454,16.1651772886329));
#7485=CARTESIAN_POINT('',(5.94825699164365,-0.704022609227822,16.289775377503));
#7492=DRAUGHTING_PRE_DEFINED_CURVE_FONT('continuous');
#7493=COLOUR_RGB('',0.509803950786591,0.509803950786591,0.588235318660736);
#7495=CARTESIAN_POINT('',(-0.235157477760042,-5.98515747776008,16.2897753775024));
#7496=CARTESIAN_POINT('',(-0.34535427086175,-5.85613361036996,16.1651772886325));
#7497=CARTESIAN_POINT('',(-0.451139800435143,-5.73227466896793,16.0500000000024));
#7504=DRAUGHTING_PRE_DEFINED_CURVE_FONT('continuous');
#7505=COLOUR_RGB('',0.509803950786591,0.509803950786591,0.588235318660736);
#7507=CARTESIAN_POINT('',(-5.31230731193722,-2.20042973610009,16.0499999999978));
#7508=CARTESIAN_POINT('',(-5.46279369165726,-2.13809623666763,16.1651772886287));
#7509=CARTESIAN_POINT('',(-5.61955536329148,-2.07316342621647,16.2897753774995));
#7516=DRAUGHTING_PRE_DEFINED_CURVE_FONT('continuous');
#7517=COLOUR_RGB('',0.509803950786591,0.509803950786591,0.588235318660736);
#7519=CARTESIAN_POINT('',(4.9026809450346,-3.00436674711757,16.0499999999992));
#7520=CARTESIAN_POINT('',(4.940705759345,-3.16275149742237,16.1651772886296));
#7521=CARTESIAN_POINT('',(4.98031621090846,-3.32774090221283,16.2897753774993));
#7528=PRE_DEFINED_MARKER('');
#7529=COLOUR_RGB('',0.509803950786591,0.509803950786591,0.588235318660736);
#7530=PRE_DEFINED_MARKER('');
#7531=COLOUR_RGB('',0.509803950786591,0.509803950786591,0.588235318660736);
#7532=SURFACE_SIDE_STYLE('',(#11770));
#7533=EDGE_LOOP('',(#11771,#11772,#11773,#11774));
#7534=AXIS2_PLACEMENT_3D('',#11775,#11776,#11777);
#7535=PRE_DEFINED_MARKER('');
#7536=COLOUR_RGB('',0.509803950786591,0.509803950786591,0.588235318660736);
#7537=DRAUGHTING_PRE_DEFINED_CURVE_FONT('continuous');
#7538=COLOUR_RGB('',0.509803950786591,0.509803950786591,0.588235318660736);
#7540=CARTESIAN_POINT('',(-3.37976520068055,-4.65184771765789,16.0500000000009));
#7541=CARTESIAN_POINT('',(-3.54064509620555,-4.67732858987009,16.1651772886319));
#7542=CARTESIAN_POINT('',(-3.70823369393637,-4.70387201612647,16.2897753775031));
#7549=PRE_DEFINED_MARKER('');
#7550=COLOUR_RGB('',0.509803950786591,0.509803950786591,0.588235318660736);
#7551=SURFACE_SIDE_STYLE('',(#11778));
#7552=EDGE_LOOP('',(#11779,#11780,#11781,#11782));
#7553=AXIS2_PLACEMENT_3D('',#11783,#11784,#11785);
#7554=SURFACE_SIDE_STYLE('',(#11786));
#7555=EDGE_LOOP('',(#11787,#11788,#11789,#11790));
#7556=AXIS2_PLACEMENT_3D('',#11791,#11792,#11793);
#7557=SURFACE_SIDE_STYLE('',(#11794));
#7558=EDGE_LOOP('',(#11795,#11796,#11797,#11798));
#7559=AXIS2_PLACEMENT_3D('',#11799,#11800,#11801);
#7560=SURFACE_SIDE_STYLE('',(#11802));
#7561=EDGE_LOOP('',(#11803,#11804,#11805,#11806,#11807,#11808,#11809,#11810,#11811,#11812,#11813,#11814,#11815,#11816,#11817,#11818,#11819,#11820,#11821,#11822,#11823,#11824,#11825,#11826,#11827,#11828,#11829,#11830,#11831,#11832,#11833,#11834,#11835,#11836,#11837,#11838,#11839,#11840,#11841,#11842,#11843,#11844,#11845,#11846,#11847,#11848,#11849,#11850,#11851,#11852,#11853,#11854,#11855,#11856,#11857,#11858,#11859,#11860,#11861,#11862,#11863,#11864,#11865,#11866,#11867,#11868,#11869,#11870,#11871,#11872,#11873,#11874,#11875,#11876,#11877,#11878,#11879,#11880,#11881,#11882,#11883,#11884,#11885));
#7562=AXIS2_PLACEMENT_3D('',#11886,#11887,#11888);
#7563=PRE_DEFINED_MARKER('');
#7564=COLOUR_RGB('',0.509803950786591,0.509803950786591,0.588235318660736);
#7565=PRE_DEFINED_MARKER('');
#7566=COLOUR_RGB('',0.509803950786591,0.509803950786591,0.588235318660736);
#7567=PRE_DEFINED_MARKER('');
#7568=COLOUR_RGB('',0.509803950786591,0.509803950786591,0.588235318660736);
#7569=PRE_DEFINED_MARKER('');
#7570=COLOUR_RGB('',0.509803950786591,0.509803950786591,0.588235318660736);
#7571=DRAUGHTING_PRE_DEFINED_CURVE_FONT('continuous');
#7572=COLOUR_RGB('',0.509803950786591,0.509803950786591,0.588235318660736);
#7574=CARTESIAN_POINT('',(-0.235157477760042,-5.98515747776008,18.2102246224976));
#7575=CARTESIAN_POINT('',(-0.115177288631058,-5.86517728863109,18.3348227113689));
#7576=CARTESIAN_POINT('',(5.6843418860808E-014,-5.74999999999997,18.45));
#7583=PRE_DEFINED_MARKER('');
#7584=COLOUR_RGB('',0.509803950786591,0.509803950786591,0.588235318660736);
#7585=DRAUGHTING_PRE_DEFINED_CURVE_FONT('continuous');
#7586=COLOUR_RGB('',0.509803950786591,0.509803950786591,0.588235318660736);
#7588=CARTESIAN_POINT('',(3.3277409022129,4.98031621090849,16.2897753774994));
#7589=CARTESIAN_POINT('',(3.35428432846883,4.81272761318048,16.1651772886303));
#7590=CARTESIAN_POINT('',(3.37976520068064,4.65184771765794,16.050000000001));
#7597=PRE_DEFINED_MARKER('');
#7598=COLOUR_RGB('',0.509803950786591,0.509803950786591,0.588235318660736);
#7599=PRE_DEFINED_MARKER('');
#7600=COLOUR_RGB('',0.509803950786591,0.509803950786591,0.588235318660736);
#7601=SURFACE_SIDE_STYLE('',(#11889));
#7602=EDGE_LOOP('',(#11890,#11891,#11892,#11893));
#7603=AXIS2_PLACEMENT_3D('',#11894,#11895,#11896);
#7604=PRE_DEFINED_MARKER('');
#7605=COLOUR_RGB('',0.509803950786591,0.509803950786591,0.588235318660736);
#7606=DRAUGHTING_PRE_DEFINED_CURVE_FONT('continuous');
#7607=COLOUR_RGB('',0.509803950786591,0.509803950786591,0.588235318660736);
#7608=CARTESIAN_POINT('',(-5.43957362182065,-2.50767778745398,18.5));
#7609=VECTOR('',#11897,1.0);
#7610=PRE_DEFINED_MARKER('');
#7611=COLOUR_RGB('',0.509803950786591,0.509803950786591,0.588235318660736);
#7612=SURFACE_SIDE_STYLE('',(#11898));
#7613=EDGE_LOOP('',(#11899,#11900,#11901,#11902));
#7614=AXIS2_PLACEMENT_3D('',#11903,#11904,#11905);
#7615=DRAUGHTING_PRE_DEFINED_CURVE_FONT('continuous');
#7616=COLOUR_RGB('',0.509803950786591,0.509803950786591,0.588235318660736);
#7618=CARTESIAN_POINT('',(-5.1232875140835,-2.61044537350261,16.0500000000004));
#7619=CARTESIAN_POINT('',(-5.27820062451432,-2.56011105271894,16.16517728863));
#7620=CARTESIAN_POINT('',(-5.43957362182065,-2.50767778745398,16.2897753774993));
#7627=DRAUGHTING_PRE_DEFINED_CURVE_FONT('continuous');
#7628=COLOUR_RGB('',0.509803950786591,0.509803950786591,0.588235318660736);
#7630=CARTESIAN_POINT('',(3.73432627789873,-4.37233430219956,16.0499999999996));
#7631=CARTESIAN_POINT('',(3.72154644583545,-4.53471746488963,16.1651772886307));
#7632=CARTESIAN_POINT('',(3.70823369393608,-4.70387201612494,16.2897753775017));
#7639=PRE_DEFINED_MARKER('');
#7640=COLOUR_RGB('',0.509803950786591,0.509803950786591,0.588235318660736);
#7641=PRE_DEFINED_MARKER('');
#7642=COLOUR_RGB('',0.509803950786591,0.509803950786591,0.588235318660736);
#7643=DRAUGHTING_PRE_DEFINED_CURVE_FONT('continuous');
#7644=COLOUR_RGB('',0.509803950786591,0.509803950786591,0.588235318660736);
#7645=CARTESIAN_POINT('',(-0.704022609227592,5.94825699164004,18.5));
#7646=VECTOR('',#11906,1.0);
#7647=SURFACE_SIDE_STYLE('',(#11907));
#7648=EDGE_LOOP('',(#11908,#11909,#11910,#11911));
#7649=AXIS2_PLACEMENT_3D('',#11912,#11913,#11914);
#7650=PRE_DEFINED_MARKER('');
#7651=COLOUR_RGB('',0.509803950786591,0.509803950786591,0.588235318660736);
#7652=PRE_DEFINED_MARKER('');
#7653=COLOUR_RGB('',0.509803950786591,0.509803950786591,0.588235318660736);
#7654=DRAUGHTING_PRE_DEFINED_CURVE_FONT('continuous');
#7655=COLOUR_RGB('',0.509803950786591,0.509803950786591,0.588235318660736);
#7657=CARTESIAN_POINT('',(-4.3984268861624,4.06586399182168,18.2102246224997));
#7658=CARTESIAN_POINT('',(-4.38511413426315,3.89670944058792,18.3348227113696));
#7659=CARTESIAN_POINT('',(-4.37233430219996,3.73432627789921,18.4499999999997));
#7666=DRAUGHTING_PRE_DEFINED_CURVE_FONT('continuous');
#7667=COLOUR_RGB('',0.509803950786591,0.509803950786591,0.588235318660736);
#7669=CARTESIAN_POINT('',(3.00436674711752,4.9026809450346,16.0499999999992));
#7670=CARTESIAN_POINT('',(3.16275149742224,4.94070575934498,16.1651772886295));
#7671=CARTESIAN_POINT('',(3.3277409022129,4.98031621090849,16.2897753774994));
#7678=SURFACE_SIDE_STYLE('',(#11915));
#7679=EDGE_LOOP('',(#11916,#11917,#11918,#11919));
#7680=AXIS2_PLACEMENT_3D('',#11920,#11921,#11922);
#7681=DRAUGHTING_PRE_DEFINED_CURVE_FONT('continuous');
#7682=COLOUR_RGB('',0.509803950786591,0.509803950786591,0.588235318660736);
#7683=CARTESIAN_POINT('',(1.77684771765646,5.46857496869748,18.5));
#7684=VECTOR('',#11923,1.0);
#7685=DRAUGHTING_PRE_DEFINED_CURVE_FONT('continuous');
#7686=COLOUR_RGB('',0.509803950786591,0.509803950786591,0.588235318660736);
#7688=CARTESIAN_POINT('',(-5.46857496869745,1.77684771765647,16.0500000000005));
#7689=CARTESIAN_POINT('',(-5.54252334002592,1.92197956809069,16.1651772886311));
#7690=CARTESIAN_POINT('',(-5.61955536329376,2.07316342621646,16.2897753775016));
#7697=PRE_DEFINED_MARKER('');
#7698=COLOUR_RGB('',0.509803950786591,0.509803950786591,0.588235318660736);
#7699=DRAUGHTING_PRE_DEFINED_CURVE_FONT('continuous');
#7700=COLOUR_RGB('',0.509803950786591,0.509803950786591,0.588235318660736);
#7702=CARTESIAN_POINT('',(4.70387201612651,-3.70823369393629,18.2102246224969));
#7703=CARTESIAN_POINT('',(4.67732858987015,-3.54064509620556,18.3348227113679));
#7704=CARTESIAN_POINT('',(4.65184771765794,-3.37976520068056,18.449999999999));
#7711=SURFACE_SIDE_STYLE('',(#11924));
#7712=EDGE_LOOP('',(#11925,#11926,#11927,#11928));
#7713=AXIS2_PLACEMENT_3D('',#11929,#11930,#11931);
#7714=PRE_DEFINED_MARKER('');
#7715=COLOUR_RGB('',0.509803950786591,0.509803950786591,0.588235318660736);
#7716=DRAUGHTING_PRE_DEFINED_CURVE_FONT('continuous');
#7717=COLOUR_RGB('',0.509803950786591,0.509803950786591,0.588235318660736);
#7719=CARTESIAN_POINT('',(-0.899498173980959,5.6792079584196,16.0499999999975));
#7720=CARTESIAN_POINT('',(-0.803756606430498,5.81098492103363,16.1651772886285));
#7721=CARTESIAN_POINT('',(-0.704022609227592,5.94825699164004,16.2897753774994));
#7728=DRAUGHTING_PRE_DEFINED_CURVE_FONT('continuous');
#7729=COLOUR_RGB('',0.509803950786591,0.509803950786591,0.588235318660736);
#7731=CARTESIAN_POINT('',(-5.73227466896805,0.451139800435257,18.4499999999974));
#7732=CARTESIAN_POINT('',(-5.85613361037011,0.345354270861827,18.3348227113673));
#7733=CARTESIAN_POINT('',(-5.98515747776017,0.235157477760182,18.2102246224975));
#7740=DRAUGHTING_PRE_DEFINED_CURVE_FONT('continuous');
#7741=COLOUR_RGB('',0.509803950786591,0.509803950786591,0.588235318660736);
#7743=CARTESIAN_POINT('',(-1.16854720720255,-5.87468352317305,18.2102246225003));
#7744=CARTESIAN_POINT('',(-1.03127513659664,-5.7749495259705,18.3348227113706));
#7745=CARTESIAN_POINT('',(-0.899498173983233,-5.67920795842048,18.4500000000012));
#7752=SURFACE_SIDE_STYLE('',(#11932));
#7753=EDGE_LOOP('',(#11933,#11934,#11935,#11936));
#7754=AXIS2_PLACEMENT_3D('',#11937,#11938,#11939);
#7755=DRAUGHTING_PRE_DEFINED_CURVE_FONT('continuous');
#7756=COLOUR_RGB('',0.509803950786591,0.509803950786591,0.588235318660736);
#7758=CARTESIAN_POINT('',(-1.77684771765792,5.46857496869595,18.4500000000005));
#7759=CARTESIAN_POINT('',(-1.92197956809161,5.54252334002415,18.3348227113702));
#7760=CARTESIAN_POINT('',(-2.0731634262165,5.61955536329154,18.2102246225004));
#7767=DRAUGHTING_PRE_DEFINED_CURVE_FONT('continuous');
#7768=COLOUR_RGB('',0.509803950786591,0.509803950786591,0.588235318660736);
#7769=CARTESIAN_POINT('',(-5.76489067725799,-1.62586732306061,18.5));
#7770=VECTOR('',#11940,1.0);
#7771=DRAUGHTING_PRE_DEFINED_CURVE_FONT('continuous');
#7772=COLOUR_RGB('',0.509803950786591,0.509803950786591,0.588235318660736);
#7773=CARTESIAN_POINT('',(-4.70387201612491,-3.70823369393602,18.5));
#7774=VECTOR('',#11941,1.0);
#7775=SURFACE_SIDE_STYLE('',(#11942));
#7776=EDGE_LOOP('',(#11943,#11944,#11945,#11946));
#7777=AXIS2_PLACEMENT_3D('',#11947,#11948,#11949);
#7778=PRE_DEFINED_MARKER('');
#7779=COLOUR_RGB('',0.509803950786591,0.509803950786591,0.588235318660736);
#7780=DRAUGHTING_PRE_DEFINED_CURVE_FONT('continuous');
#7781=COLOUR_RGB('',0.509803950786591,0.509803950786591,0.588235318660736);
#7783=CARTESIAN_POINT('',(5.22605510013023,-2.92673148124363,16.2897753774995));
#7784=CARTESIAN_POINT('',(5.06106569533932,-2.9663419328072,16.1651772886294));
#7785=CARTESIAN_POINT('',(4.9026809450346,-3.00436674711757,16.0499999999992));
#7792=DRAUGHTING_PRE_DEFINED_CURVE_FONT('continuous');
#7793=COLOUR_RGB('',0.509803950786591,0.509803950786591,0.588235318660736);
#7794=CARTESIAN_POINT('',(4.90268094503338,3.00436674711813,18.5));
#7795=VECTOR('',#11950,1.0);
#7796=DRAUGHTING_PRE_DEFINED_CURVE_FONT('continuous');
#7797=COLOUR_RGB('',0.509803950786591,0.509803950786591,0.588235318660736);
#7798=CARTESIAN_POINT('',(5.76489067725858,-1.62586732305956,18.5));
#7799=VECTOR('',#11951,1.0);
#7800=PRE_DEFINED_MARKER('');
#7801=COLOUR_RGB('',0.509803950786591,0.509803950786591,0.588235318660736);
#7802=PRE_DEFINED_MARKER('');
#7803=COLOUR_RGB('',0.509803950786591,0.509803950786591,0.588235318660736);
#7804=PRE_DEFINED_MARKER('');
#7805=COLOUR_RGB('',0.509803950786591,0.509803950786591,0.588235318660736);
#7806=SURFACE_SIDE_STYLE('',(#11952));
#7807=EDGE_LOOP('',(#11953,#11954,#11955,#11956));
#7808=AXIS2_PLACEMENT_3D('',#11957,#11958,#11959);
#7809=DRAUGHTING_PRE_DEFINED_CURVE_FONT('continuous');
#7810=COLOUR_RGB('',0.509803950786591,0.509803950786591,0.588235318660736);
#7812=CARTESIAN_POINT('',(-3.73432627789911,-4.37233430220002,16.0500000000002));
#7813=CARTESIAN_POINT('',(-3.89670944058813,-4.38511413426323,16.1651772886305));
#7814=CARTESIAN_POINT('',(-4.06586399182163,-4.39842688616246,16.2897753775002));
#7821=DRAUGHTING_PRE_DEFINED_CURVE_FONT('continuous');
#7822=COLOUR_RGB('',0.509803950786591,0.509803950786591,0.588235318660736);
#7824=CARTESIAN_POINT('',(4.98031621090675,3.32774090221144,16.2897753774971));
#7825=CARTESIAN_POINT('',(4.94070575934346,3.16275149742171,16.1651772886279));
#7826=CARTESIAN_POINT('',(4.90268094503338,3.00436674711813,16.0499999999985));
#7833=DRAUGHTING_PRE_DEFINED_CURVE_FONT('continuous');
#7834=COLOUR_RGB('',0.509803950786591,0.509803950786591,0.588235318660736);
#7835=CARTESIAN_POINT('',(-4.65184771765618,-3.37976520067912,18.5));
#7836=VECTOR('',#11960,0.99999999999999);
#7837=PRE_DEFINED_MARKER('');
#7838=COLOUR_RGB('',0.509803950786591,0.509803950786591,0.588235318660736);
#7839=DRAUGHTING_PRE_DEFINED_CURVE_FONT('continuous');
#7840=COLOUR_RGB('',0.509803950786591,0.509803950786591,0.588235318660736);
#7842=CARTESIAN_POINT('',(-1.62586732305958,-5.76489067725859,16.2897753775025));
#7843=CARTESIAN_POINT('',(-1.70289934632768,-5.61370681913231,16.1651772886315));
#7844=CARTESIAN_POINT('',(-1.77684771765646,-5.46857496869745,16.0500000000005));
#7851=DRAUGHTING_PRE_DEFINED_CURVE_FONT('continuous');
#7852=COLOUR_RGB('',0.509803950786591,0.509803950786591,0.588235318660736);
#7854=CARTESIAN_POINT('',(-2.0731634262165,5.61955536329154,16.2897753774995));
#7855=CARTESIAN_POINT('',(-1.92197956809142,5.54252334002405,16.1651772886295));
#7856=CARTESIAN_POINT('',(-1.77684771765792,5.46857496869595,16.0499999999995));
#7863=PRE_DEFINED_MARKER('');
#7864=COLOUR_RGB('',0.509803950786591,0.509803950786591,0.588235318660736);
#7865=PRE_DEFINED_MARKER('');
#7866=COLOUR_RGB('',0.509803950786591,0.509803950786591,0.588235318660736);
#7867=DRAUGHTING_PRE_DEFINED_CURVE_FONT('continuous');
#7868=COLOUR_RGB('',0.509803950786591,0.509803950786591,0.588235318660736);
#7870=CARTESIAN_POINT('',(-0.899498173983233,-5.67920795842048,18.4500000000012));
#7871=CARTESIAN_POINT('',(-0.803756606431894,-5.81098492103567,18.3348227113692));
#7872=CARTESIAN_POINT('',(-0.704022609227891,-5.94825699164358,18.210224622497));
#7879=DRAUGHTING_PRE_DEFINED_CURVE_FONT('continuous');
#7880=COLOUR_RGB('',0.509803950786591,0.509803950786591,0.588235318660736);
#7882=CARTESIAN_POINT('',(4.65184771765794,-3.37976520068056,18.449999999999));
#7883=CARTESIAN_POINT('',(4.81272761318053,-3.35428432846875,18.3348227113696));
#7884=CARTESIAN_POINT('',(4.98031621090846,-3.32774090221283,18.2102246225006));
#7891=DRAUGHTING_PRE_DEFINED_CURVE_FONT('continuous');
#7892=COLOUR_RGB('',0.509803950786591,0.509803950786591,0.588235318660736);
#7894=CARTESIAN_POINT('',(4.06586399182369,-4.39842688616219,16.2897753775014));
#7895=CARTESIAN_POINT('',(3.89670944058878,-4.38511413426285,16.1651772886307));
#7896=CARTESIAN_POINT('',(3.73432627789873,-4.37233430219956,16.0499999999996));
#7903=SURFACE_SIDE_STYLE('',(#11961));
#7904=EDGE_LOOP('',(#11962,#11963,#11964,#11965));
#7905=AXIS2_PLACEMENT_3D('',#11966,#11967,#11968);
#7906=PRE_DEFINED_MARKER('');
#7907=COLOUR_RGB('',0.509803950786591,0.509803950786591,0.588235318660736);
#7908=PRE_DEFINED_MARKER('');
#7909=COLOUR_RGB('',0.509803950786591,0.509803950786591,0.588235318660736);
#7910=SURFACE_SIDE_STYLE('',(#11969));
#7911=EDGE_LOOP('',(#11970,#11971,#11972,#11973));
#7912=AXIS2_PLACEMENT_3D('',#11974,#11975,#11976);
#7913=DRAUGHTING_PRE_DEFINED_CURVE_FONT('continuous');
#7914=COLOUR_RGB('',0.509803950786591,0.509803950786591,0.588235318660736);
#7916=CARTESIAN_POINT('',(-5.61955536329148,-2.07316342621647,18.2102246225004));
#7917=CARTESIAN_POINT('',(-5.46279369165724,-2.13809623666764,18.3348227113712));
#7918=CARTESIAN_POINT('',(-5.31230731193722,-2.20042973610009,18.4500000000021));
#7925=DRAUGHTING_PRE_DEFINED_CURVE_FONT('continuous');
#7926=COLOUR_RGB('',0.509803950786591,0.509803950786591,0.588235318660736);
#7927=CARTESIAN_POINT('',(4.06586399182169,4.06586399182365,18.5));
#7928=VECTOR('',#11977,1.0);
#7929=DRAUGHTING_PRE_DEFINED_CURVE_FONT('continuous');
#7930=COLOUR_RGB('',0.509803950786591,0.509803950786591,0.588235318660736);
#7931=CARTESIAN_POINT('',(-1.34231084217113,-5.59112704228795,18.5));
#7932=VECTOR('',#11978,1.00000000000001);
#7933=PRE_DEFINED_MARKER('');
#7934=COLOUR_RGB('',0.509803950786591,0.509803950786591,0.588235318660736);
#7935=SURFACE_SIDE_STYLE('',(#11979));
#7936=EDGE_LOOP('',(#11980,#11981,#11982,#11983));
#7937=AXIS2_PLACEMENT_3D('',#11984,#11985,#11986);
#7938=DRAUGHTING_PRE_DEFINED_CURVE_FONT('continuous');
#7939=COLOUR_RGB('',0.509803950786591,0.509803950786591,0.588235318660736);
#7941=CARTESIAN_POINT('',(5.31230731193739,2.20042973610009,16.049999999998));
#7942=CARTESIAN_POINT('',(5.4627936916574,2.13809623666764,16.1651772886288));
#7943=CARTESIAN_POINT('',(5.6195553632916,2.07316342621648,16.2897753774996));
#7950=DRAUGHTING_PRE_DEFINED_CURVE_FONT('continuous');
#7951=COLOUR_RGB('',0.509803950786591,0.509803950786591,0.588235318660736);
#7953=CARTESIAN_POINT('',(2.92673148124536,-5.22605510013398,18.2102246224963));
#7954=CARTESIAN_POINT('',(2.96634193280922,-5.06106569534183,18.3348227113673));
#7955=CARTESIAN_POINT('',(3.00436674711983,-4.90268094503607,18.4499999999983));
#7962=SURFACE_SIDE_STYLE('',(#11987));
#7963=EDGE_LOOP('',(#11988,#11989,#11990,#11991));
#7964=AXIS2_PLACEMENT_3D('',#11992,#11993,#11994);
#7965=DRAUGHTING_PRE_DEFINED_CURVE_FONT('continuous');
#7966=COLOUR_RGB('',0.509803950786591,0.509803950786591,0.588235318660736);
#7968=CARTESIAN_POINT('',(-0.704022609227891,-5.94825699164358,18.210224622497));
#7969=CARTESIAN_POINT('',(-0.574998741837415,-5.83806019854157,18.3348227113672));
#7970=CARTESIAN_POINT('',(-0.451139800435143,-5.73227466896793,18.4499999999975));
#7977=DRAUGHTING_PRE_DEFINED_CURVE_FONT('continuous');
#7978=COLOUR_RGB('',0.509803950786591,0.509803950786591,0.588235318660736);
#7980=CARTESIAN_POINT('',(-2.50767778745401,5.43957362182081,18.2102246225005));
#7981=CARTESIAN_POINT('',(-2.56011105271896,5.27820062451452,18.3348227113698));
#7982=CARTESIAN_POINT('',(-2.61044537350267,5.12328751408359,18.4499999999994));
#7989=PRE_DEFINED_MARKER('');
#7990=COLOUR_RGB('',0.509803950786591,0.509803950786591,0.588235318660736);
#7991=DRAUGHTING_PRE_DEFINED_CURVE_FONT('continuous');
#7992=COLOUR_RGB('',0.509803950786591,0.509803950786591,0.588235318660736);
#7993=CARTESIAN_POINT('',(-2.50767778745382,-5.43957362182182,18.5));
#7994=VECTOR('',#11995,1.0);
#7995=PRE_DEFINED_MARKER('');
#7996=COLOUR_RGB('',0.509803950786591,0.509803950786591,0.588235318660736);
#7997=SURFACE_SIDE_STYLE('',(#11996));
#7998=EDGE_LOOP('',(#11997,#11998,#11999,#12000));
#7999=AXIS2_PLACEMENT_3D('',#12001,#12002,#12003);
#8000=PRE_DEFINED_MARKER('');
#8001=COLOUR_RGB('',0.509803950786591,0.509803950786591,0.588235318660736);
#8002=DRAUGHTING_PRE_DEFINED_CURVE_FONT('continuous');
#8003=COLOUR_RGB('',0.509803950786591,0.509803950786591,0.588235318660736);
#8004=CARTESIAN_POINT('',(-5.75,2.8421709430404E-014,18.5));
#8005=VECTOR('',#12004,1.0);
#8006=DRAUGHTING_PRE_DEFINED_CURVE_FONT('continuous');
#8007=COLOUR_RGB('',0.509803950786591,0.509803950786591,0.588235318660736);
#8009=CARTESIAN_POINT('',(5.73227466896805,-0.451139800435129,18.4499999999974));
#8010=CARTESIAN_POINT('',(5.85613361037005,-0.345354270861754,18.3348227113673));
#8011=CARTESIAN_POINT('',(5.98515747776012,-0.235157477760093,18.2102246224975));
#8018=DRAUGHTING_PRE_DEFINED_CURVE_FONT('continuous');
#8019=COLOUR_RGB('',0.509803950786591,0.509803950786591,0.588235318660736);
#8021=CARTESIAN_POINT('',(4.37233430220004,-3.73432627789904,18.4499999999997));
#8022=CARTESIAN_POINT('',(4.53471746489079,-3.7215464458357,18.3348227113682));
#8023=CARTESIAN_POINT('',(4.70387201612651,-3.70823369393629,18.2102246224969));
#8030=DRAUGHTING_PRE_DEFINED_CURVE_FONT('continuous');
#8031=COLOUR_RGB('',0.509803950786591,0.509803950786591,0.588235318660736);
#8033=CARTESIAN_POINT('',(5.12328751408069,-2.61044537350373,16.0499999999984));
#8034=CARTESIAN_POINT('',(5.17362183486484,-2.765358483936,16.1651772886291));
#8035=CARTESIAN_POINT('',(5.22605510013023,-2.92673148124363,16.2897753774995));
#8042=SURFACE_SIDE_STYLE('',(#12005));
#8043=EDGE_LOOP('',(#12006,#12007,#12008,#12009));
#8044=AXIS2_PLACEMENT_3D('',#12010,#12011,#12012);
#8045=DRAUGHTING_PRE_DEFINED_CURVE_FONT('continuous');
#8046=COLOUR_RGB('',0.509803950786591,0.509803950786591,0.588235318660736);
#8047=CARTESIAN_POINT('',(-1.77684771765646,-5.46857496869745,18.5));
#8048=VECTOR('',#12013,1.0);
#8049=SURFACE_SIDE_STYLE('',(#12014));
#8050=EDGE_LOOP('',(#12015,#12016,#12017,#12018));
#8051=AXIS2_PLACEMENT_3D('',#12019,#12020,#12021);
#8052=PRE_DEFINED_MARKER('');
#8053=COLOUR_RGB('',0.509803950786591,0.509803950786591,0.588235318660736);
#8054=PRE_DEFINED_MARKER('');
#8055=COLOUR_RGB('',0.509803950786591,0.509803950786591,0.588235318660736);
#8056=DRAUGHTING_PRE_DEFINED_CURVE_FONT('continuous');
#8057=COLOUR_RGB('',0.509803950786591,0.509803950786591,0.588235318660736);
#8059=CARTESIAN_POINT('',(1.62586732305959,5.7648906772586,16.2897753775025));
#8060=CARTESIAN_POINT('',(1.70289934632773,5.61370681913224,16.1651772886315));
#8061=CARTESIAN_POINT('',(1.77684771765646,5.46857496869748,16.0500000000005));
#8068=DRAUGHTING_PRE_DEFINED_CURVE_FONT('continuous');
#8069=COLOUR_RGB('',0.509803950786591,0.509803950786591,0.588235318660736);
#8071=CARTESIAN_POINT('',(-3.37976520068055,-4.65184771765789,18.4499999999991));
#8072=CARTESIAN_POINT('',(-3.35428432846875,-4.81272761318041,18.3348227113697));
#8073=CARTESIAN_POINT('',(-3.32774090221283,-4.98031621090839,18.2102246225006));
#8080=DRAUGHTING_PRE_DEFINED_CURVE_FONT('continuous');
#8081=COLOUR_RGB('',0.509803950786591,0.509803950786591,0.588235318660736);
#8083=CARTESIAN_POINT('',(5.67920795841957,0.899498173980902,18.4500000000025));
#8084=CARTESIAN_POINT('',(5.77494952597058,1.03127513659571,18.3348227113708));
#8085=CARTESIAN_POINT('',(5.8746835231741,1.16854720720296,18.2102246224992));
#8092=PRE_DEFINED_MARKER('');
#8093=COLOUR_RGB('',0.509803950786591,0.509803950786591,0.588235318660736);
#8094=PRE_DEFINED_MARKER('');
#8095=COLOUR_RGB('',0.509803950786591,0.509803950786591,0.588235318660736);
#8096=DRAUGHTING_PRE_DEFINED_CURVE_FONT('continuous');
#8097=COLOUR_RGB('',0.509803950786591,0.509803950786591,0.588235318660736);
#8099=CARTESIAN_POINT('',(-5.98515747776017,0.235157477760182,16.2897753775024));
#8100=CARTESIAN_POINT('',(-5.85613361037,0.34535427086192,16.1651772886326));
#8101=CARTESIAN_POINT('',(-5.73227466896805,0.451139800435257,16.0500000000026));
#8108=DRAUGHTING_PRE_DEFINED_CURVE_FONT('continuous');
#8109=COLOUR_RGB('',0.509803950786591,0.509803950786591,0.588235318660736);
#8111=CARTESIAN_POINT('',(-2.20042973610009,5.31230731193736,18.450000000002));
#8112=CARTESIAN_POINT('',(-2.35091611581996,5.37464081136971,18.3348227113712));
#8113=CARTESIAN_POINT('',(-2.50767778745401,5.43957362182081,18.2102246225005));
#8120=PRE_DEFINED_MARKER('');
#8121=COLOUR_RGB('',0.509803950786591,0.509803950786591,0.588235318660736);
#8122=SURFACE_SIDE_STYLE('',(#12022));
#8123=EDGE_LOOP('',(#12023,#12024,#12025,#12026));
#8124=AXIS2_PLACEMENT_3D('',#12027,#12028,#12029);
#8125=SURFACE_SIDE_STYLE('',(#12030));
#8126=EDGE_LOOP('',(#12031,#12032,#12033,#12034));
#8127=AXIS2_PLACEMENT_3D('',#12035,#12036,#12037);
#8128=PRE_DEFINED_MARKER('');
#8129=COLOUR_RGB('',0.509803950786591,0.509803950786591,0.588235318660736);
#8130=DRAUGHTING_PRE_DEFINED_CURVE_FONT('continuous');
#8131=COLOUR_RGB('',0.509803950786591,0.509803950786591,0.588235318660736);
#8132=CARTESIAN_POINT('',(-5.98515747776063,-0.235157477760606,18.5));
#8133=VECTOR('',#12038,1.0);
#8134=DRAUGHTING_PRE_DEFINED_CURVE_FONT('continuous');
#8135=COLOUR_RGB('',0.509803950786591,0.509803950786591,0.588235318660736);
#8136=CARTESIAN_POINT('',(1.62586732305959,5.7648906772586,18.5));
#8137=VECTOR('',#12039,1.0);
#8138=SURFACE_SIDE_STYLE('',(#12040));
#8139=EDGE_LOOP('',(#12041,#12042,#12043,#12044));
#8140=AXIS2_PLACEMENT_3D('',#12045,#12046,#12047);
#8141=SURFACE_SIDE_STYLE('',(#12048));
#8142=EDGE_LOOP('',(#12049,#12050,#12051,#12052,#12053));
#8143=AXIS2_PLACEMENT_3D('',#12054,#12055,#12056);
#8144=PRE_DEFINED_MARKER('');
#8145=COLOUR_RGB('',0.509803950786591,0.509803950786591,0.588235318660736);
#8146=SURFACE_SIDE_STYLE('',(#12057));
#8147=EDGE_LOOP('',(#12058,#12059,#12060,#12061));
#8148=AXIS2_PLACEMENT_3D('',#12062,#12063,#12064);
#8149=DRAUGHTING_PRE_DEFINED_CURVE_FONT('continuous');
#8150=COLOUR_RGB('',0.509803950786591,0.509803950786591,0.588235318660736);
#8151=CARTESIAN_POINT('',(5.75,1.4210854715202E-014,18.5));
#8152=VECTOR('',#12065,1.0);
#8153=SURFACE_SIDE_STYLE('',(#12066));
#8154=EDGE_LOOP('',(#12067,#12068,#12069,#12070));
#8155=AXIS2_PLACEMENT_3D('',#12071,#12072,#12073);
#8156=SURFACE_SIDE_STYLE('',(#12074));
#8157=EDGE_LOOP('',(#12075,#12076,#12077,#12078,#12079));
#8158=AXIS2_PLACEMENT_3D('',#12080,#12081,#12082);
#8159=PRE_DEFINED_MARKER('');
#8160=COLOUR_RGB('',0.509803950786591,0.509803950786591,0.588235318660736);
#8161=PRE_DEFINED_MARKER('');
#8162=COLOUR_RGB('',0.509803950786591,0.509803950786591,0.588235318660736);
#8163=SURFACE_SIDE_STYLE('',(#12083));
#8164=EDGE_LOOP('',(#12084,#12085,#12086,#12087));
#8165=AXIS2_PLACEMENT_3D('',#12088,#12089,#12090);
#8166=DRAUGHTING_PRE_DEFINED_CURVE_FONT('continuous');
#8167=COLOUR_RGB('',0.509803950786591,0.509803950786591,0.588235318660736);
#8169=CARTESIAN_POINT('',(4.39842688616249,-4.06586399182164,18.2102246224997));
#8170=CARTESIAN_POINT('',(4.38511413426323,-3.89670944058773,18.3348227113697));
#8171=CARTESIAN_POINT('',(4.37233430220004,-3.73432627789904,18.4499999999997));
#8178=PRE_DEFINED_MARKER('');
#8179=COLOUR_RGB('',0.509803950786591,0.509803950786591,0.588235318660736);
#8180=DRAUGHTING_PRE_DEFINED_CURVE_FONT('continuous');
#8181=COLOUR_RGB('',0.509803950786591,0.509803950786591,0.588235318660736);
#8182=CARTESIAN_POINT('',(5.6195553632937,-2.07316342621632,18.5));
#8183=VECTOR('',#12091,1.0);
#8184=DRAUGHTING_PRE_DEFINED_CURVE_FONT('continuous');
#8185=COLOUR_RGB('',0.509803950786591,0.509803950786591,0.588235318660736);
#8187=CARTESIAN_POINT('',(-0.451139800437375,5.73227466896657,16.0500000000012));
#8188=CARTESIAN_POINT('',(-0.345354270863182,5.85613361036951,16.1651772886321));
#8189=CARTESIAN_POINT('',(-0.235157477760617,5.98515747776065,16.2897753775029));
#8196=SURFACE_SIDE_STYLE('',(#12092));
#8197=EDGE_LOOP('',(#12093,#12094,#12095,#12096));
#8198=AXIS2_PLACEMENT_3D('',#12097,#12098,#12099);
#8199=PRE_DEFINED_MARKER('');
#8200=COLOUR_RGB('',0.509803950786591,0.509803950786591,0.588235318660736);
#8201=PRE_DEFINED_MARKER('');
#8202=COLOUR_RGB('',0.509803950786591,0.509803950786591,0.588235318660736);
#8203=DRAUGHTING_PRE_DEFINED_CURVE_FONT('continuous');
#8204=COLOUR_RGB('',0.509803950786591,0.509803950786591,0.588235318660736);
#8206=CARTESIAN_POINT('',(5.43957362182184,-2.50767778745381,16.2897753775003));
#8207=CARTESIAN_POINT('',(5.27820062451346,-2.56011105271944,16.1651772886294));
#8208=CARTESIAN_POINT('',(5.12328751408069,-2.61044537350373,16.0499999999984));
#8215=PRE_DEFINED_MARKER('');
#8216=COLOUR_RGB('',0.509803950786591,0.509803950786591,0.588235318660736);
#8217=PRE_DEFINED_MARKER('');
#8218=COLOUR_RGB('',0.509803950786591,0.509803950786591,0.588235318660736);
#8219=SURFACE_SIDE_STYLE('',(#12100));
#8220=EDGE_LOOP('',(#12101,#12102,#12103,#12104));
#8221=AXIS2_PLACEMENT_3D('',#12105,#12106,#12107);
#8222=DRAUGHTING_PRE_DEFINED_CURVE_FONT('continuous');
#8223=COLOUR_RGB('',0.509803950786591,0.509803950786591,0.588235318660736);
#8225=CARTESIAN_POINT('',(-3.00436674711752,-4.90268094503452,16.0499999999991));
#8226=CARTESIAN_POINT('',(-3.16275149742209,-4.94070575934486,16.1651772886293));
#8227=CARTESIAN_POINT('',(-3.32774090221283,-4.98031621090839,16.2897753774993));
#8234=DRAUGHTING_PRE_DEFINED_CURVE_FONT('continuous');
#8235=COLOUR_RGB('',0.509803950786591,0.509803950786591,0.588235318660736);
#8237=CARTESIAN_POINT('',(-4.98031621090668,-3.3277409022114,16.2897753774971));
#8238=CARTESIAN_POINT('',(-4.94070575934345,-3.16275149742189,16.165177288628));
#8239=CARTESIAN_POINT('',(-4.90268094503332,-3.00436674711813,16.0499999999984));
#8246=PRE_DEFINED_MARKER('');
#8247=COLOUR_RGB('',0.509803950786591,0.509803950786591,0.588235318660736);
#8248=SURFACE_SIDE_STYLE('',(#12108));
#8249=EDGE_LOOP('',(#12109,#12110,#12111,#12112));
#8250=AXIS2_PLACEMENT_3D('',#12113,#12114,#12115);
#8251=PRE_DEFINED_MARKER('');
#8252=COLOUR_RGB('',0.509803950786591,0.509803950786591,0.588235318660736);
#8253=PRE_DEFINED_MARKER('');
#8254=COLOUR_RGB('',0.509803950786591,0.509803950786591,0.588235318660736);
#8255=DRAUGHTING_PRE_DEFINED_CURVE_FONT('continuous');
#8256=COLOUR_RGB('',0.509803950786591,0.509803950786591,0.588235318660736);
#8258=CARTESIAN_POINT('',(-3.3277409022111,4.98031621090907,16.2897753774989));
#8259=CARTESIAN_POINT('',(-3.16275149742257,4.94070575934607,16.1651772886306));
#8260=CARTESIAN_POINT('',(-3.00436674711978,4.90268094503618,16.0500000000017));
#8267=DRAUGHTING_PRE_DEFINED_CURVE_FONT('continuous');
#8268=COLOUR_RGB('',0.509803950786591,0.509803950786591,0.588235318660736);
#8269=CARTESIAN_POINT('',(-0.235157477760617,5.98515747776065,18.5));
#8270=VECTOR('',#12116,1.0);
#8271=DRAUGHTING_PRE_DEFINED_CURVE_FONT('continuous');
#8272=COLOUR_RGB('',0.509803950786591,0.509803950786591,0.588235318660736);
#8273=CARTESIAN_POINT('',(5.76489067725809,1.62586732306062,18.5));
#8274=VECTOR('',#12117,1.0);
#8275=DRAUGHTING_PRE_DEFINED_CURVE_FONT('continuous');
#8276=COLOUR_RGB('',0.509803950786591,0.509803950786591,0.588235318660736);
#8278=CARTESIAN_POINT('',(-5.43957362182183,2.50767778745386,16.2897753775003));
#8279=CARTESIAN_POINT('',(-5.27820062451343,2.5601110527195,16.1651772886294));
#8280=CARTESIAN_POINT('',(-5.12328751408066,2.61044537350379,16.0499999999984));
#8287=SURFACE_SIDE_STYLE('',(#12118));
#8288=EDGE_LOOP('',(#12119,#12120,#12121,#12122));
#8289=AXIS2_PLACEMENT_3D('',#12123,#12124,#12125);
#8290=SURFACE_SIDE_STYLE('',(#12126));
#8291=EDGE_LOOP('',(#12127,#12128,#12129,#12130));
#8292=AXIS2_PLACEMENT_3D('',#12131,#12132,#12133);
#8293=DRAUGHTING_PRE_DEFINED_CURVE_FONT('continuous');
#8294=COLOUR_RGB('',0.509803950786591,0.509803950786591,0.588235318660736);
#8296=CARTESIAN_POINT('',(0.235157477760667,-5.98515747776058,18.2102246224971));
#8297=CARTESIAN_POINT('',(0.345354270863224,-5.85613361036945,18.3348227113678));
#8298=CARTESIAN_POINT('',(0.451139800437346,-5.7322746689666,18.4499999999987));
#8305=PRE_DEFINED_MARKER('');
#8306=COLOUR_RGB('',0.509803950786591,0.509803950786591,0.588235318660736);
#8307=PRE_DEFINED_MARKER('');
#8308=COLOUR_RGB('',0.509803950786591,0.509803950786591,0.588235318660736);
#8309=PRE_DEFINED_MARKER('');
#8310=COLOUR_RGB('',0.509803950786591,0.509803950786591,0.588235318660736);
#8311=PRE_DEFINED_MARKER('');
#8312=COLOUR_RGB('',0.509803950786591,0.509803950786591,0.588235318660736);
#8313=DRAUGHTING_PRE_DEFINED_CURVE_FONT('continuous');
#8314=COLOUR_RGB('',0.509803950786591,0.509803950786591,0.588235318660736);
#8316=CARTESIAN_POINT('',(2.92673148124358,5.22605510013023,16.2897753774995));
#8317=CARTESIAN_POINT('',(2.96634193280715,5.06106569533931,16.1651772886294));
#8318=CARTESIAN_POINT('',(3.00436674711752,4.9026809450346,16.0499999999992));
#8325=DRAUGHTING_PRE_DEFINED_CURVE_FONT('continuous');
#8326=COLOUR_RGB('',0.509803950786591,0.509803950786591,0.588235318660736);
#8327=CARTESIAN_POINT('',(-3.37976520067917,4.65184771765628,18.5));
#8328=VECTOR('',#12134,0.99999999999999);
#8329=PRE_DEFINED_MARKER('');
#8330=COLOUR_RGB('',0.509803950786591,0.509803950786591,0.588235318660736);
#8331=DRAUGHTING_PRE_DEFINED_CURVE_FONT('continuous');
#8332=COLOUR_RGB('',0.509803950786591,0.509803950786591,0.588235318660736);
#8333=CARTESIAN_POINT('',(-5.67920795842042,0.899498173983275,18.5));
#8334=VECTOR('',#12135,0.999999999999991);
#8335=DRAUGHTING_PRE_DEFINED_CURVE_FONT('continuous');
#8336=COLOUR_RGB('',0.509803950786591,0.509803950786591,0.588235318660736);
#8338=CARTESIAN_POINT('',(-4.3984268861624,4.06586399182168,16.2897753775002));
#8339=CARTESIAN_POINT('',(-4.22874927548182,4.06586399182168,16.1651772886302));
#8340=CARTESIAN_POINT('',(-4.06586399182365,4.06586399182168,16.05));
#8347=SURFACE_SIDE_STYLE('',(#12136));
#8348=EDGE_LOOP('',(#12137,#12138,#12139,#12140));
#8349=AXIS2_PLACEMENT_3D('',#12141,#12142,#12143);
#8350=PRE_DEFINED_MARKER('');
#8351=COLOUR_RGB('',0.509803950786591,0.509803950786591,0.588235318660736);
#8352=DRAUGHTING_PRE_DEFINED_CURVE_FONT('continuous');
#8353=COLOUR_RGB('',0.509803950786591,0.509803950786591,0.588235318660736);
#8355=CARTESIAN_POINT('',(3.00436674711983,-4.90268094503607,18.4499999999983));
#8356=CARTESIAN_POINT('',(3.16275149742254,-4.94070575934594,18.3348227113695));
#8357=CARTESIAN_POINT('',(3.3277409022111,-4.98031621090894,18.2102246225011));
#8364=DRAUGHTING_PRE_DEFINED_CURVE_FONT('continuous');
#8365=COLOUR_RGB('',0.509803950786591,0.509803950786591,0.588235318660736);
#8366=CARTESIAN_POINT('',(5.94825699164,0.704022609227544,18.5));
#8367=VECTOR('',#12144,1.0);
#8368=DRAUGHTING_PRE_DEFINED_CURVE_FONT('continuous');
#8369=COLOUR_RGB('',0.509803950786591,0.509803950786591,0.588235318660736);
#8371=CARTESIAN_POINT('',(5.94825699164365,-0.704022609227822,18.210224622497));
#8372=CARTESIAN_POINT('',(5.83806019854169,-0.57499874183741,18.3348227113671));
#8373=CARTESIAN_POINT('',(5.73227466896805,-0.451139800435129,18.4499999999974));
#8380=DRAUGHTING_PRE_DEFINED_CURVE_FONT('continuous');
#8381=COLOUR_RGB('',0.509803950786591,0.509803950786591,0.588235318660736);
#8383=CARTESIAN_POINT('',(-5.87468352317294,1.16854720720253,18.2102246225004));
#8384=CARTESIAN_POINT('',(-5.77494952597039,1.03127513659662,18.3348227113708));
#8385=CARTESIAN_POINT('',(-5.67920795842042,0.899498173983275,18.4500000000012));
#8392=DRAUGHTING_PRE_DEFINED_CURVE_FONT('continuous');
#8393=COLOUR_RGB('',0.509803950786591,0.509803950786591,0.588235318660736);
#8395=CARTESIAN_POINT('',(-3.70823369393602,4.703872016125,16.2897753775017));
#8396=CARTESIAN_POINT('',(-3.54064509620461,4.67732858986853,16.1651772886301));
#8397=CARTESIAN_POINT('',(-3.37976520067917,4.65184771765628,16.0499999999988));
#8404=SURFACE_SIDE_STYLE('',(#12145));
#8405=EDGE_LOOP('',(#12146,#12147,#12148,#12149));
#8406=AXIS2_PLACEMENT_3D('',#12150,#12151,#12152);
#8407=DRAUGHTING_PRE_DEFINED_CURVE_FONT('continuous');
#8408=COLOUR_RGB('',0.509803950786591,0.509803950786591,0.588235318660736);
#8410=CARTESIAN_POINT('',(-2.07316342621632,-5.61955536329369,18.2102246224984));
#8411=CARTESIAN_POINT('',(-1.92197956809067,-5.54252334002591,18.3348227113689));
#8412=CARTESIAN_POINT('',(-1.77684771765646,-5.46857496869745,18.4499999999995));
#8419=DRAUGHTING_PRE_DEFINED_CURVE_FONT('continuous');
#8420=COLOUR_RGB('',0.509803950786591,0.509803950786591,0.588235318660736);
#8421=AXIS2_PLACEMENT_3D('',#12153,#12154,#12155);
#8422=PRE_DEFINED_MARKER('');
#8423=COLOUR_RGB('',0.509803950786591,0.509803950786591,0.588235318660736);
#8424=DRAUGHTING_PRE_DEFINED_CURVE_FONT('continuous');
#8425=COLOUR_RGB('',0.509803950786591,0.509803950786591,0.588235318660736);
#8426=CARTESIAN_POINT('',(4.39842688616249,-4.06586399182164,18.5));
#8427=VECTOR('',#12156,1.0);
#8428=PRE_DEFINED_MARKER('');
#8429=COLOUR_RGB('',0.509803950786591,0.509803950786591,0.588235318660736);
#8430=DRAUGHTING_PRE_DEFINED_CURVE_FONT('continuous');
#8431=COLOUR_RGB('',0.509803950786591,0.509803950786591,0.588235318660736);
#8432=CARTESIAN_POINT('',(-3.00436674711978,4.90268094503618,18.5));
#8433=VECTOR('',#12157,1.00000000000001);
#8434=SURFACE_SIDE_STYLE('',(#12158));
#8435=DRAUGHTING_PRE_DEFINED_CURVE_FONT('continuous');
#8436=COLOUR_RGB('',0.509803950786591,0.509803950786591,0.588235318660736);
#8438=CARTESIAN_POINT('',(-3.73432627789867,4.37233430219952,18.4500000000004));
#8439=CARTESIAN_POINT('',(-3.8967094405887,4.3851141342628,18.3348227113694));
#8440=CARTESIAN_POINT('',(-4.06586399182366,4.39842688616215,18.2102246224986));
#8447=DRAUGHTING_PRE_DEFINED_CURVE_FONT('continuous');
#8448=COLOUR_RGB('',0.509803950786591,0.509803950786591,0.588235318660736);
#8450=CARTESIAN_POINT('',(-0.451139800437375,5.73227466896657,18.4499999999987));
#8451=CARTESIAN_POINT('',(-0.574998741838418,5.83806019853915,18.3348227113695));
#8452=CARTESIAN_POINT('',(-0.704022609227592,5.94825699164004,18.2102246225006));
#8459=SURFACE_SIDE_STYLE('',(#12159));
#8460=EDGE_LOOP('',(#12160,#12161,#12162,#12163));
#8461=AXIS2_PLACEMENT_3D('',#12164,#12165,#12166);
#8462=PRE_DEFINED_MARKER('');
#8463=COLOUR_RGB('',0.509803950786591,0.509803950786591,0.588235318660736);
#8464=PRE_DEFINED_MARKER('');
#8465=COLOUR_RGB('',0.509803950786591,0.509803950786591,0.588235318660736);
#8466=DRAUGHTING_PRE_DEFINED_CURVE_FONT('continuous');
#8467=COLOUR_RGB('',0.509803950786591,0.509803950786591,0.588235318660736);
#8469=CARTESIAN_POINT('',(-2.61044537350375,-5.12328751408066,18.4500000000015));
#8470=CARTESIAN_POINT('',(-2.56011105271947,-5.27820062451341,18.3348227113706));
#8471=CARTESIAN_POINT('',(-2.50767778745382,-5.43957362182182,18.2102246224997));
#8478=DRAUGHTING_PRE_DEFINED_CURVE_FONT('continuous');
#8479=COLOUR_RGB('',0.509803950786591,0.509803950786591,0.588235318660736);
#8481=CARTESIAN_POINT('',(-0.704022609227592,5.94825699164004,18.2102246225006));
#8482=CARTESIAN_POINT('',(-0.803756606430576,5.81098492103352,18.3348227113715));
#8483=CARTESIAN_POINT('',(-0.899498173980959,5.6792079584196,18.4500000000024));
#8490=PRE_DEFINED_MARKER('');
#8491=COLOUR_RGB('',0.509803950786591,0.509803950786591,0.588235318660736);
#8492=DRAUGHTING_PRE_DEFINED_CURVE_FONT('continuous');
#8493=COLOUR_RGB('',0.509803950786591,0.509803950786591,0.588235318660736);
#8495=CARTESIAN_POINT('',(-5.46857496869592,-1.77684771765794,18.4500000000005));
#8496=CARTESIAN_POINT('',(-5.54252334002404,-1.92197956809147,18.3348227113704));
#8497=CARTESIAN_POINT('',(-5.61955536329148,-2.07316342621647,18.2102246225004));
#8504=SURFACE_SIDE_STYLE('',(#12167));
#8505=EDGE_LOOP('',(#12168,#12169,#12170,#12171));
#8506=AXIS2_PLACEMENT_3D('',#12172,#12173,#12174);
#8507=PRE_DEFINED_MARKER('');
#8508=COLOUR_RGB('',0.509803950786591,0.509803950786591,0.588235318660736);
#8509=SURFACE_SIDE_STYLE('',(#12175));
#8510=EDGE_LOOP('',(#12176,#12177,#12178,#12179));
#8511=AXIS2_PLACEMENT_3D('',#12180,#12181,#12182);
#8512=PRE_DEFINED_MARKER('');
#8513=COLOUR_RGB('',0.509803950786591,0.509803950786591,0.588235318660736);
#8514=PRE_DEFINED_MARKER('');
#8515=COLOUR_RGB('',0.509803950786591,0.509803950786591,0.588235318660736);
#8516=DRAUGHTING_PRE_DEFINED_CURVE_FONT('continuous');
#8517=COLOUR_RGB('',0.509803950786591,0.509803950786591,0.588235318660736);
#8519=CARTESIAN_POINT('',(5.31230731193853,-2.20042973610034,16.0499999999991));
#8520=CARTESIAN_POINT('',(5.37464081137085,-2.35091611582002,16.1651772886298));
#8521=CARTESIAN_POINT('',(5.43957362182184,-2.50767778745381,16.2897753775003));
#8528=SURFACE_SIDE_STYLE('',(#12183));
#8529=EDGE_LOOP('',(#12184,#12185,#12186,#12187));
#8530=AXIS2_PLACEMENT_3D('',#12188,#12189,#12190);
#8531=SURFACE_SIDE_STYLE('',(#12191));
#8532=EDGE_LOOP('',(#12192,#12193,#12194,#12195));
#8533=AXIS2_PLACEMENT_3D('',#12196,#12197,#12198);
#8534=DRAUGHTING_PRE_DEFINED_CURVE_FONT('continuous');
#8535=COLOUR_RGB('',0.509803950786591,0.509803950786591,0.588235318660736);
#8537=CARTESIAN_POINT('',(1.77684771765646,5.46857496869748,18.4499999999995));
#8538=CARTESIAN_POINT('',(1.7028993463277,5.6137068191323,18.3348227113684));
#8539=CARTESIAN_POINT('',(1.62586732305959,5.7648906772586,18.2102246224974));
#8546=SURFACE_SIDE_STYLE('',(#12199));
#8547=EDGE_LOOP('',(#12200,#12201,#12202,#12203));
#8548=AXIS2_PLACEMENT_3D('',#12204,#12205,#12206);
#8549=DRAUGHTING_PRE_DEFINED_CURVE_FONT('continuous');
#8550=COLOUR_RGB('',0.509803950786591,0.509803950786591,0.588235318660736);
#8552=CARTESIAN_POINT('',(5.98515747776012,-0.235157477760093,16.2897753775024));
#8553=CARTESIAN_POINT('',(5.85613361037008,-0.345354270861724,16.1651772886326));
#8554=CARTESIAN_POINT('',(5.73227466896805,-0.451139800435129,16.0500000000025));
#8561=DRAUGHTING_PRE_DEFINED_CURVE_FONT('continuous');
#8562=COLOUR_RGB('',0.509803950786591,0.509803950786591,0.588235318660736);
#8564=CARTESIAN_POINT('',(-5.43957362182065,-2.50767778745398,16.2897753774993));
#8565=CARTESIAN_POINT('',(-5.37464081136957,-2.35091611581995,16.1651772886286));
#8566=CARTESIAN_POINT('',(-5.31230731193722,-2.20042973610009,16.0499999999978));
#8573=PRE_DEFINED_MARKER('');
#8574=COLOUR_RGB('',0.509803950786591,0.509803950786591,0.588235318660736);
#8575=SURFACE_SIDE_STYLE('',(#12207));
#8576=EDGE_LOOP('',(#12208,#12209,#12210,#12211));
#8577=AXIS2_PLACEMENT_3D('',#12212,#12213,#12214);
#8578=DRAUGHTING_PRE_DEFINED_CURVE_FONT('continuous');
#8579=COLOUR_RGB('',0.509803950786591,0.509803950786591,0.588235318660736);
#8580=CARTESIAN_POINT('',(4.6518477176563,3.37976520067915,18.5));
#8581=VECTOR('',#12215,0.99999999999999);
#8582=DRAUGHTING_PRE_DEFINED_CURVE_FONT('continuous');
#8583=COLOUR_RGB('',0.509803950786591,0.509803950786591,0.588235318660736);
#8584=CARTESIAN_POINT('',(-4.90268094503332,-3.00436674711813,18.5));
#8585=VECTOR('',#12216,1.0);
#8586=SURFACE_SIDE_STYLE('',(#12217));
#8587=EDGE_LOOP('',(#12218,#12219,#12220,#12221));
#8588=AXIS2_PLACEMENT_3D('',#12222,#12223,#12224);
#8589=DRAUGHTING_PRE_DEFINED_CURVE_FONT('continuous');
#8590=COLOUR_RGB('',0.509803950786591,0.509803950786591,0.588235318660736);
#8592=CARTESIAN_POINT('',(-2.20042973610035,-5.3123073119385,18.4500000000008));
#8593=CARTESIAN_POINT('',(-2.13809623666772,-5.46279369165891,18.3348227113697));
#8594=CARTESIAN_POINT('',(-2.07316342621632,-5.61955536329369,18.2102246224984));
#8601=DRAUGHTING_PRE_DEFINED_CURVE_FONT('continuous');
#8602=COLOUR_RGB('',0.509803950786591,0.509803950786591,0.588235318660736);
#8604=CARTESIAN_POINT('',(2.20042973610009,-5.31230731193739,18.4500000000019));
#8605=CARTESIAN_POINT('',(2.35091611581992,-5.37464081136972,18.3348227113712));
#8606=CARTESIAN_POINT('',(2.50767778745399,-5.43957362182083,18.2102246225005));
#8613=DRAUGHTING_PRE_DEFINED_CURVE_FONT('continuous');
#8614=COLOUR_RGB('',0.509803950786591,0.509803950786591,0.588235318660736);
#8616=CARTESIAN_POINT('',(-3.32774090221283,-4.98031621090839,16.2897753774993));
#8617=CARTESIAN_POINT('',(-3.35428432846874,-4.81272761318045,16.1651772886303));
#8618=CARTESIAN_POINT('',(-3.37976520068055,-4.65184771765789,16.0500000000009));
#8625=SURFACE_SIDE_STYLE('',(#12225));
#8626=EDGE_LOOP('',(#12226,#12227,#12228,#12229));
#8627=AXIS2_PLACEMENT_3D('',#12230,#12231,#12232);
#8628=PRE_DEFINED_MARKER('');
#8629=COLOUR_RGB('',0.509803950786591,0.509803950786591,0.588235318660736);
#8630=DRAUGHTING_PRE_DEFINED_CURVE_FONT('continuous');
#8631=COLOUR_RGB('',0.509803950786591,0.509803950786591,0.588235318660736);
#8632=CARTESIAN_POINT('',(-5.67920795841945,-0.89949817398093,18.5));
#8633=VECTOR('',#12233,0.999999999999991);
#8634=PRE_DEFINED_MARKER('');
#8635=COLOUR_RGB('',0.509803950786591,0.509803950786591,0.588235318660736);
#8636=DRAUGHTING_PRE_DEFINED_CURVE_FONT('continuous');
#8637=COLOUR_RGB('',0.509803950786591,0.509803950786591,0.588235318660736);
#8639=CARTESIAN_POINT('',(-4.98031621090843,3.32774090221289,18.2102246225006));
#8640=CARTESIAN_POINT('',(-4.9407057593449,3.16275149742218,18.3348227113706));
#8641=CARTESIAN_POINT('',(-4.90268094503455,3.00436674711754,18.4500000000008));
#8648=DRAUGHTING_PRE_DEFINED_CURVE_FONT('continuous');
#8649=COLOUR_RGB('',0.509803950786591,0.509803950786591,0.588235318660736);
#8651=CARTESIAN_POINT('',(-4.90268094503332,-3.00436674711813,18.4500000000015));
#8652=CARTESIAN_POINT('',(-4.94070575934342,-3.16275149742174,18.334822711372));
#8653=CARTESIAN_POINT('',(-4.98031621090668,-3.3277409022114,18.2102246225029));
#8660=DRAUGHTING_PRE_DEFINED_CURVE_FONT('continuous');
#8661=COLOUR_RGB('',0.509803950786591,0.509803950786591,0.588235318660736);
#8663=CARTESIAN_POINT('',(5.87468352317303,-1.16854720720256,18.2102246225003));
#8664=CARTESIAN_POINT('',(5.77494952597042,-1.03127513659657,18.3348227113707));
#8665=CARTESIAN_POINT('',(5.67920795842045,-0.899498173983233,18.4500000000012));
#8672=DRAUGHTING_PRE_DEFINED_CURVE_FONT('continuous');
#8673=COLOUR_RGB('',0.509803950786591,0.509803950786591,0.588235318660736);
#8674=CARTESIAN_POINT('',(-3.3277409022111,4.98031621090907,18.5));
#8675=VECTOR('',#12234,1.0);
#8676=DRAUGHTING_PRE_DEFINED_CURVE_FONT('continuous');
#8677=COLOUR_RGB('',0.509803950786591,0.509803950786591,0.588235318660736);
#8678=CARTESIAN_POINT('',(5.73227466896657,0.451139800437375,18.5));
#8679=VECTOR('',#12235,1.00000000000001);
#8680=DRAUGHTING_PRE_DEFINED_CURVE_FONT('continuous');
#8681=COLOUR_RGB('',0.509803950786591,0.509803950786591,0.588235318660736);
#8683=CARTESIAN_POINT('',(5.22605510013332,2.92673148124317,16.289775377502));
#8684=CARTESIAN_POINT('',(5.17362183486779,2.76535848393512,16.1651772886313));
#8685=CARTESIAN_POINT('',(5.12328751408359,2.61044537350264,16.0500000000005));
#8692=PRE_DEFINED_MARKER('');
#8693=COLOUR_RGB('',0.509803950786591,0.509803950786591,0.588235318660736);
#8694=PRE_DEFINED_MARKER('');
#8695=COLOUR_RGB('',0.509803950786591,0.509803950786591,0.588235318660736);
#8696=SURFACE_SIDE_STYLE('',(#12236));
#8697=EDGE_LOOP('',(#12237,#12238,#12239,#12240));
#8698=AXIS2_PLACEMENT_3D('',#12241,#12242,#12243);
#8699=SURFACE_SIDE_STYLE('',(#12244));
#8700=EDGE_LOOP('',(#12245,#12246,#12247,#12248));
#8701=AXIS2_PLACEMENT_3D('',#12249,#12250,#12251);
#8702=PRE_DEFINED_MARKER('');
#8703=COLOUR_RGB('',0.509803950786591,0.509803950786591,0.588235318660736);
#8704=PRE_DEFINED_MARKER('');
#8705=COLOUR_RGB('',0.509803950786591,0.509803950786591,0.588235318660736);
#8706=PRE_DEFINED_MARKER('');
#8707=COLOUR_RGB('',0.509803950786591,0.509803950786591,0.588235318660736);
#8708=SURFACE_SIDE_STYLE('',(#12252));
#8709=EDGE_LOOP('',(#12253,#12254,#12255,#12256));
#8710=AXIS2_PLACEMENT_3D('',#12257,#12258,#12259);
#8711=PRE_DEFINED_MARKER('');
#8712=COLOUR_RGB('',0.509803950786591,0.509803950786591,0.588235318660736);
#8713=PRE_DEFINED_MARKER('');
#8714=COLOUR_RGB('',0.509803950786591,0.509803950786591,0.588235318660736);
#8715=DRAUGHTING_PRE_DEFINED_CURVE_FONT('continuous');
#8716=COLOUR_RGB('',0.509803950786591,0.509803950786591,0.588235318660736);
#8718=CARTESIAN_POINT('',(2.92673148124536,-5.22605510013398,16.2897753775036));
#8719=CARTESIAN_POINT('',(2.76535848393604,-5.17362183486804,16.1651772886319));
#8720=CARTESIAN_POINT('',(2.61044537350267,-5.12328751408354,16.0500000000005));
#8727=DRAUGHTING_PRE_DEFINED_CURVE_FONT('continuous');
#8728=COLOUR_RGB('',0.509803950786591,0.509803950786591,0.588235318660736);
#8730=CARTESIAN_POINT('',(-4.70387201612658,3.70823369393645,18.2102246224967));
#8731=CARTESIAN_POINT('',(-4.67732858987023,3.54064509620579,18.3348227113677));
#8732=CARTESIAN_POINT('',(-4.651847717658,3.3797652006806,18.4499999999989));
#8739=DRAUGHTING_PRE_DEFINED_CURVE_FONT('continuous');
#8740=COLOUR_RGB('',0.509803950786591,0.509803950786591,0.588235318660736);
#8742=CARTESIAN_POINT('',(3.70823369393608,-4.70387201612494,18.2102246224982));
#8743=CARTESIAN_POINT('',(3.72154644583545,-4.53471746488967,18.3348227113692));
#8744=CARTESIAN_POINT('',(3.73432627789873,-4.37233430219956,18.4500000000003));
#8751=DRAUGHTING_PRE_DEFINED_CURVE_FONT('continuous');
#8752=COLOUR_RGB('',0.509803950786591,0.509803950786591,0.588235318660736);
#8753=CARTESIAN_POINT('',(3.00436674711752,4.9026809450346,18.5));
#8754=VECTOR('',#12260,0.999999999999994);
#8755=DRAUGHTING_PRE_DEFINED_CURVE_FONT('continuous');
#8756=COLOUR_RGB('',0.509803950786591,0.509803950786591,0.588235318660736);
#8758=CARTESIAN_POINT('',(5.12328751408359,2.61044537350264,18.4499999999994));
#8759=CARTESIAN_POINT('',(5.17362183486784,2.76535848393525,18.3348227113686));
#8760=CARTESIAN_POINT('',(5.22605510013332,2.92673148124317,18.210224622498));
#8767=SURFACE_SIDE_STYLE('',(#12261));
#8768=EDGE_LOOP('',(#12262,#12263,#12264,#12265));
#8769=AXIS2_PLACEMENT_3D('',#12266,#12267,#12268);
#8770=PRE_DEFINED_MARKER('');
#8771=COLOUR_RGB('',0.509803950786591,0.509803950786591,0.588235318660736);
#8772=DRAUGHTING_PRE_DEFINED_CURVE_FONT('continuous');
#8773=COLOUR_RGB('',0.509803950786591,0.509803950786591,0.588235318660736);
#8774=CARTESIAN_POINT('',(3.99517595981377E-016,1.36463353065869,0.0781538675134594));
#8775=VECTOR('',#12269,1.0);
#8776=DRAUGHTING_PRE_DEFINED_CURVE_FONT('continuous');
#8777=COLOUR_RGB('',0.509803950786591,0.509803950786591,0.588235318660736);
#8779=CARTESIAN_POINT('',(4.6518477176563,3.37976520067915,18.4500000000012));
#8780=CARTESIAN_POINT('',(4.67732858986858,3.5406450962048,18.3348227113697));
#8781=CARTESIAN_POINT('',(4.70387201612502,3.70823369393605,18.2102246224982));
#8788=DRAUGHTING_PRE_DEFINED_CURVE_FONT('continuous');
#8789=COLOUR_RGB('',0.509803950786591,0.509803950786591,0.588235318660736);
#8790=CARTESIAN_POINT('',(5.84999999999999,9.48082774688669E-013,16.15));
#8791=VECTOR('',#12270,1.0);
#8792=PRE_DEFINED_MARKER('');
#8793=COLOUR_RGB('',0.509803950786591,0.509803950786591,0.588235318660736);
#8794=DRAUGHTING_PRE_DEFINED_CURVE_FONT('continuous');
#8795=COLOUR_RGB('',0.509803950786591,0.509803950786591,0.588235318660736);
#8797=CARTESIAN_POINT('',(-3.70823369393602,4.703872016125,18.2102246224982));
#8798=CARTESIAN_POINT('',(-3.72154644583538,4.53471746488971,18.3348227113693));
#8799=CARTESIAN_POINT('',(-3.73432627789867,4.37233430219952,18.4500000000004));
#8806=DRAUGHTING_PRE_DEFINED_CURVE_FONT('continuous');
#8807=COLOUR_RGB('',0.509803950786591,0.509803950786591,0.588235318660736);
#8809=CARTESIAN_POINT('',(4.90268094503338,3.00436674711813,16.0499999999985));
#8810=CARTESIAN_POINT('',(5.06106569534024,2.96634193280725,16.1651772886302));
#8811=CARTESIAN_POINT('',(5.22605510013332,2.92673148124317,16.289775377502));
#8818=PRE_DEFINED_MARKER('');
#8819=COLOUR_RGB('',0.509803950786591,0.509803950786591,0.588235318660736);
#8820=DRAUGHTING_PRE_DEFINED_CURVE_FONT('continuous');
#8821=COLOUR_RGB('',0.509803950786591,0.509803950786591,0.588235318660736);
#8822=CARTESIAN_POINT('',(4.06586399182368,-4.06586399182164,18.5));
#8823=VECTOR('',#12271,1.0);
#8824=SURFACE_SIDE_STYLE('',(#12272));
#8825=EDGE_LOOP('',(#12273,#12274,#12275,#12276));
#8826=AXIS2_PLACEMENT_3D('',#12277,#12278,#12279);
#8827=DRAUGHTING_PRE_DEFINED_CURVE_FONT('continuous');
#8828=COLOUR_RGB('',0.509803950786591,0.509803950786591,0.588235318660736);
#8829=CARTESIAN_POINT('',(-5.46857496869592,-1.77684771765794,18.5));
#8830=VECTOR('',#12280,1.0);
#8831=DRAUGHTING_PRE_DEFINED_CURVE_FONT('continuous');
#8832=COLOUR_RGB('',0.509803950786591,0.509803950786591,0.588235318660736);
#8833=CARTESIAN_POINT('',(-5.1232875140835,-2.61044537350261,18.5));
#8834=VECTOR('',#12281,1.0);
#8835=DRAUGHTING_PRE_DEFINED_CURVE_FONT('continuous');
#8836=COLOUR_RGB('',0.509803950786591,0.509803950786591,0.588235318660736);
#8838=CARTESIAN_POINT('',(5.22605510013332,2.92673148124317,18.210224622498));
#8839=CARTESIAN_POINT('',(5.06106569534019,2.96634193280726,18.3348227113698));
#8840=CARTESIAN_POINT('',(4.90268094503338,3.00436674711813,18.4500000000015));
#8847=DRAUGHTING_PRE_DEFINED_CURVE_FONT('continuous');
#8848=COLOUR_RGB('',0.509803950786591,0.509803950786591,0.588235318660736);
#8849=CARTESIAN_POINT('',(4.37233430219953,3.7343262778987,18.5));
#8850=VECTOR('',#12282,0.999999999999999);
#8851=PRE_DEFINED_MARKER('');
#8852=COLOUR_RGB('',0.509803950786591,0.509803950786591,0.588235318660736);
#8853=SURFACE_SIDE_STYLE('',(#12283));
#8854=EDGE_LOOP('',(#12284,#12285,#12286,#12287));
#8855=AXIS2_PLACEMENT_3D('',#12288,#12289,#12290);
#8856=PRE_DEFINED_MARKER('');
#8857=COLOUR_RGB('',0.509803950786591,0.509803950786591,0.588235318660736);
#8858=DRAUGHTING_PRE_DEFINED_CURVE_FONT('continuous');
#8859=COLOUR_RGB('',0.509803950786591,0.509803950786591,0.588235318660736);
#8861=CARTESIAN_POINT('',(5.67920795841957,0.899498173980902,16.0499999999975));
#8862=CARTESIAN_POINT('',(5.81098492103352,0.803756606430503,16.1651772886284));
#8863=CARTESIAN_POINT('',(5.94825699164,0.704022609227544,16.2897753774993));
#8870=SURFACE_SIDE_STYLE('',(#12291));
#8871=EDGE_LOOP('',(#12292,#12293,#12294,#12295));
#8872=AXIS2_PLACEMENT_3D('',#12296,#12297,#12298);
#8873=DRAUGHTING_PRE_DEFINED_CURVE_FONT('continuous');
#8874=COLOUR_RGB('',0.509803950786591,0.509803950786591,0.588235318660736);
#8875=CARTESIAN_POINT('',(-2.92673148124356,-5.22605510013017,18.5));
#8876=VECTOR('',#12299,1.0);
#8877=DRAUGHTING_PRE_DEFINED_CURVE_FONT('continuous');
#8878=COLOUR_RGB('',0.509803950786591,0.509803950786591,0.588235318660736);
#8879=AXIS2_PLACEMENT_3D('',#12300,#12301,#12302);
#8880=DRAUGHTING_PRE_DEFINED_CURVE_FONT('continuous');
#8881=COLOUR_RGB('',0.509803950786591,0.509803950786591,0.588235318660736);
#8882=CARTESIAN_POINT('',(-5.59112704228789,1.34231084217107,18.5));
#8883=VECTOR('',#12303,1.00000000000001);
#8884=DRAUGHTING_PRE_DEFINED_CURVE_FONT('continuous');
#8885=COLOUR_RGB('',0.509803950786591,0.509803950786591,0.588235318660736);
#8887=CARTESIAN_POINT('',(4.37233430219953,3.7343262778987,16.0499999999996));
#8888=CARTESIAN_POINT('',(4.5347174648897,3.72154644583541,16.1651772886307));
#8889=CARTESIAN_POINT('',(4.70387201612502,3.70823369393604,16.2897753775017));
#8896=DRAUGHTING_PRE_DEFINED_CURVE_FONT('continuous');
#8897=COLOUR_RGB('',0.509803950786591,0.509803950786591,0.588235318660736);
#8898=CARTESIAN_POINT('',(1.77684771765797,-5.46857496869592,18.5));
#8899=VECTOR('',#12304,1.0);
#8900=PRE_DEFINED_MARKER('');
#8901=COLOUR_RGB('',0.509803950786591,0.509803950786591,0.588235318660736);
#8902=PRE_DEFINED_MARKER('');
#8903=COLOUR_RGB('',0.509803950786591,0.509803950786591,0.588235318660736);
#8904=SURFACE_SIDE_STYLE('',(#12305));
#8905=EDGE_LOOP('',(#12306,#12307,#12308,#12309));
#8906=AXIS2_PLACEMENT_3D('',#12310,#12311,#12312);
#8907=PRE_DEFINED_MARKER('');
#8908=COLOUR_RGB('',0.509803950786591,0.509803950786591,0.588235318660736);
#8909=PRE_DEFINED_MARKER('');
#8910=COLOUR_RGB('',0.509803950786591,0.509803950786591,0.588235318660736);
#8911=DRAUGHTING_PRE_DEFINED_CURVE_FONT('continuous');
#8912=COLOUR_RGB('',0.509803950786591,0.509803950786591,0.588235318660736);
#8913=CARTESIAN_POINT('',(-4.37233430219996,3.73432627789921,18.5));
#8914=VECTOR('',#12313,0.999999999999999);
#8915=DRAUGHTING_PRE_DEFINED_CURVE_FONT('continuous');
#8916=COLOUR_RGB('',0.509803950786591,0.509803950786591,0.588235318660736);
#8918=CARTESIAN_POINT('',(5.6195553632937,-2.07316342621632,16.2897753775015));
#8919=CARTESIAN_POINT('',(5.46279369165908,-2.13809623666765,16.1651772886304));
#8920=CARTESIAN_POINT('',(5.31230731193853,-2.20042973610034,16.0499999999991));
#8927=DRAUGHTING_PRE_DEFINED_CURVE_FONT('continuous');
#8928=COLOUR_RGB('',0.509803950786591,0.509803950786591,0.588235318660736);
#8929=CARTESIAN_POINT('',(2.50767778745387,5.43957362182184,18.5));
#8930=VECTOR('',#12314,1.0);
#8931=SURFACE_SIDE_STYLE('',(#12315));
#8932=EDGE_LOOP('',(#12316,#12317,#12318,#12319));
#8933=AXIS2_PLACEMENT_3D('',#12320,#12321,#12322);
#8934=DRAUGHTING_PRE_DEFINED_CURVE_FONT('continuous');
#8935=COLOUR_RGB('',0.509803950786591,0.509803950786591,0.588235318660736);
#8937=CARTESIAN_POINT('',(-4.39842688616207,-4.0658639918236,18.2102246224986));
#8938=CARTESIAN_POINT('',(-4.22874927548066,-4.0658639918236,18.3348227113692));
#8939=CARTESIAN_POINT('',(-4.06586399182163,-4.06586399182359,18.45));
#8946=SURFACE_SIDE_STYLE('',(#12323));
#8947=EDGE_LOOP('',(#12324,#12325,#12326,#12327));
#8948=AXIS2_PLACEMENT_3D('',#12328,#12329,#12330);
#8949=SURFACE_SIDE_STYLE('',(#12331));
#8950=EDGE_LOOP('',(#12332,#12333,#12334,#12335));
#8951=AXIS2_PLACEMENT_3D('',#12336,#12337,#12338);
#8952=DRAUGHTING_PRE_DEFINED_CURVE_FONT('continuous');
#8953=COLOUR_RGB('',0.509803950786591,0.509803950786591,0.588235318660736);
#8955=CARTESIAN_POINT('',(-1.34231084217113,-5.59112704228795,18.4499999999987));
#8956=CARTESIAN_POINT('',(-1.25720351524694,-5.73000957731621,18.3348227113693));
#8957=CARTESIAN_POINT('',(-1.16854720720255,-5.87468352317305,18.2102246225003));
#8964=DRAUGHTING_PRE_DEFINED_CURVE_FONT('continuous');
#8965=COLOUR_RGB('',0.509803950786591,0.509803950786591,0.588235318660736);
#8967=CARTESIAN_POINT('',(4.9026809450346,-3.00436674711757,18.4500000000007));
#8968=CARTESIAN_POINT('',(5.06106569533944,-2.96634193280717,18.3348227113704));
#8969=CARTESIAN_POINT('',(5.22605510013023,-2.92673148124363,18.2102246225004));
#8976=DRAUGHTING_PRE_DEFINED_CURVE_FONT('continuous');
#8977=COLOUR_RGB('',0.509803950786591,0.509803950786591,0.588235318660736);
#8979=CARTESIAN_POINT('',(5.46857496869603,1.77684771765794,18.4500000000004));
#8980=CARTESIAN_POINT('',(5.5425233400242,1.92197956809157,18.3348227113702));
#8981=CARTESIAN_POINT('',(5.6195553632916,2.07316342621648,18.2102246225003));
#8988=SURFACE_SIDE_STYLE('',(#12339));
#8989=EDGE_LOOP('',(#12340,#12341,#12342,#12343));
#8990=AXIS2_PLACEMENT_3D('',#12344,#12345,#12346);
#8991=DRAUGHTING_PRE_DEFINED_CURVE_FONT('continuous');
#8992=COLOUR_RGB('',0.509803950786591,0.509803950786591,0.588235318660736);
#8994=CARTESIAN_POINT('',(4.39842688616216,4.06586399182366,18.2102246224986));
#8995=CARTESIAN_POINT('',(4.22874927548077,4.06586399182365,18.3348227113691));
#8996=CARTESIAN_POINT('',(4.06586399182169,4.06586399182365,18.4499999999999));
#9003=DRAUGHTING_PRE_DEFINED_CURVE_FONT('continuous');
#9004=COLOUR_RGB('',0.509803950786591,0.509803950786591,0.588235318660736);
#9005=CARTESIAN_POINT('',(-3.73432627789911,-4.37233430220002,18.5));
#9006=VECTOR('',#12347,0.999999999999999);
#9007=PRE_DEFINED_MARKER('');
#9008=COLOUR_RGB('',0.509803950786591,0.509803950786591,0.588235318660736);
#9009=DRAUGHTING_PRE_DEFINED_CURVE_FONT('continuous');
#9010=COLOUR_RGB('',0.509803950786591,0.509803950786591,0.588235318660736);
#9011=CARTESIAN_POINT('',(5.12328751408069,-2.61044537350373,18.5));
#9012=VECTOR('',#12348,0.999999999999989);
#9013=DRAUGHTING_PRE_DEFINED_CURVE_FONT('continuous');
#9014=COLOUR_RGB('',0.509803950786591,0.509803950786591,0.588235318660736);
#9015=CARTESIAN_POINT('',(-0.899498173983233,-5.67920795842048,18.5));
#9016=VECTOR('',#12349,0.999999999999991);
#9017=DRAUGHTING_PRE_DEFINED_CURVE_FONT('continuous');
#9018=COLOUR_RGB('',0.509803950786591,0.509803950786591,0.588235318660736);
#9020=CARTESIAN_POINT('',(-4.651847717658,3.3797652006806,16.050000000001));
#9021=CARTESIAN_POINT('',(-4.67732858987018,3.54064509620547,16.1651772886319));
#9022=CARTESIAN_POINT('',(-4.70387201612658,3.70823369393645,16.2897753775032));
#9029=PRE_DEFINED_MARKER('');
#9030=COLOUR_RGB('',0.509803950786591,0.509803950786591,0.588235318660736);
#9031=PRE_DEFINED_MARKER('');
#9032=COLOUR_RGB('',0.509803950786591,0.509803950786591,0.588235318660736);
#9033=PRE_DEFINED_MARKER('');
#9034=COLOUR_RGB('',0.509803950786591,0.509803950786591,0.588235318660736);
#9035=PRE_DEFINED_MARKER('');
#9036=COLOUR_RGB('',0.509803950786591,0.509803950786591,0.588235318660736);
#9037=SURFACE_SIDE_STYLE('',(#12350));
#9038=EDGE_LOOP('',(#12351,#12352,#12353,#12354));
#9039=AXIS2_PLACEMENT_3D('',#12355,#12356,#12357);
#9040=PRE_DEFINED_MARKER('');
#9041=COLOUR_RGB('',0.509803950786591,0.509803950786591,0.588235318660736);
#9042=DRAUGHTING_PRE_DEFINED_CURVE_FONT('continuous');
#9043=COLOUR_RGB('',0.509803950786591,0.509803950786591,0.588235318660736);
#9045=CARTESIAN_POINT('',(4.90268094503338,3.00436674711813,18.4500000000015));
#9046=CARTESIAN_POINT('',(4.94070575934349,3.1627514974218,18.334822711372));
#9047=CARTESIAN_POINT('',(4.98031621090675,3.32774090221144,18.2102246225028));
#9054=PRE_DEFINED_MARKER('');
#9055=COLOUR_RGB('',0.509803950786591,0.509803950786591,0.588235318660736);
#9056=PRE_DEFINED_MARKER('');
#9057=COLOUR_RGB('',0.509803950786591,0.509803950786591,0.588235318660736);
#9058=PRE_DEFINED_MARKER('');
#9059=COLOUR_RGB('',0.509803950786591,0.509803950786591,0.588235318660736);
#9060=DRAUGHTING_PRE_DEFINED_CURVE_FONT('continuous');
#9061=COLOUR_RGB('',0.509803950786591,0.509803950786591,0.588235318660736);
#9063=CARTESIAN_POINT('',(2.07316342621653,-5.61955536329149,18.2102246225004));
#9064=CARTESIAN_POINT('',(2.13809623666766,-5.46279369165734,18.3348227113711));
#9065=CARTESIAN_POINT('',(2.20042973610009,-5.31230731193739,18.4500000000019));
#9072=DRAUGHTING_PRE_DEFINED_CURVE_FONT('continuous');
#9073=COLOUR_RGB('',0.509803950786591,0.509803950786591,0.588235318660736);
#9075=CARTESIAN_POINT('',(1.34231084217254,-5.59112704228744,16.050000000001));
#9076=CARTESIAN_POINT('',(1.2572035152479,-5.73000957731644,16.165177288631));
#9077=CARTESIAN_POINT('',(1.16854720720304,-5.87468352317407,16.2897753775008));
#9084=DRAUGHTING_PRE_DEFINED_CURVE_FONT('continuous');
#9085=COLOUR_RGB('',0.509803950786591,0.509803950786591,0.588235318660736);
#9087=CARTESIAN_POINT('',(5.6843418860808E-014,-5.74999999999997,16.05));
#9088=CARTESIAN_POINT('',(-0.115177288631231,-5.86517728863127,16.1651772886312));
#9089=CARTESIAN_POINT('',(-0.235157477760042,-5.98515747776008,16.2897753775024));
#9096=DRAUGHTING_PRE_DEFINED_CURVE_FONT('continuous');
#9097=COLOUR_RGB('',0.509803950786591,0.509803950786591,0.588235318660736);
#9099=CARTESIAN_POINT('',(-0.899498173980959,5.6792079584196,18.4500000000024));
#9100=CARTESIAN_POINT('',(-1.03127513659571,5.77494952597057,18.3348227113708));
#9101=CARTESIAN_POINT('',(-1.16854720720292,5.87468352317406,18.2102246224992));
#9108=DRAUGHTING_PRE_DEFINED_CURVE_FONT('continuous');
#9109=COLOUR_RGB('',0.509803950786591,0.509803950786591,0.588235318660736);
#9110=CARTESIAN_POINT('',(5.31230731193739,2.20042973610009,18.5));
#9111=VECTOR('',#12358,0.999999999999996);
#9112=PRE_DEFINED_MARKER('');
#9113=COLOUR_RGB('',0.509803950786591,0.509803950786591,0.588235318660736);
#9114=PRE_DEFINED_MARKER('');
#9115=COLOUR_RGB('',0.509803950786591,0.509803950786591,0.588235318660736);
#9116=DRAUGHTING_PRE_DEFINED_CURVE_FONT('continuous');
#9117=COLOUR_RGB('',0.509803950786591,0.509803950786591,0.588235318660736);
#9118=CARTESIAN_POINT('',(-3.00436674711752,-4.90268094503452,18.5));
#9119=VECTOR('',#12359,0.999999999999994);
#9120=DRAUGHTING_PRE_DEFINED_CURVE_FONT('continuous');
#9121=COLOUR_RGB('',0.509803950786591,0.509803950786591,0.588235318660736);
#9123=CARTESIAN_POINT('',(-5.22605510013018,2.9267314812436,16.2897753774994));
#9124=CARTESIAN_POINT('',(-5.0610656953393,2.96634193280716,16.1651772886294));
#9125=CARTESIAN_POINT('',(-4.90268094503455,3.00436674711754,16.0499999999992));
#9132=PRE_DEFINED_MARKER('');
#9133=COLOUR_RGB('',0.509803950786591,0.509803950786591,0.588235318660736);
#9134=PRE_DEFINED_MARKER('');
#9135=COLOUR_RGB('',0.509803950786591,0.509803950786591,0.588235318660736);
#9136=PRE_DEFINED_MARKER('');
#9137=COLOUR_RGB('',0.509803950786591,0.509803950786591,0.588235318660736);
#9138=SURFACE_SIDE_STYLE('',(#12360));
#9139=EDGE_LOOP('',(#12361,#12362,#12363,#12364));
#9140=AXIS2_PLACEMENT_3D('',#12365,#12366,#12367);
#9141=PRE_DEFINED_MARKER('');
#9142=COLOUR_RGB('',0.509803950786591,0.509803950786591,0.588235318660736);
#9143=DRAUGHTING_PRE_DEFINED_CURVE_FONT('continuous');
#9144=COLOUR_RGB('',0.509803950786591,0.509803950786591,0.588235318660736);
#9146=CARTESIAN_POINT('',(-5.98515747776017,0.235157477760182,18.2102246224975));
#9147=CARTESIAN_POINT('',(-5.86517728863124,0.115177288631264,18.3348227113687));
#9148=CARTESIAN_POINT('',(-5.75,2.8421709430404E-014,18.4499999999999));
#9155=DRAUGHTING_PRE_DEFINED_CURVE_FONT('continuous');
#9156=COLOUR_RGB('',0.509803950786591,0.509803950786591,0.588235318660736);
#9158=CARTESIAN_POINT('',(-2.92673148124532,5.22605510013401,18.2102246224963));
#9159=CARTESIAN_POINT('',(-2.96634193280916,5.06106569534194,18.3348227113673));
#9160=CARTESIAN_POINT('',(-3.00436674711978,4.90268094503618,18.4499999999982));
#9167=PRE_DEFINED_MARKER('');
#9168=COLOUR_RGB('',0.509803950786591,0.509803950786591,0.588235318660736);
#9169=DRAUGHTING_PRE_DEFINED_CURVE_FONT('continuous');
#9170=COLOUR_RGB('',0.509803950786591,0.509803950786591,0.588235318660736);
#9172=CARTESIAN_POINT('',(5.31230731193739,2.20042973610009,18.4500000000019));
#9173=CARTESIAN_POINT('',(5.37464081136975,2.35091611581997,18.3348227113712));
#9174=CARTESIAN_POINT('',(5.43957362182083,2.50767778745398,18.2102246225005));
#9181=SURFACE_SIDE_STYLE('',(#12368));
#9182=EDGE_LOOP('',(#12369,#12370,#12371,#12372));
#9183=AXIS2_PLACEMENT_3D('',#12373,#12374,#12375);
#9184=DRAUGHTING_PRE_DEFINED_CURVE_FONT('continuous');
#9185=COLOUR_RGB('',0.509803950786591,0.509803950786591,0.588235318660736);
#9186=CARTESIAN_POINT('',(2.07316342621645,5.61955536329378,18.5));
#9187=VECTOR('',#12376,1.0);
#9188=SURFACE_SIDE_STYLE('',(#12377));
#9189=EDGE_LOOP('',(#12378,#12379,#12380,#12381));
#9190=AXIS2_PLACEMENT_3D('',#12382,#12383,#12384);
#9191=DRAUGHTING_PRE_DEFINED_CURVE_FONT('continuous');
#9192=COLOUR_RGB('',0.509803950786591,0.509803950786591,0.588235318660736);
#9193=CARTESIAN_POINT('',(-3.70823369393637,-4.70387201612647,18.5));
#9194=VECTOR('',#12385,1.0);
#9195=DRAUGHTING_PRE_DEFINED_CURVE_FONT('continuous');
#9196=COLOUR_RGB('',0.509803950786591,0.509803950786591,0.588235318660736);
#9198=CARTESIAN_POINT('',(-4.65184771765618,-3.37976520067912,18.4500000000013));
#9199=CARTESIAN_POINT('',(-4.67732858986847,-3.54064509620479,18.3348227113698));
#9200=CARTESIAN_POINT('',(-4.70387201612491,-3.70823369393602,18.2102246224983));
#9207=DRAUGHTING_PRE_DEFINED_CURVE_FONT('continuous');
#9208=COLOUR_RGB('',0.509803950786591,0.509803950786591,0.588235318660736);
#9210=CARTESIAN_POINT('',(3.37976520067917,-4.65184771765621,16.0499999999987));
#9211=CARTESIAN_POINT('',(3.35428432846721,-4.81272761317976,16.1651772886288));
#9212=CARTESIAN_POINT('',(3.3277409022111,-4.98031621090894,16.2897753774988));
#9219=PRE_DEFINED_MARKER('');
#9220=COLOUR_RGB('',0.509803950786591,0.509803950786591,0.588235318660736);
#9221=PRE_DEFINED_MARKER('');
#9222=COLOUR_RGB('',0.509803950786591,0.509803950786591,0.588235318660736);
#9223=PRE_DEFINED_MARKER('');
#9224=COLOUR_RGB('',0.509803950786591,0.509803950786591,0.588235318660736);
#9225=PRE_DEFINED_MARKER('');
#9226=COLOUR_RGB('',0.509803950786591,0.509803950786591,0.588235318660736);
#9227=PRE_DEFINED_MARKER('');
#9228=COLOUR_RGB('',0.509803950786591,0.509803950786591,0.588235318660736);
#9229=DRAUGHTING_PRE_DEFINED_CURVE_FONT('continuous');
#9230=COLOUR_RGB('',0.509803950786591,0.509803950786591,0.588235318660736);
#9231=CARTESIAN_POINT('',(-5.5911270422875,-1.3423108421724,18.5));
#9232=VECTOR('',#12386,1.00000000000001);
#9233=DRAUGHTING_PRE_DEFINED_CURVE_FONT('continuous');
#9234=COLOUR_RGB('',0.509803950786591,0.509803950786591,0.588235318660736);
#9236=CARTESIAN_POINT('',(5.6843418860808E-014,-5.74999999999997,18.45));
#9237=CARTESIAN_POINT('',(0.115177288631527,-5.86517728863144,18.3348227113685));
#9238=CARTESIAN_POINT('',(0.235157477760667,-5.98515747776058,18.2102246224971));
#9245=PRE_DEFINED_MARKER('');
#9246=COLOUR_RGB('',0.509803950786591,0.509803950786591,0.588235318660736);
#9247=DRAUGHTING_PRE_DEFINED_CURVE_FONT('continuous');
#9248=COLOUR_RGB('',0.509803950786591,0.509803950786591,0.588235318660736);
#9250=CARTESIAN_POINT('',(5.12328751408359,2.61044537350264,16.0500000000005));
#9251=CARTESIAN_POINT('',(5.2782006245145,2.56011105271894,16.1651772886301));
#9252=CARTESIAN_POINT('',(5.43957362182083,2.50767778745398,16.2897753774994));
#9259=DRAUGHTING_PRE_DEFINED_CURVE_FONT('continuous');
#9260=COLOUR_RGB('',0.509803950786591,0.509803950786591,0.588235318660736);
#9262=CARTESIAN_POINT('',(-0.451139800435143,-5.73227466896793,18.4499999999975));
#9263=CARTESIAN_POINT('',(-0.34535427086182,-5.85613361036987,18.3348227113675));
#9264=CARTESIAN_POINT('',(-0.235157477760042,-5.98515747776008,18.2102246224976));
#9271=SURFACE_SIDE_STYLE('',(#12387));
#9272=EDGE_LOOP('',(#12388,#12389,#12390,#12391));
#9273=AXIS2_PLACEMENT_3D('',#12392,#12393,#12394);
#9274=SURFACE_SIDE_STYLE('',(#12395));
#9275=EDGE_LOOP('',(#12396,#12397,#12398,#12399));
#9276=AXIS2_PLACEMENT_3D('',#12400,#12401,#12402);
#9277=DRAUGHTING_PRE_DEFINED_CURVE_FONT('continuous');
#9278=COLOUR_RGB('',0.509803950786591,0.509803950786591,0.588235318660736);
#9279=AXIS2_PLACEMENT_3D('',#12403,#12404,#12405);
#9280=DRAUGHTING_PRE_DEFINED_CURVE_FONT('continuous');
#9281=COLOUR_RGB('',0.509803950786591,0.509803950786591,0.588235318660736);
#9283=CARTESIAN_POINT('',(-9.30549761465699E-047,5.75000000000003,18.4499999999999));
#9284=CARTESIAN_POINT('',(-0.115177288631459,5.86517728863149,18.3348227113685));
#9285=CARTESIAN_POINT('',(-0.235157477760617,5.98515747776065,18.210224622497));
#9292=DRAUGHTING_PRE_DEFINED_CURVE_FONT('continuous');
#9293=COLOUR_RGB('',0.509803950786591,0.509803950786591,0.588235318660736);
#9295=CARTESIAN_POINT('',(5.46857496869745,-1.77684771765643,16.0500000000004));
#9296=CARTESIAN_POINT('',(5.54252334002589,-1.92197956809061,16.165177288631));
#9297=CARTESIAN_POINT('',(5.6195553632937,-2.07316342621632,16.2897753775015));
#9304=DRAUGHTING_PRE_DEFINED_CURVE_FONT('continuous');
#9305=COLOUR_RGB('',0.509803950786591,0.509803950786591,0.588235318660736);
#9307=CARTESIAN_POINT('',(-3.3277409022111,4.98031621090907,18.2102246225011));
#9308=CARTESIAN_POINT('',(-3.3542843284672,4.81272761317989,18.334822711371));
#9309=CARTESIAN_POINT('',(-3.37976520067917,4.65184771765628,18.4500000000012));
#9316=DRAUGHTING_PRE_DEFINED_CURVE_FONT('continuous');
#9317=COLOUR_RGB('',0.509803950786591,0.509803950786591,0.588235318660736);
#9319=CARTESIAN_POINT('',(2.50767778745399,-5.43957362182083,16.2897753774994));
#9320=CARTESIAN_POINT('',(2.35091611581993,-5.37464081136972,16.1651772886287));
#9321=CARTESIAN_POINT('',(2.20042973610009,-5.31230731193739,16.049999999998));
#9328=DRAUGHTING_PRE_DEFINED_CURVE_FONT('continuous');
#9329=COLOUR_RGB('',0.509803950786591,0.509803950786591,0.588235318660736);
#9331=CARTESIAN_POINT('',(4.37233430219953,3.7343262778987,18.4500000000003));
#9332=CARTESIAN_POINT('',(4.3851141342628,3.89670944058855,18.3348227113695));
#9333=CARTESIAN_POINT('',(4.39842688616216,4.06586399182366,18.2102246224986));
#9340=SURFACE_SIDE_STYLE('',(#12406));
#9341=EDGE_LOOP('',(#12407,#12408,#12409,#12410));
#9342=AXIS2_PLACEMENT_3D('',#12411,#12412,#12413);
#9343=PRE_DEFINED_MARKER('');
#9344=COLOUR_RGB('',0.509803950786591,0.509803950786591,0.588235318660736);
#9345=DRAUGHTING_PRE_DEFINED_CURVE_FONT('continuous');
#9346=COLOUR_RGB('',0.509803950786591,0.509803950786591,0.588235318660736);
#9348=CARTESIAN_POINT('',(-4.06586399182163,-4.39842688616246,16.2897753775002));
#9349=CARTESIAN_POINT('',(-4.06586399182163,-4.22874927548203,16.1651772886303));
#9350=CARTESIAN_POINT('',(-4.06586399182163,-4.06586399182359,16.0499999999999));
#9357=SURFACE_SIDE_STYLE('',(#12414));
#9358=EDGE_LOOP('',(#12415,#12416,#12417,#12418));
#9359=AXIS2_PLACEMENT_3D('',#12419,#12420,#12421);
#9360=DRAUGHTING_PRE_DEFINED_CURVE_FONT('continuous');
#9361=COLOUR_RGB('',0.509803950786591,0.509803950786591,0.588235318660736);
#9362=CARTESIAN_POINT('',(-2.20042973610035,-5.3123073119385,18.5));
#9363=VECTOR('',#12422,0.999999999999993);
#9364=SURFACE_SIDE_STYLE('',(#12423));
#9365=EDGE_LOOP('',(#12424,#12425,#12426,#12427));
#9366=AXIS2_PLACEMENT_3D('',#12428,#12429,#12430);
#9367=SURFACE_SIDE_STYLE('',(#12431));
#9368=EDGE_LOOP('',(#12432,#12433,#12434,#12435));
#9369=AXIS2_PLACEMENT_3D('',#12436,#12437,#12438);
#9370=PRE_DEFINED_MARKER('');
#9371=COLOUR_RGB('',0.509803950786591,0.509803950786591,0.588235318660736);
#9372=DRAUGHTING_PRE_DEFINED_CURVE_FONT('continuous');
#9373=COLOUR_RGB('',0.509803950786591,0.509803950786591,0.588235318660736);
#9374=CARTESIAN_POINT('',(-5.73227466896805,0.451139800435257,18.5));
#9375=VECTOR('',#12439,1.00000000000001);
#9376=DRAUGHTING_PRE_DEFINED_CURVE_FONT('continuous');
#9377=COLOUR_RGB('',0.509803950786591,0.509803950786591,0.588235318660736);
#9378=CARTESIAN_POINT('',(5.94825699164365,-0.704022609227822,18.5));
#9379=VECTOR('',#12440,1.0);
#9380=DRAUGHTING_PRE_DEFINED_CURVE_FONT('continuous');
#9381=COLOUR_RGB('',0.509803950786591,0.509803950786591,0.588235318660736);
#9383=CARTESIAN_POINT('',(-1.34231084217237,5.59112704228752,18.4499999999989));
#9384=CARTESIAN_POINT('',(-1.48119337720217,5.67623436921267,18.3348227113681));
#9385=CARTESIAN_POINT('',(-1.62586732306058,5.76489067725802,18.2102246224977));
#9392=PRE_DEFINED_MARKER('');
#9393=COLOUR_RGB('',0.509803950786591,0.509803950786591,0.588235318660736);
#9394=PRE_DEFINED_MARKER('');
#9395=COLOUR_RGB('',0.509803950786591,0.509803950786591,0.588235318660736);
#9396=SURFACE_SIDE_STYLE('',(#12441));
#9397=EDGE_LOOP('',(#12442,#12443,#12444,#12445));
#9398=AXIS2_PLACEMENT_3D('',#12446,#12447,#12448);
#9399=DRAUGHTING_PRE_DEFINED_CURVE_FONT('continuous');
#9400=COLOUR_RGB('',0.509803950786591,0.509803950786591,0.588235318660736);
#9401=CARTESIAN_POINT('',(4.65184771765794,-3.37976520068056,18.5));
#9402=VECTOR('',#12449,1.00000000000001);
#9403=DRAUGHTING_PRE_DEFINED_CURVE_FONT('continuous');
#9404=COLOUR_RGB('',0.509803950786591,0.509803950786591,0.588235318660736);
#9405=CARTESIAN_POINT('',(5.43957362182083,2.50767778745398,18.5));
#9406=VECTOR('',#12450,1.0);
#9407=DRAUGHTING_PRE_DEFINED_CURVE_FONT('continuous');
#9408=COLOUR_RGB('',0.509803950786591,0.509803950786591,0.588235318660736);
#9409=AXIS2_PLACEMENT_3D('',#12451,#12452,#12453);
#9410=PRE_DEFINED_MARKER('');
#9411=COLOUR_RGB('',0.509803950786591,0.509803950786591,0.588235318660736);
#9412=SURFACE_SIDE_STYLE('',(#12454));
#9413=EDGE_LOOP('',(#12455,#12456,#12457,#12458));
#9414=AXIS2_PLACEMENT_3D('',#12459,#12460,#12461);
#9415=DRAUGHTING_PRE_DEFINED_CURVE_FONT('continuous');
#9416=COLOUR_RGB('',0.509803950786591,0.509803950786591,0.588235318660736);
#9417=CARTESIAN_POINT('',(5.67920795841957,0.899498173980902,18.5));
#9418=VECTOR('',#12462,0.999999999999991);
#9419=DRAUGHTING_PRE_DEFINED_CURVE_FONT('continuous');
#9420=COLOUR_RGB('',0.509803950786591,0.509803950786591,0.588235318660736);
#9421=CARTESIAN_POINT('',(-5.22605510013324,-2.92673148124317,18.5));
#9422=VECTOR('',#12463,1.0);
#9423=DRAUGHTING_PRE_DEFINED_CURVE_FONT('continuous');
#9424=COLOUR_RGB('',0.509803950786591,0.509803950786591,0.588235318660736);
#9425=CARTESIAN_POINT('',(-0.451139800435143,-5.73227466896793,18.5));
#9426=VECTOR('',#12464,1.00000000000001);
#9427=DRAUGHTING_PRE_DEFINED_CURVE_FONT('continuous');
#9428=COLOUR_RGB('',0.509803950786591,0.509803950786591,0.588235318660736);
#9430=CARTESIAN_POINT('',(-2.20042973610035,-5.3123073119385,16.0499999999991));
#9431=CARTESIAN_POINT('',(-2.35091611582007,-5.37464081137084,16.1651772886298));
#9432=CARTESIAN_POINT('',(-2.50767778745382,-5.43957362182182,16.2897753775003));
#9439=PRE_DEFINED_MARKER('');
#9440=COLOUR_RGB('',0.509803950786591,0.509803950786591,0.588235318660736);
#9441=PRE_DEFINED_MARKER('');
#9442=COLOUR_RGB('',0.509803950786591,0.509803950786591,0.588235318660736);
#9443=PRE_DEFINED_MARKER('');
#9444=COLOUR_RGB('',0.509803950786591,0.509803950786591,0.588235318660736);
#9445=PRE_DEFINED_MARKER('');
#9446=COLOUR_RGB('',0.509803950786591,0.509803950786591,0.588235318660736);
#9447=PRE_DEFINED_MARKER('');
#9448=COLOUR_RGB('',0.509803950786591,0.509803950786591,0.588235318660736);
#9449=PRE_DEFINED_MARKER('');
#9450=COLOUR_RGB('',0.509803950786591,0.509803950786591,0.588235318660736);
#9451=PRE_DEFINED_MARKER('');
#9452=COLOUR_RGB('',0.509803950786591,0.509803950786591,0.588235318660736);
#9453=DRAUGHTING_PRE_DEFINED_CURVE_FONT('continuous');
#9454=COLOUR_RGB('',0.509803950786591,0.509803950786591,0.588235318660736);
#9456=CARTESIAN_POINT('',(-5.76489067725799,-1.62586732306061,18.2102246224977));
#9457=CARTESIAN_POINT('',(-5.61370681913129,-1.70289934632891,18.334822711369));
#9458=CARTESIAN_POINT('',(-5.46857496869592,-1.77684771765794,18.4500000000005));
#9465=PRE_DEFINED_MARKER('');
#9466=COLOUR_RGB('',0.509803950786591,0.509803950786591,0.588235318660736);
#9467=DRAUGHTING_PRE_DEFINED_CURVE_FONT('continuous');
#9468=COLOUR_RGB('',0.509803950786591,0.509803950786591,0.588235318660736);
#9469=CARTESIAN_POINT('',(-5.87468352317398,-1.16854720720298,18.5));
#9470=VECTOR('',#12465,1.0);
#9471=DRAUGHTING_PRE_DEFINED_CURVE_FONT('continuous');
#9472=COLOUR_RGB('',0.509803950786591,0.509803950786591,0.588235318660736);
#9474=CARTESIAN_POINT('',(-5.22605510013324,-2.92673148124317,16.2897753775019));
#9475=CARTESIAN_POINT('',(-5.17362183486773,-2.76535848393515,16.1651772886312));
#9476=CARTESIAN_POINT('',(-5.1232875140835,-2.61044537350261,16.0500000000004));
#9483=DRAUGHTING_PRE_DEFINED_CURVE_FONT('continuous');
#9484=COLOUR_RGB('',0.509803950786591,0.509803950786591,0.588235318660736);
#9485=CARTESIAN_POINT('',(5.87468352317303,-1.16854720720256,18.5));
#9486=VECTOR('',#12466,1.0);
#9487=SURFACE_SIDE_STYLE('',(#12467));
#9488=EDGE_LOOP('',(#12468,#12469,#12470,#12471));
#9489=AXIS2_PLACEMENT_3D('',#12472,#12473,#12474);
#9490=PRE_DEFINED_MARKER('');
#9491=COLOUR_RGB('',0.509803950786591,0.509803950786591,0.588235318660736);
#9492=DRAUGHTING_PRE_DEFINED_CURVE_FONT('continuous');
#9493=COLOUR_RGB('',0.509803950786591,0.509803950786591,0.588235318660736);
#9495=CARTESIAN_POINT('',(-3.00436674711978,4.90268094503618,16.0500000000017));
#9496=CARTESIAN_POINT('',(-2.96634193280915,5.06106569534199,16.1651772886327));
#9497=CARTESIAN_POINT('',(-2.92673148124532,5.22605510013401,16.2897753775036));
#9504=PRE_DEFINED_MARKER('');
#9505=COLOUR_RGB('',0.509803950786591,0.509803950786591,0.588235318660736);
#9506=DRAUGHTING_PRE_DEFINED_CURVE_FONT('continuous');
#9507=COLOUR_RGB('',0.509803950786591,0.509803950786591,0.588235318660736);
#9508=CARTESIAN_POINT('',(-5.31230731193855,2.2004297361005,18.5));
#9509=VECTOR('',#12475,0.999999999999993);
#9510=DRAUGHTING_PRE_DEFINED_CURVE_FONT('continuous');
#9511=COLOUR_RGB('',0.509803950786591,0.509803950786591,0.588235318660736);
#9513=CARTESIAN_POINT('',(0.704022609227963,5.94825699164359,16.2897753775029));
#9514=CARTESIAN_POINT('',(0.803756606432017,5.8109849210356,16.1651772886307));
#9515=CARTESIAN_POINT('',(0.899498173983289,5.67920795842051,16.0499999999988));
#9522=DRAUGHTING_PRE_DEFINED_CURVE_FONT('continuous');
#9523=COLOUR_RGB('',0.509803950786591,0.509803950786591,0.588235318660736);
#9524=CARTESIAN_POINT('',(4.70387201612502,3.70823369393605,18.5));
#9525=VECTOR('',#12476,1.0);
#9526=DRAUGHTING_PRE_DEFINED_CURVE_FONT('continuous');
#9527=COLOUR_RGB('',0.509803950786591,0.509803950786591,0.588235318660736);
#9529=CARTESIAN_POINT('',(-4.98031621090668,-3.3277409022114,18.2102246225029));
#9530=CARTESIAN_POINT('',(-4.81272761317861,-3.35428432846733,18.334822711372));
#9531=CARTESIAN_POINT('',(-4.65184771765618,-3.37976520067912,18.4500000000013));
#9538=PRE_DEFINED_MARKER('');
#9539=COLOUR_RGB('',0.509803950786591,0.509803950786591,0.588235318660736);
#9540=DRAUGHTING_PRE_DEFINED_CURVE_FONT('continuous');
#9541=COLOUR_RGB('',0.509803950786591,0.509803950786591,0.588235318660736);
#9542=CARTESIAN_POINT('',(-5.61955536329376,2.07316342621646,18.5));
#9543=VECTOR('',#12477,1.0);
#9544=DRAUGHTING_PRE_DEFINED_CURVE_FONT('continuous');
#9545=COLOUR_RGB('',0.509803950786591,0.509803950786591,0.588235318660736);
#9547=CARTESIAN_POINT('',(5.43957362182083,2.50767778745398,16.2897753774994));
#9548=CARTESIAN_POINT('',(5.37464081136973,2.35091611581994,16.1651772886287));
#9549=CARTESIAN_POINT('',(5.31230731193739,2.20042973610009,16.049999999998));
#9556=PRE_DEFINED_MARKER('');
#9557=COLOUR_RGB('',0.509803950786591,0.509803950786591,0.588235318660736);
#9558=DRAUGHTING_PRE_DEFINED_CURVE_FONT('continuous');
#9559=COLOUR_RGB('',0.509803950786591,0.509803950786591,0.588235318660736);
#9560=CARTESIAN_POINT('',(-4.651847717658,3.3797652006806,18.5));
#9561=VECTOR('',#12478,1.00000000000001);
#9562=DRAUGHTING_PRE_DEFINED_CURVE_FONT('continuous');
#9563=COLOUR_RGB('',0.509803950786591,0.509803950786591,0.588235318660736);
#9564=CARTESIAN_POINT('',(0.70402260922756,-5.94825699164007,18.5));
#9565=VECTOR('',#12479,1.0);
#9566=SURFACE_SIDE_STYLE('',(#12480));
#9567=EDGE_LOOP('',(#12481,#12482,#12483,#12484));
#9568=AXIS2_PLACEMENT_3D('',#12485,#12486,#12487);
#9569=SURFACE_SIDE_STYLE('',(#12488));
#9570=EDGE_LOOP('',(#12489,#12490,#12491,#12492));
#9571=AXIS2_PLACEMENT_3D('',#12493,#12494,#12495);
#9572=DRAUGHTING_PRE_DEFINED_CURVE_FONT('continuous');
#9573=COLOUR_RGB('',0.509803950786591,0.509803950786591,0.588235318660736);
#9575=CARTESIAN_POINT('',(3.3277409022111,-4.98031621090894,16.2897753774988));
#9576=CARTESIAN_POINT('',(3.16275149742249,-4.94070575934593,16.1651772886304));
#9577=CARTESIAN_POINT('',(3.00436674711983,-4.90268094503607,16.0500000000017));
#9584=PRE_DEFINED_MARKER('');
#9585=COLOUR_RGB('',0.509803950786591,0.509803950786591,0.588235318660736);
#9586=DRAUGHTING_PRE_DEFINED_CURVE_FONT('continuous');
#9587=COLOUR_RGB('',0.509803950786591,0.509803950786591,0.588235318660736);
#9589=CARTESIAN_POINT('',(-3.73432627789912,-4.37233430220002,18.4499999999997));
#9590=CARTESIAN_POINT('',(-3.72154644583578,-4.53471746489065,18.3348227113683));
#9591=CARTESIAN_POINT('',(-3.70823369393637,-4.70387201612647,18.2102246224968));
#9598=PRE_DEFINED_MARKER('');
#9599=COLOUR_RGB('',0.509803950786591,0.509803950786591,0.588235318660736);
#9600=DRAUGHTING_PRE_DEFINED_CURVE_FONT('continuous');
#9601=COLOUR_RGB('',0.509803950786591,0.509803950786591,0.588235318660736);
#9602=CARTESIAN_POINT('',(-5.12328751408066,2.61044537350379,18.5));
#9603=VECTOR('',#12496,0.999999999999989);
#9604=PRE_DEFINED_MARKER('');
#9605=COLOUR_RGB('',0.509803950786591,0.509803950786591,0.588235318660736);
#9606=DRAUGHTING_PRE_DEFINED_CURVE_FONT('continuous');
#9607=COLOUR_RGB('',0.509803950786591,0.509803950786591,0.588235318660736);
#9608=CARTESIAN_POINT('',(3.70823369393648,4.70387201612653,18.5));
#9609=VECTOR('',#12497,1.0);
#9610=DRAUGHTING_PRE_DEFINED_CURVE_FONT('continuous');
#9611=COLOUR_RGB('',0.509803950786591,0.509803950786591,0.588235318660736);
#9613=CARTESIAN_POINT('',(5.76489067725858,-1.62586732305956,16.2897753775025));
#9614=CARTESIAN_POINT('',(5.61370681913216,-1.70289934632773,16.1651772886314));
#9615=CARTESIAN_POINT('',(5.46857496869745,-1.77684771765643,16.0500000000004));
#9622=DRAUGHTING_PRE_DEFINED_CURVE_FONT('continuous');
#9623=COLOUR_RGB('',0.509803950786591,0.509803950786591,0.588235318660736);
#9625=CARTESIAN_POINT('',(0.451139800437346,-5.7322746689666,16.0500000000013));
#9626=CARTESIAN_POINT('',(0.345354270863091,-5.85613361036961,16.1651772886322));
#9627=CARTESIAN_POINT('',(0.235157477760667,-5.98515747776058,16.2897753775029));
#9634=PRE_DEFINED_MARKER('');
#9635=COLOUR_RGB('',0.509803950786591,0.509803950786591,0.588235318660736);
#9636=SURFACE_SIDE_STYLE('',(#12498));
#9637=EDGE_LOOP('',(#12499,#12500,#12501,#12502));
#9638=AXIS2_PLACEMENT_3D('',#12503,#12504,#12505);
#9639=PRE_DEFINED_MARKER('');
#9640=COLOUR_RGB('',0.509803950786591,0.509803950786591,0.588235318660736);
#9641=SURFACE_SIDE_STYLE('',(#12506));
#9642=EDGE_LOOP('',(#12507,#12508,#12509,#12510));
#9643=AXIS2_PLACEMENT_3D('',#12511,#12512,#12513);
#9644=PRE_DEFINED_MARKER('');
#9645=COLOUR_RGB('',0.509803950786591,0.509803950786591,0.588235318660736);
#9646=DRAUGHTING_PRE_DEFINED_CURVE_FONT('continuous');
#9647=COLOUR_RGB('',0.509803950786591,0.509803950786591,0.588235318660736);
#9649=CARTESIAN_POINT('',(2.20042973610049,5.31230731193855,16.0499999999992));
#9650=CARTESIAN_POINT('',(2.35091611582006,5.37464081137083,16.1651772886298));
#9651=CARTESIAN_POINT('',(2.50767778745387,5.43957362182184,16.2897753775003));
#9658=DRAUGHTING_PRE_DEFINED_CURVE_FONT('continuous');
#9659=COLOUR_RGB('',0.509803950786591,0.509803950786591,0.588235318660736);
#9660=CARTESIAN_POINT('',(-4.98031621090668,-3.3277409022114,18.5));
#9661=VECTOR('',#12514,1.0);
#9662=DRAUGHTING_PRE_DEFINED_CURVE_FONT('continuous');
#9663=COLOUR_RGB('',0.509803950786591,0.509803950786591,0.588235318660736);
#9664=CARTESIAN_POINT('',(5.67920795842045,-0.899498173983233,18.5));
#9665=VECTOR('',#12515,0.999999999999991);
#9666=DRAUGHTING_PRE_DEFINED_CURVE_FONT('continuous');
#9667=COLOUR_RGB('',0.509803950786591,0.509803950786591,0.588235318660736);
#9669=CARTESIAN_POINT('',(1.16854720720252,5.87468352317301,18.2102246225003));
#9670=CARTESIAN_POINT('',(1.03127513659668,5.77494952597051,18.3348227113706));
#9671=CARTESIAN_POINT('',(0.899498173983289,5.67920795842051,18.4500000000012));
#9678=DRAUGHTING_PRE_DEFINED_CURVE_FONT('continuous');
#9679=COLOUR_RGB('',0.509803950786591,0.509803950786591,0.588235318660736);
#9681=CARTESIAN_POINT('',(5.8746835231741,1.16854720720296,16.2897753775008));
#9682=CARTESIAN_POINT('',(5.77494952597049,1.03127513659558,16.1651772886291));
#9683=CARTESIAN_POINT('',(5.67920795841957,0.899498173980902,16.0499999999975));
#9690=DRAUGHTING_PRE_DEFINED_CURVE_FONT('continuous');
#9691=COLOUR_RGB('',0.509803950786591,0.509803950786591,0.588235318660736);
#9692=CARTESIAN_POINT('',(0.451139800437346,-5.7322746689666,18.5));
#9693=VECTOR('',#12516,1.00000000000001);
#9694=PRE_DEFINED_MARKER('');
#9695=COLOUR_RGB('',0.509803950786591,0.509803950786591,0.588235318660736);
#9696=PRE_DEFINED_MARKER('');
#9697=COLOUR_RGB('',0.509803950786591,0.509803950786591,0.588235318660736);
#9698=PRE_DEFINED_MARKER('');
#9699=COLOUR_RGB('',0.509803950786591,0.509803950786591,0.588235318660736);
#9700=DRAUGHTING_PRE_DEFINED_CURVE_FONT('continuous');
#9701=COLOUR_RGB('',0.509803950786591,0.509803950786591,0.588235318660736);
#9703=CARTESIAN_POINT('',(-3.73432627789867,4.37233430219952,16.0499999999996));
#9704=CARTESIAN_POINT('',(-3.72154644583538,4.53471746488977,16.1651772886307));
#9705=CARTESIAN_POINT('',(-3.70823369393602,4.703872016125,16.2897753775017));
#9712=PRE_DEFINED_MARKER('');
#9713=COLOUR_RGB('',0.509803950786591,0.509803950786591,0.588235318660736);
#9714=DRAUGHTING_PRE_DEFINED_CURVE_FONT('continuous');
#9715=COLOUR_RGB('',0.509803950786591,0.509803950786591,0.588235318660736);
#9717=CARTESIAN_POINT('',(2.07316342621645,5.61955536329378,18.2102246224983));
#9718=CARTESIAN_POINT('',(1.9219795680907,5.54252334002595,18.3348227113689));
#9719=CARTESIAN_POINT('',(1.77684771765646,5.46857496869748,18.4499999999995));
#9726=SURFACE_SIDE_STYLE('',(#12517));
#9727=EDGE_LOOP('',(#12518,#12519,#12520,#12521));
#9728=AXIS2_PLACEMENT_3D('',#12522,#12523,#12524);
#9729=SURFACE_SIDE_STYLE('',(#12525));
#9730=EDGE_LOOP('',(#12526,#12527,#12528,#12529));
#9731=AXIS2_PLACEMENT_3D('',#12530,#12531,#12532);
#9732=DRAUGHTING_PRE_DEFINED_CURVE_FONT('continuous');
#9733=COLOUR_RGB('',0.509803950786591,0.509803950786591,0.588235318660736);
#9735=CARTESIAN_POINT('',(-5.59112704228789,1.34231084217107,16.0500000000011));
#9736=CARTESIAN_POINT('',(-5.67623436921306,1.48119337720091,16.1651772886318));
#9737=CARTESIAN_POINT('',(-5.76489067725858,1.6258673230596,16.2897753775025));
#9744=DRAUGHTING_PRE_DEFINED_CURVE_FONT('continuous');
#9745=COLOUR_RGB('',0.509803950786591,0.509803950786591,0.588235318660736);
#9746=CARTESIAN_POINT('',(-2.61044537350267,5.12328751408359,18.5));
#9747=VECTOR('',#12533,1.0);
#9748=PRE_DEFINED_MARKER('');
#9749=COLOUR_RGB('',0.509803950786591,0.509803950786591,0.588235318660736);
#9750=PRE_DEFINED_MARKER('');
#9751=COLOUR_RGB('',0.509803950786591,0.509803950786591,0.588235318660736);
#9752=DRAUGHTING_PRE_DEFINED_CURVE_FONT('continuous');
#9753=COLOUR_RGB('',0.509803950786591,0.509803950786591,0.588235318660736);
#9754=CARTESIAN_POINT('',(1.5,2.44357155401035E-013,8.12499999999998));
#9755=VECTOR('',#12534,1.0);
#9756=SURFACE_SIDE_STYLE('',(#12535));
#9757=EDGE_LOOP('',(#12536,#12537,#12538,#12539));
#9758=AXIS2_PLACEMENT_3D('',#12540,#12541,#12542);
#9759=SURFACE_SIDE_STYLE('',(#12543));
#9760=EDGE_LOOP('',(#12544,#12545,#12546,#12547));
#9761=AXIS2_PLACEMENT_3D('',#12548,#12549,#12550);
#9762=PRE_DEFINED_MARKER('');
#9763=COLOUR_RGB('',0.509803950786591,0.509803950786591,0.588235318660736);
#9764=DRAUGHTING_PRE_DEFINED_CURVE_FONT('continuous');
#9765=COLOUR_RGB('',0.509803950786591,0.509803950786591,0.588235318660736);
#9767=CARTESIAN_POINT('',(-4.37233430219945,-3.73432627789867,16.0499999999995));
#9768=CARTESIAN_POINT('',(-4.53471746488977,-3.72154644583537,16.1651772886307));
#9769=CARTESIAN_POINT('',(-4.70387201612491,-3.70823369393602,16.2897753775016));
#9776=DRAUGHTING_PRE_DEFINED_CURVE_FONT('continuous');
#9777=COLOUR_RGB('',0.509803950786591,0.509803950786591,0.588235318660736);
#9779=CARTESIAN_POINT('',(1.34231084217109,5.59112704228792,16.0500000000011));
#9780=CARTESIAN_POINT('',(1.48119337720089,5.67623436921306,16.1651772886318));
#9781=CARTESIAN_POINT('',(1.62586732305959,5.7648906772586,16.2897753775025));
#9788=DRAUGHTING_PRE_DEFINED_CURVE_FONT('continuous');
#9789=COLOUR_RGB('',0.509803950786591,0.509803950786591,0.588235318660736);
#9790=CARTESIAN_POINT('',(0.899498173983289,5.67920795842051,18.5));
#9791=VECTOR('',#12551,0.999999999999991);
#9792=DRAUGHTING_PRE_DEFINED_CURVE_FONT('continuous');
#9793=COLOUR_RGB('',0.509803950786591,0.509803950786591,0.588235318660736);
#9795=CARTESIAN_POINT('',(-1.62586732306058,5.76489067725802,16.2897753775022));
#9796=CARTESIAN_POINT('',(-1.48119337720208,5.67623436921262,16.1651772886317));
#9797=CARTESIAN_POINT('',(-1.34231084217237,5.59112704228752,16.0500000000011));
#9804=PRE_DEFINED_MARKER('');
#9805=COLOUR_RGB('',0.509803950786591,0.509803950786591,0.588235318660736);
#9806=PRE_DEFINED_MARKER('');
#9807=COLOUR_RGB('',0.509803950786591,0.509803950786591,0.588235318660736);
#9808=DRAUGHTING_PRE_DEFINED_CURVE_FONT('continuous');
#9809=COLOUR_RGB('',0.509803950786591,0.509803950786591,0.588235318660736);
#9810=CARTESIAN_POINT('',(-5.87468352317294,1.16854720720253,18.5));
#9811=VECTOR('',#12552,1.0);
#9812=DRAUGHTING_PRE_DEFINED_CURVE_FONT('continuous');
#9813=COLOUR_RGB('',0.509803950786591,0.509803950786591,0.588235318660736);
#9814=CARTESIAN_POINT('',(0.0,5.75000000000003,18.5));
#9815=VECTOR('',#12553,1.0);
#9816=DRAUGHTING_PRE_DEFINED_CURVE_FONT('continuous');
#9817=COLOUR_RGB('',0.509803950786591,0.509803950786591,0.588235318660736);
#9818=CARTESIAN_POINT('',(5.8746835231741,1.16854720720296,18.5));
#9819=VECTOR('',#12554,1.0);
#9820=PRE_DEFINED_MARKER('');
#9821=COLOUR_RGB('',0.509803950786591,0.509803950786591,0.588235318660736);
#9822=DRAUGHTING_PRE_DEFINED_CURVE_FONT('continuous');
#9823=COLOUR_RGB('',0.509803950786591,0.509803950786591,0.588235318660736);
#9824=CARTESIAN_POINT('',(3.73432627789923,4.37233430219999,18.5));
#9825=VECTOR('',#12555,0.999999999999999);
#9826=PRE_DEFINED_MARKER('');
#9827=COLOUR_RGB('',0.509803950786591,0.509803950786591,0.588235318660736);
#9828=SURFACE_SIDE_STYLE('',(#12556));
#9829=EDGE_LOOP('',(#12557,#12558,#12559,#12560));
#9830=AXIS2_PLACEMENT_3D('',#12561,#12562,#12563);
#9831=DRAUGHTING_PRE_DEFINED_CURVE_FONT('continuous');
#9832=COLOUR_RGB('',0.509803950786591,0.509803950786591,0.588235318660736);
#9834=CARTESIAN_POINT('',(-5.61955536329148,-2.07316342621647,16.2897753774995));
#9835=CARTESIAN_POINT('',(-5.54252334002408,-1.92197956809154,16.1651772886296));
#9836=CARTESIAN_POINT('',(-5.46857496869592,-1.77684771765794,16.0499999999995));
#9843=PRE_DEFINED_MARKER('');
#9844=COLOUR_RGB('',0.509803950786591,0.509803950786591,0.588235318660736);
#9845=DRAUGHTING_PRE_DEFINED_CURVE_FONT('continuous');
#9846=COLOUR_RGB('',0.509803950786591,0.509803950786591,0.588235318660736);
#9848=CARTESIAN_POINT('',(1.62586732306068,-5.7648906772579,16.2897753775022));
#9849=CARTESIAN_POINT('',(1.4811933772022,-5.6762343692125,16.1651772886316));
#9850=CARTESIAN_POINT('',(1.34231084217254,-5.59112704228744,16.050000000001));
#9857=DRAUGHTING_PRE_DEFINED_CURVE_FONT('continuous');
#9858=COLOUR_RGB('',0.509803950786591,0.509803950786591,0.588235318660736);
#9860=CARTESIAN_POINT('',(-4.37233430219996,3.73432627789921,18.4499999999997));
#9861=CARTESIAN_POINT('',(-4.53471746489067,3.72154644583587,18.3348227113682));
#9862=CARTESIAN_POINT('',(-4.70387201612658,3.70823369393645,18.2102246224967));
#9869=DRAUGHTING_PRE_DEFINED_CURVE_FONT('continuous');
#9870=COLOUR_RGB('',0.509803950786591,0.509803950786591,0.588235318660736);
#9872=CARTESIAN_POINT('',(-4.06586399182163,-4.06586399182359,18.45));
#9873=CARTESIAN_POINT('',(-4.06586399182163,-4.22874927548191,18.3348227113697));
#9874=CARTESIAN_POINT('',(-4.06586399182163,-4.39842688616246,18.2102246224997));
#9881=DRAUGHTING_PRE_DEFINED_CURVE_FONT('continuous');
#9882=COLOUR_RGB('',0.509803950786591,0.509803950786591,0.588235318660736);
#9884=CARTESIAN_POINT('',(2.07316342621645,5.61955536329378,16.2897753775016));
#9885=CARTESIAN_POINT('',(2.13809623666784,5.46279369165901,16.1651772886304));
#9886=CARTESIAN_POINT('',(2.20042973610049,5.31230731193855,16.0499999999992));
#9893=DRAUGHTING_PRE_DEFINED_CURVE_FONT('continuous');
#9894=COLOUR_RGB('',0.509803950786591,0.509803950786591,0.588235318660736);
#9895=AXIS2_PLACEMENT_3D('',#12564,#12565,#12566);
#9896=PRE_DEFINED_MARKER('');
#9897=COLOUR_RGB('',0.509803950786591,0.509803950786591,0.588235318660736);
#9898=DRAUGHTING_PRE_DEFINED_CURVE_FONT('continuous');
#9899=COLOUR_RGB('',0.509803950786591,0.509803950786591,0.588235318660736);
#9900=CARTESIAN_POINT('',(0.235157477760667,-5.98515747776058,18.5));
#9901=VECTOR('',#12567,1.0);
#9902=DRAUGHTING_PRE_DEFINED_CURVE_FONT('continuous');
#9903=COLOUR_RGB('',0.509803950786591,0.509803950786591,0.588235318660736);
#9905=CARTESIAN_POINT('',(0.451139800435271,5.73227466896799,18.4499999999974));
#9906=CARTESIAN_POINT('',(0.345354270861832,5.85613361037007,18.3348227113673));
#9907=CARTESIAN_POINT('',(0.235157477760137,5.98515747776018,18.2102246224975));
#9914=SURFACE_SIDE_STYLE('',(#12568));
#9915=EDGE_LOOP('',(#12569,#12570,#12571,#12572));
#9916=AXIS2_PLACEMENT_3D('',#12573,#12574,#12575);
#9917=DRAUGHTING_PRE_DEFINED_CURVE_FONT('continuous');
#9918=COLOUR_RGB('',0.509803950786591,0.509803950786591,0.588235318660736);
#9920=CARTESIAN_POINT('',(-5.94825699164359,0.704022609227885,16.2897753775029));
#9921=CARTESIAN_POINT('',(-5.81098492103555,0.80375660643198,16.1651772886306));
#9922=CARTESIAN_POINT('',(-5.67920795842042,0.899498173983275,16.0499999999987));
#9929=SURFACE_SIDE_STYLE('',(#12576));
#9930=EDGE_LOOP('',(#12577,#12578));
#9931=AXIS2_PLACEMENT_3D('',#12579,#12580,#12581);
#9932=PRE_DEFINED_MARKER('');
#9933=COLOUR_RGB('',0.509803950786591,0.509803950786591,0.588235318660736);
#9934=SURFACE_SIDE_STYLE('',(#12582));
#9935=EDGE_LOOP('',(#12583,#12584,#12585,#12586));
#9936=AXIS2_PLACEMENT_3D('',#12587,#12588,#12589);
#9937=DRAUGHTING_PRE_DEFINED_CURVE_FONT('continuous');
#9938=COLOUR_RGB('',0.509803950786591,0.509803950786591,0.588235318660736);
#9939=AXIS2_PLACEMENT_3D('',#12590,#12591,#12592);
#9940=DRAUGHTING_PRE_DEFINED_CURVE_FONT('continuous');
#9941=COLOUR_RGB('',0.509803950786591,0.509803950786591,0.588235318660736);
#9942=CARTESIAN_POINT('',(-5.98515747776017,0.235157477760182,18.5));
#9943=VECTOR('',#12593,1.0);
#9944=DRAUGHTING_PRE_DEFINED_CURVE_FONT('continuous');
#9945=COLOUR_RGB('',0.509803950786591,0.509803950786591,0.588235318660736);
#9946=CARTESIAN_POINT('',(0.235157477760137,5.98515747776018,18.5));
#9947=VECTOR('',#12594,1.0);
#9948=DRAUGHTING_PRE_DEFINED_CURVE_FONT('continuous');
#9949=COLOUR_RGB('',0.509803950786591,0.509803950786591,0.588235318660736);
#9950=CARTESIAN_POINT('',(4.06586399182169,4.39842688616243,18.5));
#9951=VECTOR('',#12595,1.0);
#9952=SURFACE_SIDE_STYLE('',(#12596));
#9953=EDGE_LOOP('',(#12597,#12598,#12599,#12600));
#9954=AXIS2_PLACEMENT_3D('',#12601,#12602,#12603);
#9955=SURFACE_SIDE_STYLE('',(#12604));
#9956=EDGE_LOOP('',(#12605,#12606,#12607,#12608));
#9957=AXIS2_PLACEMENT_3D('',#12609,#12610,#12611);
#9958=DRAUGHTING_PRE_DEFINED_CURVE_FONT('continuous');
#9959=COLOUR_RGB('',0.509803950786591,0.509803950786591,0.588235318660736);
#9961=CARTESIAN_POINT('',(-4.06586399182365,4.06586399182168,16.05));
#9962=CARTESIAN_POINT('',(-4.06586399182365,4.22874927548078,16.1651772886308));
#9963=CARTESIAN_POINT('',(-4.06586399182366,4.39842688616215,16.2897753775014));
#9970=SURFACE_SIDE_STYLE('',(#12612));
#9971=EDGE_LOOP('',(#12613,#12614,#12615,#12616));
#9972=AXIS2_PLACEMENT_3D('',#12617,#12618,#12619);
#9973=SURFACE_SIDE_STYLE('',(#12620));
#9974=EDGE_LOOP('',(#12621,#12622,#12623,#12624));
#9975=AXIS2_PLACEMENT_3D('',#12625,#12626,#12627);
#9976=DRAUGHTING_PRE_DEFINED_CURVE_FONT('continuous');
#9977=COLOUR_RGB('',0.509803950786591,0.509803950786591,0.588235318660736);
#9979=CARTESIAN_POINT('',(-4.90268094503455,3.00436674711754,18.4500000000008));
#9980=CARTESIAN_POINT('',(-5.06106569533936,2.96634193280715,18.3348227113705));
#9981=CARTESIAN_POINT('',(-5.22605510013018,2.9267314812436,18.2102246225005));
#9988=DRAUGHTING_PRE_DEFINED_CURVE_FONT('continuous');
#9989=COLOUR_RGB('',0.509803950786591,0.509803950786591,0.588235318660736);
#9991=CARTESIAN_POINT('',(-5.5911270422875,-1.3423108421724,18.4499999999989));
#9992=CARTESIAN_POINT('',(-5.67623436921255,-1.48119337720204,18.3348227113683));
#9993=CARTESIAN_POINT('',(-5.76489067725799,-1.62586732306061,18.2102246224977));
#10000=DRAUGHTING_PRE_DEFINED_CURVE_FONT('continuous');
#10001=COLOUR_RGB('',0.509803950786591,0.509803950786591,0.588235318660736);
#10003=CARTESIAN_POINT('',(5.59112704228795,-1.34231084217113,16.0500000000012));
#10004=CARTESIAN_POINT('',(5.67623436921314,-1.48119337720101,16.1651772886319));
#10005=CARTESIAN_POINT('',(5.76489067725858,-1.62586732305956,16.2897753775025));
#10012=PRE_DEFINED_MARKER('');
#10013=COLOUR_RGB('',0.509803950786591,0.509803950786591,0.588235318660736);
#10014=SURFACE_SIDE_STYLE('',(#12628));
#10015=EDGE_LOOP('',(#12629,#12630));
#10016=EDGE_LOOP('',(#12631,#12632));
#10017=AXIS2_PLACEMENT_3D('',#12633,#12634,#12635);
#10018=DRAUGHTING_PRE_DEFINED_CURVE_FONT('continuous');
#10019=COLOUR_RGB('',0.509803950786591,0.509803950786591,0.588235318660736);
#10020=CARTESIAN_POINT('',(-4.39842688616207,-4.0658639918236,18.5));
#10021=VECTOR('',#12636,1.0);
#10022=DRAUGHTING_PRE_DEFINED_CURVE_FONT('continuous');
#10023=COLOUR_RGB('',0.509803950786591,0.509803950786591,0.588235318660736);
#10025=CARTESIAN_POINT('',(-0.704022609227891,-5.94825699164358,16.2897753775029));
#10026=CARTESIAN_POINT('',(-0.803756606431918,-5.81098492103563,16.1651772886307));
#10027=CARTESIAN_POINT('',(-0.899498173983233,-5.67920795842048,16.0499999999987));
#10034=SURFACE_SIDE_STYLE('',(#12637));
#10035=EDGE_LOOP('',(#12638,#12639,#12640,#12641));
#10036=AXIS2_PLACEMENT_3D('',#12642,#12643,#12644);
#10037=DRAUGHTING_PRE_DEFINED_CURVE_FONT('continuous');
#10038=COLOUR_RGB('',0.509803950786591,0.509803950786591,0.588235318660736);
#10039=CARTESIAN_POINT('',(-2.50767778745401,5.43957362182081,18.5));
#10040=VECTOR('',#12645,1.0);
#10041=DRAUGHTING_PRE_DEFINED_CURVE_FONT('continuous');
#10042=COLOUR_RGB('',0.509803950786591,0.509803950786591,0.588235318660736);
#10044=CARTESIAN_POINT('',(-2.61044537350267,5.12328751408359,18.4499999999994));
#10045=CARTESIAN_POINT('',(-2.76535848393632,5.17362183486818,18.3348227113678));
#10046=CARTESIAN_POINT('',(-2.92673148124532,5.22605510013401,18.2102246224963));
#10053=SURFACE_SIDE_STYLE('',(#12646));
#10054=EDGE_LOOP('',(#12647,#12648,#12649,#12650));
#10055=AXIS2_PLACEMENT_3D('',#12651,#12652,#12653);
#10056=PRE_DEFINED_MARKER('');
#10057=COLOUR_RGB('',0.509803950786591,0.509803950786591,0.588235318660736);
#10058=DRAUGHTING_PRE_DEFINED_CURVE_FONT('continuous');
#10059=COLOUR_RGB('',0.509803950786591,0.509803950786591,0.588235318660736);
#10061=CARTESIAN_POINT('',(-5.22605510013324,-2.92673148124317,18.210224622498));
#10062=CARTESIAN_POINT('',(-5.06106569534014,-2.96634193280726,18.3348227113698));
#10063=CARTESIAN_POINT('',(-4.90268094503332,-3.00436674711813,18.4500000000015));
#10070=PRE_DEFINED_MARKER('');
#10071=COLOUR_RGB('',0.509803950786591,0.509803950786591,0.588235318660736);
#10072=PRE_DEFINED_MARKER('');
#10073=COLOUR_RGB('',0.509803950786591,0.509803950786591,0.588235318660736);
#10074=DRAUGHTING_PRE_DEFINED_CURVE_FONT('continuous');
#10075=COLOUR_RGB('',0.509803950786591,0.509803950786591,0.588235318660736);
#10077=CARTESIAN_POINT('',(-4.39842688616207,-4.0658639918236,16.2897753775013));
#10078=CARTESIAN_POINT('',(-4.38511413426272,-3.89670944058851,16.1651772886304));
#10079=CARTESIAN_POINT('',(-4.37233430219945,-3.73432627789867,16.0499999999995));
#10086=SURFACE_SIDE_STYLE('',(#12654));
#10087=EDGE_LOOP('',(#12655,#12656,#12657,#12658));
#10088=AXIS2_PLACEMENT_3D('',#12659,#12660,#12661);
#10089=PRE_DEFINED_MARKER('');
#10090=COLOUR_RGB('',0.509803950786591,0.509803950786591,0.588235318660736);
#10091=SURFACE_SIDE_STYLE('',(#12662));
#10092=EDGE_LOOP('',(#12663,#12664,#12665,#12666));
#10093=AXIS2_PLACEMENT_3D('',#12667,#12668,#12669);
#10094=SURFACE_SIDE_STYLE('',(#12670));
#10095=EDGE_LOOP('',(#12671,#12672,#12673,#12674));
#10096=AXIS2_PLACEMENT_3D('',#12675,#12676,#12677);
#10097=SURFACE_SIDE_STYLE('',(#12678));
#10098=EDGE_LOOP('',(#12679,#12680,#12681,#12682,#12683,#12684,#12685,#12686,#12687,#12688,#12689,#12690,#12691,#12692,#12693,#12694,#12695,#12696,#12697,#12698,#12699,#12700,#12701,#12702,#12703,#12704,#12705,#12706,#12707,#12708,#12709,#12710,#12711,#12712,#12713,#12714,#12715,#12716,#12717,#12718,#12719,#12720,#12721,#12722,#12723,#12724,#12725,#12726,#12727,#12728,#12729,#12730,#12731,#12732,#12733,#12734,#12735,#12736,#12737,#12738,#12739,#12740,#12741,#12742,#12743,#12744,#12745,#12746,#12747,#12748,#12749,#12750,#12751,#12752,#12753,#12754,#12755,#12756,#12757,#12758,#12759,#12760,#12761));
#10099=AXIS2_PLACEMENT_3D('',#12762,#12763,#12764);
#10100=DRAUGHTING_PRE_DEFINED_CURVE_FONT('continuous');
#10101=COLOUR_RGB('',0.509803950786591,0.509803950786591,0.588235318660736);
#10102=CARTESIAN_POINT('',(5.59112704228795,-1.34231084217113,18.5));
#10103=VECTOR('',#12765,1.00000000000001);
#10104=PRE_DEFINED_MARKER('');
#10105=COLOUR_RGB('',0.509803950786591,0.509803950786591,0.588235318660736);
#10106=DRAUGHTING_PRE_DEFINED_CURVE_FONT('continuous');
#10107=COLOUR_RGB('',0.509803950786591,0.509803950786591,0.588235318660736);
#10109=CARTESIAN_POINT('',(3.00436674711752,4.9026809450346,18.4500000000007));
#10110=CARTESIAN_POINT('',(2.9663419328071,5.06106569533951,18.3348227113704));
#10111=CARTESIAN_POINT('',(2.92673148124358,5.22605510013023,18.2102246225005));
#10118=DRAUGHTING_PRE_DEFINED_CURVE_FONT('continuous');
#10119=COLOUR_RGB('',0.509803950786591,0.509803950786591,0.588235318660736);
#10120=CARTESIAN_POINT('',(-5.94825699164359,0.704022609227885,18.5));
#10121=VECTOR('',#12766,1.0);
#10122=PRE_DEFINED_MARKER('');
#10123=COLOUR_RGB('',0.509803950786591,0.509803950786591,0.588235318660736);
#10124=PRE_DEFINED_MARKER('');
#10125=COLOUR_RGB('',0.509803950786591,0.509803950786591,0.588235318660736);
#10126=DRAUGHTING_PRE_DEFINED_CURVE_FONT('continuous');
#10127=COLOUR_RGB('',0.509803950786591,0.509803950786591,0.588235318660736);
#10129=CARTESIAN_POINT('',(-5.61955536329376,2.07316342621646,16.2897753775016));
#10130=CARTESIAN_POINT('',(-5.46279369165911,2.13809623666781,16.1651772886305));
#10131=CARTESIAN_POINT('',(-5.31230731193855,2.2004297361005,16.0499999999992));
#10138=SURFACE_SIDE_STYLE('',(#12767));
#10139=EDGE_LOOP('',(#12768,#12769,#12770,#12771));
#10140=AXIS2_PLACEMENT_3D('',#12772,#12773,#12774);
#10141=DRAUGHTING_PRE_DEFINED_CURVE_FONT('continuous');
#10142=COLOUR_RGB('',0.509803950786591,0.509803950786591,0.588235318660736);
#10144=CARTESIAN_POINT('',(-0.704022609227592,5.94825699164004,16.2897753774994));
#10145=CARTESIAN_POINT('',(-0.574998741838597,5.8380601985393,16.1651772886306));
#10146=CARTESIAN_POINT('',(-0.451139800437375,5.73227466896657,16.0500000000012));
#10153=DRAUGHTING_PRE_DEFINED_CURVE_FONT('continuous');
#10154=COLOUR_RGB('',0.509803950786591,0.509803950786591,0.588235318660736);
#10156=CARTESIAN_POINT('',(-3.37976520067917,4.65184771765628,16.0499999999988));
#10157=CARTESIAN_POINT('',(-3.35428432846722,4.81272761317978,16.1651772886288));
#10158=CARTESIAN_POINT('',(-3.3277409022111,4.98031621090907,16.2897753774989));
#10165=SURFACE_SIDE_STYLE('',(#12775));
#10166=EDGE_LOOP('',(#12776,#12777,#12778,#12779));
#10167=AXIS2_PLACEMENT_3D('',#12780,#12781,#12782);
#10168=DRAUGHTING_PRE_DEFINED_CURVE_FONT('continuous');
#10169=COLOUR_RGB('',0.509803950786591,0.509803950786591,0.588235318660736);
#10171=CARTESIAN_POINT('',(-1.77684771765646,-5.46857496869745,18.4499999999995));
#10172=CARTESIAN_POINT('',(-1.70289934632768,-5.61370681913231,18.3348227113684));
#10173=CARTESIAN_POINT('',(-1.62586732305958,-5.76489067725859,18.2102246224974));
#10180=PRE_DEFINED_MARKER('');
#10181=COLOUR_RGB('',0.509803950786591,0.509803950786591,0.588235318660736);
#10182=DRAUGHTING_PRE_DEFINED_CURVE_FONT('continuous');
#10183=COLOUR_RGB('',0.509803950786591,0.509803950786591,0.588235318660736);
#10185=CARTESIAN_POINT('',(2.07316342621653,-5.61955536329149,16.2897753774995));
#10186=CARTESIAN_POINT('',(1.92197956809168,-5.54252334002413,16.1651772886297));
#10187=CARTESIAN_POINT('',(1.77684771765797,-5.46857496869592,16.0499999999995));
#10194=DRAUGHTING_PRE_DEFINED_CURVE_FONT('continuous');
#10195=COLOUR_RGB('',0.509803950786591,0.509803950786591,0.588235318660736);
#10197=CARTESIAN_POINT('',(-5.76489067725799,-1.62586732306061,16.2897753775022));
#10198=CARTESIAN_POINT('',(-5.67623436921266,-1.48119337720221,16.1651772886318));
#10199=CARTESIAN_POINT('',(-5.5911270422875,-1.3423108421724,16.050000000001));
#10206=PRE_DEFINED_MARKER('');
#10207=COLOUR_RGB('',0.509803950786591,0.509803950786591,0.588235318660736);
#10208=PRE_DEFINED_MARKER('');
#10209=COLOUR_RGB('',0.509803950786591,0.509803950786591,0.588235318660736);
#10210=DRAUGHTING_PRE_DEFINED_CURVE_FONT('continuous');
#10211=COLOUR_RGB('',0.509803950786591,0.509803950786591,0.588235318660736);
#10212=CARTESIAN_POINT('',(-1.62586732305958,-5.76489067725859,18.5));
#10213=VECTOR('',#12783,1.0);
#10214=PRE_DEFINED_MARKER('');
#10215=COLOUR_RGB('',0.509803950786591,0.509803950786591,0.588235318660736);
#10216=DRAUGHTING_PRE_DEFINED_CURVE_FONT('continuous');
#10217=COLOUR_RGB('',0.509803950786591,0.509803950786591,0.588235318660736);
#10219=CARTESIAN_POINT('',(5.76489067725809,1.62586732306062,18.2102246224976));
#10220=CARTESIAN_POINT('',(5.61370681913136,1.70289934632893,18.334822711369));
#10221=CARTESIAN_POINT('',(5.46857496869603,1.77684771765794,18.4500000000004));
#10228=PRE_DEFINED_MARKER('');
#10229=COLOUR_RGB('',0.509803950786591,0.509803950786591,0.588235318660736);
#10230=DRAUGHTING_PRE_DEFINED_CURVE_FONT('continuous');
#10231=COLOUR_RGB('',0.509803950786591,0.509803950786591,0.588235318660736);
#10233=CARTESIAN_POINT('',(-2.20042973610009,5.31230731193736,16.049999999998));
#10234=CARTESIAN_POINT('',(-2.13809623666771,5.46279369165721,16.1651772886287));
#10235=CARTESIAN_POINT('',(-2.0731634262165,5.61955536329154,16.2897753774995));
#10242=DRAUGHTING_PRE_DEFINED_CURVE_FONT('continuous');
#10243=COLOUR_RGB('',0.509803950786591,0.509803950786591,0.588235318660736);
#10245=CARTESIAN_POINT('',(-4.37233430219945,-3.73432627789868,18.4500000000004));
#10246=CARTESIAN_POINT('',(-4.38511413426272,-3.89670944058854,18.3348227113695));
#10247=CARTESIAN_POINT('',(-4.39842688616207,-4.0658639918236,18.2102246224986));
#10254=DRAUGHTING_PRE_DEFINED_CURVE_FONT('continuous');
#10255=COLOUR_RGB('',0.509803950786591,0.509803950786591,0.588235318660736);
#10257=CARTESIAN_POINT('',(0.235157477760137,5.98515747776018,18.2102246224975));
#10258=CARTESIAN_POINT('',(0.115177288631183,5.86517728863122,18.3348227113687));
#10259=CARTESIAN_POINT('',(-9.30549761465699E-047,5.75000000000003,18.4499999999999));
#10266=DRAUGHTING_PRE_DEFINED_CURVE_FONT('continuous');
#10267=COLOUR_RGB('',0.509803950786591,0.509803950786591,0.588235318660736);
#10269=CARTESIAN_POINT('',(-5.61955536329376,2.07316342621646,18.2102246224983));
#10270=CARTESIAN_POINT('',(-5.54252334002593,1.92197956809072,18.3348227113689));
#10271=CARTESIAN_POINT('',(-5.46857496869745,1.77684771765647,18.4499999999995));
#10278=PRE_DEFINED_MARKER('');
#10279=COLOUR_RGB('',0.509803950786591,0.509803950786591,0.588235318660736);
#10280=DRAUGHTING_PRE_DEFINED_CURVE_FONT('continuous');
#10281=COLOUR_RGB('',0.509803950786591,0.509803950786591,0.588235318660736);
#10283=CARTESIAN_POINT('',(-2.92673148124356,-5.22605510013017,18.2102246225005));
#10284=CARTESIAN_POINT('',(-2.76535848393587,-5.17362183486476,18.334822711371));
#10285=CARTESIAN_POINT('',(-2.61044537350375,-5.12328751408066,18.4500000000015));
#10292=PRE_DEFINED_MARKER('');
#10293=COLOUR_RGB('',0.509803950786591,0.509803950786591,0.588235318660736);
#10294=DRAUGHTING_PRE_DEFINED_CURVE_FONT('continuous');
#10295=COLOUR_RGB('',0.509803950786591,0.509803950786591,0.588235318660736);
#10297=CARTESIAN_POINT('',(1.77684771765646,5.46857496869748,16.0500000000005));
#10298=CARTESIAN_POINT('',(1.92197956809063,5.54252334002592,16.165177288631));
#10299=CARTESIAN_POINT('',(2.07316342621645,5.61955536329378,16.2897753775016));
#10306=DRAUGHTING_PRE_DEFINED_CURVE_FONT('continuous');
#10307=COLOUR_RGB('',0.509803950786591,0.509803950786591,0.588235318660736);
#10309=CARTESIAN_POINT('',(5.67920795842045,-0.899498173983233,18.4500000000012));
#10310=CARTESIAN_POINT('',(5.8109849210358,-0.803756606431777,18.3348227113691));
#10311=CARTESIAN_POINT('',(5.94825699164365,-0.704022609227822,18.210224622497));
#10318=SURFACE_SIDE_STYLE('',(#12784));
#10319=EDGE_LOOP('',(#12785,#12786,#12787,#12788));
#10320=AXIS2_PLACEMENT_3D('',#12789,#12790,#12791);
#10321=SURFACE_SIDE_STYLE('',(#12792));
#10322=EDGE_LOOP('',(#12793,#12794,#12795,#12796));
#10323=AXIS2_PLACEMENT_3D('',#12797,#12798,#12799);
#10324=PRE_DEFINED_MARKER('');
#10325=COLOUR_RGB('',0.509803950786591,0.509803950786591,0.588235318660736);
#10326=DRAUGHTING_PRE_DEFINED_CURVE_FONT('continuous');
#10327=COLOUR_RGB('',0.509803950786591,0.509803950786591,0.588235318660736);
#10328=CARTESIAN_POINT('',(-4.06586399182163,-4.06586399182359,18.5));
#10329=VECTOR('',#12800,1.0);
#10330=DRAUGHTING_PRE_DEFINED_CURVE_FONT('continuous');
#10331=COLOUR_RGB('',0.509803950786591,0.509803950786591,0.588235318660736);
#10333=CARTESIAN_POINT('',(3.70823369393648,4.70387201612653,16.2897753775032));
#10334=CARTESIAN_POINT('',(3.7215464458359,4.53471746489064,16.1651772886317));
#10335=CARTESIAN_POINT('',(3.73432627789923,4.37233430219999,16.0500000000003));
#10342=DRAUGHTING_PRE_DEFINED_CURVE_FONT('continuous');
#10343=COLOUR_RGB('',0.509803950786591,0.509803950786591,0.588235318660736);
#10345=CARTESIAN_POINT('',(-5.76489067725858,1.6258673230596,18.2102246224974));
#10346=CARTESIAN_POINT('',(-5.67623436921311,1.481193377201,18.334822711368));
#10347=CARTESIAN_POINT('',(-5.59112704228789,1.34231084217107,18.4499999999988));
#10354=DRAUGHTING_PRE_DEFINED_CURVE_FONT('continuous');
#10355=COLOUR_RGB('',0.509803950786591,0.509803950786591,0.588235318660736);
#10357=CARTESIAN_POINT('',(4.06586399182169,4.06586399182365,18.4499999999999));
#10358=CARTESIAN_POINT('',(4.06586399182169,4.22874927548194,18.3348227113696));
#10359=CARTESIAN_POINT('',(4.06586399182169,4.39842688616243,18.2102246224997));
#10366=PRE_DEFINED_MARKER('');
#10367=COLOUR_RGB('',0.509803950786591,0.509803950786591,0.588235318660736);
#10368=PRE_DEFINED_MARKER('');
#10369=COLOUR_RGB('',0.509803950786591,0.509803950786591,0.588235318660736);
#10370=PRE_DEFINED_MARKER('');
#10371=COLOUR_RGB('',0.509803950786591,0.509803950786591,0.588235318660736);
#10372=SURFACE_SIDE_STYLE('',(#12801));
#10373=EDGE_LOOP('',(#12802,#12803,#12804,#12805));
#10374=AXIS2_PLACEMENT_3D('',#12806,#12807,#12808);
#10375=DRAUGHTING_PRE_DEFINED_CURVE_FONT('continuous');
#10376=COLOUR_RGB('',0.509803950786591,0.509803950786591,0.588235318660736);
#10378=CARTESIAN_POINT('',(-2.92673148124532,5.22605510013401,16.2897753775036));
#10379=CARTESIAN_POINT('',(-2.76535848393602,5.17362183486808,16.1651772886319));
#10380=CARTESIAN_POINT('',(-2.61044537350267,5.12328751408359,16.0500000000005));
#10387=SURFACE_SIDE_STYLE('',(#12809));
#10388=EDGE_LOOP('',(#12810,#12811,#12812,#12813));
#10389=AXIS2_PLACEMENT_3D('',#12814,#12815,#12816);
#10390=DRAUGHTING_PRE_DEFINED_CURVE_FONT('continuous');
#10391=COLOUR_RGB('',0.509803950786591,0.509803950786591,0.588235318660736);
#10393=CARTESIAN_POINT('',(5.94825699164,0.704022609227544,16.2897753774993));
#10394=CARTESIAN_POINT('',(5.83806019853912,0.574998741838382,16.1651772886304));
#10395=CARTESIAN_POINT('',(5.73227466896657,0.451139800437375,16.0500000000012));
#10402=PRE_DEFINED_MARKER('');
#10403=COLOUR_RGB('',0.509803950786591,0.509803950786591,0.588235318660736);
#10404=PRE_DEFINED_MARKER('');
#10405=COLOUR_RGB('',0.509803950786591,0.509803950786591,0.588235318660736);
#10406=DRAUGHTING_PRE_DEFINED_CURVE_FONT('continuous');
#10407=COLOUR_RGB('',0.509803950786591,0.509803950786591,0.588235318660736);
#10409=CARTESIAN_POINT('',(3.37976520068064,4.65184771765794,16.050000000001));
#10410=CARTESIAN_POINT('',(3.54064509620579,4.67732858987017,16.1651772886321));
#10411=CARTESIAN_POINT('',(3.70823369393648,4.70387201612653,16.2897753775032));
#10418=SURFACE_SIDE_STYLE('',(#12817));
#10419=EDGE_LOOP('',(#12818,#12819,#12820,#12821));
#10420=AXIS2_PLACEMENT_3D('',#12822,#12823,#12824);
#10421=DRAUGHTING_PRE_DEFINED_CURVE_FONT('continuous');
#10422=COLOUR_RGB('',0.509803950786591,0.509803950786591,0.588235318660736);
#10423=CARTESIAN_POINT('',(-2.0731634262165,5.61955536329154,18.5));
#10424=VECTOR('',#12825,1.0);
#10425=PRE_DEFINED_MARKER('');
#10426=COLOUR_RGB('',0.509803950786591,0.509803950786591,0.588235318660736);
#10427=DRAUGHTING_PRE_DEFINED_CURVE_FONT('continuous');
#10428=COLOUR_RGB('',0.509803950786591,0.509803950786591,0.588235318660736);
#10430=CARTESIAN_POINT('',(-4.06586399182365,4.06586399182168,18.4499999999999));
#10431=CARTESIAN_POINT('',(-4.22874927548194,4.06586399182168,18.3348227113696));
#10432=CARTESIAN_POINT('',(-4.3984268861624,4.06586399182168,18.2102246224997));
#10439=SURFACE_SIDE_STYLE('',(#12826));
#10440=EDGE_LOOP('',(#12827,#12828,#12829,#12830));
#10441=AXIS2_PLACEMENT_3D('',#12831,#12832,#12833);
#10442=DRAUGHTING_PRE_DEFINED_CURVE_FONT('continuous');
#10443=COLOUR_RGB('',0.509803950786591,0.509803950786591,0.588235318660736);
#10444=CARTESIAN_POINT('',(-4.06586399182163,-4.39842688616246,18.5));
#10445=VECTOR('',#12834,1.0);
#10446=PRE_DEFINED_MARKER('');
#10447=COLOUR_RGB('',0.509803950786591,0.509803950786591,0.588235318660736);
#10448=PRE_DEFINED_MARKER('');
#10449=COLOUR_RGB('',0.509803950786591,0.509803950786591,0.588235318660736);
#10450=PRE_DEFINED_MARKER('');
#10451=COLOUR_RGB('',0.509803950786591,0.509803950786591,0.588235318660736);
#10452=SURFACE_SIDE_STYLE('',(#12835));
#10453=EDGE_LOOP('',(#12836,#12837,#12838,#12839));
#10454=AXIS2_PLACEMENT_3D('',#12840,#12841,#12842);
#10455=DRAUGHTING_PRE_DEFINED_CURVE_FONT('continuous');
#10456=COLOUR_RGB('',0.509803950786591,0.509803950786591,0.588235318660736);
#10457=CARTESIAN_POINT('',(-5.46857496869745,1.77684771765647,18.5));
#10458=VECTOR('',#12843,1.0);
#10459=SURFACE_SIDE_STYLE('',(#12844));
#10460=EDGE_LOOP('',(#12845,#12846,#12847,#12848));
#10461=AXIS2_PLACEMENT_3D('',#12849,#12850,#12851);
#10462=PRE_DEFINED_MARKER('');
#10463=COLOUR_RGB('',0.509803950786591,0.509803950786591,0.588235318660736);
#10464=DRAUGHTING_PRE_DEFINED_CURVE_FONT('continuous');
#10465=COLOUR_RGB('',0.509803950786591,0.509803950786591,0.588235318660736);
#10467=CARTESIAN_POINT('',(5.87468352317303,-1.16854720720256,16.2897753774996));
#10468=CARTESIAN_POINT('',(5.73000957731613,-1.25720351524699,16.1651772886306));
#10469=CARTESIAN_POINT('',(5.59112704228795,-1.34231084217113,16.0500000000012));
#10476=SURFACE_SIDE_STYLE('',(#12852));
#10477=EDGE_LOOP('',(#12853,#12854,#12855,#12856));
#10478=AXIS2_PLACEMENT_3D('',#12857,#12858,#12859);
#10479=DRAUGHTING_PRE_DEFINED_CURVE_FONT('continuous');
#10480=COLOUR_RGB('',0.509803950786591,0.509803950786591,0.588235318660736);
#10482=CARTESIAN_POINT('',(-1.34231084217237,5.59112704228752,16.0500000000011));
#10483=CARTESIAN_POINT('',(-1.25720351524777,5.73000957731646,16.165177288631));
#10484=CARTESIAN_POINT('',(-1.16854720720292,5.87468352317406,16.2897753775007));
#10491=PRE_DEFINED_MARKER('');
#10492=COLOUR_RGB('',0.509803950786591,0.509803950786591,0.588235318660736);
#10493=DRAUGHTING_PRE_DEFINED_CURVE_FONT('continuous');
#10494=COLOUR_RGB('',0.509803950786591,0.509803950786591,0.588235318660736);
#10495=AXIS2_PLACEMENT_3D('',#12860,#12861,#12862);
#10496=DRAUGHTING_PRE_DEFINED_CURVE_FONT('continuous');
#10497=COLOUR_RGB('',0.509803950786591,0.509803950786591,0.588235318660736);
#10498=CARTESIAN_POINT('',(1.16854720720252,5.87468352317301,18.5));
#10499=VECTOR('',#12863,1.0);
#10500=PRE_DEFINED_MARKER('');
#10501=COLOUR_RGB('',0.509803950786591,0.509803950786591,0.588235318660736);
#10502=DRAUGHTING_PRE_DEFINED_CURVE_FONT('continuous');
#10503=COLOUR_RGB('',0.509803950786591,0.509803950786591,0.588235318660736);
#10505=CARTESIAN_POINT('',(-5.22605510013018,2.9267314812436,18.2102246225005));
#10506=CARTESIAN_POINT('',(-5.17362183486479,2.76535848393599,18.3348227113709));
#10507=CARTESIAN_POINT('',(-5.12328751408066,2.61044537350379,18.4500000000015));
#10514=DRAUGHTING_PRE_DEFINED_CURVE_FONT('continuous');
#10515=COLOUR_RGB('',0.509803950786591,0.509803950786591,0.588235318660736);
#10516=CARTESIAN_POINT('',(-1.16854720720255,-5.87468352317305,18.5));
#10517=VECTOR('',#12864,1.0);
#10518=PRE_DEFINED_MARKER('');
#10519=COLOUR_RGB('',0.509803950786591,0.509803950786591,0.588235318660736);
#10520=DRAUGHTING_PRE_DEFINED_CURVE_FONT('continuous');
#10521=COLOUR_RGB('',0.509803950786591,0.509803950786591,0.588235318660736);
#10523=CARTESIAN_POINT('',(-4.06586399182366,4.39842688616215,16.2897753775014));
#10524=CARTESIAN_POINT('',(-3.89670944058862,4.3851141342628,16.1651772886305));
#10525=CARTESIAN_POINT('',(-3.73432627789867,4.37233430219952,16.0499999999996));
#10532=DRAUGHTING_PRE_DEFINED_CURVE_FONT('continuous');
#10533=COLOUR_RGB('',0.509803950786591,0.509803950786591,0.588235318660736);
#10535=CARTESIAN_POINT('',(3.70823369393608,-4.70387201612494,16.2897753775017));
#10536=CARTESIAN_POINT('',(3.54064509620461,-4.67732858986846,16.1651772886301));
#10537=CARTESIAN_POINT('',(3.37976520067917,-4.65184771765621,16.0499999999987));
#10544=PRE_DEFINED_MARKER('');
#10545=COLOUR_RGB('',0.509803950786591,0.509803950786591,0.588235318660736);
#10546=PRE_DEFINED_MARKER('');
#10547=COLOUR_RGB('',0.509803950786591,0.509803950786591,0.588235318660736);
#10548=PRE_DEFINED_MARKER('');
#10549=COLOUR_RGB('',0.509803950786591,0.509803950786591,0.588235318660736);
#10550=DRAUGHTING_PRE_DEFINED_CURVE_FONT('continuous');
#10551=COLOUR_RGB('',0.509803950786591,0.509803950786591,0.588235318660736);
#10552=CARTESIAN_POINT('',(-3.70823369393602,4.703872016125,18.5));
#10553=VECTOR('',#12865,1.0);
#10554=PRE_DEFINED_MARKER('');
#10555=COLOUR_RGB('',0.509803950786591,0.509803950786591,0.588235318660736);
#10556=PRE_DEFINED_MARKER('');
#10557=COLOUR_RGB('',0.509803950786591,0.509803950786591,0.588235318660736);
#10558=DRAUGHTING_PRE_DEFINED_CURVE_FONT('continuous');
#10559=COLOUR_RGB('',0.509803950786591,0.509803950786591,0.588235318660736);
#10561=CARTESIAN_POINT('',(-2.61044537350267,5.12328751408359,16.0500000000005));
#10562=CARTESIAN_POINT('',(-2.56011105271901,5.27820062451438,16.16517728863));
#10563=CARTESIAN_POINT('',(-2.50767778745401,5.43957362182081,16.2897753774994));
#10570=PRE_DEFINED_MARKER('');
#10571=COLOUR_RGB('',0.509803950786591,0.509803950786591,0.588235318660736);
#10572=PRE_DEFINED_MARKER('');
#10573=COLOUR_RGB('',0.509803950786591,0.509803950786591,0.588235318660736);
#10574=DRAUGHTING_PRE_DEFINED_CURVE_FONT('continuous');
#10575=COLOUR_RGB('',0.509803950786591,0.509803950786591,0.588235318660736);
#10577=CARTESIAN_POINT('',(-3.00436674711978,4.90268094503618,18.4499999999982));
#10578=CARTESIAN_POINT('',(-3.16275149742254,4.94070575934607,18.3348227113694));
#10579=CARTESIAN_POINT('',(-3.3277409022111,4.98031621090907,18.2102246225011));
#10586=DRAUGHTING_PRE_DEFINED_CURVE_FONT('continuous');
#10587=COLOUR_RGB('',0.509803950786591,0.509803950786591,0.588235318660736);
#10588=CARTESIAN_POINT('',(-0.899498173980959,5.6792079584196,18.5));
#10589=VECTOR('',#12866,0.999999999999991);
#10590=PRE_DEFINED_MARKER('');
#10591=COLOUR_RGB('',0.509803950786591,0.509803950786591,0.588235318660736);
#10592=DRAUGHTING_PRE_DEFINED_CURVE_FONT('continuous');
#10593=COLOUR_RGB('',0.509803950786591,0.509803950786591,0.588235318660736);
#10594=CARTESIAN_POINT('',(5.22605510013023,-2.92673148124363,18.5));
#10595=VECTOR('',#12867,1.0);
#10596=DRAUGHTING_PRE_DEFINED_CURVE_FONT('continuous');
#10597=COLOUR_RGB('',0.509803950786591,0.509803950786591,0.588235318660736);
#10598=CARTESIAN_POINT('',(-3.73432627789867,4.37233430219952,18.5));
#10599=VECTOR('',#12868,0.999999999999999);
#10600=PRE_DEFINED_MARKER('');
#10601=COLOUR_RGB('',0.509803950786591,0.509803950786591,0.588235318660736);
#10602=DRAUGHTING_PRE_DEFINED_CURVE_FONT('continuous');
#10603=COLOUR_RGB('',0.509803950786591,0.509803950786591,0.588235318660736);
#10604=CARTESIAN_POINT('',(-5.84999999999998,-9.38871151446698E-013,18.35));
#10605=VECTOR('',#12869,1.0);
#10606=DRAUGHTING_PRE_DEFINED_CURVE_FONT('continuous');
#10607=COLOUR_RGB('',0.509803950786591,0.509803950786591,0.588235318660736);
#10609=CARTESIAN_POINT('',(2.92673148124358,5.22605510013023,18.2102246225005));
#10610=CARTESIAN_POINT('',(2.76535848393583,5.17362183486479,18.334822711371));
#10611=CARTESIAN_POINT('',(2.61044537350378,5.12328751408072,18.4500000000015));
#10618=DRAUGHTING_PRE_DEFINED_CURVE_FONT('continuous');
#10619=COLOUR_RGB('',0.509803950786591,0.509803950786591,0.588235318660736);
#10620=CARTESIAN_POINT('',(5.6195553632916,2.07316342621648,18.5));
#10621=VECTOR('',#12870,1.0);
#10622=DRAUGHTING_PRE_DEFINED_CURVE_FONT('continuous');
#10623=COLOUR_RGB('',0.509803950786591,0.509803950786591,0.588235318660736);
#10624=CARTESIAN_POINT('',(-4.70387201612658,3.70823369393645,18.5));
#10625=VECTOR('',#12871,1.0);
#10626=PRE_DEFINED_MARKER('');
#10627=COLOUR_RGB('',0.509803950786591,0.509803950786591,0.588235318660736);
#10628=DRAUGHTING_PRE_DEFINED_CURVE_FONT('continuous');
#10629=COLOUR_RGB('',0.509803950786591,0.509803950786591,0.588235318660736);
#10631=CARTESIAN_POINT('',(3.73432627789873,-4.37233430219956,18.4500000000003));
#10632=CARTESIAN_POINT('',(3.89670944058867,-4.38511413426284,18.3348227113694));
#10633=CARTESIAN_POINT('',(4.06586399182369,-4.39842688616219,18.2102246224985));
#10640=PRE_DEFINED_MARKER('');
#10641=COLOUR_RGB('',0.509803950786591,0.509803950786591,0.588235318660736);
#10642=SURFACE_SIDE_STYLE('',(#12872));
#10643=EDGE_LOOP('',(#12873,#12874,#12875,#12876));
#10644=AXIS2_PLACEMENT_3D('',#12877,#12878,#12879);
#10645=DRAUGHTING_PRE_DEFINED_CURVE_FONT('continuous');
#10646=COLOUR_RGB('',0.509803950786591,0.509803950786591,0.588235318660736);
#10648=CARTESIAN_POINT('',(2.20042973610009,-5.31230731193739,16.049999999998));
#10649=CARTESIAN_POINT('',(2.13809623666756,-5.4627936916576,16.165177288629));
#10650=CARTESIAN_POINT('',(2.07316342621653,-5.61955536329149,16.2897753774995));
#10657=PRE_DEFINED_MARKER('');
#10658=COLOUR_RGB('',0.509803950786591,0.509803950786591,0.588235318660736);
#10659=PRE_DEFINED_MARKER('');
#10660=COLOUR_RGB('',0.509803950786591,0.509803950786591,0.588235318660736);
#10661=DRAUGHTING_PRE_DEFINED_CURVE_FONT('continuous');
#10662=COLOUR_RGB('',0.509803950786591,0.509803950786591,0.588235318660736);
#10664=CARTESIAN_POINT('',(-5.59112704228789,1.34231084217107,18.4499999999988));
#10665=CARTESIAN_POINT('',(-5.73000957731613,1.25720351524689,18.3348227113694));
#10666=CARTESIAN_POINT('',(-5.87468352317294,1.16854720720253,18.2102246225004));
#10673=DRAUGHTING_PRE_DEFINED_CURVE_FONT('continuous');
#10674=COLOUR_RGB('',0.509803950786591,0.509803950786591,0.588235318660736);
#10676=CARTESIAN_POINT('',(-5.87468352317398,-1.16854720720298,18.2102246224993));
#10677=CARTESIAN_POINT('',(-5.73000957731641,-1.25720351524781,18.3348227113689));
#10678=CARTESIAN_POINT('',(-5.5911270422875,-1.3423108421724,18.4499999999989));
#10685=DRAUGHTING_PRE_DEFINED_CURVE_FONT('continuous');
#10686=COLOUR_RGB('',0.509803950786591,0.509803950786591,0.588235318660736);
#10688=CARTESIAN_POINT('',(-5.31230731193855,2.2004297361005,16.0499999999992));
#10689=CARTESIAN_POINT('',(-5.37464081137086,2.35091611582013,16.1651772886298));
#10690=CARTESIAN_POINT('',(-5.43957362182183,2.50767778745386,16.2897753775003));
#10697=SURFACE_SIDE_STYLE('',(#12880));
#10698=EDGE_LOOP('',(#12881,#12882,#12883,#12884));
#10699=AXIS2_PLACEMENT_3D('',#12885,#12886,#12887);
#10700=PRE_DEFINED_MARKER('');
#10701=COLOUR_RGB('',0.509803950786591,0.509803950786591,0.588235318660736);
#10702=DRAUGHTING_PRE_DEFINED_CURVE_FONT('continuous');
#10703=COLOUR_RGB('',0.509803950786591,0.509803950786591,0.588235318660736);
#10705=CARTESIAN_POINT('',(-5.73227466896651,-0.451139800437403,16.0500000000012));
#10706=CARTESIAN_POINT('',(-5.85613361036952,-0.345354270863147,16.1651772886321));
#10707=CARTESIAN_POINT('',(-5.98515747776063,-0.235157477760606,16.2897753775029));
#10714=DRAUGHTING_PRE_DEFINED_CURVE_FONT('continuous');
#10715=COLOUR_RGB('',0.509803950786591,0.509803950786591,0.588235318660736);
#10716=CARTESIAN_POINT('',(-0.704022609227891,-5.94825699164358,18.5));
#10717=VECTOR('',#12888,1.0);
#10718=DRAUGHTING_PRE_DEFINED_CURVE_FONT('continuous');
#10719=COLOUR_RGB('',0.509803950786591,0.509803950786591,0.588235318660736);
#10720=CARTESIAN_POINT('',(-1.375,-2.21409194651985E-013,0.124999999999972));
#10721=VECTOR('',#12889,1.0);
#10722=SURFACE_SIDE_STYLE('',(#12890));
#10723=EDGE_LOOP('',(#12891,#12892,#12893,#12894));
#10724=AXIS2_PLACEMENT_3D('',#12895,#12896,#12897);
#10725=DRAUGHTING_PRE_DEFINED_CURVE_FONT('continuous');
#10726=COLOUR_RGB('',0.509803950786591,0.509803950786591,0.588235318660736);
#10728=CARTESIAN_POINT('',(-2.61044537350375,-5.12328751408066,16.0499999999984));
#10729=CARTESIAN_POINT('',(-2.76535848393607,-5.17362183486483,16.1651772886291));
#10730=CARTESIAN_POINT('',(-2.92673148124356,-5.22605510013017,16.2897753774994));
#10737=DRAUGHTING_PRE_DEFINED_CURVE_FONT('continuous');
#10738=COLOUR_RGB('',0.509803950786591,0.509803950786591,0.588235318660736);
#10740=CARTESIAN_POINT('',(5.12328751408069,-2.61044537350373,18.4500000000015));
#10741=CARTESIAN_POINT('',(5.27820062451353,-2.56011105271942,18.3348227113705));
#10742=CARTESIAN_POINT('',(5.43957362182184,-2.50767778745381,18.2102246224996));
#10749=PRE_DEFINED_MARKER('');
#10750=COLOUR_RGB('',0.509803950786591,0.509803950786591,0.588235318660736);
#10751=PRE_DEFINED_MARKER('');
#10752=COLOUR_RGB('',0.509803950786591,0.509803950786591,0.588235318660736);
#10753=PRE_DEFINED_MARKER('');
#10754=COLOUR_RGB('',0.509803950786591,0.509803950786591,0.588235318660736);
#10755=DRAUGHTING_PRE_DEFINED_CURVE_FONT('continuous');
#10756=COLOUR_RGB('',0.509803950786591,0.509803950786591,0.588235318660736);
#10757=CARTESIAN_POINT('',(-4.18659140527932E-016,-1.36463353065868,0.0781538675134601));
#10758=VECTOR('',#12898,1.0);
#10759=SURFACE_SIDE_STYLE('',(#12899));
#10760=EDGE_LOOP('',(#12900,#12901,#12902,#12903));
#10761=AXIS2_PLACEMENT_3D('',#12904,#12905,#12906);
#10762=DRAUGHTING_PRE_DEFINED_CURVE_FONT('continuous');
#10763=COLOUR_RGB('',0.509803950786591,0.509803950786591,0.588235318660736);
#10765=CARTESIAN_POINT('',(-1.77684771765792,5.46857496869595,16.0499999999995));
#10766=CARTESIAN_POINT('',(-1.70289934632891,5.61370681913126,16.1651772886309));
#10767=CARTESIAN_POINT('',(-1.62586732306058,5.76489067725802,16.2897753775022));
#10774=PRE_DEFINED_MARKER('');
#10775=COLOUR_RGB('',0.509803950786591,0.509803950786591,0.588235318660736);
#10776=PRE_DEFINED_MARKER('');
#10777=COLOUR_RGB('',0.509803950786591,0.509803950786591,0.588235318660736);
#10778=PRE_DEFINED_MARKER('');
#10779=COLOUR_RGB('',0.509803950786591,0.509803950786591,0.588235318660736);
#10780=DRAUGHTING_PRE_DEFINED_CURVE_FONT('continuous');
#10781=COLOUR_RGB('',0.509803950786591,0.509803950786591,0.588235318660736);
#10783=CARTESIAN_POINT('',(-3.70823369393637,-4.70387201612647,16.2897753775031));
#10784=CARTESIAN_POINT('',(-3.72154644583578,-4.53471746489067,16.1651772886317));
#10785=CARTESIAN_POINT('',(-3.73432627789911,-4.37233430220002,16.0500000000002));
#10792=DRAUGHTING_PRE_DEFINED_CURVE_FONT('continuous');
#10793=COLOUR_RGB('',0.509803950786591,0.509803950786591,0.588235318660736);
#10794=CARTESIAN_POINT('',(-5.73227466896651,-0.451139800437403,18.5));
#10795=VECTOR('',#12907,1.00000000000001);
#10796=PRE_DEFINED_MARKER('');
#10797=COLOUR_RGB('',0.509803950786591,0.509803950786591,0.588235318660736);
#10798=DRAUGHTING_PRE_DEFINED_CURVE_FONT('continuous');
#10799=COLOUR_RGB('',0.509803950786591,0.509803950786591,0.588235318660736);
#10801=CARTESIAN_POINT('',(5.67920795842045,-0.899498173983232,16.0499999999987));
#10802=CARTESIAN_POINT('',(5.77494952597052,-1.03127513659671,16.1651772886293));
#10803=CARTESIAN_POINT('',(5.87468352317303,-1.16854720720256,16.2897753774996));
#10810=DRAUGHTING_PRE_DEFINED_CURVE_FONT('continuous');
#10811=COLOUR_RGB('',0.509803950786591,0.509803950786591,0.588235318660736);
#10813=CARTESIAN_POINT('',(-4.06586399182163,-4.39842688616246,18.2102246224997));
#10814=CARTESIAN_POINT('',(-3.89670944058793,-4.38511413426321,18.3348227113695));
#10815=CARTESIAN_POINT('',(-3.73432627789912,-4.37233430220002,18.4499999999997));
#10822=PRE_DEFINED_MARKER('');
#10823=COLOUR_RGB('',0.509803950786591,0.509803950786591,0.588235318660736);
#10824=PRE_DEFINED_MARKER('');
#10825=COLOUR_RGB('',0.509803950786591,0.509803950786591,0.588235318660736);
#10826=SURFACE_SIDE_STYLE('',(#12908));
#10827=EDGE_LOOP('',(#12909,#12910,#12911,#12912));
#10828=AXIS2_PLACEMENT_3D('',#12913,#12914,#12915);
#10829=DRAUGHTING_PRE_DEFINED_CURVE_FONT('continuous');
#10830=COLOUR_RGB('',0.509803950786591,0.509803950786591,0.588235318660736);
#10832=CARTESIAN_POINT('',(2.61044537350267,-5.12328751408354,16.0500000000005));
#10833=CARTESIAN_POINT('',(2.56011105271899,-5.27820062451439,16.16517728863));
#10834=CARTESIAN_POINT('',(2.50767778745399,-5.43957362182083,16.2897753774994));
#10841=DRAUGHTING_PRE_DEFINED_CURVE_FONT('continuous');
#10842=COLOUR_RGB('',0.509803950786591,0.509803950786591,0.588235318660736);
#10843=CARTESIAN_POINT('',(-2.92673148124532,5.22605510013401,18.5));
#10844=VECTOR('',#12916,1.0);
#10845=PRE_DEFINED_MARKER('');
#10846=COLOUR_RGB('',0.509803950786591,0.509803950786591,0.588235318660736);
#10847=DRAUGHTING_PRE_DEFINED_CURVE_FONT('continuous');
#10848=COLOUR_RGB('',0.509803950786591,0.509803950786591,0.588235318660736);
#10849=CARTESIAN_POINT('',(4.98031621090675,3.32774090221144,18.5));
#10850=VECTOR('',#12917,1.0);
#10851=PRE_DEFINED_MARKER('');
#10852=COLOUR_RGB('',0.509803950786591,0.509803950786591,0.588235318660736);
#10853=PRE_DEFINED_MARKER('');
#10854=COLOUR_RGB('',0.509803950786591,0.509803950786591,0.588235318660736);
#10855=DRAUGHTING_PRE_DEFINED_CURVE_FONT('continuous');
#10856=COLOUR_RGB('',0.509803950786591,0.509803950786591,0.588235318660736);
#10858=CARTESIAN_POINT('',(-5.67920795842042,0.899498173983275,16.0499999999987));
#10859=CARTESIAN_POINT('',(-5.77494952597043,1.03127513659667,16.1651772886292));
#10860=CARTESIAN_POINT('',(-5.87468352317294,1.16854720720253,16.2897753774996));
#10867=PRE_DEFINED_MARKER('');
#10868=COLOUR_RGB('',0.509803950786591,0.509803950786591,0.588235318660736);
#10869=PRE_DEFINED_MARKER('');
#10870=COLOUR_RGB('',0.509803950786591,0.509803950786591,0.588235318660736);
#10871=PRE_DEFINED_MARKER('');
#10872=COLOUR_RGB('',0.509803950786591,0.509803950786591,0.588235318660736);
#10873=PRE_DEFINED_MARKER('');
#10874=COLOUR_RGB('',0.509803950786591,0.509803950786591,0.588235318660736);
#10875=DRAUGHTING_PRE_DEFINED_CURVE_FONT('continuous');
#10876=COLOUR_RGB('',0.509803950786591,0.509803950786591,0.588235318660736);
#10878=CARTESIAN_POINT('',(-1.16854720720255,-5.87468352317305,16.2897753774997));
#10879=CARTESIAN_POINT('',(-1.25720351524694,-5.73000957731621,16.1651772886306));
#10880=CARTESIAN_POINT('',(-1.34231084217113,-5.59112704228795,16.0500000000012));
#10887=DRAUGHTING_PRE_DEFINED_CURVE_FONT('continuous');
#10888=COLOUR_RGB('',0.509803950786591,0.509803950786591,0.588235318660736);
#10890=CARTESIAN_POINT('',(1.16854720720304,-5.87468352317407,18.2102246224992));
#10891=CARTESIAN_POINT('',(1.25720351524793,-5.73000957731639,18.3348227113689));
#10892=CARTESIAN_POINT('',(1.34231084217254,-5.59112704228744,18.4499999999989));
#10899=SURFACE_SIDE_STYLE('',(#12918));
#10900=EDGE_LOOP('',(#12919,#12920,#12921,#12922,#12923));
#10901=AXIS2_PLACEMENT_3D('',#12924,#12925,#12926);
#10902=PRE_DEFINED_MARKER('');
#10903=COLOUR_RGB('',0.509803950786591,0.509803950786591,0.588235318660736);
#10904=SURFACE_SIDE_STYLE('',(#12927));
#10905=EDGE_LOOP('',(#12928,#12929,#12930,#12931));
#10906=AXIS2_PLACEMENT_3D('',#12932,#12933,#12934);
#10907=PRE_DEFINED_MARKER('');
#10908=COLOUR_RGB('',0.509803950786591,0.509803950786591,0.588235318660736);
#10909=DRAUGHTING_PRE_DEFINED_CURVE_FONT('continuous');
#10910=COLOUR_RGB('',0.509803950786591,0.509803950786591,0.588235318660736);
#10912=CARTESIAN_POINT('',(-2.50767778745382,-5.43957362182182,16.2897753775003));
#10913=CARTESIAN_POINT('',(-2.56011105271947,-5.27820062451341,16.1651772886293));
#10914=CARTESIAN_POINT('',(-2.61044537350375,-5.12328751408066,16.0499999999984));
#10921=DRAUGHTING_PRE_DEFINED_CURVE_FONT('continuous');
#10922=COLOUR_RGB('',0.509803950786591,0.509803950786591,0.588235318660736);
#10924=CARTESIAN_POINT('',(-4.70387201612491,-3.70823369393602,16.2897753775016));
#10925=CARTESIAN_POINT('',(-4.67732858986844,-3.54064509620461,16.16517728863));
#10926=CARTESIAN_POINT('',(-4.65184771765618,-3.37976520067912,16.0499999999987));
#10933=DRAUGHTING_PRE_DEFINED_CURVE_FONT('continuous');
#10934=COLOUR_RGB('',0.509803950786591,0.509803950786591,0.588235318660736);
#10936=CARTESIAN_POINT('',(-2.50767778745382,-5.43957362182182,18.2102246224997));
#10937=CARTESIAN_POINT('',(-2.3509161158201,-5.37464081137085,18.3348227113701));
#10938=CARTESIAN_POINT('',(-2.20042973610035,-5.3123073119385,18.4500000000008));
#10945=DRAUGHTING_PRE_DEFINED_CURVE_FONT('continuous');
#10946=COLOUR_RGB('',0.509803950786591,0.509803950786591,0.588235318660736);
#10948=CARTESIAN_POINT('',(5.31230731193853,-2.20042973610034,18.4500000000008));
#10949=CARTESIAN_POINT('',(5.46279369165897,-2.1380962366677,18.3348227113696));
#10950=CARTESIAN_POINT('',(5.6195553632937,-2.07316342621632,18.2102246224984));
#10957=PRE_DEFINED_MARKER('');
#10958=COLOUR_RGB('',0.509803950786591,0.509803950786591,0.588235318660736);
#10959=DRAUGHTING_PRE_DEFINED_CURVE_FONT('continuous');
#10960=COLOUR_RGB('',0.509803950786591,0.509803950786591,0.588235318660736);
#10961=CARTESIAN_POINT('',(5.12328751408359,2.61044537350264,18.5));
#10962=VECTOR('',#12935,1.0);
#10963=DRAUGHTING_PRE_DEFINED_CURVE_FONT('continuous');
#10964=COLOUR_RGB('',0.509803950786591,0.509803950786591,0.588235318660736);
#10966=CARTESIAN_POINT('',(-0.451139800435143,-5.73227466896793,16.0500000000024));
#10967=CARTESIAN_POINT('',(-0.574998741837501,-5.83806019854164,16.1651772886328));
#10968=CARTESIAN_POINT('',(-0.704022609227891,-5.94825699164358,16.2897753775029));
#10975=DRAUGHTING_PRE_DEFINED_CURVE_FONT('continuous');
#10976=COLOUR_RGB('',0.509803950786591,0.509803950786591,0.588235318660736);
#10978=CARTESIAN_POINT('',(5.75,1.4210854715202E-014,18.4499999999999));
#10979=CARTESIAN_POINT('',(5.86517728863143,0.115177288631445,18.3348227113685));
#10980=CARTESIAN_POINT('',(5.98515747776062,0.235157477760636,18.210224622497));
#10987=DRAUGHTING_PRE_DEFINED_CURVE_FONT('continuous');
#10988=COLOUR_RGB('',0.509803950786591,0.509803950786591,0.588235318660736);
#10989=CARTESIAN_POINT('',(-2.61044537350375,-5.12328751408066,18.5));
#10990=VECTOR('',#12936,0.999999999999989);
#10991=PRE_DEFINED_MARKER('');
#10992=COLOUR_RGB('',0.509803950786591,0.509803950786591,0.588235318660736);
#10993=PRE_DEFINED_MARKER('');
#10994=COLOUR_RGB('',0.509803950786591,0.509803950786591,0.588235318660736);
#10995=DRAUGHTING_PRE_DEFINED_CURVE_FONT('continuous');
#10996=COLOUR_RGB('',0.509803950786591,0.509803950786591,0.588235318660736);
#10997=CARTESIAN_POINT('',(5.46857496869745,-1.77684771765643,18.5));
#10998=VECTOR('',#12937,1.0);
#10999=PRE_DEFINED_MARKER('');
#11000=COLOUR_RGB('',0.509803950786591,0.509803950786591,0.588235318660736);
#11001=PRE_DEFINED_MARKER('');
#11002=COLOUR_RGB('',0.509803950786591,0.509803950786591,0.588235318660736);
#11003=SURFACE_SIDE_STYLE('',(#12938));
#11004=EDGE_LOOP('',(#12939,#12940));
#11005=AXIS2_PLACEMENT_3D('',#12941,#12942,#12943);
#11006=DRAUGHTING_PRE_DEFINED_CURVE_FONT('continuous');
#11007=COLOUR_RGB('',0.509803950786591,0.509803950786591,0.588235318660736);
#11009=CARTESIAN_POINT('',(5.43957362182184,-2.50767778745381,18.2102246224996));
#11010=CARTESIAN_POINT('',(5.37464081137081,-2.35091611581993,18.3348227113702));
#11011=CARTESIAN_POINT('',(5.31230731193853,-2.20042973610034,18.4500000000008));
#11018=DRAUGHTING_PRE_DEFINED_CURVE_FONT('continuous');
#11019=COLOUR_RGB('',0.509803950786591,0.509803950786591,0.588235318660736);
#11021=CARTESIAN_POINT('',(4.6518477176563,3.37976520067914,16.0499999999988));
#11022=CARTESIAN_POINT('',(4.81272761317882,3.35428432846734,16.1651772886281));
#11023=CARTESIAN_POINT('',(4.98031621090675,3.32774090221144,16.2897753774971));
#11031=SURFACE_STYLE_FILL_AREA(#12944);
#11032=ORIENTED_EDGE('',*,*,#2914,.T.);
#11033=ORIENTED_EDGE('',*,*,#1104,.F.);
#11034=ORIENTED_EDGE('',*,*,#1770,.T.);
#11035=ORIENTED_EDGE('',*,*,#3040,.T.);
#11036=ORIENTED_EDGE('',*,*,#1368,.T.);
#11037=ORIENTED_EDGE('',*,*,#1314,.T.);
#11038=ORIENTED_EDGE('',*,*,#1346,.T.);
#11039=ORIENTED_EDGE('',*,*,#2006,.T.);
#11040=ORIENTED_EDGE('',*,*,#1388,.T.);
#11041=ORIENTED_EDGE('',*,*,#1728,.T.);
#11042=ORIENTED_EDGE('',*,*,#2778,.T.);
#11043=ORIENTED_EDGE('',*,*,#2330,.T.);
#11044=ORIENTED_EDGE('',*,*,#1280,.T.);
#11045=ORIENTED_EDGE('',*,*,#2400,.T.);
#11046=ORIENTED_EDGE('',*,*,#1164,.T.);
#11047=ORIENTED_EDGE('',*,*,#2250,.T.);
#11048=ORIENTED_EDGE('',*,*,#2278,.T.);
#11049=ORIENTED_EDGE('',*,*,#2358,.T.);
#11050=ORIENTED_EDGE('',*,*,#1724,.T.);
#11051=ORIENTED_EDGE('',*,*,#2258,.T.);
#11052=ORIENTED_EDGE('',*,*,#1484,.T.);
#11053=ORIENTED_EDGE('',*,*,#2448,.T.);
#11054=ORIENTED_EDGE('',*,*,#2334,.T.);
#11055=ORIENTED_EDGE('',*,*,#2812,.T.);
#11056=ORIENTED_EDGE('',*,*,#1310,.T.);
#11057=ORIENTED_EDGE('',*,*,#1344,.T.);
#11058=ORIENTED_EDGE('',*,*,#1522,.T.);
#11059=ORIENTED_EDGE('',*,*,#1308,.T.);
#11060=ORIENTED_EDGE('',*,*,#1510,.T.);
#11061=ORIENTED_EDGE('',*,*,#2744,.T.);
#11062=ORIENTED_EDGE('',*,*,#2916,.T.);
#11063=ORIENTED_EDGE('',*,*,#1446,.T.);
#11064=ORIENTED_EDGE('',*,*,#1184,.T.);
#11065=ORIENTED_EDGE('',*,*,#1620,.T.);
#11066=ORIENTED_EDGE('',*,*,#2602,.T.);
#11067=ORIENTED_EDGE('',*,*,#2178,.T.);
#11068=ORIENTED_EDGE('',*,*,#1302,.T.);
#11069=ORIENTED_EDGE('',*,*,#1374,.T.);
#11070=ORIENTED_EDGE('',*,*,#2586,.T.);
#11071=ORIENTED_EDGE('',*,*,#1408,.T.);
#11072=ORIENTED_EDGE('',*,*,#1752,.T.);
#11073=ORIENTED_EDGE('',*,*,#2668,.T.);
#11074=ORIENTED_EDGE('',*,*,#2786,.T.);
#11075=ORIENTED_EDGE('',*,*,#2440,.T.);
#11076=ORIENTED_EDGE('',*,*,#1474,.T.);
#11077=ORIENTED_EDGE('',*,*,#2146,.T.);
#11078=ORIENTED_EDGE('',*,*,#2156,.T.);
#11079=ORIENTED_EDGE('',*,*,#2372,.T.);
#11080=ORIENTED_EDGE('',*,*,#1422,.T.);
#11081=ORIENTED_EDGE('',*,*,#2470,.T.);
#11082=ORIENTED_EDGE('',*,*,#1238,.T.);
#11083=ORIENTED_EDGE('',*,*,#1900,.T.);
#11084=ORIENTED_EDGE('',*,*,#1326,.T.);
#11085=ORIENTED_EDGE('',*,*,#2014,.T.);
#11086=ORIENTED_EDGE('',*,*,#1972,.T.);
#11087=ORIENTED_EDGE('',*,*,#2716,.T.);
#11088=ORIENTED_EDGE('',*,*,#2396,.T.);
#11089=ORIENTED_EDGE('',*,*,#2902,.T.);
#11090=ORIENTED_EDGE('',*,*,#2444,.T.);
#11091=ORIENTED_EDGE('',*,*,#1298,.T.);
#11092=ORIENTED_EDGE('',*,*,#2264,.T.);
#11093=ORIENTED_EDGE('',*,*,#2144,.T.);
#11094=ORIENTED_EDGE('',*,*,#1366,.T.);
#11095=ORIENTED_EDGE('',*,*,#2840,.T.);
#11096=ORIENTED_EDGE('',*,*,#1874,.T.);
#11097=ORIENTED_EDGE('',*,*,#2656,.T.);
#11098=ORIENTED_EDGE('',*,*,#2244,.T.);
#11099=ORIENTED_EDGE('',*,*,#1360,.T.);
#11100=ORIENTED_EDGE('',*,*,#2210,.T.);
#11101=ORIENTED_EDGE('',*,*,#2698,.T.);
#11102=ORIENTED_EDGE('',*,*,#2874,.T.);
#11103=ORIENTED_EDGE('',*,*,#1046,.T.);
#11104=ORIENTED_EDGE('',*,*,#1424,.T.);
#11105=ORIENTED_EDGE('',*,*,#1470,.T.);
#11106=ORIENTED_EDGE('',*,*,#2788,.T.);
#11107=ORIENTED_EDGE('',*,*,#1300,.T.);
#11108=ORIENTED_EDGE('',*,*,#2810,.T.);
#11109=ORIENTED_EDGE('',*,*,#2936,.T.);
#11110=ORIENTED_EDGE('',*,*,#2124,.T.);
#11111=ORIENTED_EDGE('',*,*,#1788,.T.);
#11112=ORIENTED_EDGE('',*,*,#1464,.T.);
#11113=ORIENTED_EDGE('',*,*,#1894,.T.);
#11114=ORIENTED_EDGE('',*,*,#2394,.T.);
#11115=CARTESIAN_POINT('',(5.50375484908724E-031,4.87522501882525E-015,18.35));
#11116=DIRECTION('',(-2.99932144364467E-032,-2.44921270764475E-016,-1.0));
#11117=DIRECTION('',(-1.0,-1.61446627552566E-013,3.957170639525E-029));
#11118=DIRECTION('',(0.0,0.0,1.0));
#11119=DIRECTION('',(0.0,0.0,-1.0));
#11120=DIRECTION('',(0.0,0.0,-1.0));
#11121=DIRECTION('',(0.0,0.0,-1.0));
#11122=SURFACE_STYLE_FILL_AREA(#12945);
#11123=ORIENTED_EDGE('',*,*,#1876,.F.);
#11124=ORIENTED_EDGE('',*,*,#2248,.F.);
#11125=ORIENTED_EDGE('',*,*,#1510,.F.);
#11126=ORIENTED_EDGE('',*,*,#1476,.F.);
#11127=CARTESIAN_POINT('',(3.00436674711752,4.9026809450346,18.5));
#11128=DIRECTION('',(0.233445363855929,-0.972369920397671,0.0));
#11129=DIRECTION('',(0.0,0.0,1.0));
#11130=SURFACE_STYLE_FILL_AREA(#12946);
#11131=ORIENTED_EDGE('',*,*,#2566,.F.);
#11132=ORIENTED_EDGE('',*,*,#1914,.T.);
#11133=ORIENTED_EDGE('',*,*,#1036,.F.);
#11134=ORIENTED_EDGE('',*,*,#3048,.T.);
#11135=CARTESIAN_POINT('',(5.78359334636497,-1.61633783717638,18.5));
#11136=DIRECTION('',(-0.453990499739544,0.891006524188369,0.0));
#11137=DIRECTION('',(0.0,0.0,1.0));
#11138=DIRECTION('',(0.0,0.0,1.0));
#11139=DIRECTION('',(0.0,0.0,1.0));
#11140=DIRECTION('',(0.0,0.0,1.0));
#11141=CARTESIAN_POINT('',(5.54874467074191E-031,4.91196320943992E-015,18.5));
#11142=DIRECTION('',(2.99932144364381E-032,2.44921270764475E-016,1.0));
#11143=DIRECTION('',(-1.0,-1.61446627552566E-013,3.95717063952499E-029));
#11144=SURFACE_STYLE_FILL_AREA(#12947);
#11145=ORIENTED_EDGE('',*,*,#1094,.F.);
#11146=ORIENTED_EDGE('',*,*,#2920,.T.);
#11147=ORIENTED_EDGE('',*,*,#2656,.F.);
#11148=ORIENTED_EDGE('',*,*,#2312,.T.);
#11149=CARTESIAN_POINT('',(-4.72479780568253,3.70658679858175,18.5));
#11150=DIRECTION('',(0.078459095727842,-0.996917333733128,0.0));
#11151=DIRECTION('',(0.0,0.0,1.0));
#11152=SURFACE_STYLE_FILL_AREA(#12948);
#11153=ORIENTED_EDGE('',*,*,#1146,.F.);
#11154=ORIENTED_EDGE('',*,*,#1742,.T.);
#11155=ORIENTED_EDGE('',*,*,#3040,.F.);
#11156=ORIENTED_EDGE('',*,*,#2036,.T.);
#11157=CARTESIAN_POINT('',(6.0,0.250000000000014,18.5));
#11158=DIRECTION('',(-0.707106781186548,0.707106781186548,0.0));
#11159=DIRECTION('',(0.0,0.0,1.0));
#11160=SURFACE_STYLE_FILL_AREA(#12949);
#11161=ORIENTED_EDGE('',*,*,#2524,.F.);
#11162=ORIENTED_EDGE('',*,*,#2140,.F.);
#11163=ORIENTED_EDGE('',*,*,#2396,.F.);
#11164=ORIENTED_EDGE('',*,*,#2994,.F.);
#11165=CARTESIAN_POINT('',(-3.00436674711978,4.90268094503618,18.5));
#11166=DIRECTION('',(0.972369920397685,-0.233445363855872,0.0));
#11167=DIRECTION('',(0.0,0.0,1.0));
#11168=DIRECTION('',(2.99932144364427E-032,2.44921270764475E-016,1.0));
#11169=DIRECTION('',(0.0,0.0,-1.0));
#11170=SURFACE_STYLE_FILL_AREA(#12950);
#11171=ORIENTED_EDGE('',*,*,#1772,.F.);
#11172=ORIENTED_EDGE('',*,*,#1658,.T.);
#11173=ORIENTED_EDGE('',*,*,#2260,.F.);
#11174=ORIENTED_EDGE('',*,*,#1498,.T.);
#11175=ORIENTED_EDGE('',*,*,#2182,.T.);
#11176=ORIENTED_EDGE('',*,*,#1802,.T.);
#11177=ORIENTED_EDGE('',*,*,#1110,.T.);
#11178=ORIENTED_EDGE('',*,*,#2982,.T.);
#11179=ORIENTED_EDGE('',*,*,#2860,.T.);
#11180=ORIENTED_EDGE('',*,*,#2702,.T.);
#11181=ORIENTED_EDGE('',*,*,#2566,.T.);
#11182=ORIENTED_EDGE('',*,*,#2442,.T.);
#11183=ORIENTED_EDGE('',*,*,#2314,.T.);
#11184=ORIENTED_EDGE('',*,*,#2172,.T.);
#11185=ORIENTED_EDGE('',*,*,#2062,.T.);
#11186=ORIENTED_EDGE('',*,*,#1990,.T.);
#11187=ORIENTED_EDGE('',*,*,#1910,.T.);
#11188=ORIENTED_EDGE('',*,*,#1808,.T.);
#11189=ORIENTED_EDGE('',*,*,#1666,.T.);
#11190=ORIENTED_EDGE('',*,*,#1524,.T.);
#11191=ORIENTED_EDGE('',*,*,#1406,.T.);
#11192=ORIENTED_EDGE('',*,*,#1294,.T.);
#11193=ORIENTED_EDGE('',*,*,#1226,.T.);
#11194=ORIENTED_EDGE('',*,*,#1102,.T.);
#11195=ORIENTED_EDGE('',*,*,#1944,.T.);
#11196=ORIENTED_EDGE('',*,*,#1860,.T.);
#11197=ORIENTED_EDGE('',*,*,#2882,.T.);
#11198=ORIENTED_EDGE('',*,*,#2412,.T.);
#11199=ORIENTED_EDGE('',*,*,#2552,.T.);
#11200=ORIENTED_EDGE('',*,*,#1500,.T.);
#11201=ORIENTED_EDGE('',*,*,#2242,.T.);
#11202=ORIENTED_EDGE('',*,*,#2992,.T.);
#11203=ORIENTED_EDGE('',*,*,#2446,.T.);
#11204=ORIENTED_EDGE('',*,*,#2930,.T.);
#11205=ORIENTED_EDGE('',*,*,#2766,.T.);
#11206=ORIENTED_EDGE('',*,*,#1432,.T.);
#11207=ORIENTED_EDGE('',*,*,#2654,.T.);
#11208=ORIENTED_EDGE('',*,*,#2368,.T.);
#11209=ORIENTED_EDGE('',*,*,#1768,.T.);
#11210=ORIENTED_EDGE('',*,*,#1454,.T.);
#11211=ORIENTED_EDGE('',*,*,#1222,.T.);
#11212=ORIENTED_EDGE('',*,*,#2568,.T.);
#11213=ORIENTED_EDGE('',*,*,#1290,.T.);
#11214=ORIENTED_EDGE('',*,*,#2370,.T.);
#11215=ORIENTED_EDGE('',*,*,#1804,.T.);
#11216=ORIENTED_EDGE('',*,*,#3038,.T.);
#11217=ORIENTED_EDGE('',*,*,#2710,.T.);
#11218=ORIENTED_EDGE('',*,*,#1044,.T.);
#11219=ORIENTED_EDGE('',*,*,#3014,.T.);
#11220=ORIENTED_EDGE('',*,*,#1782,.T.);
#11221=ORIENTED_EDGE('',*,*,#1932,.T.);
#11222=ORIENTED_EDGE('',*,*,#1284,.T.);
#11223=ORIENTED_EDGE('',*,*,#1262,.T.);
#11224=ORIENTED_EDGE('',*,*,#2494,.T.);
#11225=ORIENTED_EDGE('',*,*,#3026,.T.);
#11226=ORIENTED_EDGE('',*,*,#2954,.T.);
#11227=ORIENTED_EDGE('',*,*,#1654,.T.);
#11228=ORIENTED_EDGE('',*,*,#2070,.T.);
#11229=ORIENTED_EDGE('',*,*,#2200,.T.);
#11230=ORIENTED_EDGE('',*,*,#1818,.T.);
#11231=ORIENTED_EDGE('',*,*,#2976,.T.);
#11232=ORIENTED_EDGE('',*,*,#1924,.T.);
#11233=ORIENTED_EDGE('',*,*,#2454,.T.);
#11234=ORIENTED_EDGE('',*,*,#1334,.T.);
#11235=ORIENTED_EDGE('',*,*,#2728,.T.);
#11236=ORIENTED_EDGE('',*,*,#2624,.T.);
#11237=ORIENTED_EDGE('',*,*,#3028,.T.);
#11238=ORIENTED_EDGE('',*,*,#1376,.T.);
#11239=ORIENTED_EDGE('',*,*,#2072,.T.);
#11240=ORIENTED_EDGE('',*,*,#1592,.T.);
#11241=ORIENTED_EDGE('',*,*,#2516,.T.);
#11242=ORIENTED_EDGE('',*,*,#1858,.T.);
#11243=ORIENTED_EDGE('',*,*,#2184,.T.);
#11244=ORIENTED_EDGE('',*,*,#1806,.T.);
#11245=ORIENTED_EDGE('',*,*,#2650,.T.);
#11246=ORIENTED_EDGE('',*,*,#1566,.T.);
#11247=ORIENTED_EDGE('',*,*,#2768,.T.);
#11248=ORIENTED_EDGE('',*,*,#1694,.T.);
#11249=ORIENTED_EDGE('',*,*,#1232,.T.);
#11250=ORIENTED_EDGE('',*,*,#1108,.T.);
#11251=ORIENTED_EDGE('',*,*,#1218,.T.);
#11252=ORIENTED_EDGE('',*,*,#2946,.T.);
#11253=ORIENTED_EDGE('',*,*,#1556,.T.);
#11254=CARTESIAN_POINT('',(4.8439041314855E-031,4.3363982231434E-015,16.15));
#11255=DIRECTION('',(2.99932144364413E-032,2.44921270764475E-016,1.0));
#11256=DIRECTION('',(-1.0,-1.61446627552566E-013,3.957170639525E-029));
#11257=SURFACE_STYLE_FILL_AREA(#12951);
#11258=ORIENTED_EDGE('',*,*,#1842,.F.);
#11259=ORIENTED_EDGE('',*,*,#1476,.T.);
#11260=ORIENTED_EDGE('',*,*,#1308,.F.);
#11261=ORIENTED_EDGE('',*,*,#1534,.T.);
#11262=CARTESIAN_POINT('',(3.32445726516002,5.00104827932478,18.5));
#11263=DIRECTION('',(-0.987688340595137,-0.156434465040236,0.0));
#11264=DIRECTION('',(0.0,0.0,1.0));
#11265=DIRECTION('',(0.0,0.0,1.0));
#11266=SURFACE_STYLE_FILL_AREA(#12952);
#11267=ORIENTED_EDGE('',*,*,#2088,.F.);
#11268=ORIENTED_EDGE('',*,*,#1748,.T.);
#11269=ORIENTED_EDGE('',*,*,#1046,.F.);
#11270=ORIENTED_EDGE('',*,*,#2560,.T.);
#11271=CARTESIAN_POINT('',(-5.45953677006267,2.50119136739159,18.5));
#11272=DIRECTION('',(0.309016994374942,-0.951056516295155,0.0));
#11273=DIRECTION('',(0.0,0.0,1.0));
#11274=DIRECTION('',(0.0,0.0,1.0));
#11275=SURFACE_STYLE_FILL_AREA(#12953);
#11276=ORIENTED_EDGE('',*,*,#2766,.F.);
#11277=ORIENTED_EDGE('',*,*,#1246,.T.);
#11278=ORIENTED_EDGE('',*,*,#1392,.F.);
#11279=ORIENTED_EDGE('',*,*,#2300,.T.);
#11280=CARTESIAN_POINT('',(2.09186609532551,-5.629084849176,18.5));
#11281=DIRECTION('',(0.453990499739538,0.891006524188372,-0.0));
#11282=DIRECTION('',(0.0,0.0,1.0));
#11283=SURFACE_STYLE_FILL_AREA(#12954);
#11284=ORIENTED_EDGE('',*,*,#2660,.F.);
#11285=ORIENTED_EDGE('',*,*,#2404,.T.);
#11286=ORIENTED_EDGE('',*,*,#1620,.F.);
#11287=ORIENTED_EDGE('',*,*,#1590,.T.);
#11288=CARTESIAN_POINT('',(2.06513071106393,5.63894805315766,18.5));
#11289=DIRECTION('',(-0.923879532511289,-0.382683432365086,0.0));
#11290=DIRECTION('',(0.0,0.0,1.0));
#11291=SURFACE_STYLE_FILL_AREA(#12955);
#11292=ORIENTED_EDGE('',*,*,#1990,.F.);
#11293=ORIENTED_EDGE('',*,*,#2340,.F.);
#11294=ORIENTED_EDGE('',*,*,#1342,.F.);
#11295=ORIENTED_EDGE('',*,*,#2908,.F.);
#11296=CARTESIAN_POINT('',(5.12328751408069,-2.61044537350373,18.5));
#11297=DIRECTION('',(-0.951056516295147,-0.309016994374969,0.0));
#11298=DIRECTION('',(0.0,0.0,1.0));
#11299=DIRECTION('',(0.0,0.0,-1.0));
#11300=SURFACE_STYLE_FILL_AREA(#12956);
#11301=ORIENTED_EDGE('',*,*,#2494,.F.);
#11302=ORIENTED_EDGE('',*,*,#2458,.F.);
#11303=ORIENTED_EDGE('',*,*,#3030,.F.);
#11304=ORIENTED_EDGE('',*,*,#1976,.F.);
#11305=CARTESIAN_POINT('',(-2.20042973610035,-5.3123073119385,18.5));
#11306=DIRECTION('',(-0.382683432365112,0.923879532511278,0.0));
#11307=DIRECTION('',(0.0,0.0,1.0));
#11308=SURFACE_STYLE_FILL_AREA(#12957);
#11309=ORIENTED_EDGE('',*,*,#1858,.F.);
#11310=ORIENTED_EDGE('',*,*,#2276,.F.);
#11311=ORIENTED_EDGE('',*,*,#1316,.F.);
#11312=ORIENTED_EDGE('',*,*,#1852,.F.);
#11313=CARTESIAN_POINT('',(-5.1232875140835,-2.61044537350261,18.5));
#11314=DIRECTION('',(0.309016994374921,0.951056516295162,-0.0));
#11315=DIRECTION('',(0.0,0.0,1.0));
#11316=DIRECTION('',(0.0,0.0,1.0));
#11317=DIRECTION('',(0.0,0.0,1.0));
#11318=SURFACE_STYLE_FILL_AREA(#12958);
#11319=ORIENTED_EDGE('',*,*,#1860,.F.);
#11320=ORIENTED_EDGE('',*,*,#1236,.F.);
#11321=ORIENTED_EDGE('',*,*,#2246,.F.);
#11322=ORIENTED_EDGE('',*,*,#1708,.F.);
#11323=CARTESIAN_POINT('',(3.73432627789873,-4.37233430219956,18.5));
#11324=DIRECTION('',(-0.996917333733131,0.0784590957278137,0.0));
#11325=DIRECTION('',(0.0,0.0,1.0));
#11326=SURFACE_STYLE_FILL_AREA(#12959);
#11327=ORIENTED_EDGE('',*,*,#2782,.F.);
#11328=ORIENTED_EDGE('',*,*,#1260,.F.);
#11329=ORIENTED_EDGE('',*,*,#1326,.F.);
#11330=ORIENTED_EDGE('',*,*,#2836,.F.);
#11331=CARTESIAN_POINT('',(-2.20042973610009,5.31230731193736,18.5));
#11332=DIRECTION('',(0.923879532511302,-0.382683432365053,0.0));
#11333=DIRECTION('',(0.0,0.0,1.0));
#11334=SURFACE_STYLE_FILL_AREA(#12960);
#11335=ORIENTED_EDGE('',*,*,#2588,.F.);
#11336=ORIENTED_EDGE('',*,*,#2640,.T.);
#11337=ORIENTED_EDGE('',*,*,#2006,.F.);
#11338=ORIENTED_EDGE('',*,*,#2488,.T.);
#11339=CARTESIAN_POINT('',(5.88702142730827,1.18552887538974,18.5));
#11340=DIRECTION('',(-0.809016994374951,0.587785252292469,0.0));
#11341=DIRECTION('',(0.0,0.0,1.0));
#11342=SURFACE_STYLE_FILL_AREA(#12961);
#11343=ORIENTED_EDGE('',*,*,#2172,.F.);
#11344=ORIENTED_EDGE('',*,*,#1714,.F.);
#11345=ORIENTED_EDGE('',*,*,#3056,.F.);
#11346=ORIENTED_EDGE('',*,*,#1056,.F.);
#11347=CARTESIAN_POINT('',(5.31230731193853,-2.20042973610034,18.5));
#11348=DIRECTION('',(-0.923879532511278,-0.382683432365112,0.0));
#11349=DIRECTION('',(0.0,0.0,1.0));
#11350=SURFACE_STYLE_FILL_AREA(#12962);
#11351=ORIENTED_EDGE('',*,*,#2728,.F.);
#11352=ORIENTED_EDGE('',*,*,#2708,.T.);
#11353=ORIENTED_EDGE('',*,*,#2784,.F.);
#11354=ORIENTED_EDGE('',*,*,#1718,.T.);
#11355=CARTESIAN_POINT('',(-4.40007378151691,-4.08678978138124,18.5));
#11356=DIRECTION('',(0.996917333733128,-0.078459095727842,0.0));
#11357=DIRECTION('',(0.0,0.0,1.0));
#11358=DIRECTION('',(0.0,0.0,-1.0));
#11359=DIRECTION('',(0.0,0.0,-1.0));
#11360=DIRECTION('',(0.0,0.0,1.0));
#11361=SURFACE_STYLE_FILL_AREA(#12963);
#11362=ORIENTED_EDGE('',*,*,#2530,.F.);
#11363=ORIENTED_EDGE('',*,*,#1324,.T.);
#11364=ORIENTED_EDGE('',*,*,#1408,.F.);
#11365=ORIENTED_EDGE('',*,*,#2628,.T.);
#11366=CARTESIAN_POINT('',(0.691684705094559,5.96523865982931,18.5));
#11367=DIRECTION('',(-0.809016994374951,-0.587785252292469,0.0));
#11368=DIRECTION('',(0.0,0.0,1.0));
#11369=SURFACE_STYLE_FILL_AREA(#12964);
#11370=ORIENTED_EDGE('',*,*,#2608,.F.);
#11371=ORIENTED_EDGE('',*,*,#2296,.F.);
#11372=ORIENTED_EDGE('',*,*,#2810,.F.);
#11373=ORIENTED_EDGE('',*,*,#1746,.F.);
#11374=CARTESIAN_POINT('',(-5.59112704228789,1.34231084217107,18.5));
#11375=DIRECTION('',(0.852640164354077,0.522498564715973,-0.0));
#11376=DIRECTION('',(0.0,0.0,1.0));
#11377=DIRECTION('',(0.0,0.0,-1.0));
#11378=SURFACE_STYLE_FILL_AREA(#12965);
#11379=ORIENTED_EDGE('',*,*,#2540,.F.);
#11380=ORIENTED_EDGE('',*,*,#2480,.T.);
#11381=ORIENTED_EDGE('',*,*,#2400,.F.);
#11382=ORIENTED_EDGE('',*,*,#2374,.T.);
#11383=CARTESIAN_POINT('',(5.44760633697391,2.52707047731923,18.5));
#11384=DIRECTION('',(-0.923879532511291,0.38268343236508,0.0));
#11385=DIRECTION('',(0.0,0.0,1.0));
#11386=DIRECTION('',(0.0,0.0,-1.0));
#11387=SURFACE_STYLE_FILL_AREA(#12966);
#11388=ORIENTED_EDGE('',*,*,#1054,.F.);
#11389=ORIENTED_EDGE('',*,*,#2086,.T.);
#11390=ORIENTED_EDGE('',*,*,#1728,.F.);
#11391=ORIENTED_EDGE('',*,*,#1680,.T.);
#11392=CARTESIAN_POINT('',(5.77585818142305,1.6437646632358,18.5));
#11393=DIRECTION('',(-0.852640164354092,0.522498564715949,0.0));
#11394=DIRECTION('',(0.0,0.0,1.0));
#11395=SURFACE_STYLE_FILL_AREA(#12967);
#11396=ORIENTED_EDGE('',*,*,#1490,.F.);
#11397=ORIENTED_EDGE('',*,*,#1956,.F.);
#11398=ORIENTED_EDGE('',*,*,#2334,.F.);
#11399=ORIENTED_EDGE('',*,*,#1154,.F.);
#11400=CARTESIAN_POINT('',(4.06586399182169,4.06586399182365,18.5));
#11401=DIRECTION('',(3.34732241924485E-014,-1.0,0.0));
#11402=DIRECTION('',(0.0,0.0,1.0));
#11403=SURFACE_STYLE_FILL_AREA(#12968);
#11404=ORIENTED_EDGE('',*,*,#2768,.F.);
#11405=ORIENTED_EDGE('',*,*,#1902,.T.);
#11406=ORIENTED_EDGE('',*,*,#2700,.F.);
#11407=ORIENTED_EDGE('',*,*,#2424,.T.);
#11408=CARTESIAN_POINT('',(-5.77585818142296,-1.6437646632358,18.5));
#11409=DIRECTION('',(0.852640164354092,-0.522498564715949,0.0));
#11410=DIRECTION('',(0.0,0.0,1.0));
#11411=SURFACE_STYLE_FILL_AREA(#12969);
#11412=ORIENTED_EDGE('',*,*,#1964,.F.);
#11413=ORIENTED_EDGE('',*,*,#2374,.F.);
#11414=ORIENTED_EDGE('',*,*,#1280,.F.);
#11415=ORIENTED_EDGE('',*,*,#2918,.F.);
#11416=CARTESIAN_POINT('',(5.31230731193739,2.20042973610009,18.5));
#11417=DIRECTION('',(-0.382683432365053,-0.923879532511302,0.0));
#11418=DIRECTION('',(0.0,0.0,1.0));
#11419=DIRECTION('',(0.0,0.0,1.0));
#11420=SURFACE_STYLE_FILL_AREA(#12970);
#11421=ORIENTED_EDGE('',*,*,#1944,.F.);
#11422=ORIENTED_EDGE('',*,*,#1520,.T.);
#11423=ORIENTED_EDGE('',*,*,#2924,.F.);
#11424=ORIENTED_EDGE('',*,*,#1236,.T.);
#11425=CARTESIAN_POINT('',(4.0867897813813,-4.40007378151702,18.5));
#11426=DIRECTION('',(0.078459095727842,0.996917333733128,-0.0));
#11427=DIRECTION('',(0.0,0.0,1.0));
#11428=SURFACE_STYLE_FILL_AREA(#12971);
#11429=ORIENTED_EDGE('',*,*,#2822,.F.);
#11430=ORIENTED_EDGE('',*,*,#2994,.T.);
#11431=ORIENTED_EDGE('',*,*,#2716,.F.);
#11432=ORIENTED_EDGE('',*,*,#2610,.T.);
#11433=CARTESIAN_POINT('',(-2.94669462948468,5.2325415201958,18.5));
#11434=DIRECTION('',(-0.309016994374948,-0.951056516295153,0.0));
#11435=DIRECTION('',(0.0,0.0,1.0));
#11436=DIRECTION('',(0.0,0.0,1.0));
#11437=SURFACE_STYLE_FILL_AREA(#12972);
#11438=ORIENTED_EDGE('',*,*,#1126,.F.);
#11439=ORIENTED_EDGE('',*,*,#2868,.T.);
#11440=ORIENTED_EDGE('',*,*,#2616,.F.);
#11441=ORIENTED_EDGE('',*,*,#2482,.F.);
#11442=CARTESIAN_POINT('',(2.43694867296098E-031,2.37090502525849E-015,8.12499999999998));
#11443=DIRECTION('',(-2.99932144364427E-032,-2.44921270764475E-016,-1.0));
#11444=DIRECTION('',(-1.0,-1.61446627552566E-013,3.957170639525E-029));
#11445=SURFACE_STYLE_FILL_AREA(#12973);
#11446=ORIENTED_EDGE('',*,*,#2808,.F.);
#11447=ORIENTED_EDGE('',*,*,#2564,.T.);
#11448=ORIENTED_EDGE('',*,*,#1344,.F.);
#11449=ORIENTED_EDGE('',*,*,#2644,.T.);
#11450=CARTESIAN_POINT('',(3.70658679858177,4.72479780568256,18.5));
#11451=DIRECTION('',(-0.996917333733128,-0.078459095727842,0.0));
#11452=DIRECTION('',(0.0,0.0,1.0));
#11453=DIRECTION('',(0.0,0.0,-1.0));
#11454=SURFACE_STYLE_FILL_AREA(#12974);
#11455=ORIENTED_EDGE('',*,*,#2062,.F.);
#11456=ORIENTED_EDGE('',*,*,#1056,.T.);
#11457=ORIENTED_EDGE('',*,*,#2956,.F.);
#11458=ORIENTED_EDGE('',*,*,#2340,.T.);
#11459=CARTESIAN_POINT('',(5.4595367700627,-2.50119136739153,18.5));
#11460=DIRECTION('',(-0.309016994374942,0.951056516295155,0.0));
#11461=DIRECTION('',(0.0,0.0,1.0));
#11462=SURFACE_STYLE_FILL_AREA(#12975);
#11463=ORIENTED_EDGE('',*,*,#2950,.T.);
#11464=ORIENTED_EDGE('',*,*,#2438,.F.);
#11465=ORIENTED_EDGE('',*,*,#1544,.T.);
#11466=ORIENTED_EDGE('',*,*,#1662,.T.);
#11467=ORIENTED_EDGE('',*,*,#2662,.T.);
#11468=CARTESIAN_POINT('',(3.74915180455534E-033,4.11534859142681E-016,0.124999999999972));
#11469=DIRECTION('',(2.99932144364427E-032,2.44921270764475E-016,1.0));
#11470=DIRECTION('',(-1.0,-1.61446627552566E-013,3.957170639525E-029));
#11471=DIRECTION('',(0.0,0.0,1.0));
#11472=SURFACE_STYLE_FILL_AREA(#12976);
#11473=ORIENTED_EDGE('',*,*,#2182,.F.);
#11474=ORIENTED_EDGE('',*,*,#1462,.F.);
#11475=ORIENTED_EDGE('',*,*,#1986,.F.);
#11476=ORIENTED_EDGE('',*,*,#1224,.T.);
#11477=CARTESIAN_POINT('',(6.00111877633333,-0.221525240933801,18.5));
#11478=DIRECTION('',(-0.64944804833018,0.760405965600034,0.0));
#11479=DIRECTION('',(0.0,0.0,1.0));
#11480=DIRECTION('',(0.0,0.0,1.0));
#11481=SURFACE_STYLE_FILL_AREA(#12977);
#11482=ORIENTED_EDGE('',*,*,#3026,.F.);
#11483=ORIENTED_EDGE('',*,*,#1976,.T.);
#11484=ORIENTED_EDGE('',*,*,#2154,.F.);
#11485=ORIENTED_EDGE('',*,*,#3042,.T.);
#11486=CARTESIAN_POINT('',(-2.50119136739156,-5.45953677006267,18.5));
#11487=DIRECTION('',(0.951056516295155,0.309016994374942,-0.0));
#11488=DIRECTION('',(0.0,0.0,1.0));
#11489=SURFACE_STYLE_FILL_AREA(#12978);
#11490=ORIENTED_EDGE('',*,*,#1768,.F.);
#11491=ORIENTED_EDGE('',*,*,#1584,.T.);
#11492=ORIENTED_EDGE('',*,*,#1092,.F.);
#11493=ORIENTED_EDGE('',*,*,#1518,.T.);
#11494=CARTESIAN_POINT('',(1.18552887538982,-5.88702142730824,18.5));
#11495=DIRECTION('',(0.587785252292469,0.809016994374951,-0.0));
#11496=DIRECTION('',(0.0,0.0,1.0));
#11497=SURFACE_STYLE_FILL_AREA(#12979);
#11498=ORIENTED_EDGE('',*,*,#1910,.F.);
#11499=ORIENTED_EDGE('',*,*,#2908,.T.);
#11500=ORIENTED_EDGE('',*,*,#2328,.F.);
#11501=ORIENTED_EDGE('',*,*,#1176,.T.);
#11502=CARTESIAN_POINT('',(5.24646562730211,-2.92183134720803,18.5));
#11503=DIRECTION('',(-0.233445363855902,0.972369920397677,0.0));
#11504=DIRECTION('',(0.0,0.0,1.0));
#11505=DIRECTION('',(0.0,0.0,-1.0));
#11506=DIRECTION('',(0.0,0.0,1.0));
#11507=DIRECTION('',(0.0,0.0,-1.0));
#11508=SURFACE_STYLE_FILL_AREA(#12980);
#11509=ORIENTED_EDGE('',*,*,#2946,.F.);
#11510=ORIENTED_EDGE('',*,*,#2978,.F.);
#11511=ORIENTED_EDGE('',*,*,#1304,.F.);
#11512=ORIENTED_EDGE('',*,*,#2024,.F.);
#11513=CARTESIAN_POINT('',(-5.73227466896651,-0.451139800437403,18.5));
#11514=DIRECTION('',(0.649448048330158,0.760405965600053,-0.0));
#11515=DIRECTION('',(0.0,0.0,1.0));
#11516=SURFACE_STYLE_FILL_AREA(#12981);
#11517=ORIENTED_EDGE('',*,*,#1566,.F.);
#11518=ORIENTED_EDGE('',*,*,#2274,.F.);
#11519=ORIENTED_EDGE('',*,*,#2510,.F.);
#11520=ORIENTED_EDGE('',*,*,#1902,.F.);
#11521=CARTESIAN_POINT('',(-5.46857496869592,-1.77684771765794,18.5));
#11522=DIRECTION('',(0.453990499739513,0.891006524188385,-0.0));
#11523=DIRECTION('',(0.0,0.0,1.0));
#11524=DIRECTION('',(0.0,0.0,-1.0));
#11525=SURFACE_STYLE_FILL_AREA(#12982);
#11526=ORIENTED_EDGE('',*,*,#1290,.F.);
#11527=ORIENTED_EDGE('',*,*,#2666,.T.);
#11528=ORIENTED_EDGE('',*,*,#2426,.F.);
#11529=ORIENTED_EDGE('',*,*,#1634,.T.);
#11530=CARTESIAN_POINT('',(0.250000000000057,-5.99999999999997,18.5));
#11531=DIRECTION('',(0.707106781186548,0.707106781186548,-0.0));
#11532=DIRECTION('',(0.0,0.0,1.0));
#11533=DIRECTION('',(0.0,0.0,1.0));
#11534=SURFACE_STYLE_FILL_AREA(#12983);
#11535=ORIENTED_EDGE('',*,*,#2112,.F.);
#11536=ORIENTED_EDGE('',*,*,#1622,.T.);
#11537=ORIENTED_EDGE('',*,*,#2840,.F.);
#11538=ORIENTED_EDGE('',*,*,#1428,.T.);
#11539=CARTESIAN_POINT('',(-4.41941738241692,4.06586399182168,18.5));
#11540=DIRECTION('',(4.99600361081321E-015,-1.0,0.0));
#11541=DIRECTION('',(0.0,0.0,1.0));
#11542=SURFACE_STYLE_FILL_AREA(#12984);
#11543=ORIENTED_EDGE('',*,*,#1226,.F.);
#11544=ORIENTED_EDGE('',*,*,#2136,.T.);
#11545=ORIENTED_EDGE('',*,*,#1466,.F.);
#11546=ORIENTED_EDGE('',*,*,#2270,.T.);
#11547=CARTESIAN_POINT('',(4.41941738241695,-4.06586399182164,18.5));
#11548=DIRECTION('',(-4.99600361081321E-015,1.0,0.0));
#11549=DIRECTION('',(0.0,0.0,1.0));
#11550=SURFACE_STYLE_FILL_AREA(#12985);
#11551=ORIENTED_EDGE('',*,*,#1132,.F.);
#11552=ORIENTED_EDGE('',*,*,#1616,.F.);
#11553=ORIENTED_EDGE('',*,*,#2916,.F.);
#11554=ORIENTED_EDGE('',*,*,#1416,.F.);
#11555=CARTESIAN_POINT('',(2.61044537350378,5.12328751408072,18.5));
#11556=DIRECTION('',(0.309016994374969,-0.951056516295147,0.0));
#11557=DIRECTION('',(0.0,0.0,1.0));
#11558=DIRECTION('',(0.0,0.0,-1.0));
#11559=SURFACE_STYLE_FILL_AREA(#12986);
#11560=ORIENTED_EDGE('',*,*,#1802,.F.);
#11561=ORIENTED_EDGE('',*,*,#1224,.F.);
#11562=ORIENTED_EDGE('',*,*,#2122,.F.);
#11563=ORIENTED_EDGE('',*,*,#2468,.F.);
#11564=CARTESIAN_POINT('',(5.73227466896805,-0.451139800435129,18.5));
#11565=DIRECTION('',(-0.760405965600016,-0.649448048330201,0.0));
#11566=DIRECTION('',(0.0,0.0,1.0));
#11567=DIRECTION('',(0.0,0.0,1.0));
#11568=CARTESIAN_POINT('',(8.49459449232197E-034,3.8785629217892E-016,0.0283217209356268));
#11569=DIRECTION('',(2.99932144364441E-032,2.44921270764475E-016,1.0));
#11570=DIRECTION('',(-1.0,-1.61446627552566E-013,3.95717063952499E-029));
#11571=DIRECTION('',(0.0,0.0,1.0));
#11572=SURFACE_STYLE_FILL_AREA(#12987);
#11573=ORIENTED_EDGE('',*,*,#1808,.F.);
#11574=ORIENTED_EDGE('',*,*,#1176,.F.);
#11575=ORIENTED_EDGE('',*,*,#1678,.F.);
#11576=ORIENTED_EDGE('',*,*,#1142,.F.);
#11577=CARTESIAN_POINT('',(4.9026809450346,-3.00436674711757,18.5));
#11578=DIRECTION('',(-0.972369920397671,-0.233445363855929,0.0));
#11579=DIRECTION('',(0.0,0.0,1.0));
#11580=DIRECTION('',(0.0,0.0,-1.0));
#11581=DIRECTION('',(0.0,0.0,1.0));
#11582=DIRECTION('',(0.0,0.0,-1.0));
#11583=DIRECTION('',(0.0,0.0,-1.0));
#11584=SURFACE_STYLE_FILL_AREA(#12988);
#11585=ORIENTED_EDGE('',*,*,#2242,.F.);
#11586=ORIENTED_EDGE('',*,*,#1430,.T.);
#11587=ORIENTED_EDGE('',*,*,#1150,.F.);
#11588=ORIENTED_EDGE('',*,*,#1532,.T.);
#11589=CARTESIAN_POINT('',(2.94669462948468,-5.23254152019575,18.5));
#11590=DIRECTION('',(0.309016994374948,0.951056516295153,-0.0));
#11591=DIRECTION('',(0.0,0.0,1.0));
#11592=DIRECTION('',(-0.707106781186548,-1.14246597887826E-013,-0.707106781186547));
#11593=DIRECTION('',(0.0,0.0,-1.0));
#11594=SURFACE_STYLE_FILL_AREA(#12989);
#11595=ORIENTED_EDGE('',*,*,#2104,.F.);
#11596=ORIENTED_EDGE('',*,*,#1416,.T.);
#11597=ORIENTED_EDGE('',*,*,#2744,.F.);
#11598=ORIENTED_EDGE('',*,*,#2248,.T.);
#11599=CARTESIAN_POINT('',(2.92183134720798,5.24646562730211,18.5));
#11600=DIRECTION('',(-0.972369920397677,-0.233445363855902,0.0));
#11601=DIRECTION('',(0.0,0.0,1.0));
#11602=DIRECTION('',(0.0,0.0,1.0));
#11603=SURFACE_STYLE_FILL_AREA(#12990);
#11604=ORIENTED_EDGE('',*,*,#1294,.F.);
#11605=ORIENTED_EDGE('',*,*,#1550,.F.);
#11606=ORIENTED_EDGE('',*,*,#2048,.F.);
#11607=ORIENTED_EDGE('',*,*,#2136,.F.);
#11608=CARTESIAN_POINT('',(4.37233430220004,-3.73432627789904,18.5));
#11609=DIRECTION('',(-0.996917333733126,-0.0784590957278703,0.0));
#11610=DIRECTION('',(0.0,0.0,1.0));
#11611=DIRECTION('',(0.0,0.0,1.0));
#11612=SURFACE_STYLE_FILL_AREA(#12991);
#11613=ORIENTED_EDGE('',*,*,#2796,.F.);
#11614=ORIENTED_EDGE('',*,*,#1880,.F.);
#11615=ORIENTED_EDGE('',*,*,#2602,.F.);
#11616=ORIENTED_EDGE('',*,*,#2404,.F.);
#11617=CARTESIAN_POINT('',(1.77684771765646,5.46857496869748,18.5));
#11618=DIRECTION('',(0.45399049973957,-0.891006524188356,0.0));
#11619=DIRECTION('',(0.0,0.0,1.0));
#11620=DIRECTION('',(0.0,0.0,-1.0));
#11621=SURFACE_STYLE_FILL_AREA(#12992);
#11622=ORIENTED_EDGE('',*,*,#2954,.F.);
#11623=ORIENTED_EDGE('',*,*,#3042,.F.);
#11624=ORIENTED_EDGE('',*,*,#2792,.F.);
#11625=ORIENTED_EDGE('',*,*,#2292,.F.);
#11626=CARTESIAN_POINT('',(-2.61044537350375,-5.12328751408066,18.5));
#11627=DIRECTION('',(-0.309016994374969,0.951056516295147,0.0));
#11628=DIRECTION('',(0.0,0.0,1.0));
#11629=DIRECTION('',(0.0,0.0,-1.0));
#11630=DIRECTION('',(0.0,0.0,1.0));
#11631=DIRECTION('',(0.0,0.0,1.0));
#11632=DIRECTION('',(0.0,0.0,-1.0));
#11633=SURFACE_STYLE_FILL_AREA(#12993);
#11634=ORIENTED_EDGE('',*,*,#1556,.F.);
#11635=ORIENTED_EDGE('',*,*,#2024,.T.);
#11636=ORIENTED_EDGE('',*,*,#1116,.F.);
#11637=ORIENTED_EDGE('',*,*,#1984,.T.);
#11638=CARTESIAN_POINT('',(-6.0,-0.249999999999972,18.5));
#11639=DIRECTION('',(0.707106781186548,-0.707106781186548,0.0));
#11640=DIRECTION('',(0.0,0.0,1.0));
#11641=DIRECTION('',(0.0,0.0,-1.0));
#11642=SURFACE_STYLE_FILL_AREA(#12994);
#11643=ORIENTED_EDGE('',*,*,#1592,.F.);
#11644=ORIENTED_EDGE('',*,*,#2192,.F.);
#11645=ORIENTED_EDGE('',*,*,#2722,.F.);
#11646=ORIENTED_EDGE('',*,*,#2490,.F.);
#11647=CARTESIAN_POINT('',(-4.90268094503332,-3.00436674711813,18.5));
#11648=DIRECTION('',(0.233445363855865,0.972369920397686,-0.0));
#11649=DIRECTION('',(0.0,0.0,1.0));
#11650=SURFACE_STYLE_FILL_AREA(#12995);
#11651=ORIENTED_EDGE('',*,*,#2702,.F.);
#11652=ORIENTED_EDGE('',*,*,#2740,.F.);
#11653=ORIENTED_EDGE('',*,*,#1268,.F.);
#11654=ORIENTED_EDGE('',*,*,#1914,.F.);
#11655=CARTESIAN_POINT('',(5.59112704228795,-1.34231084217113,18.5));
#11656=DIRECTION('',(-0.852640164354077,-0.522498564715973,0.0));
#11657=DIRECTION('',(0.0,0.0,1.0));
#11658=SURFACE_STYLE_FILL_AREA(#12996);
#11659=ORIENTED_EDGE('',*,*,#2710,.F.);
#11660=ORIENTED_EDGE('',*,*,#2948,.T.);
#11661=ORIENTED_EDGE('',*,*,#1940,.F.);
#11662=ORIENTED_EDGE('',*,*,#2342,.T.);
#11663=CARTESIAN_POINT('',(-0.691684705094502,-5.96523865982928,18.5));
#11664=DIRECTION('',(0.809016994374951,0.587785252292469,-0.0));
#11665=DIRECTION('',(0.0,0.0,1.0));
#11666=CARTESIAN_POINT('',(4.79891430983084E-031,4.29966003252873E-015,16.0));
#11667=DIRECTION('',(2.99932144364433E-032,2.44921270764475E-016,1.0));
#11668=DIRECTION('',(-1.0,-1.61446627552566E-013,3.95717063952499E-029));
#11669=DIRECTION('',(0.0,0.0,1.0));
#11670=CARTESIAN_POINT('',(8.49459449232197E-034,3.8785629217892E-016,0.0283217209356268));
#11671=DIRECTION('',(2.99932144364441E-032,2.44921270764475E-016,1.0));
#11672=DIRECTION('',(-1.0,-1.61446627552566E-013,3.95717063952499E-029));
#11673=SURFACE_STYLE_FILL_AREA(#12997);
#11674=ORIENTED_EDGE('',*,*,#2826,.F.);
#11675=ORIENTED_EDGE('',*,*,#2120,.T.);
#11676=ORIENTED_EDGE('',*,*,#1314,.F.);
#11677=ORIENTED_EDGE('',*,*,#2218,.T.);
#11678=CARTESIAN_POINT('',(5.9618892284679,0.719983907802629,18.5));
#11679=DIRECTION('',(-0.760405965600034,0.64944804833018,0.0));
#11680=DIRECTION('',(0.0,0.0,1.0));
#11681=DIRECTION('',(0.0,0.0,-1.0));
#11682=SURFACE_STYLE_FILL_AREA(#12998);
#11683=ORIENTED_EDGE('',*,*,#1230,.F.);
#11684=ORIENTED_EDGE('',*,*,#2644,.F.);
#11685=ORIENTED_EDGE('',*,*,#1310,.F.);
#11686=ORIENTED_EDGE('',*,*,#2686,.F.);
#11687=CARTESIAN_POINT('',(3.73432627789923,4.37233430219999,18.5));
#11688=DIRECTION('',(0.0784590957278703,-0.996917333733126,0.0));
#11689=DIRECTION('',(0.0,0.0,1.0));
#11690=CARTESIAN_POINT('',(4.79891430983084E-031,4.29966003252873E-015,16.0));
#11691=DIRECTION('',(2.99932144364427E-032,2.44921270764475E-016,1.0));
#11692=DIRECTION('',(-1.0,-1.61446627552566E-013,3.957170639525E-029));
#11693=DIRECTION('',(0.0,0.0,1.0));
#11694=DIRECTION('',(0.0,0.0,-1.0));
#11695=SURFACE_STYLE_FILL_AREA(#12999);
#11696=ORIENTED_EDGE('',*,*,#2758,.F.);
#11697=ORIENTED_EDGE('',*,*,#2106,.F.);
#11698=ORIENTED_EDGE('',*,*,#2444,.F.);
#11699=ORIENTED_EDGE('',*,*,#2216,.F.);
#11700=CARTESIAN_POINT('',(-3.37976520067917,4.65184771765628,18.5));
#11701=DIRECTION('',(0.987688340595141,-0.156434465040209,0.0));
#11702=DIRECTION('',(0.0,0.0,1.0));
#11703=SURFACE_STYLE_FILL_AREA(#13000);
#11704=ORIENTED_EDGE('',*,*,#1404,.F.);
#11705=ORIENTED_EDGE('',*,*,#2686,.T.);
#11706=ORIENTED_EDGE('',*,*,#2812,.F.);
#11707=ORIENTED_EDGE('',*,*,#1956,.T.);
#11708=CARTESIAN_POINT('',(4.06586399182169,4.41941738241692,18.5));
#11709=DIRECTION('',(-1.0,-4.99600361081321E-015,0.0));
#11710=DIRECTION('',(0.0,0.0,1.0));
#11711=CARTESIAN_POINT('',(4.79891430983084E-031,4.29966003252873E-015,16.0));
#11712=DIRECTION('',(2.99932144364433E-032,2.44921270764475E-016,1.0));
#11713=DIRECTION('',(-1.0,-1.61446627552566E-013,3.95717063952499E-029));
#11714=DIRECTION('',(0.0,0.0,1.0));
#11715=DIRECTION('',(0.0,0.0,-1.0));
#11716=DIRECTION('',(0.0,0.0,-1.0));
#11717=SURFACE_STYLE_FILL_AREA(#13001);
#11718=ORIENTED_EDGE('',*,*,#1406,.F.);
#11719=ORIENTED_EDGE('',*,*,#1722,.T.);
#11720=ORIENTED_EDGE('',*,*,#1988,.F.);
#11721=ORIENTED_EDGE('',*,*,#1550,.T.);
#11722=CARTESIAN_POINT('',(4.72479780568261,-3.70658679858158,18.5));
#11723=DIRECTION('',(-0.078459095727842,0.996917333733128,0.0));
#11724=DIRECTION('',(0.0,0.0,1.0));
#11725=DIRECTION('',(0.0,0.0,-1.0));
#11726=DIRECTION('',(0.0,0.0,1.0));
#11727=DIRECTION('',(0.0,0.0,1.0));
#11728=SURFACE_STYLE_FILL_AREA(#13002);
#11729=ORIENTED_EDGE('',*,*,#2672,.F.);
#11730=ORIENTED_EDGE('',*,*,#2746,.T.);
#11731=ORIENTED_EDGE('',*,*,#1788,.F.);
#11732=ORIENTED_EDGE('',*,*,#2110,.T.);
#11733=CARTESIAN_POINT('',(-5.96523865982923,0.691684705094545,18.5));
#11734=DIRECTION('',(0.587785252292469,-0.809016994374951,0.0));
#11735=DIRECTION('',(0.0,0.0,1.0));
#11736=SURFACE_STYLE_FILL_AREA(#13003);
#11737=ORIENTED_EDGE('',*,*,#1734,.F.);
#11738=ORIENTED_EDGE('',*,*,#2084,.T.);
#11739=ORIENTED_EDGE('',*,*,#2440,.F.);
#11740=ORIENTED_EDGE('',*,*,#2638,.T.);
#11741=CARTESIAN_POINT('',(-0.25,6.00000000000003,18.5));
#11742=DIRECTION('',(-0.707106781186548,-0.707106781186548,0.0));
#11743=DIRECTION('',(0.0,0.0,1.0));
#11744=DIRECTION('',(0.0,0.0,-1.0));
#11745=DIRECTION('',(0.0,0.0,1.0));
#11746=DIRECTION('',(0.0,0.0,1.0));
#11747=DIRECTION('',(0.0,0.0,1.0));
#11748=CARTESIAN_POINT('',(8.49459449232197E-034,3.8785629217892E-016,0.0283217209356268));
#11749=DIRECTION('',(2.99932144364441E-032,2.44921270764475E-016,1.0));
#11750=DIRECTION('',(-1.0,-1.61446627552566E-013,3.95717063952499E-029));
#11751=DIRECTION('',(0.0,0.0,-1.0));
#11752=SURFACE_STYLE_FILL_AREA(#13004);
#11753=ORIENTED_EDGE('',*,*,#2580,.F.);
#11754=ORIENTED_EDGE('',*,*,#1590,.F.);
#11755=ORIENTED_EDGE('',*,*,#1184,.F.);
#11756=ORIENTED_EDGE('',*,*,#2316,.F.);
#11757=CARTESIAN_POINT('',(2.20042973610049,5.31230731193855,18.5));
#11758=DIRECTION('',(0.382683432365112,-0.923879532511278,0.0));
#11759=DIRECTION('',(0.0,0.0,1.0));
#11760=DIRECTION('',(0.707106781186598,1.13900226905005E-013,-0.707106781186497));
#11761=DIRECTION('',(-0.707106781186598,-1.13900226905005E-013,0.707106781186497));
#11762=SURFACE_STYLE_FILL_AREA(#13005);
#11763=ORIENTED_EDGE('',*,*,#2412,.F.);
#11764=ORIENTED_EDGE('',*,*,#1712,.F.);
#11765=ORIENTED_EDGE('',*,*,#1796,.F.);
#11766=ORIENTED_EDGE('',*,*,#1084,.F.);
#11767=CARTESIAN_POINT('',(3.37976520067917,-4.65184771765621,18.5));
#11768=DIRECTION('',(-0.987688340595141,0.156434465040209,0.0));
#11769=DIRECTION('',(0.0,0.0,1.0));
#11770=SURFACE_STYLE_FILL_AREA(#13006);
#11771=ORIENTED_EDGE('',*,*,#1232,.F.);
#11772=ORIENTED_EDGE('',*,*,#2514,.T.);
#11773=ORIENTED_EDGE('',*,*,#1410,.F.);
#11774=ORIENTED_EDGE('',*,*,#2206,.T.);
#11775=CARTESIAN_POINT('',(-5.88702142730816,-1.18552887538976,18.5));
#11776=DIRECTION('',(0.809016994374951,-0.587785252292469,0.0));
#11777=DIRECTION('',(0.0,0.0,1.0));
#11778=SURFACE_STYLE_FILL_AREA(#13007);
#11779=ORIENTED_EDGE('',*,*,#3004,.F.);
#11780=ORIENTED_EDGE('',*,*,#2110,.F.);
#11781=ORIENTED_EDGE('',*,*,#2124,.F.);
#11782=ORIENTED_EDGE('',*,*,#2636,.F.);
#11783=CARTESIAN_POINT('',(-5.67920795842042,0.899498173983275,18.5));
#11784=DIRECTION('',(0.809016994374934,0.587785252292492,-0.0));
#11785=DIRECTION('',(0.0,0.0,1.0));
#11786=SURFACE_STYLE_FILL_AREA(#13008);
#11787=ORIENTED_EDGE('',*,*,#1654,.F.);
#11788=ORIENTED_EDGE('',*,*,#2292,.T.);
#11789=ORIENTED_EDGE('',*,*,#1442,.F.);
#11790=ORIENTED_EDGE('',*,*,#2380,.T.);
#11791=CARTESIAN_POINT('',(-2.92183134720797,-5.24646562730203,18.5));
#11792=DIRECTION('',(0.972369920397677,0.233445363855902,-0.0));
#11793=DIRECTION('',(0.0,0.0,1.0));
#11794=SURFACE_STYLE_FILL_AREA(#13009);
#11795=ORIENTED_EDGE('',*,*,#1102,.F.);
#11796=ORIENTED_EDGE('',*,*,#2270,.F.);
#11797=ORIENTED_EDGE('',*,*,#1256,.F.);
#11798=ORIENTED_EDGE('',*,*,#1520,.F.);
#11799=CARTESIAN_POINT('',(4.06586399182368,-4.06586399182164,18.5));
#11800=DIRECTION('',(-1.0,-3.34732241924485E-014,0.0));
#11801=DIRECTION('',(0.0,0.0,1.0));
#11802=SURFACE_STYLE_FILL_AREA(#13010);
#11803=ORIENTED_EDGE('',*,*,#2914,.F.);
#11804=ORIENTED_EDGE('',*,*,#1116,.T.);
#11805=ORIENTED_EDGE('',*,*,#1304,.T.);
#11806=ORIENTED_EDGE('',*,*,#1754,.T.);
#11807=ORIENTED_EDGE('',*,*,#1606,.T.);
#11808=ORIENTED_EDGE('',*,*,#1410,.T.);
#11809=ORIENTED_EDGE('',*,*,#2938,.T.);
#11810=ORIENTED_EDGE('',*,*,#2700,.T.);
#11811=ORIENTED_EDGE('',*,*,#2510,.T.);
#11812=ORIENTED_EDGE('',*,*,#2160,.T.);
#11813=ORIENTED_EDGE('',*,*,#1954,.T.);
#11814=ORIENTED_EDGE('',*,*,#1630,.T.);
#11815=ORIENTED_EDGE('',*,*,#1316,.T.);
#11816=ORIENTED_EDGE('',*,*,#1088,.T.);
#11817=ORIENTED_EDGE('',*,*,#2722,.T.);
#11818=ORIENTED_EDGE('',*,*,#2212,.T.);
#11819=ORIENTED_EDGE('',*,*,#2534,.T.);
#11820=ORIENTED_EDGE('',*,*,#2410,.T.);
#11821=ORIENTED_EDGE('',*,*,#1118,.T.);
#11822=ORIENTED_EDGE('',*,*,#2784,.T.);
#11823=ORIENTED_EDGE('',*,*,#2320,.T.);
#11824=ORIENTED_EDGE('',*,*,#2658,.T.);
#11825=ORIENTED_EDGE('',*,*,#2984,.T.);
#11826=ORIENTED_EDGE('',*,*,#2556,.T.);
#11827=ORIENTED_EDGE('',*,*,#1042,.T.);
#11828=ORIENTED_EDGE('',*,*,#2004,.T.);
#11829=ORIENTED_EDGE('',*,*,#1588,.T.);
#11830=ORIENTED_EDGE('',*,*,#1442,.T.);
#11831=ORIENTED_EDGE('',*,*,#2792,.T.);
#11832=ORIENTED_EDGE('',*,*,#2154,.T.);
#11833=ORIENTED_EDGE('',*,*,#3030,.T.);
#11834=ORIENTED_EDGE('',*,*,#2196,.T.);
#11835=ORIENTED_EDGE('',*,*,#2130,.T.);
#11836=ORIENTED_EDGE('',*,*,#2762,.T.);
#11837=ORIENTED_EDGE('',*,*,#1086,.T.);
#11838=ORIENTED_EDGE('',*,*,#2326,.T.);
#11839=ORIENTED_EDGE('',*,*,#1896,.T.);
#11840=ORIENTED_EDGE('',*,*,#1940,.T.);
#11841=ORIENTED_EDGE('',*,*,#1970,.T.);
#11842=ORIENTED_EDGE('',*,*,#2432,.T.);
#11843=ORIENTED_EDGE('',*,*,#1838,.T.);
#11844=ORIENTED_EDGE('',*,*,#2426,.T.);
#11845=ORIENTED_EDGE('',*,*,#2094,.T.);
#11846=ORIENTED_EDGE('',*,*,#1124,.T.);
#11847=ORIENTED_EDGE('',*,*,#1040,.T.);
#11848=ORIENTED_EDGE('',*,*,#1092,.T.);
#11849=ORIENTED_EDGE('',*,*,#3016,.T.);
#11850=ORIENTED_EDGE('',*,*,#1100,.T.);
#11851=ORIENTED_EDGE('',*,*,#1286,.T.);
#11852=ORIENTED_EDGE('',*,*,#1392,.T.);
#11853=ORIENTED_EDGE('',*,*,#2366,.T.);
#11854=ORIENTED_EDGE('',*,*,#2198,.T.);
#11855=ORIENTED_EDGE('',*,*,#1214,.T.);
#11856=ORIENTED_EDGE('',*,*,#1150,.T.);
#11857=ORIENTED_EDGE('',*,*,#1966,.T.);
#11858=ORIENTED_EDGE('',*,*,#2118,.T.);
#11859=ORIENTED_EDGE('',*,*,#1796,.T.);
#11860=ORIENTED_EDGE('',*,*,#1330,.T.);
#11861=ORIENTED_EDGE('',*,*,#2246,.T.);
#11862=ORIENTED_EDGE('',*,*,#2924,.T.);
#11863=ORIENTED_EDGE('',*,*,#1256,.T.);
#11864=ORIENTED_EDGE('',*,*,#1466,.T.);
#11865=ORIENTED_EDGE('',*,*,#2048,.T.);
#11866=ORIENTED_EDGE('',*,*,#1988,.T.);
#11867=ORIENTED_EDGE('',*,*,#1886,.T.);
#11868=ORIENTED_EDGE('',*,*,#1942,.T.);
#11869=ORIENTED_EDGE('',*,*,#1678,.T.);
#11870=ORIENTED_EDGE('',*,*,#2328,.T.);
#11871=ORIENTED_EDGE('',*,*,#1342,.T.);
#11872=ORIENTED_EDGE('',*,*,#2956,.T.);
#11873=ORIENTED_EDGE('',*,*,#3056,.T.);
#11874=ORIENTED_EDGE('',*,*,#3032,.T.);
#11875=ORIENTED_EDGE('',*,*,#1730,.T.);
#11876=ORIENTED_EDGE('',*,*,#1036,.T.);
#11877=ORIENTED_EDGE('',*,*,#1268,.T.);
#11878=ORIENTED_EDGE('',*,*,#1372,.T.);
#11879=ORIENTED_EDGE('',*,*,#2214,.T.);
#11880=ORIENTED_EDGE('',*,*,#2798,.T.);
#11881=ORIENTED_EDGE('',*,*,#2122,.T.);
#11882=ORIENTED_EDGE('',*,*,#1986,.T.);
#11883=ORIENTED_EDGE('',*,*,#1358,.T.);
#11884=ORIENTED_EDGE('',*,*,#1770,.F.);
#11885=ORIENTED_EDGE('',*,*,#2294,.F.);
#11886=CARTESIAN_POINT('',(5.50375484908724E-031,4.87522501882525E-015,18.35));
#11887=DIRECTION('',(-2.99932144364467E-032,-2.44921270764475E-016,-1.0));
#11888=DIRECTION('',(-1.0,-1.61446627552566E-013,3.957170639525E-029));
#11889=SURFACE_STYLE_FILL_AREA(#13011);
#11890=ORIENTED_EDGE('',*,*,#1202,.F.);
#11891=ORIENTED_EDGE('',*,*,#2714,.T.);
#11892=ORIENTED_EDGE('',*,*,#2014,.F.);
#11893=ORIENTED_EDGE('',*,*,#1260,.T.);
#11894=CARTESIAN_POINT('',(-2.52707047731923,5.44760633697388,18.5));
#11895=DIRECTION('',(-0.38268343236508,-0.923879532511291,0.0));
#11896=DIRECTION('',(0.0,0.0,1.0));
#11897=DIRECTION('',(0.0,0.0,1.0));
#11898=SURFACE_STYLE_FILL_AREA(#13012);
#11899=ORIENTED_EDGE('',*,*,#3038,.F.);
#11900=ORIENTED_EDGE('',*,*,#2492,.F.);
#11901=ORIENTED_EDGE('',*,*,#1970,.F.);
#11902=ORIENTED_EDGE('',*,*,#2948,.F.);
#11903=CARTESIAN_POINT('',(-0.451139800435143,-5.73227466896793,18.5));
#11904=DIRECTION('',(-0.649448048330201,0.760405965600016,0.0));
#11905=DIRECTION('',(0.0,0.0,1.0));
#11906=DIRECTION('',(0.0,0.0,1.0));
#11907=SURFACE_STYLE_FILL_AREA(#13013);
#11908=ORIENTED_EDGE('',*,*,#2516,.F.);
#11909=ORIENTED_EDGE('',*,*,#2490,.T.);
#11910=ORIENTED_EDGE('',*,*,#1088,.F.);
#11911=ORIENTED_EDGE('',*,*,#2276,.T.);
#11912=CARTESIAN_POINT('',(-5.23254152019571,-2.94669462948463,18.5));
#11913=DIRECTION('',(0.951056516295153,-0.309016994374948,0.0));
#11914=DIRECTION('',(0.0,0.0,1.0));
#11915=SURFACE_STYLE_FILL_AREA(#13014);
#11916=ORIENTED_EDGE('',*,*,#2692,.F.);
#11917=ORIENTED_EDGE('',*,*,#1428,.F.);
#11918=ORIENTED_EDGE('',*,*,#1366,.F.);
#11919=ORIENTED_EDGE('',*,*,#1082,.F.);
#11920=CARTESIAN_POINT('',(-4.06586399182365,4.06586399182168,18.5));
#11921=DIRECTION('',(1.0,3.34732241924485E-014,-0.0));
#11922=DIRECTION('',(0.0,0.0,1.0));
#11923=DIRECTION('',(0.0,0.0,-1.0));
#11924=SURFACE_STYLE_FILL_AREA(#13015);
#11925=ORIENTED_EDGE('',*,*,#1126,.T.);
#11926=ORIENTED_EDGE('',*,*,#1672,.F.);
#11927=ORIENTED_EDGE('',*,*,#2616,.T.);
#11928=ORIENTED_EDGE('',*,*,#2438,.T.);
#11929=CARTESIAN_POINT('',(2.43694867296098E-031,2.37090502525849E-015,8.12499999999998));
#11930=DIRECTION('',(-2.99932144364427E-032,-2.44921270764475E-016,-1.0));
#11931=DIRECTION('',(-1.0,-1.61446627552566E-013,3.957170639525E-029));
#11932=SURFACE_STYLE_FILL_AREA(#13016);
#11933=ORIENTED_EDGE('',*,*,#1934,.F.);
#11934=ORIENTED_EDGE('',*,*,#2836,.T.);
#11935=ORIENTED_EDGE('',*,*,#1900,.F.);
#11936=ORIENTED_EDGE('',*,*,#1130,.T.);
#11937=CARTESIAN_POINT('',(-2.09186609532546,5.62908484917602,18.5));
#11938=DIRECTION('',(-0.453990499739538,-0.891006524188372,0.0));
#11939=DIRECTION('',(0.0,0.0,1.0));
#11940=DIRECTION('',(0.0,0.0,1.0));
#11941=DIRECTION('',(0.0,0.0,1.0));
#11942=SURFACE_STYLE_FILL_AREA(#13017);
#11943=ORIENTED_EDGE('',*,*,#2082,.F.);
#11944=ORIENTED_EDGE('',*,*,#2216,.T.);
#11945=ORIENTED_EDGE('',*,*,#2902,.F.);
#11946=ORIENTED_EDGE('',*,*,#2140,.T.);
#11947=CARTESIAN_POINT('',(-3.34815142938729,4.9852163449457,18.5));
#11948=DIRECTION('',(-0.2334453638559,-0.972369920397678,0.0));
#11949=DIRECTION('',(0.0,0.0,1.0));
#11950=DIRECTION('',(0.0,0.0,-1.0));
#11951=DIRECTION('',(0.0,0.0,1.0));
#11952=SURFACE_STYLE_FILL_AREA(#13018);
#11953=ORIENTED_EDGE('',*,*,#1524,.F.);
#11954=ORIENTED_EDGE('',*,*,#2478,.F.);
#11955=ORIENTED_EDGE('',*,*,#1886,.F.);
#11956=ORIENTED_EDGE('',*,*,#1722,.F.);
#11957=CARTESIAN_POINT('',(4.65184771765794,-3.37976520068056,18.5));
#11958=DIRECTION('',(-0.987688340595132,-0.156434465040264,0.0));
#11959=DIRECTION('',(0.0,0.0,1.0));
#11960=DIRECTION('',(0.0,0.0,-1.0));
#11961=SURFACE_STYLE_FILL_AREA(#13019);
#11962=ORIENTED_EDGE('',*,*,#2864,.F.);
#11963=ORIENTED_EDGE('',*,*,#1060,.F.);
#11964=ORIENTED_EDGE('',*,*,#1422,.F.);
#11965=ORIENTED_EDGE('',*,*,#1198,.F.);
#11966=CARTESIAN_POINT('',(-1.34231084217237,5.59112704228752,18.5));
#11967=DIRECTION('',(0.852640164354107,-0.522498564715925,0.0));
#11968=DIRECTION('',(0.0,0.0,1.0));
#11969=SURFACE_STYLE_FILL_AREA(#13020);
#11970=ORIENTED_EDGE('',*,*,#1498,.F.);
#11971=ORIENTED_EDGE('',*,*,#2036,.F.);
#11972=ORIENTED_EDGE('',*,*,#1358,.F.);
#11973=ORIENTED_EDGE('',*,*,#1462,.T.);
#11974=CARTESIAN_POINT('',(5.75,1.4210854715202E-014,18.5));
#11975=DIRECTION('',(-0.707106781186527,-0.707106781186568,0.0));
#11976=DIRECTION('',(0.0,0.0,1.0));
#11977=DIRECTION('',(0.0,0.0,-1.0));
#11978=DIRECTION('',(0.0,0.0,-1.0));
#11979=SURFACE_STYLE_FILL_AREA(#13021);
#11980=ORIENTED_EDGE('',*,*,#1228,.F.);
#11981=ORIENTED_EDGE('',*,*,#2638,.F.);
#11982=ORIENTED_EDGE('',*,*,#2786,.F.);
#11983=ORIENTED_EDGE('',*,*,#2684,.F.);
#11984=CARTESIAN_POINT('',(0.0,5.75000000000003,18.5));
#11985=DIRECTION('',(0.707106781186568,-0.707106781186527,0.0));
#11986=DIRECTION('',(0.0,0.0,1.0));
#11987=SURFACE_STYLE_FILL_AREA(#13022);
#11988=ORIENTED_EDGE('',*,*,#1666,.F.);
#11989=ORIENTED_EDGE('',*,*,#1142,.T.);
#11990=ORIENTED_EDGE('',*,*,#1942,.F.);
#11991=ORIENTED_EDGE('',*,*,#2478,.T.);
#11992=CARTESIAN_POINT('',(5.00104827932478,-3.32445726515994,18.5));
#11993=DIRECTION('',(-0.156434465040236,0.987688340595137,0.0));
#11994=DIRECTION('',(0.0,0.0,1.0));
#11995=DIRECTION('',(0.0,0.0,1.0));
#11996=SURFACE_STYLE_FILL_AREA(#13023);
#11997=ORIENTED_EDGE('',*,*,#1334,.F.);
#11998=ORIENTED_EDGE('',*,*,#2806,.F.);
#11999=ORIENTED_EDGE('',*,*,#2320,.F.);
#12000=ORIENTED_EDGE('',*,*,#2708,.F.);
#12001=CARTESIAN_POINT('',(-4.06586399182163,-4.06586399182359,18.5));
#12002=DIRECTION('',(-3.34732241924485E-014,1.0,0.0));
#12003=DIRECTION('',(0.0,0.0,1.0));
#12004=DIRECTION('',(0.0,0.0,-1.0));
#12005=SURFACE_STYLE_FILL_AREA(#13024);
#12006=ORIENTED_EDGE('',*,*,#2860,.F.);
#12007=ORIENTED_EDGE('',*,*,#2518,.T.);
#12008=ORIENTED_EDGE('',*,*,#1372,.F.);
#12009=ORIENTED_EDGE('',*,*,#2740,.T.);
#12010=CARTESIAN_POINT('',(5.89258086335133,-1.15757970303569,18.5));
#12011=DIRECTION('',(-0.522498564715949,0.852640164354092,0.0));
#12012=DIRECTION('',(0.0,0.0,1.0));
#12013=DIRECTION('',(0.0,0.0,-1.0));
#12014=SURFACE_STYLE_FILL_AREA(#13025);
#12015=ORIENTED_EDGE('',*,*,#2126,.F.);
#12016=ORIENTED_EDGE('',*,*,#2890,.T.);
#12017=ORIENTED_EDGE('',*,*,#1298,.F.);
#12018=ORIENTED_EDGE('',*,*,#2106,.T.);
#12019=CARTESIAN_POINT('',(-3.72896576234601,4.70715565317688,18.5));
#12020=DIRECTION('',(-0.156434465040237,-0.987688340595137,0.0));
#12021=DIRECTION('',(0.0,0.0,1.0));
#12022=SURFACE_STYLE_FILL_AREA(#13026);
#12023=ORIENTED_EDGE('',*,*,#2070,.F.);
#12024=ORIENTED_EDGE('',*,*,#2380,.F.);
#12025=ORIENTED_EDGE('',*,*,#1588,.F.);
#12026=ORIENTED_EDGE('',*,*,#1504,.F.);
#12027=CARTESIAN_POINT('',(-3.00436674711752,-4.90268094503452,18.5));
#12028=DIRECTION('',(-0.23344536385593,0.972369920397671,0.0));
#12029=DIRECTION('',(0.0,0.0,1.0));
#12030=SURFACE_STYLE_FILL_AREA(#13027);
#12031=ORIENTED_EDGE('',*,*,#2442,.F.);
#12032=ORIENTED_EDGE('',*,*,#3048,.F.);
#12033=ORIENTED_EDGE('',*,*,#1730,.F.);
#12034=ORIENTED_EDGE('',*,*,#2052,.F.);
#12035=CARTESIAN_POINT('',(5.46857496869745,-1.77684771765643,18.5));
#12036=DIRECTION('',(-0.891006524188356,-0.45399049973957,0.0));
#12037=DIRECTION('',(0.0,0.0,1.0));
#12038=DIRECTION('',(0.0,0.0,1.0));
#12039=DIRECTION('',(0.0,0.0,1.0));
#12040=SURFACE_STYLE_FILL_AREA(#13028);
#12041=ORIENTED_EDGE('',*,*,#1782,.F.);
#12042=ORIENTED_EDGE('',*,*,#1958,.F.);
#12043=ORIENTED_EDGE('',*,*,#1086,.F.);
#12044=ORIENTED_EDGE('',*,*,#2774,.F.);
#12045=CARTESIAN_POINT('',(-1.34231084217113,-5.59112704228795,18.5));
#12046=DIRECTION('',(-0.522498564715973,0.852640164354077,0.0));
#12047=DIRECTION('',(0.0,0.0,1.0));
#12048=SURFACE_STYLE_FILL_AREA(#13029);
#12049=ORIENTED_EDGE('',*,*,#2950,.F.);
#12050=ORIENTED_EDGE('',*,*,#1760,.T.);
#12051=ORIENTED_EDGE('',*,*,#1506,.T.);
#12052=ORIENTED_EDGE('',*,*,#1544,.F.);
#12053=ORIENTED_EDGE('',*,*,#2868,.F.);
#12054=CARTESIAN_POINT('',(3.74915180455534E-033,4.11534859142681E-016,0.124999999999972));
#12055=DIRECTION('',(2.99932144364427E-032,2.44921270764475E-016,1.0));
#12056=DIRECTION('',(-1.0,-1.61446627552566E-013,3.957170639525E-029));
#12057=SURFACE_STYLE_FILL_AREA(#13030);
#12058=ORIENTED_EDGE('',*,*,#2624,.F.);
#12059=ORIENTED_EDGE('',*,*,#1718,.F.);
#12060=ORIENTED_EDGE('',*,*,#1118,.F.);
#12061=ORIENTED_EDGE('',*,*,#1904,.F.);
#12062=CARTESIAN_POINT('',(-4.37233430219945,-3.73432627789867,18.5));
#12063=DIRECTION('',(0.0784590957278137,0.996917333733131,-0.0));
#12064=DIRECTION('',(0.0,0.0,1.0));
#12065=DIRECTION('',(0.0,0.0,-1.0));
#12066=SURFACE_STYLE_FILL_AREA(#13031);
#12067=ORIENTED_EDGE('',*,*,#1396,.F.);
#12068=ORIENTED_EDGE('',*,*,#2316,.T.);
#12069=ORIENTED_EDGE('',*,*,#1446,.F.);
#12070=ORIENTED_EDGE('',*,*,#1616,.T.);
#12071=CARTESIAN_POINT('',(2.50119136739158,5.45953677006273,18.5));
#12072=DIRECTION('',(-0.951056516295155,-0.309016994374942,0.0));
#12073=DIRECTION('',(0.0,0.0,1.0));
#12074=SURFACE_STYLE_FILL_AREA(#13032);
#12075=ORIENTED_EDGE('',*,*,#2964,.F.);
#12076=ORIENTED_EDGE('',*,*,#1760,.F.);
#12077=ORIENTED_EDGE('',*,*,#2662,.F.);
#12078=ORIENTED_EDGE('',*,*,#2256,.F.);
#12079=ORIENTED_EDGE('',*,*,#2132,.F.);
#12080=CARTESIAN_POINT('',(-9.5707722732775E-018,6.06733659821627E-015,0.0781538675134597));
#12081=DIRECTION('',(-1.22460635382238E-016,2.44921270764475E-016,1.0));
#12082=DIRECTION('',(-1.77318286257769E-016,-1.0,2.44921270764475E-016));
#12083=SURFACE_STYLE_FILL_AREA(#13033);
#12084=ORIENTED_EDGE('',*,*,#2930,.F.);
#12085=ORIENTED_EDGE('',*,*,#1438,.F.);
#12086=ORIENTED_EDGE('',*,*,#2366,.F.);
#12087=ORIENTED_EDGE('',*,*,#1246,.F.);
#12088=CARTESIAN_POINT('',(2.20042973610009,-5.31230731193739,18.5));
#12089=DIRECTION('',(-0.923879532511302,0.382683432365053,0.0));
#12090=DIRECTION('',(0.0,0.0,1.0));
#12091=DIRECTION('',(0.0,0.0,1.0));
#12092=SURFACE_STYLE_FILL_AREA(#13034);
#12093=ORIENTED_EDGE('',*,*,#2446,.F.);
#12094=ORIENTED_EDGE('',*,*,#1568,.T.);
#12095=ORIENTED_EDGE('',*,*,#2198,.F.);
#12096=ORIENTED_EDGE('',*,*,#1438,.T.);
#12097=CARTESIAN_POINT('',(2.52707047731923,-5.44760633697391,18.5));
#12098=DIRECTION('',(0.38268343236508,0.923879532511291,-0.0));
#12099=DIRECTION('',(0.0,0.0,1.0));
#12100=SURFACE_STYLE_FILL_AREA(#13035);
#12101=ORIENTED_EDGE('',*,*,#1458,.F.);
#12102=ORIENTED_EDGE('',*,*,#1984,.F.);
#12103=ORIENTED_EDGE('',*,*,#2394,.F.);
#12104=ORIENTED_EDGE('',*,*,#2682,.F.);
#12105=CARTESIAN_POINT('',(-5.75,2.8421709430404E-014,18.5));
#12106=DIRECTION('',(0.707106781186527,0.707106781186568,-0.0));
#12107=DIRECTION('',(0.0,0.0,1.0));
#12108=SURFACE_STYLE_FILL_AREA(#13036);
#12109=ORIENTED_EDGE('',*,*,#1480,.F.);
#12110=ORIENTED_EDGE('',*,*,#2684,.T.);
#12111=ORIENTED_EDGE('',*,*,#2668,.F.);
#12112=ORIENTED_EDGE('',*,*,#1762,.T.);
#12113=CARTESIAN_POINT('',(0.221525240933943,6.00111877633327,18.5));
#12114=DIRECTION('',(-0.760405965600034,-0.64944804833018,0.0));
#12115=DIRECTION('',(0.0,0.0,1.0));
#12116=DIRECTION('',(0.0,0.0,1.0));
#12117=DIRECTION('',(0.0,0.0,1.0));
#12118=SURFACE_STYLE_FILL_AREA(#13037);
#12119=ORIENTED_EDGE('',*,*,#2630,.F.);
#12120=ORIENTED_EDGE('',*,*,#1312,.T.);
#12121=ORIENTED_EDGE('',*,*,#2470,.F.);
#12122=ORIENTED_EDGE('',*,*,#1060,.T.);
#12123=CARTESIAN_POINT('',(-1.64376466323577,5.77585818142299,18.5));
#12124=DIRECTION('',(-0.522498564715949,-0.852640164354092,0.0));
#12125=DIRECTION('',(0.0,0.0,1.0));
#12126=SURFACE_STYLE_FILL_AREA(#13038);
#12127=ORIENTED_EDGE('',*,*,#2882,.F.);
#12128=ORIENTED_EDGE('',*,*,#1708,.T.);
#12129=ORIENTED_EDGE('',*,*,#1330,.F.);
#12130=ORIENTED_EDGE('',*,*,#1712,.T.);
#12131=CARTESIAN_POINT('',(3.72896576234601,-4.70715565317681,18.5));
#12132=DIRECTION('',(0.156434465040237,0.987688340595137,-0.0));
#12133=DIRECTION('',(0.0,0.0,1.0));
#12134=DIRECTION('',(0.0,0.0,-1.0));
#12135=DIRECTION('',(0.0,0.0,-1.0));
#12136=SURFACE_STYLE_FILL_AREA(#13039);
#12137=ORIENTED_EDGE('',*,*,#1578,.F.);
#12138=ORIENTED_EDGE('',*,*,#1200,.T.);
#12139=ORIENTED_EDGE('',*,*,#1360,.F.);
#12140=ORIENTED_EDGE('',*,*,#2544,.T.);
#12141=CARTESIAN_POINT('',(-5.00104827932483,3.32445726515999,18.5));
#12142=DIRECTION('',(0.156434465040236,-0.987688340595137,0.0));
#12143=DIRECTION('',(0.0,0.0,1.0));
#12144=DIRECTION('',(0.0,0.0,1.0));
#12145=SURFACE_STYLE_FILL_AREA(#13040);
#12146=ORIENTED_EDGE('',*,*,#2368,.F.);
#12147=ORIENTED_EDGE('',*,*,#1626,.F.);
#12148=ORIENTED_EDGE('',*,*,#3016,.F.);
#12149=ORIENTED_EDGE('',*,*,#1584,.F.);
#12150=CARTESIAN_POINT('',(1.34231084217254,-5.59112704228744,18.5));
#12151=DIRECTION('',(-0.852640164354107,0.522498564715925,0.0));
#12152=DIRECTION('',(0.0,0.0,1.0));
#12153=CARTESIAN_POINT('',(3.47129613176355E-030,6.0481950536697E-015,-2.83384427035571E-014));
#12154=DIRECTION('',(-2.99932144364428E-032,-2.44921270764475E-016,-1.0));
#12155=DIRECTION('',(-1.77318286257769E-016,-1.0,2.44921270764475E-016));
#12156=DIRECTION('',(0.0,0.0,1.0));
#12157=DIRECTION('',(0.0,0.0,-1.0));
#12158=SURFACE_STYLE_FILL_AREA(#13041);
#12159=SURFACE_STYLE_FILL_AREA(#13042);
#12160=ORIENTED_EDGE('',*,*,#2288,.F.);
#12161=ORIENTED_EDGE('',*,*,#2488,.F.);
#12162=ORIENTED_EDGE('',*,*,#1346,.F.);
#12163=ORIENTED_EDGE('',*,*,#2120,.F.);
#12164=CARTESIAN_POINT('',(5.67920795841957,0.899498173980902,18.5));
#12165=DIRECTION('',(-0.587785252292446,-0.809016994374967,0.0));
#12166=DIRECTION('',(0.0,0.0,1.0));
#12167=SURFACE_STYLE_FILL_AREA(#13043);
#12168=ORIENTED_EDGE('',*,*,#3028,.F.);
#12169=ORIENTED_EDGE('',*,*,#1904,.T.);
#12170=ORIENTED_EDGE('',*,*,#2410,.F.);
#12171=ORIENTED_EDGE('',*,*,#1928,.T.);
#12172=CARTESIAN_POINT('',(-4.70715565317678,-3.72896576234595,18.5));
#12173=DIRECTION('',(0.987688340595137,-0.156434465040237,0.0));
#12174=DIRECTION('',(0.0,0.0,1.0));
#12175=SURFACE_STYLE_FILL_AREA(#13044);
#12176=ORIENTED_EDGE('',*,*,#1500,.F.);
#12177=ORIENTED_EDGE('',*,*,#1494,.F.);
#12178=ORIENTED_EDGE('',*,*,#1966,.F.);
#12179=ORIENTED_EDGE('',*,*,#1430,.F.);
#12180=CARTESIAN_POINT('',(3.00436674711983,-4.90268094503607,18.5));
#12181=DIRECTION('',(-0.972369920397685,0.233445363855872,0.0));
#12182=DIRECTION('',(0.0,0.0,1.0));
#12183=SURFACE_STYLE_FILL_AREA(#13045);
#12184=ORIENTED_EDGE('',*,*,#2072,.F.);
#12185=ORIENTED_EDGE('',*,*,#2582,.T.);
#12186=ORIENTED_EDGE('',*,*,#2212,.F.);
#12187=ORIENTED_EDGE('',*,*,#2192,.T.);
#12188=CARTESIAN_POINT('',(-4.98521634494284,-3.34815142938564,18.5));
#12189=DIRECTION('',(0.97236992039768,-0.233445363855893,0.0));
#12190=DIRECTION('',(0.0,0.0,1.0));
#12191=SURFACE_STYLE_FILL_AREA(#13046);
#12192=ORIENTED_EDGE('',*,*,#2054,.F.);
#12193=ORIENTED_EDGE('',*,*,#1668,.F.);
#12194=ORIENTED_EDGE('',*,*,#1474,.F.);
#12195=ORIENTED_EDGE('',*,*,#2084,.F.);
#12196=CARTESIAN_POINT('',(-0.451139800437375,5.73227466896657,18.5));
#12197=DIRECTION('',(0.760405965600053,-0.649448048330158,0.0));
#12198=DIRECTION('',(0.0,0.0,1.0));
#12199=SURFACE_STYLE_FILL_AREA(#13047);
#12200=ORIENTED_EDGE('',*,*,#1804,.F.);
#12201=ORIENTED_EDGE('',*,*,#1098,.T.);
#12202=ORIENTED_EDGE('',*,*,#2432,.F.);
#12203=ORIENTED_EDGE('',*,*,#2492,.T.);
#12204=CARTESIAN_POINT('',(-0.221525240933815,-6.00111877633321,18.5));
#12205=DIRECTION('',(0.760405965600034,0.64944804833018,-0.0));
#12206=DIRECTION('',(0.0,0.0,1.0));
#12207=SURFACE_STYLE_FILL_AREA(#13048);
#12208=ORIENTED_EDGE('',*,*,#1128,.F.);
#12209=ORIENTED_EDGE('',*,*,#1746,.T.);
#12210=ORIENTED_EDGE('',*,*,#1300,.F.);
#12211=ORIENTED_EDGE('',*,*,#2854,.T.);
#12212=CARTESIAN_POINT('',(-5.78359334636497,1.61633783717642,18.5));
#12213=DIRECTION('',(0.453990499739544,-0.891006524188369,0.0));
#12214=DIRECTION('',(0.0,0.0,1.0));
#12215=DIRECTION('',(0.0,0.0,-1.0));
#12216=DIRECTION('',(0.0,0.0,-1.0));
#12217=SURFACE_STYLE_FILL_AREA(#13049);
#12218=ORIENTED_EDGE('',*,*,#2940,.F.);
#12219=ORIENTED_EDGE('',*,*,#2528,.F.);
#12220=ORIENTED_EDGE('',*,*,#1424,.F.);
#12221=ORIENTED_EDGE('',*,*,#1748,.F.);
#12222=CARTESIAN_POINT('',(-5.31230731193855,2.2004297361005,18.5));
#12223=DIRECTION('',(0.923879532511278,0.382683432365112,-0.0));
#12224=DIRECTION('',(0.0,0.0,1.0));
#12225=SURFACE_STYLE_FILL_AREA(#13050);
#12226=ORIENTED_EDGE('',*,*,#1440,.F.);
#12227=ORIENTED_EDGE('',*,*,#1680,.F.);
#12228=ORIENTED_EDGE('',*,*,#1388,.F.);
#12229=ORIENTED_EDGE('',*,*,#2640,.F.);
#12230=CARTESIAN_POINT('',(5.59112704228758,1.3423108421724,18.5));
#12231=DIRECTION('',(-0.522498564715925,-0.852640164354107,0.0));
#12232=DIRECTION('',(0.0,0.0,1.0));
#12233=DIRECTION('',(0.0,0.0,-1.0));
#12234=DIRECTION('',(0.0,0.0,1.0));
#12235=DIRECTION('',(0.0,0.0,-1.0));
#12236=SURFACE_STYLE_FILL_AREA(#13051);
#12237=ORIENTED_EDGE('',*,*,#2626,.F.);
#12238=ORIENTED_EDGE('',*,*,#1066,.F.);
#12239=ORIENTED_EDGE('',*,*,#1302,.F.);
#12240=ORIENTED_EDGE('',*,*,#2026,.F.);
#12241=CARTESIAN_POINT('',(1.34231084217109,5.59112704228792,18.5));
#12242=DIRECTION('',(0.522498564715973,-0.852640164354077,0.0));
#12243=DIRECTION('',(0.0,0.0,1.0));
#12244=SURFACE_STYLE_FILL_AREA(#13052);
#12245=ORIENTED_EDGE('',*,*,#2002,.F.);
#12246=ORIENTED_EDGE('',*,*,#2026,.T.);
#12247=ORIENTED_EDGE('',*,*,#2178,.F.);
#12248=ORIENTED_EDGE('',*,*,#1880,.T.);
#12249=CARTESIAN_POINT('',(1.61633783717641,5.783593346365,18.5));
#12250=DIRECTION('',(-0.891006524188369,-0.453990499739544,0.0));
#12251=DIRECTION('',(0.0,0.0,1.0));
#12252=SURFACE_STYLE_FILL_AREA(#13053);
#12253=ORIENTED_EDGE('',*,*,#2650,.F.);
#12254=ORIENTED_EDGE('',*,*,#1512,.T.);
#12255=ORIENTED_EDGE('',*,*,#2160,.F.);
#12256=ORIENTED_EDGE('',*,*,#2274,.T.);
#12257=CARTESIAN_POINT('',(-5.629084849176,-2.09186609532549,18.5));
#12258=DIRECTION('',(0.891006524188372,-0.453990499739538,0.0));
#12259=DIRECTION('',(0.0,0.0,1.0));
#12260=DIRECTION('',(0.0,0.0,-1.0));
#12261=SURFACE_STYLE_FILL_AREA(#13054);
#12262=ORIENTED_EDGE('',*,*,#1376,.F.);
#12263=ORIENTED_EDGE('',*,*,#1928,.F.);
#12264=ORIENTED_EDGE('',*,*,#2534,.F.);
#12265=ORIENTED_EDGE('',*,*,#2582,.F.);
#12266=CARTESIAN_POINT('',(-4.65184771765618,-3.37976520067912,18.5));
#12267=DIRECTION('',(0.156434465040209,0.987688340595141,-0.0));
#12268=DIRECTION('',(0.0,0.0,1.0));
#12269=DIRECTION('',(1.98385843968232E-016,0.866025403784439,0.5));
#12270=DIRECTION('',(-0.707106781186598,-1.14246597887834E-013,-0.707106781186497));
#12271=DIRECTION('',(0.0,0.0,-1.0));
#12272=SURFACE_STYLE_FILL_AREA(#13055);
#12273=ORIENTED_EDGE('',*,*,#1806,.F.);
#12274=ORIENTED_EDGE('',*,*,#1272,.F.);
#12275=ORIENTED_EDGE('',*,*,#1954,.F.);
#12276=ORIENTED_EDGE('',*,*,#1512,.F.);
#12277=CARTESIAN_POINT('',(-5.31230731193722,-2.20042973610009,18.5));
#12278=DIRECTION('',(0.382683432365053,0.923879532511302,-0.0));
#12279=DIRECTION('',(0.0,0.0,1.0));
#12280=DIRECTION('',(0.0,0.0,-1.0));
#12281=DIRECTION('',(0.0,0.0,-1.0));
#12282=DIRECTION('',(0.0,0.0,-1.0));
#12283=SURFACE_STYLE_FILL_AREA(#13056);
#12284=ORIENTED_EDGE('',*,*,#1058,.F.);
#12285=ORIENTED_EDGE('',*,*,#2628,.F.);
#12286=ORIENTED_EDGE('',*,*,#2586,.F.);
#12287=ORIENTED_EDGE('',*,*,#2870,.F.);
#12288=CARTESIAN_POINT('',(0.899498173983289,5.67920795842051,18.5));
#12289=DIRECTION('',(0.587785252292492,-0.809016994374934,0.0));
#12290=DIRECTION('',(0.0,0.0,1.0));
#12291=SURFACE_STYLE_FILL_AREA(#13057);
#12292=ORIENTED_EDGE('',*,*,#1528,.F.);
#12293=ORIENTED_EDGE('',*,*,#1740,.F.);
#12294=ORIENTED_EDGE('',*,*,#2778,.F.);
#12295=ORIENTED_EDGE('',*,*,#2086,.F.);
#12296=CARTESIAN_POINT('',(5.46857496869603,1.77684771765794,18.5));
#12297=DIRECTION('',(-0.453990499739513,-0.891006524188385,0.0));
#12298=DIRECTION('',(0.0,0.0,1.0));
#12299=DIRECTION('',(0.0,0.0,1.0));
#12300=CARTESIAN_POINT('',(5.54874467074191E-031,4.91196320943992E-015,18.5));
#12301=DIRECTION('',(2.99932144364381E-032,2.44921270764475E-016,1.0));
#12302=DIRECTION('',(-1.0,-1.61446627552566E-013,3.95717063952499E-029));
#12303=DIRECTION('',(0.0,0.0,-1.0));
#12304=DIRECTION('',(0.0,0.0,-1.0));
#12305=SURFACE_STYLE_FILL_AREA(#13058);
#12306=ORIENTED_EDGE('',*,*,#1108,.F.);
#12307=ORIENTED_EDGE('',*,*,#2206,.F.);
#12308=ORIENTED_EDGE('',*,*,#1606,.F.);
#12309=ORIENTED_EDGE('',*,*,#1390,.F.);
#12310=CARTESIAN_POINT('',(-5.67920795841945,-0.89949817398093,18.5));
#12311=DIRECTION('',(0.587785252292446,0.809016994374967,-0.0));
#12312=DIRECTION('',(0.0,0.0,1.0));
#12313=DIRECTION('',(0.0,0.0,-1.0));
#12314=DIRECTION('',(0.0,0.0,1.0));
#12315=SURFACE_STYLE_FILL_AREA(#13059);
#12316=ORIENTED_EDGE('',*,*,#2200,.F.);
#12317=ORIENTED_EDGE('',*,*,#1504,.T.);
#12318=ORIENTED_EDGE('',*,*,#2004,.F.);
#12319=ORIENTED_EDGE('',*,*,#1072,.T.);
#12320=CARTESIAN_POINT('',(-3.32445726515994,-5.00104827932472,18.5));
#12321=DIRECTION('',(0.987688340595137,0.156434465040236,-0.0));
#12322=DIRECTION('',(0.0,0.0,1.0));
#12323=SURFACE_STYLE_FILL_AREA(#13060);
#12324=ORIENTED_EDGE('',*,*,#3014,.F.);
#12325=ORIENTED_EDGE('',*,*,#2876,.T.);
#12326=ORIENTED_EDGE('',*,*,#2326,.F.);
#12327=ORIENTED_EDGE('',*,*,#1958,.T.);
#12328=CARTESIAN_POINT('',(-1.15757970303569,-5.89258086335133,18.5));
#12329=DIRECTION('',(0.852640164354092,0.522498564715949,-0.0));
#12330=DIRECTION('',(0.0,0.0,1.0));
#12331=SURFACE_STYLE_FILL_AREA(#13061);
#12332=ORIENTED_EDGE('',*,*,#2184,.F.);
#12333=ORIENTED_EDGE('',*,*,#1852,.T.);
#12334=ORIENTED_EDGE('',*,*,#1630,.F.);
#12335=ORIENTED_EDGE('',*,*,#1272,.T.);
#12336=CARTESIAN_POINT('',(-5.44760633697373,-2.52707047731923,18.5));
#12337=DIRECTION('',(0.923879532511291,-0.38268343236508,0.0));
#12338=DIRECTION('',(0.0,0.0,1.0));
#12339=SURFACE_STYLE_FILL_AREA(#13062);
#12340=ORIENTED_EDGE('',*,*,#2266,.F.);
#12341=ORIENTED_EDGE('',*,*,#1912,.F.);
#12342=ORIENTED_EDGE('',*,*,#2278,.F.);
#12343=ORIENTED_EDGE('',*,*,#1660,.F.);
#12344=CARTESIAN_POINT('',(4.90268094503338,3.00436674711813,18.5));
#12345=DIRECTION('',(-0.233445363855865,-0.972369920397686,0.0));
#12346=DIRECTION('',(0.0,0.0,1.0));
#12347=DIRECTION('',(0.0,0.0,-1.0));
#12348=DIRECTION('',(0.0,0.0,-1.0));
#12349=DIRECTION('',(0.0,0.0,-1.0));
#12350=SURFACE_STYLE_FILL_AREA(#13063);
#12351=ORIENTED_EDGE('',*,*,#1694,.F.);
#12352=ORIENTED_EDGE('',*,*,#2424,.F.);
#12353=ORIENTED_EDGE('',*,*,#2938,.F.);
#12354=ORIENTED_EDGE('',*,*,#2514,.F.);
#12355=CARTESIAN_POINT('',(-5.5911270422875,-1.3423108421724,18.5));
#12356=DIRECTION('',(0.522498564715925,0.852640164354107,-0.0));
#12357=DIRECTION('',(0.0,0.0,1.0));
#12358=DIRECTION('',(0.0,0.0,-1.0));
#12359=DIRECTION('',(0.0,0.0,-1.0));
#12360=SURFACE_STYLE_FILL_AREA(#13064);
#12361=ORIENTED_EDGE('',*,*,#2344,.F.);
#12362=ORIENTED_EDGE('',*,*,#2544,.F.);
#12363=ORIENTED_EDGE('',*,*,#2244,.F.);
#12364=ORIENTED_EDGE('',*,*,#2920,.F.);
#12365=CARTESIAN_POINT('',(-4.651847717658,3.3797652006806,18.5));
#12366=DIRECTION('',(0.987688340595132,0.156434465040264,-0.0));
#12367=DIRECTION('',(0.0,0.0,1.0));
#12368=SURFACE_STYLE_FILL_AREA(#13065);
#12369=ORIENTED_EDGE('',*,*,#1432,.F.);
#12370=ORIENTED_EDGE('',*,*,#2300,.F.);
#12371=ORIENTED_EDGE('',*,*,#1286,.F.);
#12372=ORIENTED_EDGE('',*,*,#1726,.F.);
#12373=CARTESIAN_POINT('',(1.77684771765797,-5.46857496869592,18.5));
#12374=DIRECTION('',(-0.891006524188385,0.453990499739513,0.0));
#12375=DIRECTION('',(0.0,0.0,1.0));
#12376=DIRECTION('',(0.0,0.0,1.0));
#12377=SURFACE_STYLE_FILL_AREA(#13066);
#12378=ORIENTED_EDGE('',*,*,#2982,.F.);
#12379=ORIENTED_EDGE('',*,*,#2584,.F.);
#12380=ORIENTED_EDGE('',*,*,#2214,.F.);
#12381=ORIENTED_EDGE('',*,*,#2518,.F.);
#12382=CARTESIAN_POINT('',(5.67920795842045,-0.899498173983233,18.5));
#12383=DIRECTION('',(-0.809016994374934,-0.587785252292492,0.0));
#12384=DIRECTION('',(0.0,0.0,1.0));
#12385=DIRECTION('',(0.0,0.0,1.0));
#12386=DIRECTION('',(0.0,0.0,-1.0));
#12387=SURFACE_STYLE_FILL_AREA(#13067);
#12388=ORIENTED_EDGE('',*,*,#1552,.F.);
#12389=ORIENTED_EDGE('',*,*,#2918,.T.);
#12390=ORIENTED_EDGE('',*,*,#2330,.F.);
#12391=ORIENTED_EDGE('',*,*,#1740,.T.);
#12392=CARTESIAN_POINT('',(5.62908484917611,2.09186609532549,18.5));
#12393=DIRECTION('',(-0.891006524188372,0.453990499739538,0.0));
#12394=DIRECTION('',(0.0,0.0,1.0));
#12395=SURFACE_STYLE_FILL_AREA(#13068);
#12396=ORIENTED_EDGE('',*,*,#2314,.F.);
#12397=ORIENTED_EDGE('',*,*,#2052,.T.);
#12398=ORIENTED_EDGE('',*,*,#3032,.F.);
#12399=ORIENTED_EDGE('',*,*,#1714,.T.);
#12400=CARTESIAN_POINT('',(5.63894805315763,-2.06513071106378,18.5));
#12401=DIRECTION('',(-0.382683432365086,0.923879532511289,0.0));
#12402=DIRECTION('',(0.0,0.0,1.0));
#12403=CARTESIAN_POINT('',(7.49830360911069E-033,4.42150017988241E-016,0.249999999999972));
#12404=DIRECTION('',(2.99932144364427E-032,2.44921270764475E-016,1.0));
#12405=DIRECTION('',(-1.0,-1.61446627552566E-013,3.957170639525E-029));
#12406=SURFACE_STYLE_FILL_AREA(#13069);
#12407=ORIENTED_EDGE('',*,*,#2454,.F.);
#12408=ORIENTED_EDGE('',*,*,#2844,.T.);
#12409=ORIENTED_EDGE('',*,*,#2658,.F.);
#12410=ORIENTED_EDGE('',*,*,#2806,.T.);
#12411=CARTESIAN_POINT('',(-4.06586399182163,-4.41941738241687,18.5));
#12412=DIRECTION('',(1.0,4.99600361081321E-015,-0.0));
#12413=DIRECTION('',(0.0,0.0,1.0));
#12414=SURFACE_STYLE_FILL_AREA(#13070);
#12415=ORIENTED_EDGE('',*,*,#1122,.F.);
#12416=ORIENTED_EDGE('',*,*,#1762,.F.);
#12417=ORIENTED_EDGE('',*,*,#1752,.F.);
#12418=ORIENTED_EDGE('',*,*,#1324,.F.);
#12419=CARTESIAN_POINT('',(0.451139800435271,5.73227466896799,18.5));
#12420=DIRECTION('',(0.649448048330201,-0.760405965600016,0.0));
#12421=DIRECTION('',(0.0,0.0,1.0));
#12422=DIRECTION('',(0.0,0.0,-1.0));
#12423=SURFACE_STYLE_FILL_AREA(#13071);
#12424=ORIENTED_EDGE('',*,*,#2654,.F.);
#12425=ORIENTED_EDGE('',*,*,#1726,.T.);
#12426=ORIENTED_EDGE('',*,*,#1100,.F.);
#12427=ORIENTED_EDGE('',*,*,#1626,.T.);
#12428=CARTESIAN_POINT('',(1.64376466323594,-5.7758581814229,18.5));
#12429=DIRECTION('',(0.522498564715949,0.852640164354092,-0.0));
#12430=DIRECTION('',(0.0,0.0,1.0));
#12431=SURFACE_STYLE_FILL_AREA(#13072);
#12432=ORIENTED_EDGE('',*,*,#2370,.F.);
#12433=ORIENTED_EDGE('',*,*,#1634,.F.);
#12434=ORIENTED_EDGE('',*,*,#1838,.F.);
#12435=ORIENTED_EDGE('',*,*,#1098,.F.);
#12436=CARTESIAN_POINT('',(5.6843418860808E-014,-5.74999999999997,18.5));
#12437=DIRECTION('',(-0.707106781186568,0.707106781186527,0.0));
#12438=DIRECTION('',(0.0,0.0,1.0));
#12439=DIRECTION('',(0.0,0.0,-1.0));
#12440=DIRECTION('',(0.0,0.0,1.0));
#12441=SURFACE_STYLE_FILL_AREA(#13073);
#12442=ORIENTED_EDGE('',*,*,#1394,.F.);
#12443=ORIENTED_EDGE('',*,*,#2870,.T.);
#12444=ORIENTED_EDGE('',*,*,#1374,.F.);
#12445=ORIENTED_EDGE('',*,*,#1066,.T.);
#12446=CARTESIAN_POINT('',(1.15757970303565,5.8925808633513,18.5));
#12447=DIRECTION('',(-0.852640164354092,-0.522498564715949,0.0));
#12448=DIRECTION('',(0.0,0.0,1.0));
#12449=DIRECTION('',(0.0,0.0,-1.0));
#12450=DIRECTION('',(0.0,0.0,1.0));
#12451=CARTESIAN_POINT('',(4.79891430983084E-031,4.29966003252873E-015,16.0));
#12452=DIRECTION('',(2.99932144364427E-032,2.44921270764475E-016,1.0));
#12453=DIRECTION('',(-1.0,-1.61446627552566E-013,3.957170639525E-029));
#12454=SURFACE_STYLE_FILL_AREA(#13074);
#12455=ORIENTED_EDGE('',*,*,#2880,.F.);
#12456=ORIENTED_EDGE('',*,*,#1082,.T.);
#12457=ORIENTED_EDGE('',*,*,#2144,.F.);
#12458=ORIENTED_EDGE('',*,*,#2910,.T.);
#12459=CARTESIAN_POINT('',(-4.08678978138124,4.40007378151698,18.5));
#12460=DIRECTION('',(-0.078459095727842,-0.996917333733128,0.0));
#12461=DIRECTION('',(0.0,0.0,1.0));
#12462=DIRECTION('',(0.0,0.0,-1.0));
#12463=DIRECTION('',(0.0,0.0,1.0));
#12464=DIRECTION('',(0.0,0.0,-1.0));
#12465=DIRECTION('',(0.0,0.0,1.0));
#12466=DIRECTION('',(0.0,0.0,1.0));
#12467=SURFACE_STYLE_FILL_AREA(#13075);
#12468=ORIENTED_EDGE('',*,*,#1818,.F.);
#12469=ORIENTED_EDGE('',*,*,#1072,.F.);
#12470=ORIENTED_EDGE('',*,*,#1042,.F.);
#12471=ORIENTED_EDGE('',*,*,#2408,.F.);
#12472=CARTESIAN_POINT('',(-3.37976520068055,-4.65184771765789,18.5));
#12473=DIRECTION('',(-0.156434465040264,0.987688340595132,0.0));
#12474=DIRECTION('',(0.0,0.0,1.0));
#12475=DIRECTION('',(0.0,0.0,-1.0));
#12476=DIRECTION('',(0.0,0.0,1.0));
#12477=DIRECTION('',(0.0,0.0,1.0));
#12478=DIRECTION('',(0.0,0.0,-1.0));
#12479=DIRECTION('',(0.0,0.0,1.0));
#12480=SURFACE_STYLE_FILL_AREA(#13076);
#12481=ORIENTED_EDGE('',*,*,#1244,.F.);
#12482=ORIENTED_EDGE('',*,*,#1154,.T.);
#12483=ORIENTED_EDGE('',*,*,#2448,.F.);
#12484=ORIENTED_EDGE('',*,*,#2280,.T.);
#12485=CARTESIAN_POINT('',(4.40007378151699,4.08678978138127,18.5));
#12486=DIRECTION('',(-0.996917333733128,0.078459095727842,0.0));
#12487=DIRECTION('',(0.0,0.0,1.0));
#12488=SURFACE_STYLE_FILL_AREA(#13077);
#12489=ORIENTED_EDGE('',*,*,#2298,.F.);
#12490=ORIENTED_EDGE('',*,*,#2280,.F.);
#12491=ORIENTED_EDGE('',*,*,#1484,.F.);
#12492=ORIENTED_EDGE('',*,*,#2532,.F.);
#12493=CARTESIAN_POINT('',(4.37233430219953,3.7343262778987,18.5));
#12494=DIRECTION('',(-0.0784590957278137,-0.996917333733131,0.0));
#12495=DIRECTION('',(0.0,0.0,1.0));
#12496=DIRECTION('',(0.0,0.0,-1.0));
#12497=DIRECTION('',(0.0,0.0,1.0));
#12498=SURFACE_STYLE_FILL_AREA(#13078);
#12499=ORIENTED_EDGE('',*,*,#2968,.F.);
#12500=ORIENTED_EDGE('',*,*,#1130,.F.);
#12501=ORIENTED_EDGE('',*,*,#1238,.F.);
#12502=ORIENTED_EDGE('',*,*,#1312,.F.);
#12503=CARTESIAN_POINT('',(-1.77684771765792,5.46857496869595,18.5));
#12504=DIRECTION('',(0.891006524188385,-0.453990499739513,0.0));
#12505=DIRECTION('',(0.0,0.0,1.0));
#12506=SURFACE_STYLE_FILL_AREA(#13079);
#12507=ORIENTED_EDGE('',*,*,#1454,.F.);
#12508=ORIENTED_EDGE('',*,*,#1518,.F.);
#12509=ORIENTED_EDGE('',*,*,#1040,.F.);
#12510=ORIENTED_EDGE('',*,*,#2546,.F.);
#12511=CARTESIAN_POINT('',(0.899498173980987,-5.67920795841954,18.5));
#12512=DIRECTION('',(-0.809016994374967,0.587785252292446,0.0));
#12513=DIRECTION('',(0.0,0.0,1.0));
#12514=DIRECTION('',(0.0,0.0,1.0));
#12515=DIRECTION('',(0.0,0.0,-1.0));
#12516=DIRECTION('',(0.0,0.0,-1.0));
#12517=SURFACE_STYLE_FILL_AREA(#13080);
#12518=ORIENTED_EDGE('',*,*,#1218,.F.);
#12519=ORIENTED_EDGE('',*,*,#1390,.T.);
#12520=ORIENTED_EDGE('',*,*,#1754,.F.);
#12521=ORIENTED_EDGE('',*,*,#2978,.T.);
#12522=CARTESIAN_POINT('',(-5.96188922846784,-0.719983907802657,18.5));
#12523=DIRECTION('',(0.760405965600034,-0.64944804833018,0.0));
#12524=DIRECTION('',(0.0,0.0,1.0));
#12525=SURFACE_STYLE_FILL_AREA(#13081);
#12526=ORIENTED_EDGE('',*,*,#1720,.F.);
#12527=ORIENTED_EDGE('',*,*,#2312,.F.);
#12528=ORIENTED_EDGE('',*,*,#1874,.F.);
#12529=ORIENTED_EDGE('',*,*,#1622,.F.);
#12530=CARTESIAN_POINT('',(-4.37233430219996,3.73432627789921,18.5));
#12531=DIRECTION('',(0.996917333733126,0.0784590957278703,-0.0));
#12532=DIRECTION('',(0.0,0.0,1.0));
#12533=DIRECTION('',(0.0,0.0,-1.0));
#12534=DIRECTION('',(-2.99932144364427E-032,-2.44921270764475E-016,-1.0));
#12535=SURFACE_STYLE_FILL_AREA(#13082);
#12536=ORIENTED_EDGE('',*,*,#2382,.F.);
#12537=ORIENTED_EDGE('',*,*,#1674,.T.);
#12538=ORIENTED_EDGE('',*,*,#2698,.F.);
#12539=ORIENTED_EDGE('',*,*,#1352,.T.);
#12540=CARTESIAN_POINT('',(-5.24646562730206,2.92183134720801,18.5));
#12541=DIRECTION('',(0.233445363855902,-0.972369920397677,0.0));
#12542=DIRECTION('',(0.0,0.0,1.0));
#12543=SURFACE_STYLE_FILL_AREA(#13083);
#12544=ORIENTED_EDGE('',*,*,#2430,.F.);
#12545=ORIENTED_EDGE('',*,*,#3036,.F.);
#12546=ORIENTED_EDGE('',*,*,#1164,.F.);
#12547=ORIENTED_EDGE('',*,*,#2480,.F.);
#12548=CARTESIAN_POINT('',(5.12328751408359,2.61044537350264,18.5));
#12549=DIRECTION('',(-0.309016994374921,-0.951056516295162,0.0));
#12550=DIRECTION('',(0.0,0.0,1.0));
#12551=DIRECTION('',(0.0,0.0,-1.0));
#12552=DIRECTION('',(0.0,0.0,1.0));
#12553=DIRECTION('',(0.0,0.0,-1.0));
#12554=DIRECTION('',(0.0,0.0,1.0));
#12555=DIRECTION('',(0.0,0.0,-1.0));
#12556=SURFACE_STYLE_FILL_AREA(#13084);
#12557=ORIENTED_EDGE('',*,*,#1892,.F.);
#12558=ORIENTED_EDGE('',*,*,#2904,.F.);
#12559=ORIENTED_EDGE('',*,*,#2156,.F.);
#12560=ORIENTED_EDGE('',*,*,#1866,.F.);
#12561=CARTESIAN_POINT('',(-0.899498173980959,5.6792079584196,18.5));
#12562=DIRECTION('',(0.809016994374967,-0.587785252292446,0.0));
#12563=DIRECTION('',(0.0,0.0,1.0));
#12564=CARTESIAN_POINT('',(8.49459449232197E-034,3.8785629217892E-016,0.0283217209356268));
#12565=DIRECTION('',(2.99932144364441E-032,2.44921270764475E-016,1.0));
#12566=DIRECTION('',(-1.0,-1.61446627552566E-013,3.95717063952499E-029));
#12567=DIRECTION('',(0.0,0.0,1.0));
#12568=SURFACE_STYLE_FILL_AREA(#13085);
#12569=ORIENTED_EDGE('',*,*,#1322,.F.);
#12570=ORIENTED_EDGE('',*,*,#2560,.F.);
#12571=ORIENTED_EDGE('',*,*,#2874,.F.);
#12572=ORIENTED_EDGE('',*,*,#1674,.F.);
#12573=CARTESIAN_POINT('',(-5.12328751408066,2.61044537350379,18.5));
#12574=DIRECTION('',(0.951056516295147,0.309016994374969,-0.0));
#12575=DIRECTION('',(0.0,0.0,1.0));
#12576=SURFACE_STYLE_FILL_AREA(#13086);
#12577=ORIENTED_EDGE('',*,*,#2294,.T.);
#12578=ORIENTED_EDGE('',*,*,#1104,.T.);
#12579=CARTESIAN_POINT('',(-2.84999999999998,4.12821514299359E-015,18.5));
#12580=DIRECTION('',(2.99932144364427E-032,2.44921270764475E-016,1.0));
#12581=DIRECTION('',(-1.0,1.22460635382238E-016,0.0));
#12582=SURFACE_STYLE_FILL_AREA(#13087);
#12583=ORIENTED_EDGE('',*,*,#1882,.F.);
#12584=ORIENTED_EDGE('',*,*,#2854,.F.);
#12585=ORIENTED_EDGE('',*,*,#2788,.F.);
#12586=ORIENTED_EDGE('',*,*,#2538,.F.);
#12587=CARTESIAN_POINT('',(-5.46857496869745,1.77684771765647,18.5));
#12588=DIRECTION('',(0.891006524188356,0.45399049973957,-0.0));
#12589=DIRECTION('',(0.0,0.0,1.0));
#12590=CARTESIAN_POINT('',(3.47129613176355E-030,6.0481950536697E-015,-2.83384427035571E-014));
#12591=DIRECTION('',(-2.99932144364428E-032,-2.44921270764475E-016,-1.0));
#12592=DIRECTION('',(-1.77318286257769E-016,-1.0,2.44921270764475E-016));
#12593=DIRECTION('',(0.0,0.0,1.0));
#12594=DIRECTION('',(0.0,0.0,1.0));
#12595=DIRECTION('',(0.0,0.0,1.0));
#12596=SURFACE_STYLE_FILL_AREA(#13088);
#12597=ORIENTED_EDGE('',*,*,#1548,.F.);
#12598=ORIENTED_EDGE('',*,*,#2532,.T.);
#12599=ORIENTED_EDGE('',*,*,#2258,.F.);
#12600=ORIENTED_EDGE('',*,*,#2190,.T.);
#12601=CARTESIAN_POINT('',(4.7071556531769,3.72896576234598,18.5));
#12602=DIRECTION('',(-0.987688340595137,0.156434465040237,0.0));
#12603=DIRECTION('',(0.0,0.0,1.0));
#12604=SURFACE_STYLE_FILL_AREA(#13089);
#12605=ORIENTED_EDGE('',*,*,#1596,.F.);
#12606=ORIENTED_EDGE('',*,*,#2218,.F.);
#12607=ORIENTED_EDGE('',*,*,#1368,.F.);
#12608=ORIENTED_EDGE('',*,*,#1742,.F.);
#12609=CARTESIAN_POINT('',(5.73227466896657,0.451139800437375,18.5));
#12610=DIRECTION('',(-0.649448048330158,-0.760405965600053,0.0));
#12611=DIRECTION('',(0.0,0.0,1.0));
#12612=SURFACE_STYLE_FILL_AREA(#13090);
#12613=ORIENTED_EDGE('',*,*,#2752,.F.);
#12614=ORIENTED_EDGE('',*,*,#2538,.T.);
#12615=ORIENTED_EDGE('',*,*,#1470,.F.);
#12616=ORIENTED_EDGE('',*,*,#2528,.T.);
#12617=CARTESIAN_POINT('',(-5.63894805315766,2.06513071106394,18.5));
#12618=DIRECTION('',(0.382683432365086,-0.923879532511289,0.0));
#12619=DIRECTION('',(0.0,0.0,1.0));
#12620=SURFACE_STYLE_FILL_AREA(#13091);
#12621=ORIENTED_EDGE('',*,*,#1262,.F.);
#12622=ORIENTED_EDGE('',*,*,#1618,.T.);
#12623=ORIENTED_EDGE('',*,*,#2196,.F.);
#12624=ORIENTED_EDGE('',*,*,#2458,.T.);
#12625=CARTESIAN_POINT('',(-2.06513071106379,-5.63894805315761,18.5));
#12626=DIRECTION('',(0.923879532511289,0.382683432365086,-0.0));
#12627=DIRECTION('',(0.0,0.0,1.0));
#12628=SURFACE_STYLE_FILL_AREA(#13092);
#12629=ORIENTED_EDGE('',*,*,#1658,.F.);
#12630=ORIENTED_EDGE('',*,*,#1704,.F.);
#12631=ORIENTED_EDGE('',*,*,#2482,.T.);
#12632=ORIENTED_EDGE('',*,*,#1672,.T.);
#12633=CARTESIAN_POINT('',(-3.59999999999999,3.76083323684689E-015,16.0));
#12634=DIRECTION('',(-2.99932144364427E-032,-2.44921270764475E-016,-1.0));
#12635=DIRECTION('',(1.0,-1.22460635382238E-016,0.0));
#12636=DIRECTION('',(0.0,0.0,1.0));
#12637=SURFACE_STYLE_FILL_AREA(#13093);
#12638=ORIENTED_EDGE('',*,*,#3058,.F.);
#12639=ORIENTED_EDGE('',*,*,#2190,.F.);
#12640=ORIENTED_EDGE('',*,*,#1724,.F.);
#12641=ORIENTED_EDGE('',*,*,#2998,.F.);
#12642=CARTESIAN_POINT('',(4.6518477176563,3.37976520067915,18.5));
#12643=DIRECTION('',(-0.156434465040209,-0.987688340595141,0.0));
#12644=DIRECTION('',(0.0,0.0,1.0));
#12645=DIRECTION('',(0.0,0.0,1.0));
#12646=SURFACE_STYLE_FILL_AREA(#13094);
#12647=ORIENTED_EDGE('',*,*,#1222,.F.);
#12648=ORIENTED_EDGE('',*,*,#2546,.T.);
#12649=ORIENTED_EDGE('',*,*,#1124,.F.);
#12650=ORIENTED_EDGE('',*,*,#2590,.T.);
#12651=CARTESIAN_POINT('',(0.7199839078026,-5.96188922846792,18.5));
#12652=DIRECTION('',(0.64944804833018,0.760405965600034,-0.0));
#12653=DIRECTION('',(0.0,0.0,1.0));
#12654=SURFACE_STYLE_FILL_AREA(#13095);
#12655=ORIENTED_EDGE('',*,*,#2220,.F.);
#12656=ORIENTED_EDGE('',*,*,#1660,.T.);
#12657=ORIENTED_EDGE('',*,*,#2250,.F.);
#12658=ORIENTED_EDGE('',*,*,#3036,.T.);
#12659=CARTESIAN_POINT('',(5.2325415201958,2.94669462948465,18.5));
#12660=DIRECTION('',(-0.951056516295153,0.309016994374948,0.0));
#12661=DIRECTION('',(0.0,0.0,1.0));
#12662=SURFACE_STYLE_FILL_AREA(#13096);
#12663=ORIENTED_EDGE('',*,*,#2568,.F.);
#12664=ORIENTED_EDGE('',*,*,#2590,.F.);
#12665=ORIENTED_EDGE('',*,*,#2094,.F.);
#12666=ORIENTED_EDGE('',*,*,#2666,.F.);
#12667=CARTESIAN_POINT('',(0.451139800437346,-5.7322746689666,18.5));
#12668=DIRECTION('',(-0.760405965600053,0.649448048330158,0.0));
#12669=DIRECTION('',(0.0,0.0,1.0));
#12670=SURFACE_STYLE_FILL_AREA(#13097);
#12671=ORIENTED_EDGE('',*,*,#1332,.F.);
#12672=ORIENTED_EDGE('',*,*,#2636,.T.);
#12673=ORIENTED_EDGE('',*,*,#2936,.F.);
#12674=ORIENTED_EDGE('',*,*,#2296,.T.);
#12675=CARTESIAN_POINT('',(-5.89258086335127,1.15757970303564,18.5));
#12676=DIRECTION('',(0.522498564715949,-0.852640164354092,0.0));
#12677=DIRECTION('',(0.0,0.0,1.0));
#12678=SURFACE_STYLE_FILL_AREA(#13098);
#12679=ORIENTED_EDGE('',*,*,#1772,.T.);
#12680=ORIENTED_EDGE('',*,*,#1458,.T.);
#12681=ORIENTED_EDGE('',*,*,#2012,.T.);
#12682=ORIENTED_EDGE('',*,*,#1686,.T.);
#12683=ORIENTED_EDGE('',*,*,#2672,.T.);
#12684=ORIENTED_EDGE('',*,*,#3004,.T.);
#12685=ORIENTED_EDGE('',*,*,#1332,.T.);
#12686=ORIENTED_EDGE('',*,*,#2608,.T.);
#12687=ORIENTED_EDGE('',*,*,#1128,.T.);
#12688=ORIENTED_EDGE('',*,*,#1882,.T.);
#12689=ORIENTED_EDGE('',*,*,#2752,.T.);
#12690=ORIENTED_EDGE('',*,*,#2940,.T.);
#12691=ORIENTED_EDGE('',*,*,#2088,.T.);
#12692=ORIENTED_EDGE('',*,*,#1322,.T.);
#12693=ORIENTED_EDGE('',*,*,#2382,.T.);
#12694=ORIENTED_EDGE('',*,*,#1644,.T.);
#12695=ORIENTED_EDGE('',*,*,#1578,.T.);
#12696=ORIENTED_EDGE('',*,*,#2344,.T.);
#12697=ORIENTED_EDGE('',*,*,#1094,.T.);
#12698=ORIENTED_EDGE('',*,*,#1720,.T.);
#12699=ORIENTED_EDGE('',*,*,#2112,.T.);
#12700=ORIENTED_EDGE('',*,*,#2692,.T.);
#12701=ORIENTED_EDGE('',*,*,#2880,.T.);
#12702=ORIENTED_EDGE('',*,*,#2598,.T.);
#12703=ORIENTED_EDGE('',*,*,#2126,.T.);
#12704=ORIENTED_EDGE('',*,*,#2758,.T.);
#12705=ORIENTED_EDGE('',*,*,#2082,.T.);
#12706=ORIENTED_EDGE('',*,*,#2524,.T.);
#12707=ORIENTED_EDGE('',*,*,#2822,.T.);
#12708=ORIENTED_EDGE('',*,*,#2896,.T.);
#12709=ORIENTED_EDGE('',*,*,#1202,.T.);
#12710=ORIENTED_EDGE('',*,*,#2782,.T.);
#12711=ORIENTED_EDGE('',*,*,#1934,.T.);
#12712=ORIENTED_EDGE('',*,*,#2968,.T.);
#12713=ORIENTED_EDGE('',*,*,#2630,.T.);
#12714=ORIENTED_EDGE('',*,*,#2864,.T.);
#12715=ORIENTED_EDGE('',*,*,#1604,.T.);
#12716=ORIENTED_EDGE('',*,*,#1892,.T.);
#12717=ORIENTED_EDGE('',*,*,#2756,.T.);
#12718=ORIENTED_EDGE('',*,*,#2054,.T.);
#12719=ORIENTED_EDGE('',*,*,#1734,.T.);
#12720=ORIENTED_EDGE('',*,*,#1228,.T.);
#12721=ORIENTED_EDGE('',*,*,#1480,.T.);
#12722=ORIENTED_EDGE('',*,*,#1122,.T.);
#12723=ORIENTED_EDGE('',*,*,#2530,.T.);
#12724=ORIENTED_EDGE('',*,*,#1058,.T.);
#12725=ORIENTED_EDGE('',*,*,#1394,.T.);
#12726=ORIENTED_EDGE('',*,*,#2626,.T.);
#12727=ORIENTED_EDGE('',*,*,#2002,.T.);
#12728=ORIENTED_EDGE('',*,*,#2796,.T.);
#12729=ORIENTED_EDGE('',*,*,#2660,.T.);
#12730=ORIENTED_EDGE('',*,*,#2580,.T.);
#12731=ORIENTED_EDGE('',*,*,#1396,.T.);
#12732=ORIENTED_EDGE('',*,*,#1132,.T.);
#12733=ORIENTED_EDGE('',*,*,#2104,.T.);
#12734=ORIENTED_EDGE('',*,*,#1876,.T.);
#12735=ORIENTED_EDGE('',*,*,#1842,.T.);
#12736=ORIENTED_EDGE('',*,*,#2832,.T.);
#12737=ORIENTED_EDGE('',*,*,#2808,.T.);
#12738=ORIENTED_EDGE('',*,*,#1230,.T.);
#12739=ORIENTED_EDGE('',*,*,#1404,.T.);
#12740=ORIENTED_EDGE('',*,*,#1490,.T.);
#12741=ORIENTED_EDGE('',*,*,#1244,.T.);
#12742=ORIENTED_EDGE('',*,*,#2298,.T.);
#12743=ORIENTED_EDGE('',*,*,#1548,.T.);
#12744=ORIENTED_EDGE('',*,*,#3058,.T.);
#12745=ORIENTED_EDGE('',*,*,#1926,.T.);
#12746=ORIENTED_EDGE('',*,*,#2266,.T.);
#12747=ORIENTED_EDGE('',*,*,#2220,.T.);
#12748=ORIENTED_EDGE('',*,*,#2430,.T.);
#12749=ORIENTED_EDGE('',*,*,#2540,.T.);
#12750=ORIENTED_EDGE('',*,*,#1964,.T.);
#12751=ORIENTED_EDGE('',*,*,#1552,.T.);
#12752=ORIENTED_EDGE('',*,*,#1528,.T.);
#12753=ORIENTED_EDGE('',*,*,#1054,.T.);
#12754=ORIENTED_EDGE('',*,*,#1440,.T.);
#12755=ORIENTED_EDGE('',*,*,#2588,.T.);
#12756=ORIENTED_EDGE('',*,*,#2288,.T.);
#12757=ORIENTED_EDGE('',*,*,#2826,.T.);
#12758=ORIENTED_EDGE('',*,*,#1596,.T.);
#12759=ORIENTED_EDGE('',*,*,#1146,.T.);
#12760=ORIENTED_EDGE('',*,*,#2260,.T.);
#12761=ORIENTED_EDGE('',*,*,#1704,.T.);
#12762=CARTESIAN_POINT('',(4.8439041314855E-031,4.3363982231434E-015,16.15));
#12763=DIRECTION('',(2.99932144364413E-032,2.44921270764475E-016,1.0));
#12764=DIRECTION('',(-1.0,-1.61446627552566E-013,3.957170639525E-029));
#12765=DIRECTION('',(0.0,0.0,-1.0));
#12766=DIRECTION('',(0.0,0.0,1.0));
#12767=SURFACE_STYLE_FILL_AREA(#13099);
#12768=ORIENTED_EDGE('',*,*,#1044,.F.);
#12769=ORIENTED_EDGE('',*,*,#2342,.F.);
#12770=ORIENTED_EDGE('',*,*,#1896,.F.);
#12771=ORIENTED_EDGE('',*,*,#2876,.F.);
#12772=CARTESIAN_POINT('',(-0.899498173983233,-5.67920795842048,18.5));
#12773=DIRECTION('',(-0.587785252292492,0.809016994374934,0.0));
#12774=DIRECTION('',(0.0,0.0,1.0));
#12775=SURFACE_STYLE_FILL_AREA(#13100);
#12776=ORIENTED_EDGE('',*,*,#2976,.F.);
#12777=ORIENTED_EDGE('',*,*,#2408,.T.);
#12778=ORIENTED_EDGE('',*,*,#2556,.F.);
#12779=ORIENTED_EDGE('',*,*,#2336,.T.);
#12780=CARTESIAN_POINT('',(-3.70658679858165,-4.72479780568258,18.5));
#12781=DIRECTION('',(0.996917333733128,0.078459095727842,-0.0));
#12782=DIRECTION('',(0.0,0.0,1.0));
#12783=DIRECTION('',(0.0,0.0,1.0));
#12784=SURFACE_STYLE_FILL_AREA(#13101);
#12785=ORIENTED_EDGE('',*,*,#2598,.F.);
#12786=ORIENTED_EDGE('',*,*,#2910,.F.);
#12787=ORIENTED_EDGE('',*,*,#2264,.F.);
#12788=ORIENTED_EDGE('',*,*,#2890,.F.);
#12789=CARTESIAN_POINT('',(-3.73432627789867,4.37233430219952,18.5));
#12790=DIRECTION('',(0.996917333733131,-0.0784590957278137,0.0));
#12791=DIRECTION('',(0.0,0.0,1.0));
#12792=SURFACE_STYLE_FILL_AREA(#13102);
#12793=ORIENTED_EDGE('',*,*,#1604,.F.);
#12794=ORIENTED_EDGE('',*,*,#1198,.T.);
#12795=ORIENTED_EDGE('',*,*,#2372,.F.);
#12796=ORIENTED_EDGE('',*,*,#2904,.T.);
#12797=CARTESIAN_POINT('',(-1.18552887538979,5.8870214273083,18.5));
#12798=DIRECTION('',(-0.587785252292469,-0.809016994374951,0.0));
#12799=DIRECTION('',(0.0,0.0,1.0));
#12800=DIRECTION('',(0.0,0.0,-1.0));
#12801=SURFACE_STYLE_FILL_AREA(#13103);
#12802=ORIENTED_EDGE('',*,*,#2992,.F.);
#12803=ORIENTED_EDGE('',*,*,#1532,.F.);
#12804=ORIENTED_EDGE('',*,*,#1214,.F.);
#12805=ORIENTED_EDGE('',*,*,#1568,.F.);
#12806=CARTESIAN_POINT('',(2.61044537350267,-5.12328751408354,18.5));
#12807=DIRECTION('',(-0.951056516295162,0.309016994374921,0.0));
#12808=DIRECTION('',(0.0,0.0,1.0));
#12809=SURFACE_STYLE_FILL_AREA(#13104);
#12810=ORIENTED_EDGE('',*,*,#1932,.F.);
#12811=ORIENTED_EDGE('',*,*,#2774,.T.);
#12812=ORIENTED_EDGE('',*,*,#2762,.F.);
#12813=ORIENTED_EDGE('',*,*,#1994,.T.);
#12814=CARTESIAN_POINT('',(-1.61633783717641,-5.78359334636497,18.5));
#12815=DIRECTION('',(0.891006524188369,0.453990499739544,-0.0));
#12816=DIRECTION('',(0.0,0.0,1.0));
#12817=SURFACE_STYLE_FILL_AREA(#13105);
#12818=ORIENTED_EDGE('',*,*,#1644,.F.);
#12819=ORIENTED_EDGE('',*,*,#1352,.F.);
#12820=ORIENTED_EDGE('',*,*,#2210,.F.);
#12821=ORIENTED_EDGE('',*,*,#1200,.F.);
#12822=CARTESIAN_POINT('',(-4.90268094503455,3.00436674711754,18.5));
#12823=DIRECTION('',(0.972369920397671,0.233445363855929,-0.0));
#12824=DIRECTION('',(0.0,0.0,1.0));
#12825=DIRECTION('',(0.0,0.0,1.0));
#12826=SURFACE_STYLE_FILL_AREA(#13106);
#12827=ORIENTED_EDGE('',*,*,#2896,.F.);
#12828=ORIENTED_EDGE('',*,*,#2610,.F.);
#12829=ORIENTED_EDGE('',*,*,#1972,.F.);
#12830=ORIENTED_EDGE('',*,*,#2714,.F.);
#12831=CARTESIAN_POINT('',(-2.61044537350267,5.12328751408359,18.5));
#12832=DIRECTION('',(0.951056516295162,-0.309016994374921,0.0));
#12833=DIRECTION('',(0.0,0.0,1.0));
#12834=DIRECTION('',(0.0,0.0,1.0));
#12835=SURFACE_STYLE_FILL_AREA(#13107);
#12836=ORIENTED_EDGE('',*,*,#1110,.F.);
#12837=ORIENTED_EDGE('',*,*,#2468,.T.);
#12838=ORIENTED_EDGE('',*,*,#2798,.F.);
#12839=ORIENTED_EDGE('',*,*,#2584,.T.);
#12840=CARTESIAN_POINT('',(5.96523865982925,-0.691684705094502,18.5));
#12841=DIRECTION('',(-0.587785252292469,0.809016994374951,0.0));
#12842=DIRECTION('',(0.0,0.0,1.0));
#12843=DIRECTION('',(0.0,0.0,-1.0));
#12844=SURFACE_STYLE_FILL_AREA(#13108);
#12845=ORIENTED_EDGE('',*,*,#2832,.F.);
#12846=ORIENTED_EDGE('',*,*,#1534,.F.);
#12847=ORIENTED_EDGE('',*,*,#1522,.F.);
#12848=ORIENTED_EDGE('',*,*,#2564,.F.);
#12849=CARTESIAN_POINT('',(3.37976520068064,4.65184771765794,18.5));
#12850=DIRECTION('',(0.156434465040264,-0.987688340595132,0.0));
#12851=DIRECTION('',(0.0,0.0,1.0));
#12852=SURFACE_STYLE_FILL_AREA(#13109);
#12853=ORIENTED_EDGE('',*,*,#2756,.F.);
#12854=ORIENTED_EDGE('',*,*,#1866,.T.);
#12855=ORIENTED_EDGE('',*,*,#2146,.F.);
#12856=ORIENTED_EDGE('',*,*,#1668,.T.);
#12857=CARTESIAN_POINT('',(-0.719983907802629,5.9618892284679,18.5));
#12858=DIRECTION('',(-0.64944804833018,-0.760405965600034,0.0));
#12859=DIRECTION('',(0.0,0.0,1.0));
#12860=CARTESIAN_POINT('',(7.49830360911069E-033,4.42150017988241E-016,0.249999999999972));
#12861=DIRECTION('',(2.99932144364427E-032,2.44921270764475E-016,1.0));
#12862=DIRECTION('',(-1.0,-1.61446627552566E-013,3.957170639525E-029));
#12863=DIRECTION('',(0.0,0.0,1.0));
#12864=DIRECTION('',(0.0,0.0,1.0));
#12865=DIRECTION('',(0.0,0.0,1.0));
#12866=DIRECTION('',(0.0,0.0,-1.0));
#12867=DIRECTION('',(0.0,0.0,1.0));
#12868=DIRECTION('',(0.0,0.0,-1.0));
#12869=DIRECTION('',(0.707106781186598,1.14246597887834E-013,0.707106781186497));
#12870=DIRECTION('',(0.0,0.0,1.0));
#12871=DIRECTION('',(0.0,0.0,1.0));
#12872=SURFACE_STYLE_FILL_AREA(#13110);
#12873=ORIENTED_EDGE('',*,*,#2012,.F.);
#12874=ORIENTED_EDGE('',*,*,#2682,.T.);
#12875=ORIENTED_EDGE('',*,*,#1894,.F.);
#12876=ORIENTED_EDGE('',*,*,#2466,.T.);
#12877=CARTESIAN_POINT('',(-6.00111877633333,0.221525240933929,18.5));
#12878=DIRECTION('',(0.64944804833018,-0.760405965600034,0.0));
#12879=DIRECTION('',(0.0,0.0,1.0));
#12880=SURFACE_STYLE_FILL_AREA(#13111);
#12881=ORIENTED_EDGE('',*,*,#1926,.F.);
#12882=ORIENTED_EDGE('',*,*,#2998,.T.);
#12883=ORIENTED_EDGE('',*,*,#2358,.F.);
#12884=ORIENTED_EDGE('',*,*,#1912,.T.);
#12885=CARTESIAN_POINT('',(4.9852163449429,3.34815142938564,18.5));
#12886=DIRECTION('',(-0.97236992039768,0.233445363855893,0.0));
#12887=DIRECTION('',(0.0,0.0,1.0));
#12888=DIRECTION('',(0.0,0.0,1.0));
#12889=DIRECTION('',(-0.707106781186548,-1.13900226904997E-013,0.707106781186547));
#12890=SURFACE_STYLE_FILL_AREA(#13112);
#12891=ORIENTED_EDGE('',*,*,#1686,.F.);
#12892=ORIENTED_EDGE('',*,*,#2466,.F.);
#12893=ORIENTED_EDGE('',*,*,#1464,.F.);
#12894=ORIENTED_EDGE('',*,*,#2746,.F.);
#12895=CARTESIAN_POINT('',(-5.73227466896805,0.451139800435257,18.5));
#12896=DIRECTION('',(0.760405965600016,0.649448048330201,-0.0));
#12897=DIRECTION('',(0.0,0.0,1.0));
#12898=DIRECTION('',(3.20846479350469E-016,0.866025403784439,-0.5));
#12899=SURFACE_STYLE_FILL_AREA(#13113);
#12900=ORIENTED_EDGE('',*,*,#1284,.F.);
#12901=ORIENTED_EDGE('',*,*,#1994,.F.);
#12902=ORIENTED_EDGE('',*,*,#2130,.F.);
#12903=ORIENTED_EDGE('',*,*,#1618,.F.);
#12904=CARTESIAN_POINT('',(-1.77684771765646,-5.46857496869745,18.5));
#12905=DIRECTION('',(-0.45399049973957,0.891006524188356,0.0));
#12906=DIRECTION('',(0.0,0.0,1.0));
#12907=DIRECTION('',(0.0,0.0,-1.0));
#12908=SURFACE_STYLE_FILL_AREA(#13114);
#12909=ORIENTED_EDGE('',*,*,#1924,.F.);
#12910=ORIENTED_EDGE('',*,*,#2336,.F.);
#12911=ORIENTED_EDGE('',*,*,#2984,.F.);
#12912=ORIENTED_EDGE('',*,*,#2844,.F.);
#12913=CARTESIAN_POINT('',(-3.73432627789911,-4.37233430220002,18.5));
#12914=DIRECTION('',(-0.0784590957278703,0.996917333733126,0.0));
#12915=DIRECTION('',(0.0,0.0,1.0));
#12916=DIRECTION('',(0.0,0.0,1.0));
#12917=DIRECTION('',(0.0,0.0,1.0));
#12918=SURFACE_STYLE_FILL_AREA(#13115);
#12919=ORIENTED_EDGE('',*,*,#2964,.T.);
#12920=ORIENTED_EDGE('',*,*,#2680,.F.);
#12921=ORIENTED_EDGE('',*,*,#2256,.T.);
#12922=ORIENTED_EDGE('',*,*,#1662,.F.);
#12923=ORIENTED_EDGE('',*,*,#1506,.F.);
#12924=CARTESIAN_POINT('',(-9.5707722732775E-018,6.06733659821627E-015,0.0781538675134597));
#12925=DIRECTION('',(-1.22460635382238E-016,2.44921270764475E-016,1.0));
#12926=DIRECTION('',(-1.77318286257769E-016,-1.0,2.44921270764475E-016));
#12927=SURFACE_STYLE_FILL_AREA(#13116);
#12928=ORIENTED_EDGE('',*,*,#2552,.F.);
#12929=ORIENTED_EDGE('',*,*,#1084,.T.);
#12930=ORIENTED_EDGE('',*,*,#2118,.F.);
#12931=ORIENTED_EDGE('',*,*,#1494,.T.);
#12932=CARTESIAN_POINT('',(3.34815142938734,-4.98521634494558,18.5));
#12933=DIRECTION('',(0.2334453638559,0.972369920397678,-0.0));
#12934=DIRECTION('',(0.0,0.0,1.0));
#12935=DIRECTION('',(0.0,0.0,-1.0));
#12936=DIRECTION('',(0.0,0.0,-1.0));
#12937=DIRECTION('',(0.0,0.0,-1.0));
#12938=SURFACE_STYLE_FILL_AREA(#13117);
#12939=ORIENTED_EDGE('',*,*,#2132,.T.);
#12940=ORIENTED_EDGE('',*,*,#2680,.T.);
#12941=CARTESIAN_POINT('',(-0.625,4.57457597411021E-016,-2.8421709430404E-014));
#12942=DIRECTION('',(-2.99932144364427E-032,-2.44921270764475E-016,-1.0));
#12943=DIRECTION('',(1.0,-1.22460635382238E-016,0.0));
#12944=FILL_AREA_STYLE('',(#13118));
#12945=FILL_AREA_STYLE('',(#13119));
#12946=FILL_AREA_STYLE('',(#13120));
#12947=FILL_AREA_STYLE('',(#13121));
#12948=FILL_AREA_STYLE('',(#13122));
#12949=FILL_AREA_STYLE('',(#13123));
#12950=FILL_AREA_STYLE('',(#13124));
#12951=FILL_AREA_STYLE('',(#13125));
#12952=FILL_AREA_STYLE('',(#13126));
#12953=FILL_AREA_STYLE('',(#13127));
#12954=FILL_AREA_STYLE('',(#13128));
#12955=FILL_AREA_STYLE('',(#13129));
#12956=FILL_AREA_STYLE('',(#13130));
#12957=FILL_AREA_STYLE('',(#13131));
#12958=FILL_AREA_STYLE('',(#13132));
#12959=FILL_AREA_STYLE('',(#13133));
#12960=FILL_AREA_STYLE('',(#13134));
#12961=FILL_AREA_STYLE('',(#13135));
#12962=FILL_AREA_STYLE('',(#13136));
#12963=FILL_AREA_STYLE('',(#13137));
#12964=FILL_AREA_STYLE('',(#13138));
#12965=FILL_AREA_STYLE('',(#13139));
#12966=FILL_AREA_STYLE('',(#13140));
#12967=FILL_AREA_STYLE('',(#13141));
#12968=FILL_AREA_STYLE('',(#13142));
#12969=FILL_AREA_STYLE('',(#13143));
#12970=FILL_AREA_STYLE('',(#13144));
#12971=FILL_AREA_STYLE('',(#13145));
#12972=FILL_AREA_STYLE('',(#13146));
#12973=FILL_AREA_STYLE('',(#13147));
#12974=FILL_AREA_STYLE('',(#13148));
#12975=FILL_AREA_STYLE('',(#13149));
#12976=FILL_AREA_STYLE('',(#13150));
#12977=FILL_AREA_STYLE('',(#13151));
#12978=FILL_AREA_STYLE('',(#13152));
#12979=FILL_AREA_STYLE('',(#13153));
#12980=FILL_AREA_STYLE('',(#13154));
#12981=FILL_AREA_STYLE('',(#13155));
#12982=FILL_AREA_STYLE('',(#13156));
#12983=FILL_AREA_STYLE('',(#13157));
#12984=FILL_AREA_STYLE('',(#13158));
#12985=FILL_AREA_STYLE('',(#13159));
#12986=FILL_AREA_STYLE('',(#13160));
#12987=FILL_AREA_STYLE('',(#13161));
#12988=FILL_AREA_STYLE('',(#13162));
#12989=FILL_AREA_STYLE('',(#13163));
#12990=FILL_AREA_STYLE('',(#13164));
#12991=FILL_AREA_STYLE('',(#13165));
#12992=FILL_AREA_STYLE('',(#13166));
#12993=FILL_AREA_STYLE('',(#13167));
#12994=FILL_AREA_STYLE('',(#13168));
#12995=FILL_AREA_STYLE('',(#13169));
#12996=FILL_AREA_STYLE('',(#13170));
#12997=FILL_AREA_STYLE('',(#13171));
#12998=FILL_AREA_STYLE('',(#13172));
#12999=FILL_AREA_STYLE('',(#13173));
#13000=FILL_AREA_STYLE('',(#13174));
#13001=FILL_AREA_STYLE('',(#13175));
#13002=FILL_AREA_STYLE('',(#13176));
#13003=FILL_AREA_STYLE('',(#13177));
#13004=FILL_AREA_STYLE('',(#13178));
#13005=FILL_AREA_STYLE('',(#13179));
#13006=FILL_AREA_STYLE('',(#13180));
#13007=FILL_AREA_STYLE('',(#13181));
#13008=FILL_AREA_STYLE('',(#13182));
#13009=FILL_AREA_STYLE('',(#13183));
#13010=FILL_AREA_STYLE('',(#13184));
#13011=FILL_AREA_STYLE('',(#13185));
#13012=FILL_AREA_STYLE('',(#13186));
#13013=FILL_AREA_STYLE('',(#13187));
#13014=FILL_AREA_STYLE('',(#13188));
#13015=FILL_AREA_STYLE('',(#13189));
#13016=FILL_AREA_STYLE('',(#13190));
#13017=FILL_AREA_STYLE('',(#13191));
#13018=FILL_AREA_STYLE('',(#13192));
#13019=FILL_AREA_STYLE('',(#13193));
#13020=FILL_AREA_STYLE('',(#13194));
#13021=FILL_AREA_STYLE('',(#13195));
#13022=FILL_AREA_STYLE('',(#13196));
#13023=FILL_AREA_STYLE('',(#13197));
#13024=FILL_AREA_STYLE('',(#13198));
#13025=FILL_AREA_STYLE('',(#13199));
#13026=FILL_AREA_STYLE('',(#13200));
#13027=FILL_AREA_STYLE('',(#13201));
#13028=FILL_AREA_STYLE('',(#13202));
#13029=FILL_AREA_STYLE('',(#13203));
#13030=FILL_AREA_STYLE('',(#13204));
#13031=FILL_AREA_STYLE('',(#13205));
#13032=FILL_AREA_STYLE('',(#13206));
#13033=FILL_AREA_STYLE('',(#13207));
#13034=FILL_AREA_STYLE('',(#13208));
#13035=FILL_AREA_STYLE('',(#13209));
#13036=FILL_AREA_STYLE('',(#13210));
#13037=FILL_AREA_STYLE('',(#13211));
#13038=FILL_AREA_STYLE('',(#13212));
#13039=FILL_AREA_STYLE('',(#13213));
#13040=FILL_AREA_STYLE('',(#13214));
#13041=FILL_AREA_STYLE('',(#13215));
#13042=FILL_AREA_STYLE('',(#13216));
#13043=FILL_AREA_STYLE('',(#13217));
#13044=FILL_AREA_STYLE('',(#13218));
#13045=FILL_AREA_STYLE('',(#13219));
#13046=FILL_AREA_STYLE('',(#13220));
#13047=FILL_AREA_STYLE('',(#13221));
#13048=FILL_AREA_STYLE('',(#13222));
#13049=FILL_AREA_STYLE('',(#13223));
#13050=FILL_AREA_STYLE('',(#13224));
#13051=FILL_AREA_STYLE('',(#13225));
#13052=FILL_AREA_STYLE('',(#13226));
#13053=FILL_AREA_STYLE('',(#13227));
#13054=FILL_AREA_STYLE('',(#13228));
#13055=FILL_AREA_STYLE('',(#13229));
#13056=FILL_AREA_STYLE('',(#13230));
#13057=FILL_AREA_STYLE('',(#13231));
#13058=FILL_AREA_STYLE('',(#13232));
#13059=FILL_AREA_STYLE('',(#13233));
#13060=FILL_AREA_STYLE('',(#13234));
#13061=FILL_AREA_STYLE('',(#13235));
#13062=FILL_AREA_STYLE('',(#13236));
#13063=FILL_AREA_STYLE('',(#13237));
#13064=FILL_AREA_STYLE('',(#13238));
#13065=FILL_AREA_STYLE('',(#13239));
#13066=FILL_AREA_STYLE('',(#13240));
#13067=FILL_AREA_STYLE('',(#13241));
#13068=FILL_AREA_STYLE('',(#13242));
#13069=FILL_AREA_STYLE('',(#13243));
#13070=FILL_AREA_STYLE('',(#13244));
#13071=FILL_AREA_STYLE('',(#13245));
#13072=FILL_AREA_STYLE('',(#13246));
#13073=FILL_AREA_STYLE('',(#13247));
#13074=FILL_AREA_STYLE('',(#13248));
#13075=FILL_AREA_STYLE('',(#13249));
#13076=FILL_AREA_STYLE('',(#13250));
#13077=FILL_AREA_STYLE('',(#13251));
#13078=FILL_AREA_STYLE('',(#13252));
#13079=FILL_AREA_STYLE('',(#13253));
#13080=FILL_AREA_STYLE('',(#13254));
#13081=FILL_AREA_STYLE('',(#13255));
#13082=FILL_AREA_STYLE('',(#13256));
#13083=FILL_AREA_STYLE('',(#13257));
#13084=FILL_AREA_STYLE('',(#13258));
#13085=FILL_AREA_STYLE('',(#13259));
#13086=FILL_AREA_STYLE('',(#13260));
#13087=FILL_AREA_STYLE('',(#13261));
#13088=FILL_AREA_STYLE('',(#13262));
#13089=FILL_AREA_STYLE('',(#13263));
#13090=FILL_AREA_STYLE('',(#13264));
#13091=FILL_AREA_STYLE('',(#13265));
#13092=FILL_AREA_STYLE('',(#13266));
#13093=FILL_AREA_STYLE('',(#13267));
#13094=FILL_AREA_STYLE('',(#13268));
#13095=FILL_AREA_STYLE('',(#13269));
#13096=FILL_AREA_STYLE('',(#13270));
#13097=FILL_AREA_STYLE('',(#13271));
#13098=FILL_AREA_STYLE('',(#13272));
#13099=FILL_AREA_STYLE('',(#13273));
#13100=FILL_AREA_STYLE('',(#13274));
#13101=FILL_AREA_STYLE('',(#13275));
#13102=FILL_AREA_STYLE('',(#13276));
#13103=FILL_AREA_STYLE('',(#13277));
#13104=FILL_AREA_STYLE('',(#13278));
#13105=FILL_AREA_STYLE('',(#13279));
#13106=FILL_AREA_STYLE('',(#13280));
#13107=FILL_AREA_STYLE('',(#13281));
#13108=FILL_AREA_STYLE('',(#13282));
#13109=FILL_AREA_STYLE('',(#13283));
#13110=FILL_AREA_STYLE('',(#13284));
#13111=FILL_AREA_STYLE('',(#13285));
#13112=FILL_AREA_STYLE('',(#13286));
#13113=FILL_AREA_STYLE('',(#13287));
#13114=FILL_AREA_STYLE('',(#13288));
#13115=FILL_AREA_STYLE('',(#13289));
#13116=FILL_AREA_STYLE('',(#13290));
#13117=FILL_AREA_STYLE('',(#13291));
#13118=FILL_AREA_STYLE_COLOUR('',#13292);
#13119=FILL_AREA_STYLE_COLOUR('',#13293);
#13120=FILL_AREA_STYLE_COLOUR('',#13294);
#13121=FILL_AREA_STYLE_COLOUR('',#13295);
#13122=FILL_AREA_STYLE_COLOUR('',#13296);
#13123=FILL_AREA_STYLE_COLOUR('',#13297);
#13124=FILL_AREA_STYLE_COLOUR('',#13298);
#13125=FILL_AREA_STYLE_COLOUR('',#13299);
#13126=FILL_AREA_STYLE_COLOUR('',#13300);
#13127=FILL_AREA_STYLE_COLOUR('',#13301);
#13128=FILL_AREA_STYLE_COLOUR('',#13302);
#13129=FILL_AREA_STYLE_COLOUR('',#13303);
#13130=FILL_AREA_STYLE_COLOUR('',#13304);
#13131=FILL_AREA_STYLE_COLOUR('',#13305);
#13132=FILL_AREA_STYLE_COLOUR('',#13306);
#13133=FILL_AREA_STYLE_COLOUR('',#13307);
#13134=FILL_AREA_STYLE_COLOUR('',#13308);
#13135=FILL_AREA_STYLE_COLOUR('',#13309);
#13136=FILL_AREA_STYLE_COLOUR('',#13310);
#13137=FILL_AREA_STYLE_COLOUR('',#13311);
#13138=FILL_AREA_STYLE_COLOUR('',#13312);
#13139=FILL_AREA_STYLE_COLOUR('',#13313);
#13140=FILL_AREA_STYLE_COLOUR('',#13314);
#13141=FILL_AREA_STYLE_COLOUR('',#13315);
#13142=FILL_AREA_STYLE_COLOUR('',#13316);
#13143=FILL_AREA_STYLE_COLOUR('',#13317);
#13144=FILL_AREA_STYLE_COLOUR('',#13318);
#13145=FILL_AREA_STYLE_COLOUR('',#13319);
#13146=FILL_AREA_STYLE_COLOUR('',#13320);
#13147=FILL_AREA_STYLE_COLOUR('',#13321);
#13148=FILL_AREA_STYLE_COLOUR('',#13322);
#13149=FILL_AREA_STYLE_COLOUR('',#13323);
#13150=FILL_AREA_STYLE_COLOUR('',#13324);
#13151=FILL_AREA_STYLE_COLOUR('',#13325);
#13152=FILL_AREA_STYLE_COLOUR('',#13326);
#13153=FILL_AREA_STYLE_COLOUR('',#13327);
#13154=FILL_AREA_STYLE_COLOUR('',#13328);
#13155=FILL_AREA_STYLE_COLOUR('',#13329);
#13156=FILL_AREA_STYLE_COLOUR('',#13330);
#13157=FILL_AREA_STYLE_COLOUR('',#13331);
#13158=FILL_AREA_STYLE_COLOUR('',#13332);
#13159=FILL_AREA_STYLE_COLOUR('',#13333);
#13160=FILL_AREA_STYLE_COLOUR('',#13334);
#13161=FILL_AREA_STYLE_COLOUR('',#13335);
#13162=FILL_AREA_STYLE_COLOUR('',#13336);
#13163=FILL_AREA_STYLE_COLOUR('',#13337);
#13164=FILL_AREA_STYLE_COLOUR('',#13338);
#13165=FILL_AREA_STYLE_COLOUR('',#13339);
#13166=FILL_AREA_STYLE_COLOUR('',#13340);
#13167=FILL_AREA_STYLE_COLOUR('',#13341);
#13168=FILL_AREA_STYLE_COLOUR('',#13342);
#13169=FILL_AREA_STYLE_COLOUR('',#13343);
#13170=FILL_AREA_STYLE_COLOUR('',#13344);
#13171=FILL_AREA_STYLE_COLOUR('',#13345);
#13172=FILL_AREA_STYLE_COLOUR('',#13346);
#13173=FILL_AREA_STYLE_COLOUR('',#13347);
#13174=FILL_AREA_STYLE_COLOUR('',#13348);
#13175=FILL_AREA_STYLE_COLOUR('',#13349);
#13176=FILL_AREA_STYLE_COLOUR('',#13350);
#13177=FILL_AREA_STYLE_COLOUR('',#13351);
#13178=FILL_AREA_STYLE_COLOUR('',#13352);
#13179=FILL_AREA_STYLE_COLOUR('',#13353);
#13180=FILL_AREA_STYLE_COLOUR('',#13354);
#13181=FILL_AREA_STYLE_COLOUR('',#13355);
#13182=FILL_AREA_STYLE_COLOUR('',#13356);
#13183=FILL_AREA_STYLE_COLOUR('',#13357);
#13184=FILL_AREA_STYLE_COLOUR('',#13358);
#13185=FILL_AREA_STYLE_COLOUR('',#13359);
#13186=FILL_AREA_STYLE_COLOUR('',#13360);
#13187=FILL_AREA_STYLE_COLOUR('',#13361);
#13188=FILL_AREA_STYLE_COLOUR('',#13362);
#13189=FILL_AREA_STYLE_COLOUR('',#13363);
#13190=FILL_AREA_STYLE_COLOUR('',#13364);
#13191=FILL_AREA_STYLE_COLOUR('',#13365);
#13192=FILL_AREA_STYLE_COLOUR('',#13366);
#13193=FILL_AREA_STYLE_COLOUR('',#13367);
#13194=FILL_AREA_STYLE_COLOUR('',#13368);
#13195=FILL_AREA_STYLE_COLOUR('',#13369);
#13196=FILL_AREA_STYLE_COLOUR('',#13370);
#13197=FILL_AREA_STYLE_COLOUR('',#13371);
#13198=FILL_AREA_STYLE_COLOUR('',#13372);
#13199=FILL_AREA_STYLE_COLOUR('',#13373);
#13200=FILL_AREA_STYLE_COLOUR('',#13374);
#13201=FILL_AREA_STYLE_COLOUR('',#13375);
#13202=FILL_AREA_STYLE_COLOUR('',#13376);
#13203=FILL_AREA_STYLE_COLOUR('',#13377);
#13204=FILL_AREA_STYLE_COLOUR('',#13378);
#13205=FILL_AREA_STYLE_COLOUR('',#13379);
#13206=FILL_AREA_STYLE_COLOUR('',#13380);
#13207=FILL_AREA_STYLE_COLOUR('',#13381);
#13208=FILL_AREA_STYLE_COLOUR('',#13382);
#13209=FILL_AREA_STYLE_COLOUR('',#13383);
#13210=FILL_AREA_STYLE_COLOUR('',#13384);
#13211=FILL_AREA_STYLE_COLOUR('',#13385);
#13212=FILL_AREA_STYLE_COLOUR('',#13386);
#13213=FILL_AREA_STYLE_COLOUR('',#13387);
#13214=FILL_AREA_STYLE_COLOUR('',#13388);
#13215=FILL_AREA_STYLE_COLOUR('',#13389);
#13216=FILL_AREA_STYLE_COLOUR('',#13390);
#13217=FILL_AREA_STYLE_COLOUR('',#13391);
#13218=FILL_AREA_STYLE_COLOUR('',#13392);
#13219=FILL_AREA_STYLE_COLOUR('',#13393);
#13220=FILL_AREA_STYLE_COLOUR('',#13394);
#13221=FILL_AREA_STYLE_COLOUR('',#13395);
#13222=FILL_AREA_STYLE_COLOUR('',#13396);
#13223=FILL_AREA_STYLE_COLOUR('',#13397);
#13224=FILL_AREA_STYLE_COLOUR('',#13398);
#13225=FILL_AREA_STYLE_COLOUR('',#13399);
#13226=FILL_AREA_STYLE_COLOUR('',#13400);
#13227=FILL_AREA_STYLE_COLOUR('',#13401);
#13228=FILL_AREA_STYLE_COLOUR('',#13402);
#13229=FILL_AREA_STYLE_COLOUR('',#13403);
#13230=FILL_AREA_STYLE_COLOUR('',#13404);
#13231=FILL_AREA_STYLE_COLOUR('',#13405);
#13232=FILL_AREA_STYLE_COLOUR('',#13406);
#13233=FILL_AREA_STYLE_COLOUR('',#13407);
#13234=FILL_AREA_STYLE_COLOUR('',#13408);
#13235=FILL_AREA_STYLE_COLOUR('',#13409);
#13236=FILL_AREA_STYLE_COLOUR('',#13410);
#13237=FILL_AREA_STYLE_COLOUR('',#13411);
#13238=FILL_AREA_STYLE_COLOUR('',#13412);
#13239=FILL_AREA_STYLE_COLOUR('',#13413);
#13240=FILL_AREA_STYLE_COLOUR('',#13414);
#13241=FILL_AREA_STYLE_COLOUR('',#13415);
#13242=FILL_AREA_STYLE_COLOUR('',#13416);
#13243=FILL_AREA_STYLE_COLOUR('',#13417);
#13244=FILL_AREA_STYLE_COLOUR('',#13418);
#13245=FILL_AREA_STYLE_COLOUR('',#13419);
#13246=FILL_AREA_STYLE_COLOUR('',#13420);
#13247=FILL_AREA_STYLE_COLOUR('',#13421);
#13248=FILL_AREA_STYLE_COLOUR('',#13422);
#13249=FILL_AREA_STYLE_COLOUR('',#13423);
#13250=FILL_AREA_STYLE_COLOUR('',#13424);
#13251=FILL_AREA_STYLE_COLOUR('',#13425);
#13252=FILL_AREA_STYLE_COLOUR('',#13426);
#13253=FILL_AREA_STYLE_COLOUR('',#13427);
#13254=FILL_AREA_STYLE_COLOUR('',#13428);
#13255=FILL_AREA_STYLE_COLOUR('',#13429);
#13256=FILL_AREA_STYLE_COLOUR('',#13430);
#13257=FILL_AREA_STYLE_COLOUR('',#13431);
#13258=FILL_AREA_STYLE_COLOUR('',#13432);
#13259=FILL_AREA_STYLE_COLOUR('',#13433);
#13260=FILL_AREA_STYLE_COLOUR('',#13434);
#13261=FILL_AREA_STYLE_COLOUR('',#13435);
#13262=FILL_AREA_STYLE_COLOUR('',#13436);
#13263=FILL_AREA_STYLE_COLOUR('',#13437);
#13264=FILL_AREA_STYLE_COLOUR('',#13438);
#13265=FILL_AREA_STYLE_COLOUR('',#13439);
#13266=FILL_AREA_STYLE_COLOUR('',#13440);
#13267=FILL_AREA_STYLE_COLOUR('',#13441);
#13268=FILL_AREA_STYLE_COLOUR('',#13442);
#13269=FILL_AREA_STYLE_COLOUR('',#13443);
#13270=FILL_AREA_STYLE_COLOUR('',#13444);
#13271=FILL_AREA_STYLE_COLOUR('',#13445);
#13272=FILL_AREA_STYLE_COLOUR('',#13446);
#13273=FILL_AREA_STYLE_COLOUR('',#13447);
#13274=FILL_AREA_STYLE_COLOUR('',#13448);
#13275=FILL_AREA_STYLE_COLOUR('',#13449);
#13276=FILL_AREA_STYLE_COLOUR('',#13450);
#13277=FILL_AREA_STYLE_COLOUR('',#13451);
#13278=FILL_AREA_STYLE_COLOUR('',#13452);
#13279=FILL_AREA_STYLE_COLOUR('',#13453);
#13280=FILL_AREA_STYLE_COLOUR('',#13454);
#13281=FILL_AREA_STYLE_COLOUR('',#13455);
#13282=FILL_AREA_STYLE_COLOUR('',#13456);
#13283=FILL_AREA_STYLE_COLOUR('',#13457);
#13284=FILL_AREA_STYLE_COLOUR('',#13458);
#13285=FILL_AREA_STYLE_COLOUR('',#13459);
#13286=FILL_AREA_STYLE_COLOUR('',#13460);
#13287=FILL_AREA_STYLE_COLOUR('',#13461);
#13288=FILL_AREA_STYLE_COLOUR('',#13462);
#13289=FILL_AREA_STYLE_COLOUR('',#13463);
#13290=FILL_AREA_STYLE_COLOUR('',#13464);
#13291=FILL_AREA_STYLE_COLOUR('',#13465);
#13292=COLOUR_RGB('',0.509803950786591,0.509803950786591,0.588235318660736);
#13293=COLOUR_RGB('',0.509803950786591,0.509803950786591,0.588235318660736);
#13294=COLOUR_RGB('',0.509803950786591,0.509803950786591,0.588235318660736);
#13295=COLOUR_RGB('',0.509803950786591,0.509803950786591,0.588235318660736);
#13296=COLOUR_RGB('',0.509803950786591,0.509803950786591,0.588235318660736);
#13297=COLOUR_RGB('',0.509803950786591,0.509803950786591,0.588235318660736);
#13298=COLOUR_RGB('',0.509803950786591,0.509803950786591,0.588235318660736);
#13299=COLOUR_RGB('',0.509803950786591,0.509803950786591,0.588235318660736);
#13300=COLOUR_RGB('',0.509803950786591,0.509803950786591,0.588235318660736);
#13301=COLOUR_RGB('',0.509803950786591,0.509803950786591,0.588235318660736);
#13302=COLOUR_RGB('',0.509803950786591,0.509803950786591,0.588235318660736);
#13303=COLOUR_RGB('',0.509803950786591,0.509803950786591,0.588235318660736);
#13304=COLOUR_RGB('',0.509803950786591,0.509803950786591,0.588235318660736);
#13305=COLOUR_RGB('',0.509803950786591,0.509803950786591,0.588235318660736);
#13306=COLOUR_RGB('',0.509803950786591,0.509803950786591,0.588235318660736);
#13307=COLOUR_RGB('',0.509803950786591,0.509803950786591,0.588235318660736);
#13308=COLOUR_RGB('',0.509803950786591,0.509803950786591,0.588235318660736);
#13309=COLOUR_RGB('',0.509803950786591,0.509803950786591,0.588235318660736);
#13310=COLOUR_RGB('',0.509803950786591,0.509803950786591,0.588235318660736);
#13311=COLOUR_RGB('',0.509803950786591,0.509803950786591,0.588235318660736);
#13312=COLOUR_RGB('',0.509803950786591,0.509803950786591,0.588235318660736);
#13313=COLOUR_RGB('',0.509803950786591,0.509803950786591,0.588235318660736);
#13314=COLOUR_RGB('',0.509803950786591,0.509803950786591,0.588235318660736);
#13315=COLOUR_RGB('',0.509803950786591,0.509803950786591,0.588235318660736);
#13316=COLOUR_RGB('',0.509803950786591,0.509803950786591,0.588235318660736);
#13317=COLOUR_RGB('',0.509803950786591,0.509803950786591,0.588235318660736);
#13318=COLOUR_RGB('',0.509803950786591,0.509803950786591,0.588235318660736);
#13319=COLOUR_RGB('',0.509803950786591,0.509803950786591,0.588235318660736);
#13320=COLOUR_RGB('',0.509803950786591,0.509803950786591,0.588235318660736);
#13321=COLOUR_RGB('',0.509803950786591,0.509803950786591,0.588235318660736);
#13322=COLOUR_RGB('',0.509803950786591,0.509803950786591,0.588235318660736);
#13323=COLOUR_RGB('',0.509803950786591,0.509803950786591,0.588235318660736);
#13324=COLOUR_RGB('',0.509803950786591,0.509803950786591,0.588235318660736);
#13325=COLOUR_RGB('',0.509803950786591,0.509803950786591,0.588235318660736);
#13326=COLOUR_RGB('',0.509803950786591,0.509803950786591,0.588235318660736);
#13327=COLOUR_RGB('',0.509803950786591,0.509803950786591,0.588235318660736);
#13328=COLOUR_RGB('',0.509803950786591,0.509803950786591,0.588235318660736);
#13329=COLOUR_RGB('',0.509803950786591,0.509803950786591,0.588235318660736);
#13330=COLOUR_RGB('',0.509803950786591,0.509803950786591,0.588235318660736);
#13331=COLOUR_RGB('',0.509803950786591,0.509803950786591,0.588235318660736);
#13332=COLOUR_RGB('',0.509803950786591,0.509803950786591,0.588235318660736);
#13333=COLOUR_RGB('',0.509803950786591,0.509803950786591,0.588235318660736);
#13334=COLOUR_RGB('',0.509803950786591,0.509803950786591,0.588235318660736);
#13335=COLOUR_RGB('',0.509803950786591,0.509803950786591,0.588235318660736);
#13336=COLOUR_RGB('',0.509803950786591,0.509803950786591,0.588235318660736);
#13337=COLOUR_RGB('',0.509803950786591,0.509803950786591,0.588235318660736);
#13338=COLOUR_RGB('',0.509803950786591,0.509803950786591,0.588235318660736);
#13339=COLOUR_RGB('',0.509803950786591,0.509803950786591,0.588235318660736);
#13340=COLOUR_RGB('',0.509803950786591,0.509803950786591,0.588235318660736);
#13341=COLOUR_RGB('',0.509803950786591,0.509803950786591,0.588235318660736);
#13342=COLOUR_RGB('',0.509803950786591,0.509803950786591,0.588235318660736);
#13343=COLOUR_RGB('',0.509803950786591,0.509803950786591,0.588235318660736);
#13344=COLOUR_RGB('',0.509803950786591,0.509803950786591,0.588235318660736);
#13345=COLOUR_RGB('',0.509803950786591,0.509803950786591,0.588235318660736);
#13346=COLOUR_RGB('',0.509803950786591,0.509803950786591,0.588235318660736);
#13347=COLOUR_RGB('',0.509803950786591,0.509803950786591,0.588235318660736);
#13348=COLOUR_RGB('',0.509803950786591,0.509803950786591,0.588235318660736);
#13349=COLOUR_RGB('',0.509803950786591,0.509803950786591,0.588235318660736);
#13350=COLOUR_RGB('',0.509803950786591,0.509803950786591,0.588235318660736);
#13351=COLOUR_RGB('',0.509803950786591,0.509803950786591,0.588235318660736);
#13352=COLOUR_RGB('',0.509803950786591,0.509803950786591,0.588235318660736);
#13353=COLOUR_RGB('',0.509803950786591,0.509803950786591,0.588235318660736);
#13354=COLOUR_RGB('',0.509803950786591,0.509803950786591,0.588235318660736);
#13355=COLOUR_RGB('',0.509803950786591,0.509803950786591,0.588235318660736);
#13356=COLOUR_RGB('',0.509803950786591,0.509803950786591,0.588235318660736);
#13357=COLOUR_RGB('',0.509803950786591,0.509803950786591,0.588235318660736);
#13358=COLOUR_RGB('',0.509803950786591,0.509803950786591,0.588235318660736);
#13359=COLOUR_RGB('',0.509803950786591,0.509803950786591,0.588235318660736);
#13360=COLOUR_RGB('',0.509803950786591,0.509803950786591,0.588235318660736);
#13361=COLOUR_RGB('',0.509803950786591,0.509803950786591,0.588235318660736);
#13362=COLOUR_RGB('',0.509803950786591,0.509803950786591,0.588235318660736);
#13363=COLOUR_RGB('',0.509803950786591,0.509803950786591,0.588235318660736);
#13364=COLOUR_RGB('',0.509803950786591,0.509803950786591,0.588235318660736);
#13365=COLOUR_RGB('',0.509803950786591,0.509803950786591,0.588235318660736);
#13366=COLOUR_RGB('',0.509803950786591,0.509803950786591,0.588235318660736);
#13367=COLOUR_RGB('',0.509803950786591,0.509803950786591,0.588235318660736);
#13368=COLOUR_RGB('',0.509803950786591,0.509803950786591,0.588235318660736);
#13369=COLOUR_RGB('',0.509803950786591,0.509803950786591,0.588235318660736);
#13370=COLOUR_RGB('',0.509803950786591,0.509803950786591,0.588235318660736);
#13371=COLOUR_RGB('',0.509803950786591,0.509803950786591,0.588235318660736);
#13372=COLOUR_RGB('',0.509803950786591,0.509803950786591,0.588235318660736);
#13373=COLOUR_RGB('',0.509803950786591,0.509803950786591,0.588235318660736);
#13374=COLOUR_RGB('',0.509803950786591,0.509803950786591,0.588235318660736);
#13375=COLOUR_RGB('',0.509803950786591,0.509803950786591,0.588235318660736);
#13376=COLOUR_RGB('',0.509803950786591,0.509803950786591,0.588235318660736);
#13377=COLOUR_RGB('',0.509803950786591,0.509803950786591,0.588235318660736);
#13378=COLOUR_RGB('',0.509803950786591,0.509803950786591,0.588235318660736);
#13379=COLOUR_RGB('',0.509803950786591,0.509803950786591,0.588235318660736);
#13380=COLOUR_RGB('',0.509803950786591,0.509803950786591,0.588235318660736);
#13381=COLOUR_RGB('',0.509803950786591,0.509803950786591,0.588235318660736);
#13382=COLOUR_RGB('',0.509803950786591,0.509803950786591,0.588235318660736);
#13383=COLOUR_RGB('',0.509803950786591,0.509803950786591,0.588235318660736);
#13384=COLOUR_RGB('',0.509803950786591,0.509803950786591,0.588235318660736);
#13385=COLOUR_RGB('',0.509803950786591,0.509803950786591,0.588235318660736);
#13386=COLOUR_RGB('',0.509803950786591,0.509803950786591,0.588235318660736);
#13387=COLOUR_RGB('',0.509803950786591,0.509803950786591,0.588235318660736);
#13388=COLOUR_RGB('',0.509803950786591,0.509803950786591,0.588235318660736);
#13389=COLOUR_RGB('',0.509803950786591,0.509803950786591,0.588235318660736);
#13390=COLOUR_RGB('',0.509803950786591,0.509803950786591,0.588235318660736);
#13391=COLOUR_RGB('',0.509803950786591,0.509803950786591,0.588235318660736);
#13392=COLOUR_RGB('',0.509803950786591,0.509803950786591,0.588235318660736);
#13393=COLOUR_RGB('',0.509803950786591,0.509803950786591,0.588235318660736);
#13394=COLOUR_RGB('',0.509803950786591,0.509803950786591,0.588235318660736);
#13395=COLOUR_RGB('',0.509803950786591,0.509803950786591,0.588235318660736);
#13396=COLOUR_RGB('',0.509803950786591,0.509803950786591,0.588235318660736);
#13397=COLOUR_RGB('',0.509803950786591,0.509803950786591,0.588235318660736);
#13398=COLOUR_RGB('',0.509803950786591,0.509803950786591,0.588235318660736);
#13399=COLOUR_RGB('',0.509803950786591,0.509803950786591,0.588235318660736);
#13400=COLOUR_RGB('',0.509803950786591,0.509803950786591,0.588235318660736);
#13401=COLOUR_RGB('',0.509803950786591,0.509803950786591,0.588235318660736);
#13402=COLOUR_RGB('',0.509803950786591,0.509803950786591,0.588235318660736);
#13403=COLOUR_RGB('',0.509803950786591,0.509803950786591,0.588235318660736);
#13404=COLOUR_RGB('',0.509803950786591,0.509803950786591,0.588235318660736);
#13405=COLOUR_RGB('',0.509803950786591,0.509803950786591,0.588235318660736);
#13406=COLOUR_RGB('',0.509803950786591,0.509803950786591,0.588235318660736);
#13407=COLOUR_RGB('',0.509803950786591,0.509803950786591,0.588235318660736);
#13408=COLOUR_RGB('',0.509803950786591,0.509803950786591,0.588235318660736);
#13409=COLOUR_RGB('',0.509803950786591,0.509803950786591,0.588235318660736);
#13410=COLOUR_RGB('',0.509803950786591,0.509803950786591,0.588235318660736);
#13411=COLOUR_RGB('',0.509803950786591,0.509803950786591,0.588235318660736);
#13412=COLOUR_RGB('',0.509803950786591,0.509803950786591,0.588235318660736);
#13413=COLOUR_RGB('',0.509803950786591,0.509803950786591,0.588235318660736);
#13414=COLOUR_RGB('',0.509803950786591,0.509803950786591,0.588235318660736);
#13415=COLOUR_RGB('',0.509803950786591,0.509803950786591,0.588235318660736);
#13416=COLOUR_RGB('',0.509803950786591,0.509803950786591,0.588235318660736);
#13417=COLOUR_RGB('',0.509803950786591,0.509803950786591,0.588235318660736);
#13418=COLOUR_RGB('',0.509803950786591,0.509803950786591,0.588235318660736);
#13419=COLOUR_RGB('',0.509803950786591,0.509803950786591,0.588235318660736);
#13420=COLOUR_RGB('',0.509803950786591,0.509803950786591,0.588235318660736);
#13421=COLOUR_RGB('',0.509803950786591,0.509803950786591,0.588235318660736);
#13422=COLOUR_RGB('',0.509803950786591,0.509803950786591,0.588235318660736);
#13423=COLOUR_RGB('',0.509803950786591,0.509803950786591,0.588235318660736);
#13424=COLOUR_RGB('',0.509803950786591,0.509803950786591,0.588235318660736);
#13425=COLOUR_RGB('',0.509803950786591,0.509803950786591,0.588235318660736);
#13426=COLOUR_RGB('',0.509803950786591,0.509803950786591,0.588235318660736);
#13427=COLOUR_RGB('',0.509803950786591,0.509803950786591,0.588235318660736);
#13428=COLOUR_RGB('',0.509803950786591,0.509803950786591,0.588235318660736);
#13429=COLOUR_RGB('',0.509803950786591,0.509803950786591,0.588235318660736);
#13430=COLOUR_RGB('',0.509803950786591,0.509803950786591,0.588235318660736);
#13431=COLOUR_RGB('',0.509803950786591,0.509803950786591,0.588235318660736);
#13432=COLOUR_RGB('',0.509803950786591,0.509803950786591,0.588235318660736);
#13433=COLOUR_RGB('',0.509803950786591,0.509803950786591,0.588235318660736);
#13434=COLOUR_RGB('',0.509803950786591,0.509803950786591,0.588235318660736);
#13435=COLOUR_RGB('',0.509803950786591,0.509803950786591,0.588235318660736);
#13436=COLOUR_RGB('',0.509803950786591,0.509803950786591,0.588235318660736);
#13437=COLOUR_RGB('',0.509803950786591,0.509803950786591,0.588235318660736);
#13438=COLOUR_RGB('',0.509803950786591,0.509803950786591,0.588235318660736);
#13439=COLOUR_RGB('',0.509803950786591,0.509803950786591,0.588235318660736);
#13440=COLOUR_RGB('',0.509803950786591,0.509803950786591,0.588235318660736);
#13441=COLOUR_RGB('',0.509803950786591,0.509803950786591,0.588235318660736);
#13442=COLOUR_RGB('',0.509803950786591,0.509803950786591,0.588235318660736);
#13443=COLOUR_RGB('',0.509803950786591,0.509803950786591,0.588235318660736);
#13444=COLOUR_RGB('',0.509803950786591,0.509803950786591,0.588235318660736);
#13445=COLOUR_RGB('',0.509803950786591,0.509803950786591,0.588235318660736);
#13446=COLOUR_RGB('',0.509803950786591,0.509803950786591,0.588235318660736);
#13447=COLOUR_RGB('',0.509803950786591,0.509803950786591,0.588235318660736);
#13448=COLOUR_RGB('',0.509803950786591,0.509803950786591,0.588235318660736);
#13449=COLOUR_RGB('',0.509803950786591,0.509803950786591,0.588235318660736);
#13450=COLOUR_RGB('',0.509803950786591,0.509803950786591,0.588235318660736);
#13451=COLOUR_RGB('',0.509803950786591,0.509803950786591,0.588235318660736);
#13452=COLOUR_RGB('',0.509803950786591,0.509803950786591,0.588235318660736);
#13453=COLOUR_RGB('',0.509803950786591,0.509803950786591,0.588235318660736);
#13454=COLOUR_RGB('',0.509803950786591,0.509803950786591,0.588235318660736);
#13455=COLOUR_RGB('',0.509803950786591,0.509803950786591,0.588235318660736);
#13456=COLOUR_RGB('',0.509803950786591,0.509803950786591,0.588235318660736);
#13457=COLOUR_RGB('',0.509803950786591,0.509803950786591,0.588235318660736);
#13458=COLOUR_RGB('',0.509803950786591,0.509803950786591,0.588235318660736);
#13459=COLOUR_RGB('',0.509803950786591,0.509803950786591,0.588235318660736);
#13460=COLOUR_RGB('',0.509803950786591,0.509803950786591,0.588235318660736);
#13461=COLOUR_RGB('',0.509803950786591,0.509803950786591,0.588235318660736);
#13462=COLOUR_RGB('',0.509803950786591,0.509803950786591,0.588235318660736);
#13463=COLOUR_RGB('',0.509803950786591,0.509803950786591,0.588235318660736);
#13464=COLOUR_RGB('',0.509803950786591,0.509803950786591,0.588235318660736);
#13465=COLOUR_RGB('',0.509803950786591,0.509803950786591,0.588235318660736);
ENDSEC;
END-ISO-10303-21;
